Id,Mean,Std,TMnonouverts,NbEnvie1,NbEnvie2,NbEnvie3,Problems_nonattribue,Problems_pasassez,Problems_tropnombreux
0.0,2.0945945945945947,0.8211390210654653,"[5, 14, 26, 17]",53,83,82,4,0,1
1.0,2.063063063063063,0.7702532847718908,"[17, 26, 14, 5]",59,90,73,0,0,1
2.0,2.058558558558558,0.8078762134098192,"[14, 17, 5]",57,86,76,3,0,0
3.0,2.0315315315315314,0.7924396126678964,"[14, 17, 5]",60,89,71,2,0,1
4.0,2.063063063063063,0.804729001115173,"[14, 5, 17]",59,84,77,2,0,1
5.0,2.0855855855855854,0.7768537132156774,"[14, 17, 5]",58,87,77,0,0,2
6.0,2.0855855855855854,0.7941353870744926,"[17, 14, 5, 26]",61,81,80,0,0,3
7.0,2.018018018018018,0.7900052348985382,"[17, 5, 14]",64,87,70,1,0,0
8.0,2.036036036036036,0.8285398804747766,"[5, 14, 17]",63,79,77,3,0,1
9.0,1.9684684684684688,0.8149598976316993,"[14, 17, 5]",65,87,66,4,0,0
10.0,1.972972972972973,0.8067527161203685,"[5, 17, 14]",66,87,66,3,0,1
11.0,2.103603603603604,0.8255455268000274,"[17, 14, 5, 26]",56,78,85,3,0,1
12.0,2.027027027027027,0.812342119259643,"[17, 14, 26, 5, 29]",58,88,72,4,0,0
13.0,2.108108108108108,0.7652090046771134,"[17, 5, 14]",51,93,77,1,0,1
14.0,2.063063063063063,0.8158972439879524,"[14, 5]",58,83,78,3,0,1
15.0,2.063063063063063,0.7643561662904482,"[14, 5]",55,95,71,1,1,1
16.0,2.036036036036036,0.811990771049886,"[14, 5, 29, 17]",63,82,75,2,0,1
17.0,2.081081081081081,0.7685578565836622,"[14, 17, 5]",51,96,73,2,0,1
18.0,2.126126126126126,0.7858144706037581,"[17, 14, 5, 26]",50,88,82,2,0,1
19.0,2.0405405405405403,0.8145596348957617,"[5, 17, 14]",63,81,76,2,0,1
20.0,2.018018018018018,0.7488390046448582,"[17, 14, 5]",60,98,64,0,1,1
21.0,2.103603603603604,0.7862423293933887,"[5, 14, 26]",43,98,76,5,2,0
22.0,2.0135135135135136,0.7986398490019414,"[17, 5, 14]",63,87,70,2,0,1
23.0,2.027027027027027,0.817893325855459,"[14, 17, 5]",62,83,74,3,0,1
24.0,2.0945945945945947,0.8211390210654653,"[5, 14, 26, 17]",53,83,82,4,0,1
25.0,2.054054054054054,0.7709409874398377,"[14, 5, 17]",60,90,72,0,0,1
26.0,2.0,0.8347649844031075,"[14, 17, 5]",62,83,72,5,0,0
27.0,2.0315315315315314,0.7924396126678964,"[14, 17, 5]",60,89,71,2,0,1
28.0,2.063063063063063,0.804729001115173,"[14, 5, 17]",59,84,77,2,0,1
29.0,2.058558558558558,0.7676689129460662,"[17, 14, 5]",59,91,72,0,0,2
30.0,2.135135135135135,0.8181923181249441,"[5, 17, 14, 26]",58,73,90,1,0,1
31.0,2.0945945945945947,0.7581040697715146,"[5, 17, 14]",51,96,74,1,0,1
32.0,2.018018018018018,0.7900052348985382,"[17, 14, 5]",67,84,71,0,0,1
33.0,2.0045045045045047,0.8043869971326539,"[5, 17, 14]",65,85,70,2,0,2
34.0,2.0405405405405403,0.7862941752443776,"[14, 5, 26]",61,88,72,1,0,1
35.0,2.018018018018018,0.7784656213705152,"[17, 14, 5]",65,88,69,0,0,1
36.0,2.135135135135135,0.7900568338166495,"[5, 14, 4, 17, 26]",50,86,84,2,0,1
37.0,2.0675675675675675,0.8015440034905214,"[17, 14, 5]",55,88,76,3,0,0
38.0,2.0045045045045047,0.7987419279094045,"[5, 17, 14]",67,84,70,1,0,1
39.0,2.0675675675675675,0.8347283582492867,"[17, 14, 26, 5]",61,76,82,3,0,0
40.0,2.058558558558558,0.8134578968508721,"[5, 14, 17]",55,87,76,4,0,1
41.0,2.058558558558558,0.7851527756881227,"[14, 5, 26]",59,88,74,1,1,1
42.0,1.981981981981982,0.7900052348985382,"[5, 17, 14]",65,90,65,2,0,1
43.0,2.018018018018018,0.8125929892570566,"[14, 17, 5, 26]",62,85,72,3,0,1
44.0,1.981981981981982,0.8013786986677441,"[14, 5, 17]",67,86,67,2,0,1
45.0,1.990990990990991,0.8238030724517322,"[17, 5, 14]",64,84,70,4,0,1
46.0,2.1486486486486487,0.8074724393111101,"[14, 26, 5]",49,82,88,3,0,1
47.0,2.0405405405405403,0.8525583939479509,"[17, 14, 5]",64,73,81,4,0,0
48.0,2.0315315315315314,0.8259898197067458,"[17, 14, 5]",63,80,76,3,0,1
49.0,2.0135135135135136,0.8319400524964405,"[14, 17, 5]",60,84,73,5,0,1
50.0,2.009009009009009,0.812743474086136,"[14, 5, 29, 17]",69,79,73,1,0,1
51.0,2.103603603603604,0.7804660317876017,"[5, 14, 29, 17]",57,85,80,0,0,1
52.0,2.081081081081081,0.7626476284371551,"[5, 17, 14]",56,92,74,0,0,1
53.0,2.112612612612613,0.7615912274102535,"[5, 14, 17]",53,91,78,0,0,1
54.0,2.0675675675675675,0.7610022163187306,"[17, 14, 5]",54,96,71,1,0,2
55.0,2.063063063063063,0.7934035654851267,"[14, 17, 5]",54,91,74,3,0,0
56.0,2.0225225225225225,0.804082871473036,"[14, 17, 5]",60,88,71,3,0,0
57.0,2.0045045045045047,0.8587992656684387,"[5, 14, 17]",69,71,78,4,0,0
58.0,2.0945945945945947,0.8211390210654653,"[5, 26, 14, 4, 17]",53,83,82,4,0,1
59.0,2.058558558558558,0.8022556964196214,"[14, 5, 26, 17]",62,82,77,1,0,2
60.0,2.081081081081081,0.8031063574959482,"[17, 14, 5]",57,84,79,2,0,1
61.0,2.0675675675675675,0.7610022163187307,"[32, 14, 17, 5]",54,96,71,1,1,1
62.0,2.036036036036036,0.78938578480206,"[5, 17, 14]",62,87,72,1,0,1
63.0,2.0495495495495497,0.8028652168061973,"[14, 5, 17]",63,82,76,1,0,0
64.0,2.0675675675675675,0.7728026402344472,"[17, 5, 14, 26]",56,92,73,1,0,1
65.0,2.112612612612613,0.8021032439517055,"[14, 5, 17]",57,80,84,1,0,0
66.0,2.045045045045045,0.8335432453407353,"[14, 5, 17]",57,83,77,5,0,1
67.0,2.036036036036036,0.777836981466073,"[17, 5, 14]",60,91,70,1,0,1
68.0,2.036036036036036,0.7950972839868216,"[14, 5, 17]",63,85,73,1,0,1
69.0,2.0855855855855854,0.7471631836210249,"[5, 14, 17]",53,97,72,0,0,1
70.0,2.054054054054054,0.822069321843126,"[5, 14, 17]",54,87,76,5,0,0
71.0,2.0495495495495497,0.8028652168061973,"[5, 17, 14]",66,79,77,0,0,1
72.0,2.045045045045045,0.7773651679208455,"[5, 17, 14]",59,91,71,1,0,1
73.0,2.0315315315315314,0.8259898197067457,"[17, 5, 14]",60,83,75,4,0,1
74.0,2.045045045045045,0.7946357187816142,"[14, 17, 5]",65,82,75,0,0,1
75.0,2.135135135135135,0.7608816806061955,"[17, 14, 5]",51,90,81,0,0,2
76.0,2.0225225225225225,0.8207914384685621,"[17, 14, 5, 26]",63,82,74,3,0,1
77.0,2.0315315315315314,0.8149598976316993,"[17, 14, 5]",61,84,74,3,0,1
78.0,2.0315315315315314,0.7867088190490746,"[17, 14, 5]",56,94,69,3,0,0
79.0,2.0495495495495497,0.825100994654525,"[5, 17, 14]",52,89,75,6,0,1
80.0,2.0765765765765765,0.8447286592061115,"[5, 14, 17, 26]",59,75,84,4,0,0
81.0,2.121621621621621,0.8175568288499391,"[14, 5, 17, 26]",59,74,88,1,1,1
82.0,2.018018018018018,0.7726311862073173,"[17, 5, 14, 29]",61,93,67,1,0,2
83.0,2.027027027027027,0.7954560939839984,"[5, 26, 14, 17]",61,88,71,2,0,0
84.0,2.0765765765765765,0.8063610180276339,"[17, 5, 14, 26]",58,83,79,2,0,1
85.0,2.0135135135135136,0.7872268166815277,"[17, 14, 29, 5]",61,91,68,2,0,1
86.0,2.0855855855855854,0.8054505326308167,"[14, 17, 5]",60,80,81,1,0,1
87.0,1.972972972972973,0.812342119259643,"[5, 14, 17]",70,82,68,2,0,1
88.0,2.0675675675675675,0.8183044120610504,"[14, 17, 5]",58,82,79,3,0,0
89.0,2.0405405405405403,0.7805182613287018,"[32, 17, 5, 14]",63,87,72,0,0,1
90.0,2.121621621621621,0.7893986949703476,"[4, 5, 14]",51,87,82,2,0,2
91.0,2.0405405405405403,0.7805182613287018,"[5, 14, 17]",63,87,72,0,0,1
92.0,2.081081081081081,0.8253356386786131,"[5, 14, 17]",64,73,84,1,0,1
93.0,2.0045045045045047,0.7930566774479464,"[14, 17, 5]",63,89,68,2,0,1
94.0,2.036036036036036,0.8447648517807339,"[5, 17, 14]",63,76,79,4,0,0
95.0,2.0495495495495497,0.8084814964567331,"[10, 14, 5, 17, 26]",61,83,76,2,0,1
96.0,2.103603603603604,0.7569201620723689,"[14, 17, 5, 26]",47,99,74,2,0,1
97.0,2.009009009009009,0.8071568502552311,"[5, 17, 14]",65,84,71,2,0,1
98.0,2.0765765765765765,0.8063610180276339,"[14, 17, 5]",52,89,77,4,0,0
99.0,2.108108108108108,0.7999021586249627,"[5, 14, 17, 29]",48,90,80,4,0,1
100.0,2.0315315315315314,0.8093885723138262,"[5, 17, 14]",60,86,73,3,0,0
101.0,2.0225225225225225,0.7984356520350697,"[17, 14, 5, 29]",62,87,71,2,0,1
102.0,2.0,0.7959171834405434,"[14, 5]",70,82,70,0,1,1
103.0,2.009009009009009,0.8508233488563853,"[5, 14, 17]",67,74,77,4,0,1
104.0,2.0315315315315314,0.7692603231043579,"[14, 5, 17]",59,94,68,1,0,1
105.0,2.0405405405405403,0.7805182613287018,"[28, 14, 5, 17]",60,90,71,1,0,1
106.0,2.103603603603604,0.7804660317876017,"[5, 17, 14]",51,91,78,2,0,2
107.0,2.072072072072072,0.8261748712343143,"[14, 5, 17]",59,79,81,3,0,1
108.0,2.0765765765765765,0.8553748039283522,"[26, 14, 5, 17]",61,71,86,4,0,1
109.0,2.045045045045045,0.7831643365554004,"[17, 5, 14]",60,89,72,1,0,1
110.0,2.0225225225225225,0.8207914384685621,"[17, 14, 5]",63,82,74,3,0,0
111.0,2.126126126126126,0.7858144706037581,"[5, 14, 17]",53,85,83,1,0,1
112.0,2.1576576576576576,0.7654353801500418,"[17, 14, 5]",44,93,83,2,0,2
113.0,2.045045045045045,0.7831643365554004,"[14, 5, 17]",57,92,71,2,0,0
114.0,2.0405405405405403,0.808985553051388,"[14, 5, 26, 17]",65,80,76,1,1,1
115.0,2.018018018018018,0.8125929892570566,"[5, 14, 17]",59,88,71,4,0,0
116.0,2.0,0.807207352795575,"[26, 14, 5]",69,81,71,1,0,0
117.0,2.081081081081081,0.7626476284371551,"[5, 14, 29, 26, 17]",56,92,74,0,0,2
118.0,2.058558558558558,0.8134578968508719,"[5, 17, 14]",61,81,78,2,0,1
119.0,2.0405405405405403,0.8418766344184858,"[5, 14, 17, 4]",65,74,80,3,0,1
120.0,2.0045045045045047,0.7639960895623062,"[14, 17, 5]",61,96,64,1,0,0
121.0,2.009009009009009,0.8292775626631712,"[5, 14, 17]",66,79,74,3,0,1
122.0,2.0225225225225225,0.7927482050973126,"[14, 17, 5]",61,89,70,2,0,0
123.0,2.0765765765765765,0.8175069656619901,"[5, 14, 26, 17]",54,85,79,4,0,1
124.0,2.009009009009009,0.8071568502552311,"[17, 5, 26, 14]",62,87,70,3,0,0
125.0,2.018018018018018,0.8291300787311284,"[14, 5, 17]",65,79,75,3,0,0
126.0,2.0945945945945947,0.7873821495197958,"[5, 17, 14, 26]",50,92,77,3,0,0
127.0,2.018018018018018,0.8181424936680499,"[5, 14, 17, 26, 29]",69,77,75,1,0,1
128.0,2.036036036036036,0.8175443633380667,"[17, 14, 5]",67,77,77,1,0,2
129.0,2.054054054054054,0.8220693218431259,"[14, 17, 5]",57,84,77,4,0,0
130.0,2.108108108108108,0.8055390972066665,"[14, 17, 5]",55,82,83,2,0,2
131.0,2.103603603603604,0.8089351615256727,"[5, 17, 14]",62,75,85,0,0,1
132.0,1.9324324324324325,0.8015440034905214,"[17, 14, 5]",73,85,62,2,0,1
133.0,2.018018018018018,0.8399739489817525,"[5, 14, 17, 29]",61,81,75,5,0,0
134.0,2.063063063063063,0.7990863479500622,"[5, 26, 14]",58,86,76,2,0,1
135.0,2.112612612612613,0.779211472538248,"[5, 14, 17]",56,85,81,0,0,2
136.0,2.0675675675675675,0.7958787695220654,"[17, 5, 14]",48,96,73,5,0,0
137.0,2.09009009009009,0.8243966618688146,"[5, 14, 17]",54,82,82,4,0,1
138.0,2.0315315315315314,0.8368743811173183,"[14, 5, 17]",62,79,77,4,0,1
139.0,2.09009009009009,0.7850359481010101,"[14, 17, 5]",56,87,78,1,0,1
140.0,2.045045045045045,0.7889208780403245,"[17, 14, 5]",61,87,73,1,0,1
141.0,1.963963963963964,0.7836326585153965,"[17, 14, 5]",66,92,62,2,0,1
142.0,2.0675675675675675,0.7958787695220654,"[14, 17, 5]",57,87,76,2,0,2
143.0,1.990990990990991,0.8182919579375431,"[5, 14]",72,77,72,1,0,1
144.0,2.1486486486486487,0.784737309693129,"[14, 17, 5, 26]",45,90,84,3,0,1
145.0,2.027027027027027,0.7664864830367195,"[17, 14, 26, 5]",62,92,68,0,1,1
146.0,2.027027027027027,0.7897471897389846,"[17, 14, 5]",63,87,71,1,0,3
147.0,2.0045045045045047,0.7987419279094043,"[17, 14, 5]",67,84,70,1,0,1
148.0,2.009009009009009,0.790160021544356,"[17, 14, 5]",59,93,67,3,1,1
149.0,2.054054054054054,0.8165465058157807,"[17, 10, 5, 14, 29]",59,83,77,3,0,1
150.0,2.0225225225225225,0.7927482050973126,"[14, 17, 5]",58,92,69,3,0,1
151.0,2.0855855855855854,0.8330662814527707,"[14, 5, 17, 26]",62,73,85,2,0,0
152.0,2.0675675675675675,0.8238154432603442,"[14, 5, 29, 17]",59,80,80,3,0,0
153.0,1.972972972972973,0.7839967155192472,"[17, 5, 14]",65,92,63,2,0,1
154.0,2.0765765765765765,0.8119531175814391,"[5, 17, 14, 29]",59,81,80,2,0,1
155.0,2.0135135135135136,0.7872268166815276,"[5, 17, 26, 14]",64,88,69,1,0,1
156.0,2.027027027027027,0.8343253644387617,"[5, 14, 17]",59,83,75,5,0,0
157.0,2.0,0.8183417732943565,"[5, 14, 26, 17]",71,77,73,1,0,1
158.0,2.0405405405405403,0.803372797205758,"[5, 17, 14]",61,85,74,2,0,1
159.0,2.036036036036036,0.8119907710498862,"[14, 5, 17]",63,82,75,2,0,1
160.0,2.121621621621621,0.7893986949703475,"[5, 14, 17]",54,84,83,1,0,2
161.0,2.0,0.8015821459161773,"[5, 17, 14]",65,86,69,2,0,1
162.0,1.9864864864864864,0.7814577961392896,"[17, 5, 14, 29]",69,87,66,0,0,1
163.0,2.0855855855855854,0.8110489099129118,"[5, 14, 26]",58,81,81,2,0,1
164.0,2.103603603603604,0.7746466633366658,"[14, 5, 17]",56,87,79,0,0,1
165.0,2.0405405405405403,0.7920279690635249,"[14, 5, 26, 17]",59,89,72,2,0,1
166.0,1.9774774774774773,0.804082871473036,"[17, 5, 29, 14]",68,85,67,2,0,1
167.0,2.058558558558558,0.7557883383543853,"[17, 5, 14]",57,95,70,0,0,1
168.0,2.0945945945945947,0.8044376735641999,"[14, 5]",53,86,80,3,0,1
169.0,2.036036036036036,0.8175443633380667,"[14, 5, 17, 29]",67,77,77,1,0,0
170.0,2.072072072072072,0.8477995121971115,"[14, 17, 26, 5]",60,74,84,4,0,1
171.0,2.0315315315315314,0.8259898197067457,"[14, 17, 5]",60,83,75,4,0,1
172.0,2.054054054054054,0.8437991851964788,"[14, 5, 26, 17]",55,82,79,6,0,1
173.0,2.081081081081081,0.79175771163854,"[5, 14, 29, 17]",58,85,78,1,0,0
174.0,2.0135135135135136,0.7459072627431234,"[14, 5, 17]",60,99,63,0,0,1
175.0,2.0045045045045047,0.7987419279094045,"[17, 5, 14]",67,84,70,1,0,1
176.0,2.0315315315315314,0.8204933933332591,"[14, 17, 5, 26]",65,79,76,2,0,1
177.0,2.0405405405405403,0.7977205510293364,"[14, 17, 5]",60,87,73,2,0,0
178.0,2.0405405405405403,0.8200958313253229,"[14, 5, 26, 17]",61,82,76,3,0,1
179.0,1.9774774774774773,0.8152599657211406,"[17, 14, 29, 5]",70,81,69,2,0,1
180.0,2.0225225225225225,0.8152599657211406,"[5, 14, 17, 29]",62,84,73,3,0,1
181.0,2.009009009009009,0.8347161491742124,"[14, 5, 17]",64,80,74,4,0,0
182.0,1.927927927927928,0.8095774185289923,"[5, 14, 29]",75,82,63,2,0,1
183.0,2.036036036036036,0.8393913753717446,"[14, 17, 21, 5]",68,72,80,2,0,1
184.0,2.0315315315315314,0.8314499119098147,"[5, 14, 17, 26]",58,84,75,5,0,1
185.0,2.0765765765765765,0.8230233366445514,"[17, 14, 5, 29, 26]",55,83,80,4,0,1
186.0,2.0225225225225225,0.8152599657211406,"[26, 17, 29, 5, 14]",65,81,74,2,0,1
187.0,2.0675675675675675,0.7844255657897978,"[14, 17, 5]",52,94,73,3,0,1
188.0,1.9864864864864864,0.8264831983725527,"[5, 17, 14]",68,80,71,3,0,1
189.0,2.054054054054054,0.8437991851964788,"[17, 5, 14]",64,73,82,3,0,0
190.0,2.1486486486486487,0.7432793747540808,"[5, 17, 14, 29]",47,95,80,0,0,1
191.0,2.054054054054054,0.7531272700199773,"[5, 17, 14]",57,96,69,0,0,2
192.0,2.0765765765765765,0.800729865584459,"[5, 17, 29, 14]",54,88,77,3,0,0
193.0,2.13963963963964,0.8034742748070984,"[14, 17, 5]",55,78,88,1,0,1
194.0,2.0765765765765765,0.8175069656619901,"[17, 5, 14, 29]",63,76,82,1,0,1
195.0,2.13963963963964,0.780622709927253,"[17, 14, 26, 5, 29]",51,86,84,1,0,2
196.0,2.0495495495495497,0.8084814964567331,"[14, 5]",58,86,75,3,0,0
197.0,2.0675675675675675,0.8015440034905214,"[17, 5, 26, 14]",61,82,78,1,0,1
198.0,2.027027027027027,0.7897471897389846,"[5, 14, 29]",66,84,72,0,0,1
199.0,2.0045045045045047,0.7987419279094045,"[17, 5, 14]",64,87,69,2,1,2
200.0,2.045045045045045,0.8115388141244638,"[5, 14, 17]",56,88,74,4,0,0
201.0,1.9864864864864864,0.8319400524964407,"[5, 14, 17, 26]",66,81,71,4,0,1
202.0,1.9954954954954955,0.8374587056625687,"[5, 14, 17]",72,73,75,2,1,1
203.0,2.0765765765765765,0.8119531175814391,"[5, 17, 14, 26]",56,84,79,3,0,0
204.0,2.1171171171171173,0.7986270882211046,"[17, 14, 5]",56,81,84,1,0,0
205.0,1.9954954954954955,0.8535141504140358,"[5, 26, 17, 14, 4]",66,76,75,5,0,0
206.0,1.9864864864864864,0.7872268166815277,"[17, 14, 5]",61,94,64,3,1,1
207.0,1.9954954954954955,0.7987419279094045,"[5, 17, 14]",68,84,69,1,0,1
208.0,2.0675675675675675,0.7844255657897979,"[5, 14, 17]",55,91,74,2,0,1
209.0,1.9684684684684688,0.8149598976316993,"[14, 17, 5]",74,78,69,1,0,1
210.0,1.972972972972973,0.812342119259643,"[5, 17, 14]",70,82,68,2,0,1
211.0,2.0225225225225225,0.8096907051164532,"[14, 5, 17]",64,83,73,2,0,1
212.0,2.0045045045045047,0.7815621191776531,"[14, 28, 5, 17]",61,93,66,2,0,0
213.0,2.0675675675675675,0.8071694761865497,"[26, 14, 5, 17]",53,89,76,4,0,0
214.0,1.963963963963964,0.78938578480206,"[5, 14, 17, 26]",70,87,64,1,0,0
215.0,2.009009009009009,0.8015312889452847,"[14, 17, 5]",64,86,70,2,0,1
216.0,2.0675675675675675,0.7958787695220654,"[5, 14, 17]",57,87,76,2,0,0
217.0,2.108108108108108,0.7472586564048422,"[14, 17, 5]",45,102,73,2,1,0
218.0,2.0855855855855854,0.8221313044655548,"[14, 5, 17]",60,77,83,2,0,1
219.0,2.0765765765765765,0.7660741968667064,"[17, 14, 5]",54,94,73,1,0,2
220.0,2.108108108108108,0.7942252134106665,"[5, 17, 14]",53,86,81,2,1,1
221.0,2.0135135135135136,0.7929538666645037,"[14, 5, 17, 26]",62,89,69,2,0,1
222.0,2.112612612612613,0.7907402016127276,"[5, 14, 17]",55,84,82,1,0,1
223.0,1.972972972972973,0.7839967155192472,"[14, 17, 26, 5]",68,89,64,1,0,1
224.0,2.0135135135135136,0.7929538666645037,"[14, 5, 17, 26]",62,89,69,2,0,1
225.0,2.045045045045045,0.8226146086363001,"[14, 5]",64,78,78,2,1,1
226.0,2.058558558558558,0.7676689129460663,"[14, 17, 5]",59,91,72,0,0,2
227.0,1.9684684684684688,0.8149598976316995,"[17, 14, 26, 5]",68,84,67,3,0,1
228.0,2.045045045045045,0.7889208780403243,"[17, 5, 14]",61,87,73,1,0,0
229.0,2.0405405405405403,0.7805182613287018,"[5, 14, 17]",57,93,70,2,0,1
230.0,2.09009009009009,0.78503594810101,"[14, 17, 5, 29]",53,90,77,2,0,1
231.0,2.0135135135135136,0.769790062053001,"[14, 17, 5]",58,97,65,2,0,1
232.0,1.9774774774774773,0.8371665943707141,"[14, 5, 17]",65,82,70,5,0,0
233.0,1.963963963963964,0.8007680467893784,"[14, 5, 17]",69,86,65,2,0,1
234.0,2.036036036036036,0.8007680467893786,"[14, 17, 5]",64,83,74,1,0,1
235.0,2.018018018018018,0.7900052348985384,"[14, 29, 5]",64,87,70,1,1,0
236.0,2.0315315315315314,0.852940825050286,"[17, 5, 14]",68,70,81,3,0,1
237.0,2.0675675675675675,0.8015440034905214,"[14, 5]",58,85,77,2,0,1
238.0,1.9954954954954955,0.8043869971326539,"[28, 14, 17, 26, 5]",69,82,70,1,0,1
239.0,2.0405405405405403,0.803372797205758,"[5, 14, 17]",64,82,75,1,0,2
240.0,2.045045045045045,0.8280969557349607,"[14, 5, 17]",62,79,78,3,0,0
241.0,2.058558558558558,0.8078762134098192,"[14, 5, 17]",54,89,75,4,0,0
242.0,2.0495495495495497,0.797209371872663,"[5, 17, 14, 29]",62,84,75,1,0,0
243.0,2.099099099099099,0.7664332972834004,"[14, 17, 5, 29]",55,90,77,0,0,3
244.0,1.9774774774774773,0.8371665943707141,"[17, 14, 5]",74,73,73,2,0,0
245.0,2.0405405405405403,0.8145596348957616,"[5, 14, 17]",63,81,76,2,0,0
246.0,2.045045045045045,0.7831643365554003,"[5, 17, 14, 26]",60,89,72,1,0,1
247.0,2.0495495495495497,0.7443754555334969,"[17, 14, 5]",56,99,67,0,0,1
248.0,2.0135135135135136,0.8373613465544231,"[5, 14, 17]",70,73,77,2,0,0
249.0,2.054054054054054,0.8491447689845928,"[14, 26, 17, 5]",62,74,82,4,0,0
250.0,1.990990990990991,0.812743474086136,"[14, 5, 17]",68,82,70,2,0,1
251.0,2.063063063063063,0.804729001115173,"[5, 14, 17, 26]",56,87,76,3,0,0
252.0,2.0495495495495497,0.8305669299554027,"[17, 5, 14]",62,78,79,3,0,1
253.0,2.130630630630631,0.8105964278426563,"[5, 26, 14, 17]",51,82,86,3,0,0
254.0,2.027027027027027,0.817893325855459,"[5, 17, 14]",59,86,73,4,0,0
255.0,2.0,0.8015821459161773,"[5, 14, 26]",62,89,68,3,0,0
256.0,2.0765765765765765,0.7950588304542311,"[14, 5, 17]",56,87,77,2,0,1
257.0,1.9324324324324325,0.7669251247662162,"[14, 5, 17]",70,94,57,1,1,1
258.0,2.0045045045045047,0.804386997132654,"[14, 5, 17, 29]",68,82,71,1,0,1
259.0,2.036036036036036,0.8063989326099907,"[17, 14, 5]",65,81,75,1,0,2
260.0,1.9864864864864864,0.7872268166815276,"[17, 5, 14]",67,88,66,1,0,1
261.0,2.0,0.7902116103552715,"[17, 14, 5]",66,87,68,1,0,1
262.0,2.0855855855855854,0.8221313044655548,"[17, 14, 5, 26]",63,74,84,1,0,0
263.0,2.0675675675675675,0.82928985180689,"[5, 14, 17]",63,75,82,2,0,1
264.0,2.063063063063063,0.8103323632877316,"[17, 5, 29, 14]",60,82,78,2,0,1
265.0,2.0855855855855854,0.7651157717794568,"[14, 5, 17]",56,91,75,0,0,1
266.0,2.099099099099099,0.806702185118088,"[5, 17, 14, 26, 29]",53,85,81,3,0,1
267.0,2.045045045045045,0.8059438399013202,"[5, 17, 14]",61,84,75,2,1,0
268.0,2.0675675675675675,0.8015440034905214,"[14, 17, 5, 29]",61,82,78,1,0,0
269.0,2.09009009009009,0.7675494241701205,"[5, 17, 14]",56,90,76,0,0,1
270.0,1.945945945945946,0.7997492575132488,"[5, 17, 14, 29]",71,86,63,2,0,1
271.0,2.027027027027027,0.8178933258554592,"[17, 5, 14]",65,80,75,2,0,0
272.0,2.058558558558558,0.7908948444176505,"[17, 14, 5, 29]",57,89,74,2,0,0
273.0,1.9414414414414407,0.7676689129460662,"[5, 29, 17, 26, 14]",63,100,56,3,1,0
274.0,2.0945945945945947,0.8044376735642,"[14, 5]",62,77,83,0,0,1
275.0,2.0045045045045047,0.7815621191776531,"[17, 5, 14]",64,90,67,1,1,1
276.0,1.981981981981982,0.7842566527683643,"[14, 17, 5]",67,89,65,1,0,1
277.0,2.054054054054054,0.765049169896325,"[14, 5, 17]",59,92,71,0,0,1
278.0,1.95945945945946,0.8033727972057582,"[5, 17, 14]",70,85,65,2,0,0
279.0,2.018018018018018,0.7784656213705153,"[14, 17, 5]",62,91,68,1,0,1
280.0,1.9684684684684688,0.8422639156025565,"[5, 17, 14, 4]",70,77,71,4,0,1
281.0,2.027027027027027,0.845102574399809,"[5, 14]",64,76,78,4,0,1
282.0,2.027027027027027,0.8067527161203685,"[17, 14, 5]",60,87,72,3,0,0
283.0,2.0945945945945947,0.7873821495197958,"[5, 14, 17, 26]",59,83,80,0,0,1
284.0,1.954954954954955,0.8059438399013201,"[17, 5, 14]",71,84,65,2,1,1
285.0,2.054054054054054,0.7997492575132488,"[14, 5, 26, 17]",65,80,77,0,0,1
286.0,1.972972972972973,0.7839967155192472,"[14, 17, 5]",68,89,64,1,0,1
287.0,2.036036036036036,0.8393913753717447,"[5, 14, 26, 17]",68,72,80,2,0,1
288.0,1.9954954954954955,0.7757509731723239,"[14, 5, 17]",61,95,64,2,0,1
289.0,2.0225225225225225,0.8207914384685622,"[5, 14, 17]",60,85,73,4,1,0
290.0,2.036036036036036,0.823060483671462,"[5, 14]",59,84,75,4,0,1
291.0,2.121621621621621,0.8064115704079748,"[5, 14, 17]",57,78,86,1,0,0
292.0,2.0855855855855854,0.7998129698620862,"[5, 17, 29, 14]",62,79,81,0,0,3
293.0,1.981981981981982,0.8125929892570567,"[14, 5, 17, 26]",63,88,67,4,0,0
294.0,2.0045045045045047,0.842844503716837,"[5, 14, 17, 26]",66,77,75,4,0,1
295.0,2.0675675675675675,0.790172919062847,"[17, 5, 14]",59,86,76,1,0,1
296.0,2.058558558558558,0.7908948444176503,"[5, 14, 26]",60,86,75,1,0,0
297.0,2.036036036036036,0.8063989326099908,"[14, 17, 5]",62,84,74,2,0,0
298.0,2.130630630630631,0.7705310847342124,"[5, 14, 17]",53,87,82,0,0,2
299.0,1.954954954954955,0.7946357187816142,"[5, 17, 14]",72,85,64,1,0,1
300.0,2.036036036036036,0.8063989326099908,"[14, 26, 17, 5]",56,90,72,4,1,1
301.0,2.018018018018018,0.8236546082558097,"[17, 14, 5, 29]",58,87,72,5,0,0
302.0,2.0405405405405403,0.7746992852145429,"[5, 17, 26, 14]",59,92,70,1,0,2
303.0,1.9324324324324325,0.7669251247662162,"[5, 17, 26, 14]",67,97,56,2,1,1
304.0,2.112612612612613,0.8077248217762689,"[14, 17, 5]",49,87,82,4,0,1
305.0,2.13963963963964,0.809086326687362,"[14, 5, 17]",59,73,90,0,0,1
306.0,1.945945945945946,0.7997492575132488,"[14, 29, 5, 17]",68,89,62,3,0,1
307.0,2.0225225225225225,0.8262858822580399,"[5, 14]",67,77,76,2,0,2
308.0,1.9954954954954955,0.8428445037168368,"[14, 5, 26, 17]",64,80,73,5,1,0
309.0,2.099099099099099,0.8342765034762626,"[17, 14, 26, 5]",55,78,85,4,0,1
310.0,2.0945945945945947,0.7816142754752871,"[17, 14, 26, 5]",58,85,79,0,0,1
311.0,2.09009009009009,0.8133451349760028,"[5, 14, 17]",58,80,82,2,0,1
312.0,2.045045045045045,0.8280969557349604,"[14, 5, 17]",56,85,76,5,0,0
313.0,2.0225225225225225,0.8479076920523673,"[17, 5, 14]",62,78,77,5,0,1
314.0,2.1621621621621623,0.8020397135374479,"[14, 17, 5, 26]",44,86,88,4,0,1
315.0,2.0675675675675675,0.8071694761865498,"[5, 17, 14, 26]",53,89,76,4,0,1
316.0,2.103603603603604,0.8255455268000272,"[17, 14, 5, 26]",56,78,85,3,0,1
317.0,2.0225225225225225,0.8317440309221362,"[5, 14, 17]",65,78,76,3,0,2
318.0,2.099099099099099,0.7723145556962921,"[5, 14, 17, 29]",53,91,77,1,0,1
319.0,2.058558558558558,0.8022556964196214,"[14, 17, 5]",56,88,75,3,0,1
320.0,2.144144144144144,0.8221684917960584,"[29, 26, 5, 14, 17]",55,74,91,2,0,2
321.0,2.0045045045045047,0.8428445037168371,"[14, 17, 5]",66,77,75,4,0,0
322.0,2.0765765765765765,0.8007298655844591,"[26, 17, 5, 14]",54,88,77,3,0,1
323.0,2.09009009009009,0.8077626723447155,"[14, 29, 5, 17]",57,82,81,2,0,1
324.0,2.0765765765765765,0.8500683980950068,"[5, 17, 14]",60,73,85,4,0,1
325.0,2.108108108108108,0.7999021586249626,"[5, 29, 14, 17]",54,84,82,2,0,2
326.0,1.981981981981982,0.8125929892570567,"[5, 14, 17]",66,85,68,3,0,1
327.0,2.018018018018018,0.8070053236714507,"[14, 17, 5]",64,84,72,2,0,1
328.0,2.063063063063063,0.7934035654851268,"[14, 5, 17]",60,85,76,1,0,1
329.0,2.0225225225225225,0.8479076920523673,"[17, 5, 29, 14]",62,78,77,5,0,0
330.0,2.0855855855855854,0.7651157717794568,"[5, 17, 14, 29]",56,91,75,0,0,1
331.0,2.054054054054054,0.8330051124854692,"[14, 17, 5]",65,74,81,2,0,1
332.0,2.0405405405405403,0.7920279690635249,"[14, 17, 26, 4, 5]",59,89,72,2,0,1
333.0,2.0675675675675675,0.7844255657897979,"[5, 14, 17]",61,85,76,0,0,0
334.0,2.0495495495495497,0.7564353021323195,"[5, 14, 17]",58,95,69,0,0,1
335.0,2.0855855855855854,0.8221313044655548,"[14, 5, 17, 26]",63,74,84,1,0,0
336.0,2.027027027027027,0.7954560939839985,"[5, 14, 17]",61,88,71,2,0,1
337.0,2.063063063063063,0.8103323632877316,"[5, 17, 14, 26]",60,82,78,2,0,1
338.0,2.0495495495495497,0.7857755627978602,"[17, 5, 14]",57,91,72,2,0,1
339.0,2.058558558558558,0.8299777534464476,"[5, 17, 14]",64,75,81,2,0,1
340.0,2.0495495495495497,0.768305872568553,"[5, 17, 14, 29]",60,91,71,0,0,1
341.0,2.036036036036036,0.8175443633380667,"[5, 14, 17]",64,80,76,2,0,1
342.0,1.945945945945946,0.7997492575132485,"[5, 29, 14, 17]",74,83,64,1,0,1
343.0,2.135135135135135,0.7488934399304057,"[5, 14, 17, 29]",49,94,79,0,0,1
344.0,2.058558558558558,0.7908948444176503,"[14, 29, 5]",60,86,75,1,0,1
345.0,2.063063063063063,0.7761055962029545,"[5, 17, 26, 14]",60,88,74,0,0,0
346.0,2.0945945945945947,0.8211390210654653,"[17, 14, 5]",53,83,82,4,0,1
347.0,2.0945945945945947,0.8320870383725868,"[14, 5]",61,73,86,2,0,1
348.0,2.058558558558558,0.7557883383543853,"[14, 26, 5, 29, 17]",57,95,70,0,0,1
349.0,2.054054054054054,0.7591116246003614,"[17, 14, 5]",52,100,68,2,1,2
350.0,2.027027027027027,0.8234071084430594,"[5, 26, 14]",63,81,75,3,0,0
351.0,2.0765765765765765,0.8063610180276339,"[17, 5, 14]",58,83,79,2,1,1
352.0,2.0045045045045047,0.82108937541723,"[14, 10, 5, 17]",65,82,72,3,0,0
353.0,1.9954954954954955,0.8320380459656691,"[14, 5, 17]",65,81,72,4,0,1
354.0,2.1981981981981984,0.7881454240230692,"[14, 5, 26, 29, 17]",51,76,95,0,0,1
355.0,2.0315315315315314,0.7981292586297671,"[14, 5, 17]",61,87,72,2,0,1
356.0,2.0315315315315314,0.8149598976316995,"[17, 5, 14]",58,87,73,4,0,0
357.0,2.2117117117117115,0.7582116060775659,"[5, 26, 14, 17]",45,85,92,0,0,3
358.0,2.045045045045045,0.8115388141244638,"[17, 5, 4, 26, 14]",62,82,76,2,0,1
359.0,2.045045045045045,0.8280969557349607,"[17, 5, 14]",62,79,78,3,0,1
360.0,2.0495495495495497,0.8520801136971612,"[14, 17, 26, 5]",60,76,81,5,0,0
361.0,2.072072072072072,0.8039687946906964,"[5, 17, 14]",58,84,78,2,0,1
362.0,2.0765765765765765,0.8063610180276339,"[17, 14, 5, 29]",55,86,78,3,0,0
363.0,2.0225225225225225,0.8371665943707141,"[17, 14, 5, 29, 26]",63,79,76,4,0,0
364.0,2.0495495495495497,0.8028652168061973,"[14, 5]",63,82,76,1,0,1
365.0,2.121621621621621,0.7601982838987519,"[14, 5, 17]",49,94,78,1,0,1
366.0,2.054054054054054,0.8384195198005503,"[17, 5, 14, 4]",60,78,80,4,0,1
367.0,2.058558558558558,0.8245079123091277,"[5, 17, 14, 29, 26]",63,77,80,2,1,1
368.0,2.063063063063063,0.7990863479500622,"[17, 5, 14]",55,89,75,3,0,0
369.0,2.072072072072072,0.7869031081203345,"[5, 17, 26, 14]",55,90,75,2,0,1
370.0,2.126126126126126,0.7683456650123669,"[5, 17, 14, 26]",47,94,79,2,1,1
371.0,2.0315315315315314,0.8037786307414237,"[5, 17, 14]",62,85,73,2,0,1
372.0,2.0675675675675675,0.82928985180689,"[5, 17, 14]",57,81,80,4,0,1
373.0,2.0675675675675675,0.82928985180689,"[17, 14, 5]",54,84,79,5,0,1
374.0,1.963963963963964,0.777836981466073,"[17, 5, 14]",68,91,62,1,0,1
375.0,2.09009009009009,0.7675494241701204,"[14, 17, 5]",56,90,76,0,0,1
376.0,2.058558558558558,0.8354117816811469,"[5, 14, 26]",59,79,80,4,0,1
377.0,2.0,0.7959171834405434,"[14, 17, 5, 29]",61,91,67,3,0,1
378.0,2.063063063063063,0.7990863479500622,"[5, 14, 26, 17]",58,86,76,2,0,1
379.0,2.0945945945945947,0.8156099056293361,"[5, 14, 17]",55,82,82,3,0,1
380.0,2.027027027027027,0.8288842138623564,"[5, 17, 14]",64,79,76,3,0,0
381.0,2.099099099099099,0.8010734309154448,"[5, 17, 14, 26]",58,81,82,1,0,1
382.0,2.121621621621621,0.7661274075493342,"[14, 17, 5]",53,89,80,0,0,1
383.0,2.0135135135135136,0.815459949771178,"[17, 5, 14]",63,84,72,3,0,0
384.0,2.0225225225225225,0.8096907051164534,"[14, 5, 17]",61,86,72,3,0,1
385.0,2.0675675675675675,0.7901729190628471,"[17, 14, 26, 5]",56,89,75,2,0,1
386.0,2.009009009009009,0.8071568502552311,"[17, 14, 5, 29]",65,84,71,2,0,1
387.0,2.1171171171171173,0.8264708674955219,"[14, 5, 17, 26]",55,77,87,3,0,1
388.0,2.0495495495495497,0.797209371872663,"[17, 5, 14]",56,90,73,3,0,1
389.0,2.135135135135135,0.7608816806061955,"[17, 14, 5, 29]",51,90,81,0,0,1
390.0,2.0135135135135136,0.7986398490019414,"[5, 17, 14]",66,84,71,1,1,1
391.0,2.0945945945945947,0.8156099056293361,"[14, 17, 5]",58,79,83,2,0,1
392.0,2.0315315315315314,0.8149598976316993,"[17, 14, 5]",61,84,74,3,0,1
393.0,1.9774774774774773,0.8262858822580399,"[17, 5, 14]",69,80,70,3,0,0
394.0,2.0765765765765765,0.7777976746020018,"[5, 14, 17]",56,90,75,1,0,0
395.0,2.0855855855855854,0.8054505326308167,"[5, 14, 17, 26]",51,89,78,4,0,1
396.0,2.0945945945945947,0.7581040697715146,"[5, 14, 17]",54,93,75,0,0,1
397.0,2.0405405405405403,0.8033727972057582,"[14, 17, 5]",64,82,75,1,0,1
398.0,1.990990990990991,0.8292775626631712,"[5, 29, 17, 14]",65,82,71,4,0,0
399.0,1.945945945945946,0.805387266256829,"[17, 14, 5, 29]",72,84,64,2,0,1
400.0,2.0315315315315314,0.8368743811173183,"[5, 17, 14, 29]",62,79,77,4,0,0
401.0,2.009009009009009,0.8182919579375431,"[5, 17, 14]",67,80,73,2,0,1
402.0,1.972972972972973,0.7897471897389846,"[17, 5, 14]",69,87,65,1,0,1
403.0,2.058558558558558,0.8078762134098192,"[32, 14, 17, 5]",60,83,77,2,0,1
404.0,2.099099099099099,0.806702185118088,"[17, 14, 5, 29]",50,88,80,4,0,0
405.0,2.0765765765765765,0.8007298655844591,"[14, 17, 5]",54,88,77,3,1,1
406.0,2.058558558558558,0.8078762134098193,"[14, 17, 5, 26, 29]",60,83,77,2,0,1
407.0,1.9954954954954955,0.7873303753121176,"[17, 14, 5]",66,88,67,1,0,1
408.0,2.0,0.8183417732943565,"[5, 14, 17]",68,80,72,2,0,1
409.0,2.045045045045045,0.8115388141244638,"[14, 17, 5]",59,85,75,3,0,0
410.0,2.0405405405405403,0.820095831325323,"[14, 5, 17]",67,76,78,1,0,0
411.0,2.081081081081081,0.7685578565836623,"[14, 26, 17, 5]",51,96,73,2,0,1
412.0,2.103603603603604,0.7687832459562146,"[5, 17, 14]",55,89,78,0,0,0
413.0,2.108108108108108,0.7532896344219971,"[5, 14, 17, 26]",52,94,76,0,0,1
414.0,2.0765765765765765,0.8063610180276339,"[14, 5, 29, 17]",58,83,79,2,0,0
415.0,2.0765765765765765,0.8007298655844591,"[17, 14, 5]",60,82,79,1,0,0
416.0,2.0495495495495497,0.8413922822600971,"[14, 5, 17]",64,74,81,3,0,0
417.0,2.058558558558558,0.8299777534464475,"[5, 17, 14]",61,78,80,3,0,0
418.0,1.9774774774774773,0.8317440309221362,"[17, 14, 5, 26]",73,75,72,2,0,1
419.0,1.9954954954954955,0.7873303753121176,"[17, 14, 5]",66,88,67,1,0,1
420.0,2.072072072072072,0.8206796842272748,"[5, 17, 14]",61,78,81,2,0,1
421.0,2.072072072072072,0.7753173247504086,"[14, 17, 5]",53,94,73,2,0,1
422.0,2.018018018018018,0.801378698667744,"[29, 14, 17, 5]",63,86,71,2,0,0
423.0,1.95945945945946,0.7977205510293365,"[17, 14, 29, 5, 26]",66,90,63,3,0,1
424.0,2.072072072072072,0.8039687946906964,"[17, 5, 14]",58,84,78,2,1,0
425.0,2.09009009009009,0.8298672362830699,"[14, 17, 5]",55,80,83,4,0,2
426.0,2.112612612612613,0.779211472538248,"[14, 17, 5, 26]",53,88,80,1,0,1
427.0,2.009009009009009,0.7669118362786903,"[17, 14, 5]",64,92,66,0,0,1
428.0,2.063063063063063,0.8103323632877316,"[17, 14, 5, 26]",57,85,77,3,0,0
429.0,2.1531531531531534,0.7514474502955104,"[17, 5, 14]",48,92,82,0,0,1
430.0,2.0945945945945947,0.7758035201461141,"[14, 17, 29, 5]",51,93,76,2,0,2
431.0,1.9504504504504503,0.8359971285185128,"[14, 29, 5]",71,79,68,4,0,0
432.0,1.972972972972973,0.845102574399809,"[5, 14, 29, 26, 17]",64,82,70,6,0,0
433.0,2.045045045045045,0.7889208780403243,"[14, 17, 5, 26]",61,87,73,1,0,1
434.0,1.954954954954955,0.765635067630325,"[5, 14, 17]",67,95,59,1,0,1
435.0,2.135135135135135,0.7726839453446801,"[14, 5, 17]",53,86,83,0,0,1
436.0,2.058558558558558,0.7908948444176505,"[17, 14, 5, 29]",60,86,75,1,0,0
437.0,2.1486486486486487,0.7672439794207847,"[5, 14, 17]",51,87,84,0,0,0
438.0,2.0945945945945947,0.8156099056293362,"[26, 5, 14, 17]",58,79,83,2,0,2
439.0,2.103603603603604,0.7919764985689903,"[5, 17, 26, 14]",53,87,80,2,0,3
440.0,2.036036036036036,0.8393913753717447,"[17, 14, 5, 26]",62,78,78,4,0,1
441.0,2.063063063063063,0.7990863479500624,"[5, 14, 17, 29]",55,89,75,3,0,2
442.0,2.054054054054054,0.7883522863426479,"[14, 5, 17]",60,87,74,1,0,1
443.0,2.018018018018018,0.8125929892570566,"[28, 5, 17, 14]",56,91,70,5,0,1
444.0,2.0405405405405403,0.8089855530513882,"[5, 17, 14, 26, 29]",59,86,74,3,0,1
445.0,2.0675675675675675,0.8183044120610503,"[14, 5, 17]",58,82,79,3,0,0
446.0,1.9954954954954955,0.8155599234068583,"[5, 17, 14]",65,84,70,3,0,1
447.0,2.009009009009009,0.8071568502552311,"[5, 17, 14]",68,81,72,1,0,0
448.0,2.054054054054054,0.8165465058157807,"[17, 14, 5]",62,80,78,2,0,0
449.0,2.072072072072072,0.8261748712343142,"[17, 14, 5]",62,76,82,2,0,1
450.0,2.103603603603604,0.7509183430946438,"[5, 17, 14]",52,95,75,0,0,1
451.0,1.9414414414414407,0.8299777534464476,"[14, 17, 29, 5, 26]",77,75,68,2,0,1
452.0,2.0045045045045047,0.8374587056625689,"[17, 14, 5, 26]",68,76,75,3,0,1
453.0,2.036036036036036,0.8393913753717447,"[17, 5, 29, 14]",62,78,78,4,0,1
454.0,2.0315315315315314,0.8476191817566464,"[5, 14, 17]",64,75,79,4,0,0
455.0,2.1171171171171173,0.7929410143792941,"[14, 5, 26, 17]",58,80,84,0,1,1
456.0,2.0495495495495497,0.7741729054797654,"[5, 14, 26, 17, 29]",61,89,72,0,0,1
457.0,2.018018018018018,0.7900052348985382,"[17, 5, 14, 29]",64,87,70,1,1,1
458.0,2.045045045045045,0.8280969557349607,"[5, 17, 14, 26]",62,79,78,3,0,1
459.0,2.18018018018018,0.7393062444239945,"[17, 14, 5, 26]",44,94,84,0,0,1
460.0,2.09009009009009,0.7556669709816429,"[5, 14, 17, 26]",54,94,74,0,0,1
461.0,2.0135135135135136,0.8209900751144732,"[14, 5, 17]",61,85,72,4,0,1
462.0,2.0225225225225225,0.8262858822580399,"[14, 5, 17]",55,89,72,6,0,1
463.0,2.112612612612613,0.8021032439517056,"[14, 5]",54,83,83,2,0,3
464.0,2.0135135135135136,0.8209900751144732,"[26, 5, 14, 17]",58,88,71,5,0,0
465.0,1.9954954954954955,0.8320380459656691,"[32, 17, 14, 5, 29]",65,81,72,4,0,1
466.0,2.0675675675675675,0.7610022163187308,"[17, 14, 5, 29]",57,93,72,0,0,0
467.0,2.081081081081081,0.8253356386786131,"[14, 5, 17]",61,76,83,2,0,1
468.0,1.972972972972973,0.8011243169520795,"[14, 5, 17, 29]",68,86,66,2,0,1
469.0,2.099099099099099,0.8178434831834329,"[14, 5, 17]",61,75,85,1,0,1
470.0,2.09009009009009,0.7907788651491059,"[14, 5, 17, 26]",57,85,79,1,0,1
471.0,2.081081081081081,0.7974522228289,"[17, 5, 14]",53,89,77,3,1,1
472.0,2.0855855855855854,0.7941353870744926,"[14, 26, 5, 17]",58,84,79,1,0,1
473.0,2.045045045045045,0.7831643365554004,"[26, 14, 5, 17]",54,95,70,3,0,0
474.0,2.0945945945945947,0.7640494449705395,"[5, 17, 14]",55,91,76,0,1,3
475.0,2.018018018018018,0.8399739489817525,"[5, 14, 17]",67,75,77,3,0,1
476.0,1.9504504504504503,0.8195986076270692,"[17, 5, 14]",74,79,67,2,1,1
477.0,2.009009009009009,0.7958659644705466,"[5, 14, 17]",66,85,70,1,0,2
478.0,2.09009009009009,0.7792507080877088,"[14, 5, 17]",55,89,77,1,0,1
479.0,2.0225225225225225,0.8371665943707141,"[14, 5, 17, 29]",60,82,75,5,0,1
480.0,2.0045045045045047,0.781562119177653,"[5, 14, 26, 17]",64,90,67,1,0,1
481.0,2.045045045045045,0.7831643365554004,"[17, 5, 14]",60,89,72,1,0,0
482.0,2.0135135135135136,0.809892064367318,"[5, 14]",68,80,73,1,0,0
483.0,2.0315315315315314,0.7924396126678963,"[17, 14, 29, 26, 5]",57,92,70,3,0,0
484.0,2.027027027027027,0.8397312590951516,"[17, 4, 5, 14]",57,84,75,6,0,1
485.0,2.0045045045045047,0.7930566774479464,"[5, 17, 14]",69,83,70,0,1,1
486.0,2.135135135135135,0.7957635166404936,"[14, 5, 26]",54,81,86,1,0,0
487.0,2.045045045045045,0.8280969557349607,"[17, 5, 14]",56,85,76,5,0,0
488.0,2.036036036036036,0.8063989326099908,"[14, 5, 26]",62,84,74,2,0,0
489.0,2.0765765765765765,0.8447286592061115,"[5, 17, 26, 14]",59,75,84,4,0,0
490.0,2.0765765765765765,0.800729865584459,"[5, 17, 14]",57,85,78,2,0,1
491.0,2.058558558558558,0.8078762134098192,"[5, 17, 14]",60,83,77,2,1,1
492.0,2.0765765765765765,0.783593642375905,"[17, 5, 26, 14]",60,85,77,0,0,0
493.0,2.130630630630631,0.7763813021301699,"[14, 17, 5, 26]",54,85,83,0,0,1
494.0,1.9414414414414407,0.8078762134098192,"[5, 14, 17, 29]",76,80,65,1,1,1
495.0,1.9774774774774773,0.8040828714730361,"[14, 5]",71,82,68,1,0,1
496.0,2.0405405405405403,0.8525583939479507,"[5, 10, 17, 29, 14]",64,73,81,4,0,1
497.0,2.018018018018018,0.8070053236714507,"[5, 17, 14, 29]",64,84,72,2,0,0
498.0,2.063063063063063,0.8103323632877316,"[17, 5, 14, 26]",54,88,76,4,0,0
499.0,2.036036036036036,0.78938578480206,"[17, 14, 5]",59,90,71,2,0,2
500.0,2.0855855855855854,0.8054505326308168,"[17, 14, 5, 26]",57,83,80,2,0,1
501.0,2.063063063063063,0.804729001115173,"[14, 17, 5, 29]",65,78,79,0,0,0
502.0,2.099099099099099,0.7664332972834004,"[17, 5, 14]",55,90,77,0,0,2
503.0,2.13963963963964,0.7863978566920335,"[26, 17, 14, 5]",52,84,85,1,0,1
504.0,2.09009009009009,0.7734221953755526,"[14, 17, 5]",51,94,75,2,0,1
505.0,2.0405405405405403,0.750972627656494,"[17, 14, 5]",58,97,67,0,0,1
506.0,2.0045045045045047,0.781562119177653,"[5, 17, 14, 26]",64,90,67,1,0,1
507.0,2.0765765765765765,0.8119531175814391,"[14, 5, 17]",62,78,81,1,1,2
508.0,2.058558558558558,0.8078762134098192,"[5, 14, 17, 29]",60,83,77,2,0,1
509.0,1.9864864864864864,0.7986398490019414,"[5, 17, 14]",66,87,67,2,0,0
510.0,2.058558558558558,0.8022556964196215,"[17, 14, 5]",56,88,75,3,0,0
511.0,2.018018018018018,0.8070053236714507,"[5, 17, 14, 29]",67,81,73,1,0,0
512.0,1.9954954954954955,0.8155599234068582,"[5, 14, 17, 26]",65,84,70,3,1,1
513.0,2.108108108108108,0.782747815139657,"[14, 5]",54,87,80,1,0,0
514.0,2.027027027027027,0.817893325855459,"[28, 17, 14, 5]",59,86,73,4,0,1
515.0,2.144144144144144,0.7710467334093961,"[17, 5, 14, 26]",52,86,84,0,0,1
516.0,2.0045045045045047,0.8265818387665632,"[17, 5, 14, 26]",60,86,71,5,0,0
517.0,2.036036036036036,0.823060483671462,"[5, 14, 17]",68,75,78,1,1,1
518.0,2.0855855855855854,0.7710070803704269,"[5, 17, 26, 14]",57,89,76,0,0,1
519.0,2.018018018018018,0.8236546082558096,"[5, 14]",61,84,73,4,0,2
520.0,2.0495495495495497,0.8084814964567331,"[14, 26, 5, 17]",61,83,76,2,0,1
521.0,1.9504504504504503,0.8140590297199426,"[5, 17, 14]",67,87,64,4,0,0
522.0,2.0765765765765765,0.7950588304542311,"[5, 17, 29, 14]",59,84,78,1,0,2
523.0,2.045045045045045,0.8335432453407353,"[5, 17, 14]",63,77,79,3,0,0
524.0,2.045045045045045,0.8115388141244638,"[14, 17, 5, 26]",62,82,76,2,0,1
525.0,2.027027027027027,0.8343253644387617,"[14, 5, 17]",59,83,75,5,0,0
526.0,2.0225225225225225,0.8152599657211406,"[17, 5, 14]",65,81,74,2,0,2
527.0,2.063063063063063,0.7819141066723375,"[17, 14, 5, 26]",61,86,75,0,0,1
528.0,2.112612612612613,0.784997001708211,"[14, 17, 5]",57,83,82,0,0,1
529.0,2.126126126126126,0.7972477216785111,"[5, 14, 17]",49,87,83,3,1,0
530.0,2.0135135135135136,0.809892064367318,"[14, 5, 17, 26]",68,80,73,1,0,1
531.0,2.058558558558558,0.8245079123091277,"[14, 5]",60,80,79,3,0,0
532.0,2.121621621621621,0.7661274075493342,"[14, 17, 5]",53,89,80,0,0,1
533.0,2.0045045045045047,0.8155599234068583,"[5, 4, 14, 17]",70,78,73,1,0,1
534.0,2.099099099099099,0.8010734309154447,"[5, 17, 14, 29]",61,78,83,0,0,1
535.0,2.054054054054054,0.8220693218431259,"[17, 14, 5, 26]",57,84,77,4,0,1
536.0,2.0225225225225225,0.804082871473036,"[5, 17, 29, 14]",63,85,72,2,0,1
537.0,2.027027027027027,0.8343253644387617,"[14, 5, 26, 17]",68,74,78,2,0,1
538.0,2.144144144144144,0.7472041020221154,"[5, 17, 14]",48,94,80,0,0,1
539.0,2.0675675675675675,0.812756013230862,"[14, 5]",63,78,80,1,0,0
540.0,2.126126126126126,0.8029032964667868,"[14, 5, 17]",47,88,83,4,0,0
541.0,2.063063063063063,0.8591196091304081,"[14, 5, 17]",60,73,84,5,0,1
542.0,1.9954954954954955,0.7873303753121175,"[14, 17, 5]",66,88,67,1,0,1
543.0,1.9864864864864864,0.8319400524964405,"[14, 17, 5]",75,72,74,1,0,0
544.0,2.072072072072072,0.8151474531320841,"[14, 5, 17, 29]",57,83,79,3,0,1
545.0,1.9774774774774773,0.8479076920523672,"[5, 17, 14]",73,72,74,3,0,1
546.0,2.054054054054054,0.8053872662568291,"[5, 14, 17, 26]",66,78,78,0,0,1
547.0,2.054054054054054,0.810986080277772,"[14, 5, 29]",58,85,76,3,0,0
548.0,1.9684684684684688,0.8037786307414236,"[5, 17, 14, 29]",69,85,66,2,0,0
549.0,2.045045045045045,0.8059438399013201,"[17, 5, 14]",64,81,76,1,0,0
550.0,1.9234234234234235,0.8007298655844591,"[17, 14, 5, 29]",74,85,61,2,0,1
551.0,2.0,0.8401680504168059,"[17, 14, 5]",72,72,76,2,0,1
552.0,2.045045045045045,0.8170954782558749,"[5, 14, 17]",63,80,77,2,0,1
553.0,2.0945945945945947,0.7816142754752871,"[5, 17, 14]",58,85,79,0,0,1
554.0,2.018018018018018,0.7784656213705153,"[17, 14, 5]",62,91,68,1,0,1
555.0,1.9504504504504503,0.797209371872663,"[14, 5, 17]",70,87,63,2,0,0
556.0,2.072072072072072,0.7811316968436159,"[17, 5, 14, 26]",60,86,76,0,0,1
557.0,2.0765765765765765,0.7719581911351323,"[14, 5, 26, 17, 29]",55,92,74,1,0,1
558.0,2.0315315315315314,0.8476191817566463,"[14, 17, 5, 26]",67,72,80,3,0,1
559.0,2.018018018018018,0.7784656213705152,"[14, 17, 5]",65,88,69,0,0,0
560.0,2.103603603603604,0.7509183430946437,"[5, 14, 26, 17]",52,95,75,0,0,1
561.0,2.0225225225225225,0.8262858822580399,"[5, 14, 17]",58,86,73,5,0,0
562.0,2.0,0.7844645405527362,"[17, 14, 5]",68,86,68,0,0,1
563.0,2.09009009009009,0.8243966618688144,"[14, 17, 5, 29]",54,82,82,4,0,0
564.0,2.018018018018018,0.8181424936680499,"[17, 5, 14]",66,80,74,2,0,1
565.0,2.099099099099099,0.7896955705886475,"[17, 14, 5]",53,88,79,2,0,1
566.0,2.045045045045045,0.7946357187816142,"[17, 14, 5, 26]",65,82,75,0,0,2
567.0,2.045045045045045,0.8003097521080377,"[14, 5, 17]",60,86,74,2,0,1
568.0,2.099099099099099,0.8609681486738398,"[14, 17, 5]",57,71,89,5,0,0
569.0,2.09009009009009,0.7907788651491059,"[14, 5, 29, 17]",57,85,79,1,0,1
570.0,1.981981981981982,0.81814249366805,"[5, 14]",61,89,67,5,0,1
571.0,2.072072072072072,0.7576065158056406,"[14, 5, 17]",56,94,72,0,0,1
572.0,2.081081081081081,0.8087209625118331,"[5, 14, 17, 26]",58,82,80,2,0,0
573.0,2.103603603603604,0.7687832459562145,"[5, 14, 17, 26]",52,92,77,1,0,2
574.0,2.103603603603604,0.814509588223627,"[5, 17, 14]",60,76,85,1,0,1
575.0,2.09009009009009,0.835301983483672,"[5, 17, 14]",62,72,86,2,0,0
576.0,2.036036036036036,0.8175443633380666,"[5, 17, 14]",61,83,75,3,0,1
577.0,2.0855855855855854,0.7884169196867215,"[5, 17, 26, 14]",51,92,76,3,0,1
578.0,2.0855855855855854,0.8110489099129118,"[5, 14, 26, 17, 29]",55,84,80,3,0,1
579.0,2.027027027027027,0.8343253644387617,"[5, 14]",68,74,78,2,0,0
580.0,2.0495495495495497,0.8028652168061973,"[14, 5, 17]",63,82,76,1,0,2
581.0,2.036036036036036,0.823060483671462,"[14, 17, 26, 5]",59,84,75,4,0,0
582.0,2.09009009009009,0.761631370669714,"[5, 17, 14]",55,92,75,0,0,1
583.0,2.135135135135135,0.7785179851160002,"[17, 14, 5]",51,87,83,1,0,2
584.0,2.2432432432432434,0.7636091513595895,"[14, 5, 17, 26]",44,80,98,0,0,2
585.0,2.0045045045045047,0.8155599234068583,"[17, 5, 14]",70,78,73,1,0,1
586.0,2.0135135135135136,0.7872268166815276,"[5, 14, 17]",67,85,70,0,0,1
587.0,2.103603603603604,0.7746466633366657,"[14, 5]",56,87,79,0,0,1
588.0,2.0135135135135136,0.7814577961392896,"[17, 5, 14]",63,90,68,1,0,1
589.0,1.9864864864864864,0.7872268166815276,"[17, 5, 26, 14]",67,88,66,1,1,0
590.0,2.126126126126126,0.82513804814701,"[5, 17, 14]",60,71,90,1,0,1
591.0,2.063063063063063,0.8214244253142174,"[5, 14, 26, 17]",62,78,80,2,0,1
592.0,2.112612612612613,0.8077248217762689,"[14, 5, 17]",52,84,83,3,0,0
593.0,2.1486486486486487,0.7847373096931289,"[14, 5, 26, 17]",54,81,87,0,0,3
594.0,2.0675675675675675,0.8015440034905214,"[17, 5, 14]",58,85,77,2,0,0
595.0,2.1171171171171173,0.7756327294653673,"[5, 14, 17]",49,92,79,2,0,1
596.0,2.103603603603604,0.7687832459562146,"[5, 26, 14, 17]",52,92,77,1,0,2
597.0,2.112612612612613,0.8021032439517055,"[14, 5, 17, 26]",54,83,83,2,0,1
598.0,2.121621621621621,0.7360043042129462,"[5, 17, 14]",48,99,75,0,0,2
599.0,2.054054054054054,0.765049169896325,"[14, 5, 17, 26]",59,92,71,0,0,1
600.0,2.0225225225225225,0.8207914384685622,"[14, 5, 17]",66,79,75,2,0,1
601.0,2.036036036036036,0.8007680467893786,"[14, 29, 5, 17]",61,86,73,2,0,0
602.0,2.063063063063063,0.7990863479500622,"[14, 5]",61,83,77,1,0,1
603.0,2.108108108108108,0.7885073974678759,"[17, 14, 5]",52,88,80,2,1,1
604.0,2.063063063063063,0.8158972439879524,"[17, 5, 14]",61,80,79,2,0,1
605.0,1.9864864864864864,0.809892064367318,"[5, 14, 17]",71,80,70,1,0,0
606.0,2.0765765765765765,0.7950588304542311,"[14, 5, 26]",56,87,77,2,0,2
607.0,1.9864864864864864,0.8264831983725527,"[17, 5, 14, 26, 29]",68,80,71,3,1,2
608.0,1.9954954954954955,0.8043869971326539,"[14, 17, 5, 29]",69,82,70,1,1,1
609.0,2.0315315315315314,0.8093885723138263,"[14, 5]",60,86,73,3,0,1
610.0,2.0135135135135136,0.7986398490019414,"[17, 14, 5, 26]",66,84,71,1,0,1
611.0,2.0855855855855854,0.8054505326308168,"[5, 26, 14, 17]",57,83,80,2,0,1
612.0,2.081081081081081,0.8523073302813455,"[5, 14, 26, 17]",57,75,85,5,0,1
613.0,2.130630630630631,0.8540870909201963,"[14, 5, 17]",53,72,92,5,0,1
614.0,2.058558558558558,0.8245079123091277,"[5, 14, 26, 17]",60,80,79,3,0,1
615.0,2.036036036036036,0.8007680467893786,"[17, 5, 14]",64,83,74,1,0,0
616.0,2.063063063063063,0.7934035654851268,"[5, 14]",60,85,76,1,0,1
617.0,2.0765765765765765,0.8230233366445513,"[14, 26, 29, 5]",58,80,81,3,0,0
618.0,2.0495495495495497,0.808481496456733,"[5, 14, 29, 17]",61,83,76,2,0,2
619.0,2.027027027027027,0.817893325855459,"[14, 5, 26]",62,83,74,3,0,0
620.0,1.9954954954954955,0.7930566774479465,"[14, 5, 17]",67,86,68,1,0,1
621.0,2.072072072072072,0.7869031081203346,"[5, 14, 26]",52,93,74,3,1,1
622.0,2.0945945945945947,0.8320870383725869,"[5, 17, 14, 26]",58,76,85,3,0,1
623.0,2.036036036036036,0.8285398804747766,"[17, 14, 5]",63,79,77,3,0,0
624.0,2.0945945945945947,0.8428928680081327,"[14, 5, 26, 17]",60,72,87,3,0,1
625.0,2.1486486486486487,0.7672439794207847,"[17, 29, 26, 14, 5]",51,87,84,0,0,1
626.0,2.0765765765765765,0.7719581911351323,"[17, 5, 14]",58,89,75,0,0,2
627.0,2.036036036036036,0.823060483671462,"[32, 5, 14, 29, 17]",65,78,77,2,0,0
628.0,2.135135135135135,0.8237040992943557,"[17, 14, 5, 26]",59,71,91,1,0,1
629.0,2.009009009009009,0.8015312889452847,"[17, 14, 5]",64,86,70,2,0,0
630.0,2.0675675675675675,0.82928985180689,"[14, 5, 17]",57,81,80,4,0,0
631.0,2.0855855855855854,0.8054505326308168,"[14, 17, 5]",54,86,79,3,0,1
632.0,2.045045045045045,0.765635067630325,"[5, 14, 17]",60,92,70,0,0,1
633.0,1.963963963963964,0.823060483671462,"[17, 5, 29, 14]",67,84,67,4,0,0
634.0,2.018018018018018,0.7726311862073174,"[5, 17, 14]",61,93,67,1,0,0
635.0,2.121621621621621,0.7778500833127009,"[5, 14, 26]",55,85,82,0,0,2
636.0,2.103603603603604,0.7746466633366658,"[14, 26, 5]",53,90,78,1,0,2
637.0,1.9954954954954955,0.7815621191776531,"[14, 17, 5]",65,90,66,1,0,1
638.0,2.1486486486486487,0.8074724393111101,"[14, 5, 17, 26]",49,82,88,3,0,1
639.0,2.058558558558558,0.796595523890309,"[5, 14, 17]",58,87,75,2,0,1
640.0,2.1171171171171173,0.7579292907329334,"[14, 17, 5]",49,95,77,1,0,1
641.0,2.081081081081081,0.8198348264848099,"[17, 5, 14, 29]",57,81,81,3,0,1
642.0,2.0225225225225225,0.7927482050973127,"[17, 5, 14]",67,83,72,0,0,1
643.0,2.099099099099099,0.7839447177267498,"[14, 17, 5]",58,84,80,0,0,1
644.0,2.0675675675675675,0.7901729190628471,"[17, 14, 5]",50,95,73,4,0,1
645.0,2.058558558558558,0.779368402884738,"[17, 14, 5]",61,87,74,0,0,1
646.0,2.0495495495495497,0.7564353021323195,"[5, 17, 14]",58,95,69,0,0,1
647.0,2.081081081081081,0.8087209625118332,"[14, 5]",58,82,80,2,0,2
648.0,1.981981981981982,0.7957122877791639,"[5, 26, 14, 17]",69,85,67,1,0,1
649.0,2.09009009009009,0.7792507080877088,"[5, 17, 14, 29]",52,92,76,2,0,2
650.0,2.0945945945945947,0.7987929624713317,"[5, 17, 14]",55,85,80,2,0,0
651.0,2.0495495495495497,0.7915131135022022,"[14, 17, 5]",61,86,74,1,0,1
652.0,2.0135135135135136,0.7929538666645037,"[14, 17, 5]",68,83,71,0,0,1
653.0,2.1171171171171173,0.7986270882211046,"[14, 26, 5]",53,84,83,2,0,1
654.0,1.9864864864864864,0.7986398490019414,"[14, 17, 5]",66,87,67,2,0,2
655.0,2.054054054054054,0.765049169896325,"[5, 14, 17, 26]",53,98,69,2,0,0
656.0,2.0405405405405403,0.7746992852145429,"[28, 5, 17, 29, 14]",59,92,70,1,0,0
657.0,2.063063063063063,0.8103323632877316,"[17, 14, 5]",57,85,77,3,0,0
658.0,2.0045045045045047,0.7930566774479465,"[5, 14, 17, 26]",66,86,69,1,0,1
659.0,2.009009009009009,0.8238030724517321,"[5, 29, 14, 17]",68,78,74,2,0,1
660.0,2.0135135135135136,0.809892064367318,"[14, 17, 5]",68,80,73,1,0,0
661.0,2.1171171171171173,0.8098794808808483,"[17, 5, 14]",58,77,86,1,0,1
662.0,2.036036036036036,0.748185472298127,"[14, 5, 17]",58,98,66,0,1,1
663.0,2.0045045045045047,0.7698959661033117,"[5, 14, 17]",62,94,65,1,1,1
664.0,2.0405405405405403,0.8089855530513882,"[14, 5, 17]",62,83,75,2,0,1
665.0,2.0225225225225225,0.7754356165524269,"[5, 17, 14]",64,89,69,0,0,2
666.0,2.0675675675675675,0.8183044120610503,"[14, 5, 29, 17]",64,76,81,1,0,1
667.0,2.0315315315315314,0.798129258629767,"[17, 14, 26, 5]",64,84,73,1,0,1
668.0,2.09009009009009,0.78503594810101,"[14, 5]",56,87,78,1,1,1
669.0,2.063063063063063,0.8103323632877316,"[14, 5, 26, 17]",54,88,76,4,0,0
670.0,2.103603603603604,0.7862423293933887,"[5, 14, 29, 17]",52,89,79,2,0,1
671.0,2.063063063063063,0.8103323632877316,"[5, 17, 14]",60,82,78,2,0,1
672.0,2.0135135135135136,0.769790062053001,"[14, 5, 17]",64,91,67,0,0,1
673.0,2.09009009009009,0.761631370669714,"[5, 14, 26, 17, 29]",49,98,73,2,0,1
674.0,2.099099099099099,0.806702185118088,"[14, 17, 26, 5]",56,82,82,2,0,0
675.0,2.054054054054054,0.7940712191846122,"[17, 5, 14]",64,82,76,0,0,1
676.0,2.036036036036036,0.8119907710498862,"[3, 5, 17, 14]",66,79,76,1,0,1
677.0,1.9684684684684688,0.7924396126678963,"[5, 14, 17]",67,89,64,2,0,1
678.0,2.0765765765765765,0.8063610180276339,"[5, 29, 14]",58,83,79,2,0,1
679.0,1.981981981981982,0.7784656213705152,"[5, 14, 17, 29]",66,91,64,1,0,1
680.0,2.1576576576576576,0.7654353801500418,"[17, 14, 5, 26]",50,87,85,0,0,1
681.0,2.058558558558558,0.7908948444176505,"[5, 14, 17]",57,89,74,2,0,1
682.0,2.0225225225225225,0.8371665943707141,"[5, 14, 17]",63,79,76,4,0,0
683.0,2.0855855855855854,0.8276168531016577,"[5, 17, 14]",55,81,82,4,0,1
684.0,2.103603603603604,0.8033220535980015,"[17, 14, 5]",55,83,82,2,0,0
685.0,1.9864864864864864,0.809892064367318,"[5, 14, 17, 26]",71,80,70,1,0,1
686.0,2.0855855855855854,0.7941353870744925,"[17, 14, 5]",55,87,78,2,0,1
687.0,2.13963963963964,0.809086326687362,"[14, 5, 17]",53,79,88,2,0,1
688.0,1.9504504504504503,0.7915131135022021,"[17, 5, 14]",72,86,63,1,0,1
689.0,2.0495495495495497,0.8028652168061973,"[5, 14, 17]",57,88,74,3,0,2
690.0,2.009009009009009,0.812743474086136,"[14, 5, 17]",66,82,72,2,0,1
691.0,1.927927927927928,0.8151474531320841,"[14, 5, 17, 26]",76,80,64,2,1,1
692.0,2.0765765765765765,0.8119531175814391,"[17, 5, 14, 29]",56,84,79,3,0,0
693.0,2.0855855855855854,0.7710070803704269,"[5, 17, 14]",54,92,75,1,0,2
694.0,2.027027027027027,0.817893325855459,"[17, 14, 26, 5]",62,83,74,3,0,1
695.0,2.009009009009009,0.8401195292622843,"[17, 14, 5]",59,84,73,6,0,0
696.0,2.135135135135135,0.8181923181249439,"[29, 14, 5]",52,79,88,3,0,1
697.0,2.072072072072072,0.8151474531320841,"[17, 14, 5]",60,80,80,2,0,1
698.0,2.072072072072072,0.7516101775757871,"[17, 14, 5]",55,96,71,0,0,2
699.0,2.0,0.8561726894780893,"[17, 5, 26, 14]",69,72,77,4,0,0
700.0,2.099099099099099,0.7605065584392083,"[14, 17, 5, 29]",51,95,75,1,0,1
701.0,1.963963963963964,0.8175443633380667,"[26, 14, 5]",72,80,68,2,0,1
702.0,2.0,0.807207352795575,"[17, 5, 14]",66,84,70,2,0,0
703.0,2.0315315315315314,0.8259898197067457,"[17, 14, 5]",60,83,75,4,0,1
704.0,2.099099099099099,0.7954048453227989,"[14, 17, 5]",60,80,82,0,0,1
705.0,2.126126126126126,0.7444165271678698,"[5, 17, 14]",49,96,77,0,0,1
706.0,2.045045045045045,0.7831643365554004,"[5, 14, 17]",63,86,73,0,0,1
707.0,1.963963963963964,0.8007680467893786,"[5, 17, 29, 14]",66,89,64,3,1,0
708.0,2.108108108108108,0.7532896344219971,"[14, 5, 17, 26]",52,94,76,0,0,1
709.0,2.0675675675675675,0.8015440034905214,"[5, 14, 17, 26]",58,85,77,2,0,1
710.0,2.099099099099099,0.817843483183433,"[17, 5, 26, 14]",61,75,85,1,0,0
711.0,2.0765765765765765,0.8007298655844591,"[14, 5, 17]",60,82,79,1,0,1
712.0,1.981981981981982,0.7957122877791639,"[5, 14, 17]",69,85,67,1,0,1
713.0,2.0315315315315314,0.7924396126678964,"[5, 14, 17]",63,86,72,1,0,0
714.0,1.9864864864864864,0.809892064367318,"[14, 17, 5]",71,80,70,1,0,1
715.0,2.103603603603604,0.7628747639732996,"[14, 5, 26]",54,91,77,0,0,1
716.0,2.063063063063063,0.826914663226169,"[5, 17, 26, 14]",57,82,79,4,0,1
717.0,2.0855855855855854,0.759178747377729,"[5, 17, 14]",55,93,74,0,1,2
718.0,2.108108108108108,0.7827478151396569,"[14, 5, 17, 26]",57,84,81,0,0,1
719.0,1.9864864864864864,0.8264831983725527,"[17, 5, 14]",71,77,72,2,0,0
720.0,2.072072072072072,0.8039687946906964,"[14, 5, 17]",61,81,79,1,0,0
721.0,2.018018018018018,0.8399739489817524,"[14, 5, 17]",64,78,76,4,1,0
722.0,2.054054054054054,0.7940712191846122,"[5, 14]",58,88,74,2,0,1
723.0,2.108108108108108,0.7885073974678759,"[14, 17, 5]",55,85,81,1,0,1
724.0,2.099099099099099,0.7723145556962921,"[5, 14, 17]",56,88,78,0,0,1
725.0,2.0675675675675675,0.8071694761865497,"[14, 17, 5]",62,80,79,1,0,1
726.0,2.058558558558558,0.796595523890309,"[14, 17, 5]",58,87,75,2,0,1
727.0,2.072072072072072,0.8261748712343142,"[5, 14, 26, 17]",59,79,81,3,0,1
728.0,2.0675675675675675,0.8238154432603442,"[5, 14, 17]",53,86,78,5,0,1
729.0,2.058558558558558,0.835411781681147,"[5, 17, 14, 29]",62,76,81,3,0,0
730.0,2.058558558558558,0.7908948444176505,"[14, 17, 5]",60,86,75,1,0,3
731.0,2.0945945945945947,0.793108077841898,"[5, 14, 17, 26]",60,81,81,0,0,1
732.0,2.135135135135135,0.8014295653216827,"[32, 14, 5]",52,82,86,2,0,1
733.0,2.081081081081081,0.8087209625118332,"[14, 17, 5, 29]",52,88,78,4,0,1
734.0,1.9504504504504503,0.8028652168061973,"[14, 17, 5, 29]",71,85,64,2,0,1
735.0,2.027027027027027,0.8343253644387617,"[17, 14, 5]",62,80,76,4,0,1
736.0,2.099099099099099,0.7723145556962921,"[14, 17, 5]",56,88,78,0,0,3
737.0,1.9954954954954955,0.809992725221495,"[14, 5, 17]",61,89,68,4,0,1
738.0,2.0315315315315314,0.7867088190490744,"[17, 5, 14]",62,88,71,1,0,1
739.0,2.0495495495495497,0.8251009946545251,"[5, 17, 14]",61,80,78,3,0,0
740.0,1.9684684684684688,0.8149598976316995,"[5, 14]",74,78,69,1,0,1
741.0,2.1486486486486487,0.8074724393111101,"[5, 17, 26, 14]",49,82,88,3,0,1
742.0,2.036036036036036,0.8063989326099908,"[5, 17, 14, 29]",65,81,75,1,0,1
743.0,2.0855855855855854,0.8054505326308168,"[8, 5, 14]",48,92,77,5,0,0
744.0,2.0945945945945947,0.7873821495197958,"[17, 5, 14, 29, 26]",59,83,80,0,0,1
745.0,2.108108108108108,0.8111368632260447,"[5, 14, 26, 17]",56,80,84,2,0,3
746.0,2.0315315315315314,0.7924396126678963,"[14, 5]",63,86,72,1,0,0
747.0,2.036036036036036,0.7778369814660729,"[5, 17, 14]",60,91,70,1,0,1
748.0,2.063063063063063,0.7876797851721572,"[5, 14, 17]",59,87,75,1,0,1
749.0,2.108108108108108,0.7769455375702022,"[14, 5, 17, 26]",56,86,80,0,0,2
750.0,2.0495495495495497,0.8084814964567331,"[14, 5, 17]",61,83,76,2,0,1
751.0,2.0315315315315314,0.8422639156025566,"[5, 17, 14]",63,77,78,4,0,0
752.0,2.018018018018018,0.8399739489817525,"[5, 17, 14]",58,84,74,6,0,1
753.0,2.0945945945945947,0.793108077841898,"[17, 14, 5, 26]",54,87,79,2,0,1
754.0,1.9954954954954955,0.8210893754172298,"[14, 17, 5, 29]",63,85,70,4,0,1
755.0,2.0675675675675675,0.742950235194156,"[17, 5, 14, 29]",51,102,68,1,0,2
756.0,2.054054054054054,0.8165465058157807,"[17, 14, 5]",56,86,76,4,0,0
757.0,2.0315315315315314,0.8259898197067457,"[5, 14, 26]",69,74,78,1,0,1
758.0,2.018018018018018,0.8070053236714507,"[5, 14, 29]",64,84,72,2,0,0
759.0,1.981981981981982,0.7608281030487861,"[5, 14, 17]",60,100,60,2,0,1
760.0,2.0,0.7902116103552715,"[17, 5, 14, 29]",63,90,67,2,0,1
761.0,2.027027027027027,0.8011243169520794,"[5, 14, 17, 26]",56,92,70,4,0,0
762.0,2.1486486486486487,0.7493423801510717,"[14, 5]",48,93,81,0,0,2
763.0,2.112612612612613,0.7435535464250629,"[5, 17, 14]",47,100,74,1,0,1
764.0,2.0,0.8508712596230341,"[14, 17, 5, 29]",68,74,76,4,0,1
765.0,2.054054054054054,0.7767881177453527,"[17, 14, 5]",55,94,71,2,1,0
766.0,2.036036036036036,0.8175443633380667,"[17, 14, 5]",58,86,74,4,0,0
767.0,2.063063063063063,0.804729001115173,"[5, 17, 14, 29]",53,90,75,4,1,0
768.0,1.945945945945946,0.822069321843126,"[5, 17, 14]",75,78,67,2,0,1
769.0,1.9954954954954955,0.775750973172324,"[17, 14, 5]",64,92,65,1,0,1
770.0,2.054054054054054,0.78259156245517,"[5, 17, 14]",59,89,73,1,0,0
771.0,2.103603603603604,0.8310085382083572,"[14, 17, 26, 5]",60,73,87,2,0,0
772.0,2.0225225225225225,0.7812491082706582,"[17, 5, 14]",65,87,70,0,0,1
773.0,2.0675675675675675,0.8238154432603442,"[17, 5, 14]",59,80,80,3,0,0
774.0,1.981981981981982,0.7957122877791639,"[5, 17, 14]",69,85,67,1,0,1
775.0,2.1171171171171173,0.8098794808808484,"[14, 17, 5]",55,80,85,2,0,1
776.0,1.9504504504504503,0.7799958085365829,"[17, 14, 5]",70,90,61,1,0,1
777.0,1.990990990990991,0.8238030724517322,"[17, 14, 5]",67,81,71,3,0,1
778.0,2.126126126126126,0.7858144706037581,"[14, 5]",50,88,82,2,1,1
779.0,2.0405405405405403,0.7805182613287018,"[14, 17, 5, 26]",63,87,72,0,0,1
780.0,2.103603603603604,0.7804660317876018,"[17, 14, 5, 26]",57,85,80,0,0,1
781.0,2.0045045045045047,0.7873303753121177,"[14, 17, 5]",68,85,69,0,1,1
782.0,2.0045045045045047,0.8320380459656691,"[5, 14, 17, 26]",70,75,75,2,0,1
783.0,2.0495495495495497,0.8084814964567331,"[5, 14, 17]",61,83,76,2,0,1
784.0,2.0225225225225225,0.8096907051164534,"[17, 14, 5]",67,80,74,1,0,1
785.0,2.0765765765765765,0.7950588304542311,"[14, 26, 5, 17, 4]",62,81,79,0,0,1
786.0,2.099099099099099,0.7896955705886475,"[14, 5, 17]",53,88,79,2,0,1
787.0,2.0225225225225225,0.7927482050973126,"[5, 14, 17, 26]",58,92,69,3,1,1
788.0,2.0225225225225225,0.8152599657211406,"[5, 29, 14]",62,84,73,3,0,0
789.0,2.009009009009009,0.8292775626631712,"[17, 5, 14]",66,79,74,3,0,0
790.0,1.954954954954955,0.8003097521080377,"[17, 5, 14]",70,86,64,2,0,1
791.0,2.0675675675675675,0.7669251247662162,"[17, 14, 5]",55,94,72,1,0,1
792.0,2.072072072072072,0.8261748712343142,"[5, 14, 26, 17, 29]",65,73,83,1,0,0
793.0,2.099099099099099,0.7896955705886475,"[17, 5, 14]",56,85,80,1,0,2
794.0,2.0,0.7669649888473704,"[14, 5, 29, 17]",65,92,65,0,0,1
795.0,1.9864864864864864,0.809892064367318,"[14, 29, 5, 17]",65,86,68,3,1,0
796.0,2.072072072072072,0.8316337484822821,"[14, 26, 5]",63,74,83,2,0,0
797.0,2.081081081081081,0.7744229804648938,"[14, 17, 26, 5]",58,88,76,0,0,2
798.0,2.103603603603604,0.8255455268000274,"[17, 5, 14, 26]",56,78,85,3,0,1
799.0,2.0,0.8127936295043754,"[5, 14]",64,85,70,3,0,1
800.0,2.103603603603604,0.7804660317876017,"[14, 5]",54,88,79,1,0,1
801.0,2.108108108108108,0.7942252134106667,"[14, 5, 17]",53,86,81,2,0,0
802.0,2.072072072072072,0.7869031081203346,"[17, 5, 29, 14]",61,84,77,0,0,1
803.0,2.0495495495495497,0.8140590297199426,"[5, 17, 14]",62,81,77,2,0,1
804.0,2.0405405405405403,0.8089855530513882,"[5, 17, 14, 26]",65,80,76,1,0,1
805.0,2.063063063063063,0.7819141066723375,"[14, 17, 5]",55,92,73,2,0,0
806.0,2.054054054054054,0.8491447689845928,"[17, 14, 5]",62,74,82,4,0,0
807.0,2.027027027027027,0.7723673364621625,"[17, 14, 5]",63,90,69,0,0,1
808.0,2.0675675675675675,0.8347283582492867,"[5, 17, 14, 26]",61,76,82,3,0,1
809.0,1.9954954954954955,0.7930566774479464,"[17, 5, 14]",67,86,68,1,0,1
810.0,1.954954954954955,0.8059438399013201,"[5, 14, 17]",71,84,65,2,0,0
811.0,2.018018018018018,0.8125929892570566,"[17, 5, 14]",62,85,72,3,0,0
812.0,2.0675675675675675,0.8183044120610503,"[17, 5, 14]",61,79,80,2,0,2
813.0,2.0315315315315314,0.8368743811173183,"[17, 5, 14, 26, 29]",59,82,76,5,0,0
814.0,2.0765765765765765,0.8119531175814391,"[17, 5, 14, 29]",62,78,81,1,0,1
815.0,2.0315315315315314,0.8093885723138263,"[17, 14, 5]",60,86,73,3,0,2
816.0,2.045045045045045,0.8335432453407354,"[14, 17, 5]",60,80,78,4,0,1
817.0,2.0315315315315314,0.8259898197067457,"[14, 5, 17]",69,74,78,1,0,1
818.0,2.0495495495495497,0.8305669299554026,"[14, 17, 5]",62,78,79,3,0,1
819.0,2.018018018018018,0.81814249366805,"[14, 5, 17, 26]",63,83,73,3,0,0
820.0,2.0855855855855854,0.7998129698620862,"[17, 14, 26, 5]",56,85,79,2,0,0
821.0,2.018018018018018,0.8291300787311284,"[14, 5, 17]",62,82,74,4,0,1
822.0,2.0135135135135136,0.8209900751144732,"[5, 14, 26]",67,79,74,2,0,2
823.0,1.972972972972973,0.817893325855459,"[14, 5]",65,86,67,4,1,0
824.0,2.09009009009009,0.7792507080877088,"[14, 5]",49,95,75,3,0,1
825.0,2.0765765765765765,0.7950588304542312,"[14, 5, 17, 29]",56,87,77,2,0,1
826.0,2.0675675675675675,0.8183044120610503,"[5, 29, 17, 14]",64,76,81,1,0,1
827.0,2.054054054054054,0.8491447689845928,"[14, 5, 17, 26]",62,74,82,4,0,1
828.0,2.0315315315315314,0.7867088190490744,"[14, 5, 17]",59,91,70,2,0,1
829.0,2.054054054054054,0.7883522863426479,"[5, 14, 26, 17, 29]",60,87,74,1,0,0
830.0,2.054054054054054,0.822069321843126,"[17, 5, 29, 14]",69,72,81,0,0,1
831.0,2.054054054054054,0.8053872662568292,"[5, 17, 14, 26]",60,84,76,2,0,0
832.0,2.009009009009009,0.8015312889452847,"[5, 17, 14]",64,86,70,2,0,0
833.0,2.018018018018018,0.8070053236714507,"[14, 5, 17]",58,90,70,4,0,1
834.0,2.0765765765765765,0.7777976746020018,"[5, 17, 14]",59,87,76,0,0,1
835.0,2.0225225225225225,0.8096907051164532,"[14, 5, 17]",64,83,73,2,0,1
836.0,1.9864864864864864,0.8154599497711779,"[29, 14, 5]",69,81,70,2,0,1
837.0,2.0135135135135136,0.8264831983725527,"[14, 5, 26, 17]",71,74,76,1,0,0
838.0,2.054054054054054,0.805387266256829,"[5, 14, 17]",57,87,75,3,0,1
839.0,2.054054054054054,0.8330051124854692,"[14, 17, 5, 26]",62,77,80,3,0,1
840.0,2.0135135135135136,0.809892064367318,"[5, 17, 14]",65,83,72,2,0,0
841.0,1.9954954954954955,0.8155599234068581,"[5, 14, 17]",68,81,71,2,0,1
842.0,2.0045045045045047,0.804386997132654,"[14, 5, 17]",65,85,70,2,0,1
843.0,2.1171171171171173,0.8098794808808483,"[14, 5, 17]",58,77,86,1,0,1
844.0,2.0,0.8508712596230341,"[14, 5]",74,68,78,2,0,1
845.0,2.0495495495495497,0.7972093718726632,"[5, 14, 17]",65,81,76,0,0,0
846.0,1.9234234234234235,0.8175069656619901,"[14, 5, 17, 29]",74,82,63,3,1,2
847.0,2.13963963963964,0.797822747558088,"[5, 17, 26, 14]",51,83,86,2,0,1
848.0,2.0855855855855854,0.8110489099129118,"[17, 5, 14]",61,78,82,1,0,1
849.0,2.054054054054054,0.8165465058157807,"[17, 14, 5]",59,83,77,3,0,0
850.0,2.0675675675675675,0.8347283582492867,"[17, 5, 14]",61,76,82,3,0,1
851.0,2.0045045045045047,0.8265818387665633,"[5, 14, 17]",72,74,75,1,0,0
852.0,2.0045045045045047,0.804386997132654,"[17, 14, 5]",65,85,70,2,0,1
853.0,2.0495495495495497,0.7972093718726632,"[5, 14, 17]",65,81,76,0,0,1
854.0,2.0315315315315314,0.8790659359887308,"[17, 14, 5, 26]",70,63,85,4,0,1
855.0,2.112612612612613,0.7964419879703688,"[14, 17, 5, 26]",56,82,83,1,0,0
856.0,2.0675675675675675,0.8071694761865498,"[5, 14, 26, 17]",59,83,78,2,0,0
857.0,1.9864864864864864,0.8042856346904997,"[10, 29, 5, 14, 17]",70,82,69,1,0,1
858.0,1.9864864864864864,0.8319400524964407,"[29, 17, 14, 5]",63,84,70,5,0,0
859.0,2.099099099099099,0.7605065584392083,"[14, 17, 5, 29]",54,92,76,0,0,2
860.0,2.072072072072072,0.7811316968436159,"[17, 5, 14]",54,92,74,2,0,1
861.0,2.112612612612613,0.7849970017082109,"[5, 17, 14]",57,83,82,0,1,1
862.0,2.0495495495495497,0.825100994654525,"[5, 14, 17, 26]",64,77,79,2,0,1
863.0,2.018018018018018,0.8125929892570567,"[17, 5, 14, 29]",68,79,74,1,0,0
864.0,2.027027027027027,0.8343253644387617,"[5, 26, 14, 17]",68,74,78,2,1,0
865.0,2.063063063063063,0.8158972439879524,"[5, 14, 29, 17]",55,86,77,4,0,1
866.0,2.081081081081081,0.7974522228289,"[17, 14, 5]",56,86,78,2,0,1
867.0,2.058558558558558,0.8299777534464476,"[5, 14]",55,84,78,5,0,0
868.0,2.036036036036036,0.8007680467893785,"[17, 14, 5]",61,86,73,2,0,0
869.0,2.108108108108108,0.7710996009560597,"[14, 5, 17]",55,88,79,0,0,1
870.0,2.112612612612613,0.7435535464250629,"[17, 14, 5]",50,97,75,0,0,1
871.0,1.9954954954954955,0.7930566774479464,"[14, 5, 17]",67,86,68,1,0,1
872.0,2.0315315315315314,0.8314499119098144,"[14, 17, 5]",61,81,76,4,1,1
873.0,2.1531531531531534,0.7454015674788773,"[14, 5, 26]",47,94,81,0,0,1
874.0,2.144144144144144,0.7472041020221154,"[17, 5, 26, 14]",48,94,80,0,0,2
875.0,2.036036036036036,0.8285398804747764,"[17, 14, 5]",57,85,75,5,0,1
876.0,2.018018018018018,0.8236546082558097,"[28, 5, 14, 17]",64,81,74,3,0,1
877.0,2.072072072072072,0.8531200306154558,"[29, 17, 14, 5]",64,69,86,3,0,1
878.0,2.130630630630631,0.77638130213017,"[5, 29, 17, 14]",51,88,82,1,0,0
879.0,2.081081081081081,0.8031063574959483,"[14, 17, 5, 26, 29]",57,84,79,2,0,1
880.0,2.144144144144144,0.7941738853197862,"[5, 17, 14, 26]",50,84,86,2,0,0
881.0,2.0225225225225225,0.8425542596687264,"[14, 5, 17]",70,71,79,2,0,1
882.0,2.0765765765765765,0.8063610180276339,"[5, 14, 17]",58,83,79,2,0,1
883.0,1.954954954954955,0.8115388141244637,"[5, 14, 17]",69,85,65,3,0,1
884.0,2.0,0.8015821459161773,"[14, 5, 26]",68,83,70,1,0,1
885.0,2.036036036036036,0.8007680467893786,"[14, 5, 17]",61,86,73,2,0,1
886.0,1.9774774774774773,0.787019658540595,"[17, 14, 5, 29]",68,88,65,1,0,1
887.0,2.112612612612613,0.7374429487395158,"[17, 5, 14]",49,99,74,0,1,1
888.0,2.112612612612613,0.7907402016127275,"[14, 17, 5, 26]",58,81,83,0,0,1
889.0,2.0405405405405403,0.7977205510293364,"[5, 14, 17]",63,84,74,1,0,1
890.0,2.130630630630631,0.7821877652156126,"[5, 17, 26, 14]",52,86,83,1,0,2
891.0,2.0675675675675675,0.8347283582492867,"[17, 14, 5]",61,76,82,3,0,1
892.0,2.135135135135135,0.7957635166404936,"[5, 26, 14, 17]",57,78,87,0,0,1
893.0,2.063063063063063,0.7934035654851268,"[14, 17, 5, 29]",57,88,75,2,0,2
894.0,2.036036036036036,0.8119907710498862,"[26, 5, 17, 14]",66,79,76,1,0,1
895.0,2.108108108108108,0.7710996009560598,"[14, 17, 5, 26]",55,88,79,0,1,1
896.0,2.0315315315315314,0.8037786307414235,"[14, 17, 26, 5, 29]",65,82,74,1,0,0
897.0,1.9954954954954955,0.8481961042125442,"[5, 14, 17]",68,75,75,4,0,1
898.0,1.981981981981982,0.7900052348985382,"[17, 5, 14]",62,93,64,3,0,1
899.0,2.0675675675675675,0.8015440034905214,"[14, 17, 5]",55,88,76,3,0,0
900.0,2.063063063063063,0.8214244253142174,"[17, 5, 14]",59,81,79,3,0,0
901.0,2.018018018018018,0.8125929892570568,"[14, 17, 5]",62,85,72,3,0,2
902.0,1.963963963963964,0.8063989326099908,"[14, 17, 5]",70,84,66,2,0,0
903.0,2.036036036036036,0.7950972839868216,"[5, 17, 26, 14]",66,82,74,0,0,1
904.0,2.130630630630631,0.77638130213017,"[14, 5, 17, 26]",54,85,83,0,0,1
905.0,2.054054054054054,0.78259156245517,"[5, 14, 26, 17]",56,92,72,2,0,1
906.0,1.9774774774774773,0.8207914384685621,"[5, 14]",65,85,68,4,0,2
907.0,2.0,0.807207352795575,"[5, 14, 17]",66,84,70,2,0,2
908.0,2.058558558558558,0.8078762134098192,"[17, 4, 14, 5, 26]",63,80,78,1,0,1
909.0,2.0765765765765765,0.7950588304542311,"[14, 5, 17]",62,81,79,0,0,0
910.0,2.0135135135135136,0.809892064367318,"[17, 5, 14]",62,86,71,3,0,1
911.0,2.0,0.8015821459161773,"[14, 5]",62,89,68,3,0,0
912.0,2.045045045045045,0.7831643365554003,"[17, 14, 5]",60,89,72,1,0,1
913.0,2.1171171171171173,0.7872138708948209,"[5, 17, 14]",54,85,82,1,0,1
914.0,2.0855855855855854,0.7768537132156773,"[5, 14, 17]",58,87,77,0,0,1
915.0,2.063063063063063,0.8103323632877315,"[5, 14, 17]",57,85,77,3,0,1
916.0,2.036036036036036,0.78938578480206,"[5, 14, 17]",65,84,73,0,0,3
917.0,2.027027027027027,0.8011243169520794,"[17, 14, 5]",56,92,70,4,0,1
918.0,2.0405405405405403,0.7688362691472532,"[5, 17, 14, 26]",55,97,68,2,1,1
919.0,2.045045045045045,0.8059438399013201,"[14, 17, 5, 29, 26]",64,81,76,1,1,0
920.0,2.058558558558558,0.8022556964196214,"[14, 5, 26, 17]",59,85,76,2,0,1
921.0,2.0,0.8347649844031075,"[5, 29, 17, 26, 14]",65,80,73,4,0,1
922.0,1.990990990990991,0.8401195292622843,"[5, 14, 29, 17]",64,81,72,5,0,1
923.0,2.036036036036036,0.8007680467893786,"[14, 17, 5]",58,89,72,3,0,0
924.0,1.972972972972973,0.8067527161203685,"[17, 29, 5, 26, 14]",66,87,66,3,0,1
925.0,2.081081081081081,0.8031063574959483,"[17, 26, 14, 5]",51,90,77,4,0,1
926.0,2.112612612612613,0.784997001708211,"[14, 17, 5]",54,86,81,1,1,1
927.0,2.0405405405405403,0.8033727972057582,"[14, 5, 29, 26, 17]",58,88,73,3,0,0
928.0,2.0765765765765765,0.8063610180276339,"[14, 26, 5]",64,77,81,0,0,1
929.0,1.9774774774774773,0.7812491082706582,"[5, 17, 14]",67,90,64,1,0,1
930.0,1.990990990990991,0.8238030724517321,"[14, 17, 29, 5]",70,78,72,2,1,1
931.0,2.045045045045045,0.8226146086363001,"[17, 14, 5]",61,81,77,3,0,0
932.0,2.112612612612613,0.7849970017082109,"[5, 14, 17]",57,83,82,0,0,2
933.0,2.0045045045045047,0.8210893754172298,"[17, 14, 5, 26]",59,88,70,5,0,0
934.0,2.1171171171171173,0.7986270882211046,"[5, 14, 17, 29]",53,84,83,2,0,1
935.0,2.027027027027027,0.8343253644387617,"[5, 26, 14]",59,83,75,5,0,0
936.0,2.009009009009009,0.8015312889452847,"[5, 14, 26, 17]",64,86,70,2,0,1
937.0,1.990990990990991,0.8454883779233978,"[14, 5, 17]",74,70,76,2,0,0
938.0,2.0315315315315314,0.7981292586297671,"[5, 17, 14]",61,87,72,2,0,2
939.0,2.081081081081081,0.8031063574959483,"[14, 17, 5]",51,90,77,4,0,0
940.0,2.058558558558558,0.813457896850872,"[14, 17, 29, 5]",58,84,77,3,1,0
941.0,2.0135135135135136,0.7929538666645037,"[5, 14, 17]",62,89,69,2,0,1
942.0,2.081081081081081,0.8142968555519062,"[14, 5, 17, 26]",62,77,82,1,0,1
943.0,2.09009009009009,0.7675494241701204,"[14, 17, 26, 5]",56,90,76,0,0,1
944.0,2.063063063063063,0.8103323632877316,"[14, 5, 17, 26]",60,82,78,2,0,1
945.0,2.018018018018018,0.8291300787311284,"[5, 14, 17]",62,82,74,4,0,1
946.0,2.036036036036036,0.78938578480206,"[29, 5, 14]",62,87,72,1,0,2
947.0,1.9684684684684688,0.8314499119098144,"[17, 14, 29, 5]",77,72,72,1,0,1
948.0,2.0495495495495497,0.8467530610529324,"[17, 14, 5]",62,75,81,4,0,0
949.0,2.0675675675675675,0.778635790667876,"[17, 14, 5]",60,87,75,0,0,1
950.0,1.990990990990991,0.790160021544356,"[14, 17, 5]",70,84,68,0,0,0
951.0,2.0315315315315314,0.8037786307414236,"[14, 29, 5]",56,91,71,4,0,1
952.0,2.0045045045045047,0.7930566774479465,"[14, 17, 26, 5]",66,86,69,1,0,1
953.0,2.130630630630631,0.7879514412758253,"[5, 17, 14, 26]",56,81,85,0,0,1
954.0,2.058558558558558,0.7851527756881226,"[5, 14, 17]",62,85,75,0,0,1
955.0,2.0405405405405403,0.7920279690635249,"[5, 17, 14, 29]",65,83,74,0,0,1
956.0,2.0495495495495497,0.8195986076270692,"[14, 17, 5]",63,79,78,2,0,0
957.0,2.0315315315315314,0.8368743811173183,"[14, 5, 17, 29]",65,76,78,3,0,0
958.0,2.027027027027027,0.817893325855459,"[5, 17, 14]",65,80,75,2,0,1
959.0,2.0315315315315314,0.8204933933332591,"[14, 5, 26, 17]",65,79,76,2,0,1
960.0,2.1486486486486487,0.7672439794207847,"[5, 14, 17, 26]",51,87,84,0,0,2
961.0,2.063063063063063,0.8103323632877316,"[17, 14, 5, 26]",54,88,76,4,0,1
962.0,2.0855855855855854,0.8276168531016578,"[14, 17, 5]",55,81,82,4,0,1
963.0,2.058558558558558,0.8408106913731084,"[5, 14, 17]",66,71,83,2,0,1
964.0,2.0315315315315314,0.8259898197067457,"[14, 17, 26, 5]",57,86,74,5,0,1
965.0,2.0315315315315314,0.8037786307414236,"[17, 14, 5, 26]",62,85,73,2,0,1
966.0,1.990990990990991,0.8292775626631712,"[14, 5, 17]",65,82,71,4,0,0
967.0,2.058558558558558,0.813457896850872,"[5, 29, 14, 17]",61,81,78,2,0,1
968.0,2.144144144144144,0.7998511948353774,"[26, 17, 14, 5]",51,82,87,2,0,0
969.0,2.103603603603604,0.7919764985689902,"[14, 17, 29, 5]",56,84,81,1,0,0
970.0,2.0405405405405403,0.8033727972057582,"[5, 17, 14]",61,85,74,2,0,1
971.0,1.9954954954954955,0.8481961042125442,"[17, 5, 14, 26, 29]",68,75,75,4,1,1
972.0,2.063063063063063,0.804729001115173,"[17, 14, 5]",59,84,77,2,0,1
973.0,2.0405405405405403,0.8255949044857465,"[5, 14]",62,80,77,3,0,1
974.0,2.0045045045045047,0.7873303753121177,"[14, 5, 17, 26]",65,88,68,1,0,1
975.0,1.9414414414414407,0.8078762134098192,"[17, 5, 14]",73,83,64,2,0,1
976.0,2.036036036036036,0.78938578480206,"[5, 17, 14]",65,84,73,0,0,1
977.0,2.081081081081081,0.7974522228289,"[5, 17, 26, 14]",59,83,79,1,0,1
978.0,2.0765765765765765,0.8230233366445513,"[14, 5, 26]",58,80,81,3,0,1
979.0,2.0675675675675675,0.812756013230862,"[5, 17, 14]",60,81,79,2,0,2
980.0,2.0135135135135136,0.8209900751144732,"[14, 5, 17, 29]",61,85,72,4,0,1
981.0,2.0045045045045047,0.7930566774479465,"[17, 14, 5]",63,89,68,2,0,1
982.0,2.0675675675675675,0.7728026402344472,"[5, 17, 14]",59,89,74,0,0,1
983.0,2.045045045045045,0.8226146086363001,"[14, 5, 17]",61,81,77,3,0,1
984.0,2.13963963963964,0.7570817130479006,"[5, 17, 14]",50,91,81,0,0,2
985.0,2.0495495495495497,0.825100994654525,"[17, 14, 5, 26]",64,77,79,2,0,0
986.0,2.058558558558558,0.8461751547303789,"[17, 14, 5, 26]",64,72,83,3,0,1
987.0,2.072072072072072,0.7983207682885088,"[17, 14, 29, 5]",57,86,77,2,0,1
988.0,2.027027027027027,0.817893325855459,"[17, 14, 5, 26]",56,89,72,5,0,0
989.0,2.036036036036036,0.8063989326099908,"[14, 5, 17, 29]",65,81,75,1,1,1
990.0,2.054054054054054,0.788352286342648,"[14, 5, 29, 17]",60,87,74,1,0,1
991.0,2.0495495495495497,0.8084814964567331,"[14, 5, 17]",55,89,74,4,0,0
992.0,1.9954954954954955,0.7930566774479464,"[5, 17, 14, 29]",67,86,68,1,0,1
993.0,2.045045045045045,0.7715224109129613,"[17, 5, 14]",58,93,70,1,1,2
994.0,2.072072072072072,0.7983207682885088,"[17, 26, 5, 14, 29]",57,86,77,2,0,0
995.0,2.081081081081081,0.7860219463751896,"[5, 17, 14]",54,90,76,2,0,1
996.0,2.13963963963964,0.8034742748070984,"[5, 14]",55,78,88,1,0,1
997.0,2.018018018018018,0.8345696263418311,"[5, 14, 17, 26]",63,80,75,4,0,0
998.0,2.063063063063063,0.7990863479500622,"[14, 17, 5]",64,80,78,0,0,2
999.0,2.0225225225225225,0.7927482050973126,"[5, 14, 17]",61,89,70,2,0,1
1000.0,2.0765765765765765,0.8063610180276339,"[14, 17, 5]",55,86,78,3,0,1
1001.0,2.0675675675675675,0.8015440034905214,"[5, 14, 17]",61,82,78,1,1,0
1002.0,2.0,0.8238525545716346,"[26, 17, 14, 5]",72,75,74,1,0,1
1003.0,1.990990990990991,0.8071568502552311,"[5, 14, 17]",67,84,69,2,0,0
1004.0,2.058558558558558,0.8022556964196214,"[14, 5, 26, 17]",65,79,78,0,0,1
1005.0,2.054054054054054,0.7997492575132485,"[5, 14, 17, 26]",62,83,76,1,0,1
1006.0,2.121621621621621,0.7893986949703475,"[17, 5, 14]",54,84,83,1,0,1
1007.0,2.054054054054054,0.7940712191846122,"[5, 29, 14]",61,85,75,1,0,1
1008.0,2.054054054054054,0.7940712191846122,"[14, 29, 5, 17]",64,82,76,0,0,1
1009.0,2.0675675675675675,0.7901729190628471,"[17, 14, 5]",56,89,75,2,0,1
1010.0,1.8783783783783785,0.8007807734531345,"[5, 17, 14]",77,86,56,3,0,1
1011.0,2.058558558558558,0.8078762134098193,"[5, 17, 14]",66,77,79,0,0,1
1012.0,2.0675675675675675,0.8071694761865497,"[14, 5, 29, 17]",62,80,79,1,0,1
1013.0,2.099099099099099,0.736322708061095,"[17, 5, 14]",50,100,72,0,0,2
1014.0,1.95945945945946,0.792027969063525,"[17, 14, 26, 5]",68,89,63,2,1,1
1015.0,2.1171171171171173,0.8209776617321232,"[5, 17, 14]",57,76,87,2,0,1
1016.0,2.027027027027027,0.8178933258554592,"[17, 14, 5]",59,86,73,4,0,1
1017.0,1.9954954954954955,0.809992725221495,"[14, 5, 26, 17]",67,83,70,2,0,1
1018.0,2.0765765765765765,0.789347053030284,"[5, 17, 14, 29]",55,89,76,2,0,1
1019.0,2.112612612612613,0.7733826641317794,"[5, 14, 17]",55,87,80,0,0,2
1020.0,2.0315315315315314,0.8037786307414237,"[14, 17, 29, 5]",62,85,73,2,0,0
1021.0,1.945945945945946,0.7940712191846122,"[14, 5, 17]",67,91,61,3,0,1
1022.0,2.0765765765765765,0.7950588304542312,"[17, 5, 26, 29, 14]",59,84,78,1,0,1
1023.0,2.0315315315315314,0.8093885723138263,"[14, 17, 5]",63,83,74,2,0,1
1024.0,2.009009009009009,0.8071568502552311,"[17, 14, 26, 5]",68,81,72,1,0,1
1025.0,2.027027027027027,0.7897471897389845,"[14, 5, 29]",60,90,70,2,0,1
1026.0,1.9954954954954955,0.8043869971326538,"[14, 17, 5]",66,85,69,2,0,1
1027.0,2.0315315315315314,0.7924396126678964,"[14, 5, 17]",63,86,72,1,0,1
1028.0,2.108108108108108,0.7999021586249626,"[14, 5, 17, 26]",54,84,82,2,0,1
1029.0,2.0495495495495497,0.8305669299554026,"[5, 29, 14, 26]",56,84,77,5,0,0
1030.0,2.099099099099099,0.7954048453227989,"[14, 5, 17, 26]",54,86,80,2,0,1
1031.0,1.981981981981982,0.7842566527683643,"[14, 5, 17]",70,86,66,0,0,1
1032.0,2.0675675675675675,0.8183044120610503,"[17, 29, 5, 14]",58,82,79,3,0,1
1033.0,2.018018018018018,0.8013786986677441,"[5, 17, 14]",60,89,70,3,0,0
1034.0,2.0945945945945947,0.837507380972442,"[17, 14, 5, 29]",59,74,86,3,0,1
1035.0,2.0855855855855854,0.8110489099129118,"[17, 26, 14, 5]",58,81,81,2,0,0
1036.0,2.135135135135135,0.8070558356937625,"[17, 5, 14, 26]",53,80,87,2,0,1
1037.0,2.121621621621621,0.828552180559849,"[14, 17, 5, 26]",58,73,89,2,0,0
1038.0,2.112612612612613,0.7675095904442579,"[17, 14, 5]",51,92,78,1,0,1
1039.0,2.0135135135135136,0.7814577961392896,"[14, 5]",63,90,68,1,0,2
1040.0,2.018018018018018,0.8453437222359055,"[14, 17, 5]",59,82,75,6,0,1
1041.0,2.0315315315315314,0.769260323104358,"[17, 14, 5]",56,97,67,2,0,1
1042.0,2.054054054054054,0.7940712191846122,"[14, 17, 5]",58,88,74,2,0,0
1043.0,2.081081081081081,0.7626476284371551,"[17, 29, 26, 5, 14]",53,95,73,1,0,1
1044.0,2.1171171171171173,0.8098794808808483,"[14, 17, 26, 5]",52,83,84,3,0,0
1045.0,2.130630630630631,0.799354127605508,"[5, 14, 17]",49,86,84,3,0,1
1046.0,2.0405405405405403,0.8310575913066944,"[17, 14, 5]",63,78,78,3,0,0
1047.0,2.072072072072072,0.798320768288509,"[5, 14, 17]",60,83,78,1,0,0
1048.0,2.0225225225225225,0.8317440309221362,"[14, 17, 5, 29]",59,84,74,5,0,2
1049.0,2.0225225225225225,0.7870196585405951,"[5, 26, 14, 17]",63,88,70,1,1,1
1050.0,1.95945945945946,0.820095831325323,"[5, 14, 17]",70,82,67,3,0,0
1051.0,1.990990990990991,0.7786227020423082,"[5, 26, 14]",62,94,64,2,0,1
1052.0,2.0765765765765765,0.8285029791239055,"[14, 17, 5, 26]",59,78,82,3,0,0
1053.0,1.963963963963964,0.8230604836714619,"[17, 14, 5]",73,78,69,2,0,1
1054.0,2.045045045045045,0.7715224109129613,"[5, 17, 14, 29]",58,93,70,1,0,1
1055.0,2.0135135135135136,0.7986398490019413,"[17, 14, 5, 29]",66,84,71,1,0,1
1056.0,2.081081081081081,0.7974522228289,"[14, 17, 5]",62,80,80,0,0,1
1057.0,2.054054054054054,0.8053872662568292,"[17, 5, 14, 26]",63,81,77,1,0,0
1058.0,2.1171171171171173,0.7756327294653673,"[14, 17, 5, 26]",55,86,81,0,0,1
1059.0,2.0315315315315314,0.8093885723138262,"[5, 14, 17]",60,86,73,3,0,2
1060.0,2.0855855855855854,0.8054505326308168,"[5, 17, 14]",51,89,78,4,0,1
1061.0,1.95945945945946,0.8472343485337768,"[17, 14, 5]",72,75,71,4,0,0
1062.0,2.027027027027027,0.7839967155192473,"[14, 17, 29, 5]",62,89,70,1,0,2
1063.0,2.0315315315315314,0.8037786307414236,"[5, 17, 14]",59,88,72,3,0,0
1064.0,2.009009009009009,0.8015312889452847,"[14, 17, 5]",64,86,70,2,0,0
1065.0,2.0765765765765765,0.783593642375905,"[14, 5, 17]",57,88,76,1,1,0
1066.0,2.0045045045045047,0.8043869971326542,"[17, 14, 5, 26]",65,85,70,2,0,1
1067.0,2.099099099099099,0.7664332972834004,"[5, 17, 14, 29]",55,90,77,0,0,1
1068.0,2.0225225225225225,0.8317440309221362,"[17, 14, 5]",62,81,75,4,0,0
1069.0,1.981981981981982,0.8181424936680499,"[17, 5, 14, 29]",70,80,70,2,0,1
1070.0,2.054054054054054,0.8053872662568292,"[14, 5, 17]",63,81,77,1,0,1
1071.0,2.108108108108108,0.7942252134106665,"[17, 14, 5]",50,89,80,3,0,0
1072.0,2.0045045045045047,0.7873303753121176,"[5, 14]",62,91,67,2,0,1
1073.0,2.054054054054054,0.8275552813385175,"[17, 14, 5]",64,76,80,2,1,1
1074.0,2.072072072072072,0.7869031081203345,"[5, 29, 17, 14]",55,90,75,2,1,1
1075.0,2.0765765765765765,0.8119531175814391,"[5, 17, 14]",56,84,79,3,1,1
1076.0,1.981981981981982,0.7900052348985382,"[17, 14, 26, 29, 5]",68,87,66,1,0,1
1077.0,2.063063063063063,0.7990863479500622,"[14, 17, 26, 5]",55,89,75,3,0,0
1078.0,2.0,0.8293267181454268,"[14, 17, 5]",64,82,72,4,0,1
1079.0,2.045045045045045,0.8280969557349607,"[5, 14, 26, 17]",62,79,78,3,0,0
1080.0,2.0495495495495497,0.7857755627978602,"[5, 14, 17]",60,88,73,1,0,0
1081.0,2.0315315315315314,0.8314499119098145,"[17, 5, 14, 29]",70,72,79,1,0,1
1082.0,2.0495495495495497,0.7915131135022022,"[17, 5, 14, 26]",61,86,74,1,0,1
1083.0,2.063063063063063,0.7761055962029545,"[17, 5, 14]",60,88,74,0,0,1
1084.0,2.0,0.8183417732943565,"[5, 14, 17]",71,77,73,1,0,2
1085.0,2.036036036036036,0.78938578480206,"[5, 17, 14]",59,90,71,2,0,1
1086.0,2.0315315315315314,0.8314499119098144,"[17, 5, 14]",61,81,76,4,0,2
1087.0,2.027027027027027,0.8234071084430594,"[14, 17, 29, 5]",63,81,75,3,0,1
1088.0,1.9954954954954955,0.8155599234068583,"[14, 5, 17]",65,84,70,3,0,1
1089.0,2.0225225225225225,0.8152599657211406,"[17, 14, 26, 5]",56,90,71,5,0,0
1090.0,2.108108108108108,0.7710996009560597,"[17, 26, 14, 5]",52,91,78,1,0,1
1091.0,2.081081081081081,0.8031063574959483,"[17, 5, 26, 14]",60,81,80,1,0,0
1092.0,2.063063063063063,0.826914663226169,"[17, 14, 26, 5]",60,79,80,3,1,0
1093.0,2.018018018018018,0.8070053236714508,"[5, 29, 17, 14, 26]",64,84,72,2,0,0
1094.0,2.13963963963964,0.7748045182486432,"[5, 29, 14]",53,85,84,0,0,1
1095.0,2.027027027027027,0.8451025743998091,"[17, 14, 5]",67,73,79,3,0,0
1096.0,1.990990990990991,0.8561250753919375,"[17, 5, 14]",67,75,75,5,0,0
1097.0,1.990990990990991,0.8182919579375432,"[5, 17, 14]",60,89,68,5,0,0
1098.0,2.027027027027027,0.817893325855459,"[17, 29, 14, 5]",62,83,74,3,0,0
1099.0,2.0765765765765765,0.7420718159870681,"[5, 17, 14]",53,99,70,0,0,1
1100.0,2.0675675675675675,0.7901729190628471,"[17, 14, 26, 5]",53,92,74,3,1,0
1101.0,2.0855855855855854,0.7941353870744926,"[5, 14, 17, 26]",55,87,78,2,0,1
1102.0,2.0855855855855854,0.7826566715314206,"[17, 14, 26, 5]",50,94,75,3,0,0
1103.0,1.9504504504504503,0.8084814964567331,"[5, 14, 17]",75,80,66,1,0,1
1104.0,2.121621621621621,0.8394035164459301,"[5, 14, 17]",60,69,91,2,0,1
1105.0,2.054054054054054,0.7940712191846122,"[5, 14]",58,88,74,2,0,1
1106.0,2.081081081081081,0.7802440172329329,"[5, 26, 14, 17]",56,89,76,1,1,1
1107.0,2.0765765765765765,0.8230233366445513,"[17, 5, 14]",61,77,82,2,0,0
1108.0,2.063063063063063,0.8103323632877316,"[5, 14, 17]",60,82,78,2,0,0
1109.0,2.058558558558558,0.7851527756881227,"[5, 17, 14]",59,88,74,1,0,1
1110.0,2.081081081081081,0.7802440172329329,"[14, 5]",59,86,77,0,0,1
1111.0,2.063063063063063,0.7990863479500622,"[14, 17, 5, 29]",61,83,77,1,0,3
1112.0,2.054054054054054,0.8053872662568292,"[14, 17, 5]",66,78,78,0,0,1
1113.0,2.0405405405405403,0.8089855530513882,"[14, 5, 17]",56,89,73,4,0,1
1114.0,2.112612612612613,0.749614334279264,"[14, 17, 5]",48,98,75,1,1,1
1115.0,2.058558558558558,0.8245079123091277,"[5, 29, 14]",60,80,79,3,0,1
1116.0,2.0675675675675675,0.7669251247662162,"[14, 17, 5, 26]",58,91,73,0,1,0
1117.0,1.990990990990991,0.8071568502552311,"[5, 17, 14, 26]",64,87,68,3,0,1
1118.0,2.018018018018018,0.8291300787311285,"[5, 17, 14, 4]",62,82,74,4,0,1
1119.0,2.0495495495495497,0.7915131135022021,"[29, 14, 17, 5]",64,83,75,0,0,1
1120.0,1.9504504504504503,0.8028652168061973,"[17, 5, 14]",71,85,64,2,0,1
1121.0,2.045045045045045,0.7715224109129613,"[14, 17, 5, 26]",61,90,71,0,0,0
1122.0,2.063063063063063,0.8214244253142174,"[14, 26, 5]",59,81,79,3,0,0
1123.0,1.981981981981982,0.7842566527683642,"[5, 17, 14]",64,92,64,2,1,1
1124.0,2.112612612612613,0.7615912274102535,"[17, 5, 14]",53,91,78,0,0,1
1125.0,2.1531531531531534,0.7633955842595211,"[5, 17, 26, 29, 14]",50,88,84,0,1,1
1126.0,2.130630630630631,0.8105964278426564,"[14, 5, 17, 26]",57,76,88,1,0,0
1127.0,2.058558558558558,0.8299777534464476,"[14, 5, 17]",61,78,80,3,0,1
1128.0,2.103603603603604,0.8145095882236268,"[17, 5, 26, 14]",57,79,84,2,0,1
1129.0,2.036036036036036,0.8175443633380667,"[5, 14, 17, 26]",58,86,74,4,0,1
1130.0,2.0,0.807207352795575,"[32, 5, 17, 14]",63,87,69,3,0,1
1131.0,2.018018018018018,0.7900052348985382,"[5, 14, 17]",61,90,69,2,0,0
1132.0,2.045045045045045,0.8115388141244637,"[14, 17, 5]",65,79,77,1,0,1
1133.0,2.063063063063063,0.8158972439879524,"[5, 14, 26, 29]",61,80,79,2,0,1
1134.0,2.058558558558558,0.796595523890309,"[5, 14, 17]",61,84,76,1,0,1
1135.0,2.0765765765765765,0.783593642375905,"[17, 5, 26, 14]",54,91,75,2,0,1
1136.0,2.0405405405405403,0.803372797205758,"[14, 17, 5]",67,79,76,0,0,1
1137.0,2.058558558558558,0.8299777534464476,"[5, 17, 14]",61,78,80,3,0,0
1138.0,2.0315315315315314,0.8093885723138263,"[17, 5, 14, 26]",57,89,72,4,0,0
1139.0,1.990990990990991,0.8401195292622844,"[5, 17, 29, 14]",70,75,74,3,0,0
1140.0,2.027027027027027,0.8288842138623563,"[5, 17, 14]",61,82,75,4,0,0
1141.0,2.072072072072072,0.8151474531320843,"[5, 26, 14]",60,80,80,2,0,0
1142.0,2.009009009009009,0.8454883779233977,"[5, 14, 17, 29]",66,76,76,4,0,0
1143.0,2.108108108108108,0.7592727092970498,"[17, 5, 14, 26, 4]",53,92,77,0,0,1
1144.0,2.058558558558558,0.7908948444176505,"[5, 17, 14]",57,89,74,2,0,1
1145.0,2.121621621621621,0.817556828849939,"[14, 17, 5]",53,80,86,3,0,0
1146.0,2.063063063063063,0.7934035654851268,"[14, 5, 17, 26]",57,88,75,2,0,2
1147.0,2.063063063063063,0.8323686887516281,"[17, 5, 14, 26, 29]",52,86,78,6,0,0
1148.0,2.036036036036036,0.7719977953210722,"[14, 26, 17, 5]",59,93,69,1,0,1
1149.0,2.036036036036036,0.8339832775858357,"[5, 14, 17]",64,77,78,3,0,0
1150.0,2.09009009009009,0.7556669709816429,"[14, 5, 17]",54,94,74,0,0,1
1151.0,2.045045045045045,0.8115388141244638,"[5, 17, 14]",68,76,78,0,0,1
1152.0,1.9774774774774773,0.8152599657211406,"[5, 17, 14]",70,81,69,2,0,1
1153.0,2.058558558558558,0.835411781681147,"[5, 26, 17, 14]",56,82,79,5,0,1
1154.0,2.099099099099099,0.7664332972834004,"[14, 5, 17]",55,90,77,0,0,0
1155.0,2.135135135135135,0.7668055200882193,"[26, 14, 5, 17]",52,88,82,0,0,0
1156.0,2.063063063063063,0.7990863479500622,"[5, 14, 17, 29]",64,80,78,0,0,0
1157.0,2.0765765765765765,0.8230233366445513,"[5, 14, 29, 17]",61,77,82,2,0,1
1158.0,2.099099099099099,0.7954048453227989,"[5, 17, 14, 29]",54,86,80,2,0,1
1159.0,2.0495495495495497,0.808481496456733,"[17, 5, 14]",64,80,77,1,0,0
1160.0,2.09009009009009,0.8243966618688144,"[26, 5, 14, 17]",54,82,82,4,0,1
1161.0,2.027027027027027,0.7605601586477845,"[17, 14, 5]",58,97,66,1,0,1
1162.0,2.13963963963964,0.7689423045605281,"[5, 17, 14, 29]",52,87,83,0,0,2
1163.0,2.0675675675675675,0.8015440034905214,"[17, 5, 14]",58,85,77,2,0,1
1164.0,2.0405405405405403,0.803372797205758,"[17, 5, 14, 29]",61,85,74,2,0,1
1165.0,2.063063063063063,0.826914663226169,"[17, 5, 14]",66,73,82,1,0,1
1166.0,2.099099099099099,0.8010734309154447,"[14, 17, 5, 26, 29]",52,87,80,3,0,2
1167.0,2.045045045045045,0.8280969557349607,"[5, 14]",56,85,76,5,0,1
1168.0,2.081081081081081,0.7802440172329329,"[14, 17, 5]",53,92,75,2,0,2
1169.0,2.0405405405405403,0.7569740162284008,"[14, 17, 5]",56,98,67,1,1,2
1170.0,1.9504504504504503,0.8467530610529324,"[5, 17, 14]",73,75,70,4,0,1
1171.0,2.027027027027027,0.8067527161203687,"[5, 14, 26, 17]",60,87,72,3,0,1
1172.0,2.072072072072072,0.7926324970155456,"[17, 5, 14, 26]",56,88,76,2,0,1
1173.0,1.95945945945946,0.8033727972057582,"[14, 17, 26, 5]",73,82,66,1,0,1
1174.0,2.018018018018018,0.8453437222359056,"[5, 17, 14, 29, 26]",65,76,77,4,0,0
1175.0,2.0675675675675675,0.790172919062847,"[14, 5, 17]",59,86,76,1,0,1
1176.0,2.103603603603604,0.7746466633366657,"[5, 17, 14, 29]",53,90,78,1,0,1
1177.0,2.0945945945945947,0.793108077841898,"[17, 5, 14]",60,81,81,0,0,1
1178.0,2.0855855855855854,0.8166089076336228,"[14, 17, 5]",62,76,83,1,0,1
1179.0,2.0675675675675675,0.8071694761865497,"[5, 17, 14]",65,77,80,0,0,1
1180.0,2.009009009009009,0.760988824404601,"[5, 29, 17, 26, 14]",63,94,65,0,0,1
1181.0,2.081081081081081,0.8142968555519062,"[14, 5]",59,80,81,2,0,0
1182.0,1.981981981981982,0.8399739489817525,"[14, 5, 17]",68,78,72,4,0,0
1183.0,2.0315315315315314,0.8149598976316995,"[17, 14, 5]",49,96,70,7,1,0
1184.0,2.0945945945945947,0.8044376735642,"[14, 5, 17, 26]",53,86,80,3,0,0
1185.0,2.054054054054054,0.7940712191846121,"[5, 14, 17]",55,91,73,3,0,2
1186.0,2.18018018018018,0.8149974121847509,"[5, 14, 17, 26]",48,77,94,3,0,1
1187.0,2.108108108108108,0.7885073974678759,"[17, 14, 5]",55,85,81,1,0,3
1188.0,2.0495495495495497,0.8359971285185128,"[14, 5, 17]",60,79,79,4,0,0
1189.0,2.0,0.8455365909863586,"[17, 5, 14]",70,73,76,3,0,0
1190.0,2.054054054054054,0.7940712191846122,"[14, 5, 17]",58,88,74,2,0,1
1191.0,2.058558558558558,0.813457896850872,"[5, 14, 17]",61,81,78,2,0,1
1192.0,2.018018018018018,0.7726311862073174,"[17, 5, 14]",61,93,67,1,0,1
1193.0,2.0135135135135136,0.7756458685451882,"[17, 5, 14]",65,89,68,0,0,1
1194.0,2.13963963963964,0.7510811850099081,"[17, 14, 5, 26]",49,93,80,0,0,1
1195.0,1.9414414414414407,0.779368402884738,"[5, 14, 17, 26]",68,93,59,2,0,1
1196.0,1.9864864864864864,0.848099977723587,"[14, 29, 17, 5, 26]",66,78,73,5,0,0
1197.0,1.981981981981982,0.8181424936680499,"[14, 17, 5, 26, 29]",70,80,70,2,0,0
1198.0,2.0765765765765765,0.7835936423759049,"[5, 17, 26, 14]",60,85,77,0,0,1
1199.0,2.054054054054054,0.788352286342648,"[14, 17, 5]",63,84,75,0,0,1
1200.0,2.09009009009009,0.8077626723447155,"[14, 5, 17, 26]",57,82,81,2,0,1
1201.0,2.0675675675675675,0.8071694761865497,"[5, 17, 14]",56,86,77,3,0,0
1202.0,1.9684684684684688,0.8037786307414235,"[5, 17, 14]",72,82,67,1,0,1
1203.0,2.027027027027027,0.7954560939839985,"[17, 14, 5]",58,91,70,3,0,1
1204.0,2.0855855855855854,0.7710070803704269,"[14, 5, 17]",54,92,75,1,1,0
1205.0,2.0945945945945947,0.8266311545496013,"[5, 14]",51,84,82,5,0,1
1206.0,2.0405405405405403,0.8089855530513882,"[14, 17, 5]",62,83,75,2,0,0
1207.0,2.108108108108108,0.782747815139657,"[3, 5, 17, 26, 14]",54,87,80,1,0,1
1208.0,1.95945945945946,0.780518261328702,"[14, 17, 5, 29]",69,90,62,1,0,0
1209.0,2.0855855855855854,0.7531949261076852,"[14, 17, 5]",54,95,73,0,0,1
1210.0,2.0315315315315314,0.8093885723138263,"[17, 26, 5, 14]",63,83,74,2,0,0
1211.0,1.9954954954954955,0.8374587056625687,"[5, 14, 17]",63,82,72,5,0,0
1212.0,2.103603603603604,0.7919764985689902,"[14, 5, 17]",50,90,79,3,1,2
1213.0,2.036036036036036,0.8175443633380667,"[17, 5, 14, 29]",64,80,76,2,0,2
1214.0,1.9774774774774773,0.82628588225804,"[5, 17, 14, 29]",63,86,68,5,0,1
1215.0,2.0495495495495497,0.8359971285185128,"[14, 5, 17, 29]",57,82,78,5,0,1
1216.0,2.0,0.7550733385614504,"[17, 14, 5]",63,96,63,0,0,0
1217.0,2.0765765765765765,0.833946617100185,"[5, 26, 14]",60,76,83,3,0,1
1218.0,2.121621621621621,0.7836456634635528,"[5, 14, 17]",56,83,83,0,0,3
1219.0,2.0315315315315314,0.8368743811173183,"[5, 14, 17]",65,76,78,3,0,0
1220.0,2.0,0.8347649844031075,"[32, 14, 17, 5]",71,74,75,2,0,1
1221.0,2.121621621621621,0.7720109962648974,"[14, 5, 17]",48,93,79,2,0,2
1222.0,2.036036036036036,0.777836981466073,"[17, 14, 5]",60,91,70,1,0,1
1223.0,2.0495495495495497,0.7857755627978601,"[17, 14, 29, 5]",57,91,72,2,0,1
1224.0,2.0945945945945947,0.7521116983856038,"[14, 5, 17, 26]",53,95,74,0,0,1
1225.0,1.981981981981982,0.8345696263418311,"[14, 5, 17, 26]",64,83,70,5,0,1
1226.0,2.081081081081081,0.8031063574959482,"[17, 14, 26, 5, 29]",57,84,79,2,0,1
1227.0,2.036036036036036,0.8393913753717447,"[17, 14, 5]",62,78,78,4,0,0
1228.0,2.027027027027027,0.8011243169520794,"[14, 5, 17]",65,83,73,1,0,1
1229.0,2.081081081081081,0.7860219463751896,"[17, 5, 26, 14, 4]",54,90,76,2,0,1
1230.0,2.045045045045045,0.8059438399013202,"[5, 14, 26, 17]",58,87,74,3,0,0
1231.0,2.027027027027027,0.8288842138623563,"[5, 14, 17]",61,82,75,4,0,0
1232.0,1.9774774774774773,0.7754356165524269,"[17, 5, 14]",63,95,62,2,1,1
1233.0,2.130630630630631,0.8216849252253488,"[14, 17, 5]",56,75,89,2,0,0
1234.0,2.0315315315315314,0.8368743811173184,"[14, 17, 5]",59,82,76,5,0,0
1235.0,2.009009009009009,0.7958659644705466,"[5, 17, 14, 29]",66,85,70,1,0,1
1236.0,2.1171171171171173,0.7814447547802414,"[17, 5, 14, 26]",53,87,81,1,0,1
1237.0,2.0135135135135136,0.7929538666645037,"[14, 5, 26]",65,86,70,1,0,1
1238.0,2.063063063063063,0.7643561662904482,"[17, 14, 5]",58,92,72,0,0,1
1239.0,2.112612612612613,0.7675095904442579,"[5, 17, 14, 26]",54,89,79,0,0,3
1240.0,2.0945945945945947,0.775803520146114,"[26, 14, 5]",54,90,77,1,0,1
1241.0,2.058558558558558,0.8245079123091277,"[17, 29, 14, 5]",66,74,81,1,0,1
1242.0,2.0765765765765765,0.760144658173241,"[14, 5, 17, 26]",56,93,73,0,0,1
1243.0,2.0855855855855854,0.838480293775115,"[17, 5, 14]",57,77,84,4,0,1
1244.0,2.018018018018018,0.7784656213705152,"[14, 5, 17, 29]",62,91,68,1,1,1
1245.0,1.990990990990991,0.8015312889452847,"[17, 5, 14]",63,89,67,3,0,0
1246.0,2.0045045045045047,0.8265818387665633,"[5, 14, 17]",69,77,74,2,0,0
1247.0,2.0045045045045047,0.8374587056625687,"[5, 14, 17, 4, 26]",65,79,74,4,0,1
1248.0,2.0225225225225225,0.7984356520350697,"[5, 17, 29, 14]",65,84,72,1,0,1
1249.0,2.0945945945945947,0.7758035201461139,"[14, 5, 17]",57,87,78,0,0,1
1250.0,2.0045045045045047,0.7815621191776531,"[5, 17, 14]",58,96,65,3,0,1
1251.0,2.0405405405405403,0.8255949044857465,"[5, 17, 14]",59,83,76,4,0,1
1252.0,2.072072072072072,0.7869031081203346,"[17, 5, 14, 29]",58,87,76,1,0,3
1253.0,2.108108108108108,0.8277030458752436,"[14, 17, 5]",59,74,87,2,0,0
1254.0,2.112612612612613,0.8133075442101599,"[17, 14, 5, 4, 26]",53,82,84,3,0,1
1255.0,2.099099099099099,0.8288350321366262,"[17, 14, 5, 26]",60,74,86,2,0,0
1256.0,2.0315315315315314,0.8093885723138262,"[14, 5, 29, 17]",66,80,75,1,1,1
1257.0,2.0675675675675675,0.8183044120610503,"[17, 5, 14, 29]",64,76,81,1,0,1
1258.0,2.058558558558558,0.8408106913731084,"[14, 5, 26, 17]",57,80,80,5,0,1
1259.0,2.036036036036036,0.8119907710498862,"[5, 14, 17]",60,85,74,3,0,0
1260.0,1.9864864864864864,0.8209900751144731,"[5, 14]",70,79,71,2,1,0
1261.0,2.108108108108108,0.8439441056243736,"[26, 5, 17, 14]",59,71,89,3,0,0
1262.0,2.0225225225225225,0.8096907051164532,"[5, 17, 14]",67,80,74,1,1,1
1263.0,2.0045045045045047,0.781562119177653,"[17, 5, 14]",61,93,66,2,0,1
1264.0,2.063063063063063,0.8214244253142174,"[5, 17, 14]",62,78,80,2,1,0
1265.0,2.072072072072072,0.8151474531320841,"[5, 14, 17]",54,86,78,4,0,1
1266.0,2.072072072072072,0.8316337484822822,"[14, 17, 5]",60,77,82,3,0,1
1267.0,2.0405405405405403,0.7569740162284009,"[14, 17, 5]",59,95,68,0,0,1
1268.0,2.0405405405405403,0.8631079669441254,"[5, 14, 17]",63,72,82,5,0,1
1269.0,2.0945945945945947,0.793108077841898,"[5, 14, 26]",54,87,79,2,0,1
1270.0,2.0765765765765765,0.7950588304542311,"[14, 5, 17]",59,84,78,1,0,1
1271.0,2.0135135135135136,0.8209900751144731,"[5, 17, 14]",67,79,74,2,0,1
1272.0,2.0495495495495497,0.779995808536583,"[5, 14, 17]",62,87,73,0,0,0
1273.0,2.144144144144144,0.7884556971499849,"[14, 17, 5, 26]",43,92,83,4,0,1
1274.0,2.054054054054054,0.8053872662568291,"[5, 14]",60,84,76,2,0,0
1275.0,1.972972972972973,0.7954560939839985,"[5, 17, 14]",70,85,66,1,0,1
1276.0,2.081081081081081,0.7860219463751896,"[14, 5, 17]",57,87,77,1,0,0
1277.0,2.045045045045045,0.7597021015040276,"[14, 5, 17]",59,94,69,0,0,1
1278.0,2.0675675675675675,0.7958787695220654,"[17, 14, 5]",60,84,77,1,0,1
1279.0,2.108108108108108,0.7769455375702022,"[17, 14, 5]",53,89,79,1,0,1
1280.0,2.0315315315315314,0.8093885723138262,"[17, 14, 5, 26]",66,80,75,1,0,1
1281.0,2.036036036036036,0.7778369814660729,"[17, 14, 5]",57,94,69,2,1,1
1282.0,2.036036036036036,0.8339832775858357,"[5, 29, 17, 14]",67,74,79,2,0,1
1283.0,2.0,0.8127936295043754,"[14, 17, 5]",61,88,69,4,0,0
1284.0,2.054054054054054,0.8437991851964788,"[17, 14, 5, 29]",61,76,81,4,0,0
1285.0,2.0045045045045047,0.8320380459656691,"[17, 14, 26, 5]",70,75,75,2,0,1
1286.0,2.0315315315315314,0.7981292586297671,"[5, 14, 17]",64,84,73,1,1,1
1287.0,1.9774774774774773,0.7577275725160555,"[17, 5, 14]",63,98,60,1,0,1
1288.0,2.036036036036036,0.78938578480206,"[5, 17, 14]",62,87,72,1,0,0
1289.0,2.072072072072072,0.7811316968436159,"[5, 17, 26, 14]",60,86,76,0,0,1
1290.0,2.045045045045045,0.8280969557349607,"[14, 26, 5, 17]",65,76,79,2,0,1
1291.0,2.054054054054054,0.8437991851964788,"[14, 17, 26, 5]",58,79,80,5,0,1
1292.0,2.018018018018018,0.8236546082558096,"[17, 5, 14]",61,84,73,4,0,0
1293.0,1.981981981981982,0.8399739489817524,"[17, 14, 5]",68,78,72,4,0,1
1294.0,2.103603603603604,0.8033220535980014,"[14, 17, 5, 4]",52,86,81,3,0,1
1295.0,1.9774774774774773,0.8262858822580401,"[5, 14, 17]",69,80,70,3,0,1
1296.0,2.036036036036036,0.8339832775858357,"[5, 17, 14]",67,74,79,2,0,1
1297.0,2.072072072072072,0.8261748712343142,"[17, 5, 26, 14]",56,82,80,4,0,1
1298.0,2.0045045045045047,0.7757509731723241,"[14, 5, 29, 17]",60,95,65,2,0,1
1299.0,2.063063063063063,0.8431709088467277,"[14, 17, 5, 29]",60,76,82,4,0,1
1300.0,2.0945945945945947,0.7640494449705396,"[32, 5, 14]",52,94,75,1,0,2
1301.0,2.108108108108108,0.7942252134106665,"[14, 5, 17, 29]",53,86,81,2,0,1
1302.0,2.0225225225225225,0.8152599657211406,"[14, 5, 17]",62,84,73,3,0,1
1303.0,2.0765765765765765,0.7950588304542311,"[14, 17, 26, 5]",56,87,77,2,0,1
1304.0,2.0945945945945947,0.8100430509578107,"[17, 14, 5]",63,75,84,0,0,1
1305.0,2.0,0.8183417732943565,"[17, 14, 5]",65,83,71,3,0,0
1306.0,1.981981981981982,0.8125929892570568,"[17, 14, 5]",69,82,69,2,0,0
1307.0,2.081081081081081,0.8087209625118332,"[17, 5, 29, 14]",55,85,79,3,0,1
1308.0,2.027027027027027,0.8288842138623563,"[5, 17, 14]",61,82,75,4,0,1
1309.0,1.981981981981982,0.8013786986677441,"[5, 17, 14]",67,86,67,2,0,1
1310.0,2.081081081081081,0.8031063574959483,"[14, 5, 17]",54,87,78,3,0,0
1311.0,2.0315315315315314,0.8314499119098144,"[14, 5, 17, 26]",64,78,77,3,0,0
1312.0,1.936936936936937,0.8377872091227943,"[5, 17, 14, 29]",70,81,66,5,0,1
1313.0,2.0405405405405403,0.8089855530513882,"[5, 17, 14]",65,80,76,1,0,0
1314.0,2.0855855855855854,0.7710070803704269,"[14, 5, 17]",57,89,76,0,1,1
1315.0,2.0765765765765765,0.8007298655844591,"[17, 14, 5, 26]",60,82,79,1,0,1
1316.0,2.1171171171171173,0.7814447547802414,"[17, 5, 14]",50,90,80,2,0,1
1317.0,2.072072072072072,0.8261748712343142,"[17, 5, 26, 14]",62,76,82,2,0,1
1318.0,2.0405405405405403,0.8200958313253229,"[5, 17, 14]",61,82,76,3,0,0
1319.0,2.009009009009009,0.8238030724517321,"[17, 14, 5]",62,84,72,4,0,1
1320.0,2.027027027027027,0.7954560939839984,"[17, 5, 14, 29]",61,88,71,2,0,1
1321.0,2.0,0.807207352795575,"[17, 14, 5]",69,81,71,1,0,1
1322.0,1.9774774774774773,0.7577275725160556,"[5, 14, 17]",63,98,60,1,1,1
1323.0,2.0,0.8127936295043754,"[17, 14, 5]",64,85,70,3,1,0
1324.0,2.018018018018018,0.8013786986677441,"[17, 14, 5, 29]",66,83,72,1,1,1
1325.0,2.0315315315315314,0.8037786307414236,"[14, 5]",59,88,72,3,0,0
1326.0,2.0045045045045047,0.8535141504140358,"[28, 17, 14, 5]",65,76,76,5,0,0
1327.0,2.063063063063063,0.8158972439879524,"[5, 14, 17, 26]",58,83,78,3,0,1
1328.0,2.072072072072072,0.7811316968436159,"[14, 5, 26, 17]",57,89,75,1,0,1
1329.0,2.045045045045045,0.7831643365554004,"[5, 17, 14]",60,89,72,1,0,3
1330.0,2.0765765765765765,0.7777976746020018,"[17, 5, 14, 26]",56,90,75,1,0,2
1331.0,2.0,0.8127936295043754,"[17, 14, 4, 5]",64,85,70,3,0,1
1332.0,2.130630630630631,0.7993541276055077,"[17, 14, 5, 26]",58,77,87,0,0,0
1333.0,2.103603603603604,0.8033220535980014,"[5, 14, 26, 17]",52,86,81,3,0,1
1334.0,1.9954954954954955,0.8210893754172298,"[5, 14, 17, 29]",69,79,72,2,0,1
1335.0,2.144144144144144,0.811086605357833,"[14, 5, 17]",56,75,90,1,0,0
1336.0,2.027027027027027,0.7723673364621625,"[5, 14, 17, 29]",63,90,69,0,0,1
1337.0,2.0855855855855854,0.7768537132156773,"[14, 17, 5]",58,87,77,0,0,1
1338.0,2.0765765765765765,0.8007298655844591,"[17, 14, 5]",57,85,78,2,0,1
1339.0,2.0225225225225225,0.8317440309221362,"[14, 5, 17]",65,78,76,3,0,1
1340.0,2.0,0.8293267181454268,"[14, 17, 5, 29]",67,79,73,3,0,0
1341.0,2.0855855855855854,0.8330662814527706,"[14, 5, 26, 17]",65,70,86,1,0,1
1342.0,2.054054054054054,0.810986080277772,"[14, 29, 5]",58,85,76,3,0,1
1343.0,2.045045045045045,0.8280969557349607,"[17, 14, 5]",62,79,78,3,0,1
1344.0,2.0765765765765765,0.7777976746020019,"[14, 17, 5]",59,87,76,0,0,0
1345.0,1.9414414414414407,0.8022556964196214,"[5, 14, 26, 17]",72,85,63,2,0,1
1346.0,2.112612612612613,0.7733826641317794,"[14, 17, 29, 5]",55,87,80,0,0,2
1347.0,2.1486486486486487,0.784737309693129,"[5, 17, 14]",54,81,87,0,0,1
1348.0,2.045045045045045,0.817095478255875,"[5, 17, 14, 29]",54,89,74,5,0,1
1349.0,2.175675675675676,0.7848931352128725,"[5, 14, 17, 29, 26]",49,82,90,1,0,1
1350.0,2.121621621621621,0.7173235075982206,"[5, 14, 17]",45,105,72,0,0,2
1351.0,2.027027027027027,0.7723673364621625,"[5, 14, 17]",63,90,69,0,1,0
1352.0,2.0675675675675675,0.8071694761865497,"[17, 5, 14]",62,80,79,1,0,1
1353.0,2.058558558558558,0.779368402884738,"[5, 14, 17]",58,90,73,1,0,2
1354.0,2.045045045045045,0.8115388141244638,"[5, 17, 14]",65,79,77,1,0,2
1355.0,2.0405405405405403,0.8089855530513882,"[5, 17, 14]",56,89,73,4,0,0
1356.0,2.175675675675676,0.7311697955354745,"[5, 17, 29, 26, 14]",43,97,82,0,0,1
1357.0,1.990990990990991,0.8238030724517322,"[17, 5, 14]",64,84,70,4,0,0
1358.0,2.0045045045045047,0.8155599234068583,"[5, 14, 17]",67,81,72,2,0,1
1359.0,2.130630630630631,0.7936732624728556,"[14, 17, 5, 26]",54,82,85,1,0,0
1360.0,2.0135135135135136,0.8209900751144731,"[5, 14, 17]",64,82,73,3,0,0
1361.0,2.0225225225225225,0.8262858822580399,"[17, 14, 5]",61,83,74,4,0,1
1362.0,2.1486486486486487,0.7904823963758244,"[17, 14, 5]",49,85,86,2,0,1
1363.0,2.036036036036036,0.8119907710498862,"[17, 26, 14, 5]",63,82,75,2,1,1
1364.0,2.0405405405405403,0.8089855530513882,"[5, 17, 29, 14]",65,80,76,1,0,0
1365.0,2.112612612612613,0.784997001708211,"[14, 5, 17]",57,83,82,0,0,1
1366.0,2.121621621621621,0.7661274075493341,"[17, 14, 5]",53,89,80,0,0,1
1367.0,2.0675675675675675,0.8347283582492867,"[5, 17, 14]",64,73,83,2,0,0
1368.0,1.954954954954955,0.8059438399013202,"[14, 5, 17]",71,84,65,2,0,1
1369.0,2.0495495495495497,0.8413922822600971,"[5, 17, 14, 29]",61,77,80,4,0,1
1370.0,2.0495495495495497,0.768305872568553,"[14, 5, 17]",60,91,71,0,0,1
1371.0,2.054054054054054,0.8649833292965049,"[5, 14, 17, 26]",65,68,85,4,0,0
1372.0,2.0225225225225225,0.787019658540595,"[14, 5, 17]",63,88,70,1,1,1
1373.0,2.058558558558558,0.8078762134098193,"[17, 29, 14, 5]",51,92,74,5,0,0
1374.0,2.108108108108108,0.7942252134106667,"[17, 5, 29, 14]",50,89,80,3,0,1
1375.0,2.018018018018018,0.7842566527683642,"[14, 17, 5]",66,86,70,0,0,1
1376.0,2.126126126126126,0.8029032964667868,"[5, 17, 14, 26]",59,76,87,0,0,1
1377.0,2.0495495495495497,0.8195986076270692,"[5, 17, 14]",60,82,77,3,1,1
1378.0,2.045045045045045,0.8003097521080377,"[17, 5, 14, 26]",60,86,74,2,0,2
1379.0,2.027027027027027,0.7897471897389845,"[17, 14, 5, 29]",60,90,70,2,0,0
1380.0,2.0405405405405403,0.8089855530513882,"[17, 5, 14]",59,86,74,3,0,1
1381.0,2.1171171171171173,0.8042729634870093,"[5, 14, 17]",54,82,84,2,0,0
1382.0,2.0405405405405403,0.7977205510293364,"[14, 17, 5]",63,84,74,1,0,2
1383.0,2.045045045045045,0.7715224109129613,"[17, 5, 14]",55,96,69,2,0,0
1384.0,2.130630630630631,0.7936732624728557,"[17, 26, 5, 14]",54,82,85,1,0,0
1385.0,2.112612612612613,0.8133075442101599,"[14, 5, 17]",53,82,84,3,0,2
1386.0,2.0045045045045047,0.8535141504140359,"[5, 17, 14]",65,76,76,5,0,0
1387.0,1.981981981981982,0.8070053236714507,"[17, 5, 14, 29]",62,90,66,4,0,0
1388.0,1.981981981981982,0.8013786986677441,"[32, 14, 17, 5]",67,86,67,2,0,2
1389.0,2.009009009009009,0.8015312889452848,"[5, 17, 14]",64,86,70,2,0,1
1390.0,2.072072072072072,0.8151474531320841,"[14, 17, 5]",60,80,80,2,0,0
1391.0,2.0135135135135136,0.7872268166815277,"[14, 5, 26, 17]",64,88,69,1,0,1
1392.0,2.054054054054054,0.8053872662568292,"[17, 14, 26, 5]",60,84,76,2,0,1
1393.0,2.126126126126126,0.8140965857860756,"[5, 14, 29]",49,84,85,4,0,1
1394.0,2.054054054054054,0.8330051124854692,"[5, 17, 14, 26]",56,83,78,5,0,0
1395.0,2.09009009009009,0.8077626723447154,"[17, 14, 29, 5, 26]",51,88,79,4,0,0
1396.0,1.954954954954955,0.8115388141244638,"[29, 14, 5]",72,82,66,2,1,1
1397.0,2.0045045045045047,0.8320380459656691,"[14, 5, 17]",61,84,72,5,0,2
1398.0,2.0,0.7902116103552715,"[17, 14, 5, 26]",63,90,67,2,0,1
1399.0,2.108108108108108,0.7999021586249626,"[14, 5]",57,81,83,1,0,2
1400.0,2.072072072072072,0.7811316968436159,"[14, 17, 5]",57,89,75,1,0,1
1401.0,2.072072072072072,0.7926324970155457,"[17, 5, 14]",59,85,77,1,0,1
1402.0,2.099099099099099,0.7301515984032141,"[5, 17, 14]",49,102,71,0,1,2
1403.0,2.058558558558558,0.8022556964196214,"[14, 5, 29]",62,82,77,1,0,0
1404.0,2.144144144144144,0.8166463464355603,"[5, 14]",57,73,91,1,0,0
1405.0,2.1171171171171173,0.7814447547802414,"[17, 14, 5, 29]",50,90,80,2,0,0
1406.0,2.018018018018018,0.760828103048786,"[17, 14, 5]",59,97,65,1,0,0
1407.0,2.09009009009009,0.78503594810101,"[5, 17, 14, 26]",56,87,78,1,0,1
1408.0,2.0675675675675675,0.7844255657897979,"[5, 17, 14]",55,91,74,2,0,1
1409.0,2.0315315315315314,0.8422639156025566,"[5, 14]",60,80,77,5,0,1
1410.0,1.9864864864864864,0.8042856346904996,"[17, 14, 5]",67,85,68,2,0,0
1411.0,2.0765765765765765,0.7660741968667065,"[14, 17, 5]",57,91,74,0,0,1
1412.0,1.9954954954954955,0.8155599234068582,"[14, 5, 29, 17]",71,78,72,1,0,1
1413.0,2.0405405405405403,0.7688362691472531,"[17, 14, 5]",61,91,70,0,0,0
1414.0,2.081081081081081,0.8308000302291102,"[5, 17, 14]",56,80,82,4,0,1
1415.0,1.9684684684684688,0.7809359719041846,"[14, 5, 17, 26, 29]",68,90,63,1,0,1
1416.0,1.990990990990991,0.7786227020423082,"[5, 17, 14]",65,91,65,1,1,1
1417.0,1.9684684684684688,0.8037786307414237,"[5, 17, 14]",72,82,67,1,0,0
1418.0,2.081081081081081,0.7744229804648938,"[26, 17, 5, 14]",58,88,76,0,0,1
1419.0,2.099099099099099,0.8010734309154447,"[14, 5, 26, 17]",55,84,81,2,0,0
1420.0,2.0945945945945947,0.8156099056293362,"[5, 17, 14]",61,76,84,1,0,2
1421.0,2.027027027027027,0.7839967155192473,"[14, 17, 5, 26]",59,92,69,2,0,1
1422.0,2.063063063063063,0.826914663226169,"[14, 17, 5]",63,76,81,2,0,1
1423.0,2.0765765765765765,0.7541685007965111,"[14, 17, 26, 5]",55,95,72,0,0,1
1424.0,2.0045045045045047,0.7580502958978641,"[14, 5, 17]",57,101,62,2,0,0
1425.0,2.0765765765765765,0.7950588304542311,"[5, 14, 17]",56,87,77,2,0,1
1426.0,2.0315315315315314,0.8149598976316995,"[5, 17, 14]",64,81,75,2,0,1
1427.0,1.9954954954954955,0.8481961042125442,"[17, 5, 14]",68,75,75,4,0,1
1428.0,1.95945945945946,0.8033727972057582,"[5, 14, 17]",70,85,65,2,0,1
1429.0,2.009009009009009,0.8292775626631712,"[17, 14, 5]",63,82,73,4,0,0
1430.0,2.108108108108108,0.8166962621684045,"[14, 17, 5, 26]",57,78,85,2,0,0
1431.0,2.0945945945945947,0.8044376735642,"[3, 17, 14, 29, 5]",56,83,81,2,0,1
1432.0,2.112612612612613,0.7733826641317794,"[5, 14, 17]",55,87,80,0,0,1
1433.0,2.027027027027027,0.7954560939839985,"[14, 5, 17]",64,85,72,1,0,0
1434.0,2.0405405405405403,0.8033727972057582,"[14, 17, 5]",61,85,74,2,0,1
1435.0,2.0135135135135136,0.7929538666645037,"[14, 17, 5]",59,92,68,3,1,0
1436.0,2.0675675675675675,0.8183044120610503,"[14, 5, 26]",58,82,79,3,0,0
1437.0,2.112612612612613,0.8021032439517055,"[14, 26, 5, 17]",51,86,82,3,0,1
1438.0,2.108108108108108,0.8055390972066664,"[17, 14, 5, 29]",58,79,84,1,0,0
1439.0,2.0315315315315314,0.8149598976316995,"[5, 17, 14, 26]",64,81,75,2,0,1
1440.0,2.036036036036036,0.7601848778220227,"[14, 5, 17, 26]",54,100,66,2,0,2
1441.0,2.018018018018018,0.8291300787311285,"[14, 17, 5, 26]",68,76,76,2,0,0
1442.0,2.0,0.8238525545716346,"[5, 14, 17]",66,81,72,3,0,0
1443.0,2.045045045045045,0.8226146086363001,"[5, 14, 26, 17]",64,78,78,2,0,1
1444.0,2.1171171171171173,0.7986270882211047,"[14, 17, 5]",59,78,85,0,0,1
1445.0,2.0495495495495497,0.825100994654525,"[17, 14, 26, 5]",61,80,78,3,0,0
1446.0,1.9864864864864864,0.820990075114473,"[14, 5, 17, 29]",61,88,68,5,0,0
1447.0,1.954954954954955,0.7889208780403245,"[14, 5, 17]",74,84,64,0,1,1
1448.0,2.054054054054054,0.7767881177453528,"[17, 26, 14, 5]",58,91,72,1,0,0
1449.0,2.0225225225225225,0.7695782102310241,"[14, 5, 17]",63,91,68,0,0,1
1450.0,2.072072072072072,0.8039687946906964,"[17, 14, 5, 26]",61,81,79,1,0,1
1451.0,2.054054054054054,0.78259156245517,"[5, 14, 17]",62,86,74,0,0,1
1452.0,2.072072072072072,0.8039687946906966,"[17, 14, 26, 5]",58,84,78,2,0,1
1453.0,2.0,0.8293267181454268,"[17, 14, 5, 26, 29]",64,82,72,4,0,1
1454.0,2.018018018018018,0.8125929892570567,"[29, 5, 14, 17]",65,82,73,2,0,0
1455.0,1.945945945945946,0.788352286342648,"[5, 29, 17, 14]",72,87,62,1,0,1
1456.0,2.036036036036036,0.8063989326099908,"[5, 17, 14, 26]",62,84,74,2,0,1
1457.0,2.0675675675675675,0.7844255657897979,"[17, 5, 14]",58,88,75,1,1,2
1458.0,2.0495495495495497,0.797209371872663,"[14, 5, 17]",59,87,74,2,0,0
1459.0,2.072072072072072,0.8424453923703327,"[17, 5, 14, 26]",59,76,83,4,0,0
1460.0,2.09009009009009,0.835301983483672,"[26, 5, 17, 14]",59,75,85,3,0,1
1461.0,2.063063063063063,0.8323686887516281,"[14, 17, 5]",61,77,81,3,0,0
1462.0,2.0675675675675675,0.8183044120610503,"[14, 17, 5]",64,76,81,1,0,1
1463.0,1.9774774774774773,0.8152599657211406,"[17, 5, 14, 26]",64,87,67,4,0,0
1464.0,1.9774774774774773,0.7984356520350697,"[5, 17, 14]",67,87,66,2,0,0
1465.0,2.0495495495495497,0.779995808536583,"[17, 5, 14, 26]",56,93,71,2,0,2
1466.0,2.0045045045045047,0.809992725221495,"[5, 14, 29, 17]",69,80,72,1,0,1
1467.0,2.108108108108108,0.7942252134106667,"[17, 29, 5, 14]",53,86,81,2,0,3
1468.0,2.121621621621621,0.8007807734531344,"[14, 26, 5, 17]",50,86,83,3,0,0
1469.0,2.135135135135135,0.7957635166404936,"[5, 17, 14]",54,81,86,1,0,0
1470.0,2.054054054054054,0.788352286342648,"[17, 5, 14]",60,87,74,1,1,1
1471.0,2.063063063063063,0.7819141066723375,"[14, 17, 5]",58,89,74,1,0,0
1472.0,2.018018018018018,0.8236546082558096,"[14, 26, 17, 5]",64,81,74,3,0,1
1473.0,2.09009009009009,0.7734221953755527,"[14, 17, 26, 5]",51,94,75,2,0,1
1474.0,2.099099099099099,0.7954048453227989,"[14, 17, 5]",57,83,81,1,0,1
1475.0,2.0675675675675675,0.7844255657897978,"[14, 17, 5, 26]",58,88,75,1,0,2
1476.0,2.0945945945945947,0.8044376735642,"[5, 14, 17]",56,83,81,2,0,1
1477.0,2.0765765765765765,0.8119531175814391,"[5, 26, 14, 17]",62,78,81,1,0,2
1478.0,2.036036036036036,0.8175443633380667,"[5, 17, 14]",64,80,76,2,0,1
1479.0,2.0945945945945947,0.775803520146114,"[17, 5, 26, 14]",51,93,76,2,0,1
1480.0,2.112612612612613,0.8188522059717599,"[26, 17, 14, 5]",57,77,86,2,0,0
1481.0,2.0675675675675675,0.8015440034905214,"[5, 17, 14]",61,82,78,1,0,1
1482.0,2.036036036036036,0.8339832775858357,"[14, 17, 5]",61,80,77,4,0,1
1483.0,2.0045045045045047,0.8043869971326539,"[17, 5, 14, 26]",68,82,71,1,0,1
1484.0,2.135135135135135,0.7726839453446802,"[14, 17, 26, 5]",50,89,82,1,0,3
1485.0,2.0765765765765765,0.7660741968667064,"[14, 17, 5]",57,91,74,0,0,1
1486.0,2.0855855855855854,0.8597954978201663,"[17, 5, 14]",58,72,87,5,0,1
1487.0,2.099099099099099,0.8010734309154447,"[5, 17, 14]",55,84,81,2,0,0
1488.0,2.0675675675675675,0.7901729190628471,"[17, 5, 14]",59,86,76,1,0,1
1489.0,2.018018018018018,0.81814249366805,"[17, 5, 14]",60,86,72,4,0,2
1490.0,2.0675675675675675,0.8292898518068901,"[14, 17, 5]",54,84,79,5,0,0
1491.0,2.09009009009009,0.8077626723447155,"[5, 17, 14, 26]",57,82,81,2,0,1
1492.0,2.072072072072072,0.8584075724228977,"[5, 14, 26, 17]",59,73,85,5,0,0
1493.0,2.0765765765765765,0.8007298655844591,"[5, 14]",57,85,78,2,0,1
1494.0,2.0675675675675675,0.8238154432603442,"[14, 5, 26]",59,80,80,3,0,1
1495.0,2.0135135135135136,0.7929538666645037,"[17, 5, 14]",62,89,69,2,1,0
1496.0,2.099099099099099,0.806702185118088,"[17, 14, 5, 26]",62,76,84,0,0,1
1497.0,2.009009009009009,0.790160021544356,"[5, 14, 17]",59,93,67,3,0,1
1498.0,2.103603603603604,0.7569201620723689,"[17, 14, 5]",53,93,76,0,0,1
1499.0,2.072072072072072,0.7983207682885088,"[14, 5]",57,86,77,2,0,2
1500.0,2.0315315315315314,0.7867088190490744,"[14, 5, 26]",59,91,70,2,0,2
1501.0,2.121621621621621,0.806411570407975,"[17, 14, 5, 29]",54,81,85,2,0,1
1502.0,2.0945945945945947,0.8156099056293361,"[17, 5, 14]",55,82,82,3,0,1
1503.0,2.045045045045045,0.8003097521080377,"[5, 17, 26, 14]",60,86,74,2,0,2
1504.0,2.018018018018018,0.8181424936680501,"[5, 14, 17]",66,80,74,2,0,1
1505.0,1.981981981981982,0.8125929892570568,"[14, 5, 29, 26, 17]",66,85,68,3,0,0
1506.0,2.081081081081081,0.8142968555519061,"[5, 17, 14]",56,83,80,3,0,1
1507.0,2.0,0.7959171834405434,"[5, 14, 26]",64,88,68,2,0,1
1508.0,2.0765765765765765,0.8447286592061115,"[5, 14, 17, 26]",59,75,84,4,0,1
1509.0,2.112612612612613,0.8077248217762689,"[14, 5, 17]",52,84,83,3,0,1
1510.0,2.036036036036036,0.8063989326099908,"[5, 14, 17, 29]",65,81,75,1,1,0
1511.0,2.0315315315315314,0.8093885723138262,"[17, 5, 14]",57,89,72,4,0,0
1512.0,2.027027027027027,0.8011243169520794,"[14, 17, 5]",65,83,73,1,1,1
1513.0,2.018018018018018,0.801378698667744,"[14, 5, 17]",60,89,70,3,0,0
1514.0,2.103603603603604,0.7746466633366657,"[5, 17, 14]",53,90,78,1,0,1
1515.0,2.036036036036036,0.8119907710498862,"[5, 14, 26, 17]",63,82,75,2,1,2
1516.0,2.027027027027027,0.8288842138623563,"[17, 5, 14]",61,82,75,4,0,0
1517.0,2.018018018018018,0.8399739489817525,"[29, 17, 5, 14]",70,72,78,2,0,1
1518.0,2.0765765765765765,0.800729865584459,"[14, 17, 5]",57,85,78,2,1,1
1519.0,1.9864864864864864,0.7756458685451882,"[14, 29, 17, 5]",65,92,64,1,0,1
1520.0,2.0945945945945947,0.7873821495197958,"[14, 17, 5]",56,86,79,1,0,0
1521.0,2.09009009009009,0.7850359481010101,"[5, 17, 14]",59,84,79,0,0,0
1522.0,1.9684684684684688,0.7924396126678963,"[17, 10, 5, 14]",70,86,65,1,0,1
1523.0,2.0945945945945947,0.7699489126659286,"[14, 17, 26, 5]",56,89,77,0,0,1
1524.0,2.0765765765765765,0.7835936423759049,"[17, 5, 26, 14]",60,85,77,0,0,1
1525.0,2.009009009009009,0.790160021544356,"[14, 17, 5]",59,93,67,3,0,1
1526.0,2.0945945945945947,0.832087038372587,"[14, 17, 5]",61,73,86,2,0,1
1527.0,2.072072072072072,0.8095774185289925,"[14, 5, 17, 29]",59,82,79,2,0,2
1528.0,2.0225225225225225,0.8152599657211406,"[14, 17, 5]",62,84,73,3,0,0
1529.0,2.081081081081081,0.8142968555519062,"[14, 26, 5]",56,83,80,3,0,1
1530.0,2.036036036036036,0.8339832775858357,"[5, 17, 29, 14]",64,77,78,3,0,1
1531.0,1.963963963963964,0.8119907710498862,"[5, 14, 17, 29]",71,82,67,2,1,0
1532.0,2.058558558558558,0.8299777534464476,"[5, 14, 17, 4, 26]",61,78,80,3,0,1
1533.0,2.009009009009009,0.8292775626631712,"[5, 26, 14, 29, 17]",63,82,73,4,0,0
1534.0,2.036036036036036,0.78938578480206,"[17, 14, 5]",65,84,73,0,0,2
1535.0,2.081081081081081,0.8253356386786131,"[14, 17, 5, 29]",61,76,83,2,0,1
1536.0,2.027027027027027,0.7839967155192473,"[17, 5, 14]",62,89,70,1,0,1
1537.0,2.0945945945945947,0.775803520146114,"[14, 5, 17]",57,87,78,0,0,1
1538.0,2.045045045045045,0.8226146086363001,"[17, 5, 14]",64,78,78,2,0,1
1539.0,2.09009009009009,0.7907788651491059,"[5, 17, 14]",60,82,80,0,0,0
1540.0,2.126126126126126,0.7972477216785113,"[17, 14, 5]",52,84,84,2,0,0
1541.0,2.063063063063063,0.8158972439879524,"[5, 14, 17]",55,86,77,4,0,1
1542.0,2.072072072072072,0.8095774185289925,"[5, 17, 14, 29]",59,82,79,2,0,1
1543.0,2.009009009009009,0.7786227020423082,"[26, 5, 17, 14]",60,94,66,2,0,1
1544.0,2.054054054054054,0.810986080277772,"[14, 17, 5]",67,76,79,0,0,2
1545.0,2.081081081081081,0.7385338923422489,"[5, 14, 17]",52,100,70,0,1,1
1546.0,1.9954954954954955,0.832038045965669,"[14, 17, 26, 5]",71,75,74,2,0,0
1547.0,1.990990990990991,0.8401195292622843,"[17, 14, 5]",67,78,73,4,0,1
1548.0,1.9864864864864864,0.8373613465544231,"[26, 14, 17, 5]",64,82,71,5,0,0
1549.0,2.009009009009009,0.8238030724517321,"[5, 17, 14]",62,84,72,4,0,0
1550.0,2.0765765765765765,0.8119531175814391,"[14, 17, 26, 5]",53,87,78,4,0,1
1551.0,2.054054054054054,0.7709409874398377,"[5, 14, 26, 29, 17]",57,93,71,1,0,3
1552.0,2.036036036036036,0.7542090391354559,"[5, 14, 17]",56,99,66,1,0,1
1553.0,2.130630630630631,0.7993541276055078,"[17, 5, 14, 26]",46,89,83,4,1,0
1554.0,2.0135135135135136,0.8319400524964405,"[5, 14, 26]",63,81,74,4,1,1
1555.0,2.027027027027027,0.7839967155192474,"[5, 14, 17]",62,89,70,1,0,1
1556.0,2.027027027027027,0.7839967155192473,"[5, 17, 14]",62,89,70,1,0,0
1557.0,2.054054054054054,0.8437991851964788,"[14, 5, 17]",61,76,81,4,0,0
1558.0,2.108108108108108,0.8166962621684045,"[5, 17, 26, 14]",60,75,86,1,0,1
1559.0,2.054054054054054,0.810986080277772,"[14, 5, 17]",58,85,76,3,0,0
1560.0,1.9954954954954955,0.8481961042125442,"[14, 17, 5]",65,78,74,5,0,1
1561.0,2.0495495495495497,0.8413922822600971,"[14, 17, 5, 26]",61,77,80,4,0,1
1562.0,2.0,0.8508712596230341,"[5, 14, 29]",65,77,75,5,0,0
1563.0,1.9684684684684688,0.8314499119098145,"[5, 17, 14, 4]",77,72,72,1,0,0
1564.0,2.018018018018018,0.760828103048786,"[17, 5, 14]",59,97,65,1,0,0
1565.0,2.130630630630631,0.8216849252253488,"[14, 5, 17, 29]",50,81,87,4,0,1
1566.0,2.0315315315315314,0.7751201316301087,"[14, 5]",60,92,69,1,0,1
1567.0,1.9234234234234235,0.8119531175814391,"[14, 17, 5, 29]",76,81,63,2,0,1
1568.0,2.0045045045045047,0.8099927252214952,"[14, 5, 17]",63,86,70,3,0,1
1569.0,2.0135135135135136,0.8154599497711779,"[14, 5, 17]",69,78,74,1,0,1
1570.0,1.9954954954954955,0.7987419279094043,"[14, 17, 5]",71,81,70,0,0,1
1571.0,1.9864864864864864,0.809892064367318,"[5, 14, 28, 17]",68,83,69,2,0,1
1572.0,2.0765765765765765,0.8007298655844591,"[5, 14]",63,79,80,0,0,1
1573.0,2.103603603603604,0.7919764985689902,"[5, 17, 14]",56,84,81,1,0,0
1574.0,2.018018018018018,0.7900052348985384,"[14, 17, 5]",61,90,69,2,0,0
1575.0,2.058558558558558,0.8354117816811469,"[14, 5, 17, 26]",65,73,82,2,0,1
1576.0,2.0045045045045047,0.7987419279094045,"[5, 17, 29, 14]",67,84,70,1,0,0
1577.0,2.121621621621621,0.7481990933777554,"[14, 29, 17, 26, 5]",50,95,77,0,0,1
1578.0,2.081081081081081,0.8031063574959482,"[14, 17, 5]",57,84,79,2,0,2
1579.0,2.103603603603604,0.7919764985689902,"[17, 14, 5]",53,87,80,2,0,0
1580.0,2.072072072072072,0.7869031081203346,"[5, 14, 17]",58,87,76,1,0,1
1581.0,2.103603603603604,0.7919764985689902,"[5, 17, 14]",56,84,81,1,0,1
1582.0,1.9864864864864864,0.7814577961392896,"[5, 14]",63,93,64,2,0,1
1583.0,1.9864864864864864,0.8042856346904997,"[17, 5, 14]",73,79,70,0,0,1
1584.0,2.072072072072072,0.8095774185289925,"[5, 17, 26, 14]",59,82,79,2,0,2
1585.0,2.0315315315315314,0.798129258629767,"[5, 26, 17, 14]",61,87,72,2,0,1
1586.0,2.036036036036036,0.7836326585153965,"[29, 5, 17, 26, 14]",64,86,72,0,0,1
1587.0,2.0765765765765765,0.7950588304542312,"[14, 5, 17]",59,84,78,1,0,1
1588.0,2.063063063063063,0.7761055962029546,"[5, 17, 14]",57,91,73,1,1,1
1589.0,2.0765765765765765,0.7893470530302839,"[5, 17, 14]",55,89,76,2,0,1
1590.0,2.081081081081081,0.79175771163854,"[14, 17, 5, 26]",55,88,77,2,0,1
1591.0,2.1171171171171173,0.7872138708948209,"[17, 14, 5, 26]",54,85,82,1,0,1
1592.0,2.130630630630631,0.8049949037575448,"[26, 5, 17, 14]",50,84,85,3,0,1
1593.0,2.0315315315315314,0.7809359719041847,"[5, 17, 14]",64,87,71,0,0,1
1594.0,2.0225225225225225,0.8262858822580401,"[17, 5, 14, 29]",64,80,75,3,0,0
1595.0,2.0135135135135136,0.842747766807538,"[17, 14, 5]",65,77,76,4,0,1
1596.0,2.063063063063063,0.826914663226169,"[14, 5, 17]",63,76,81,2,0,0
1597.0,2.0945945945945947,0.7640494449705395,"[17, 5, 14]",52,94,75,1,0,2
1598.0,2.063063063063063,0.8158972439879524,"[14, 17, 5]",58,83,78,3,0,0
1599.0,2.0225225225225225,0.7870196585405949,"[5, 17, 14]",63,88,70,1,1,1
1600.0,2.108108108108108,0.8166962621684045,"[26, 17, 5, 14]",57,78,85,2,0,0
1601.0,2.0495495495495497,0.8140590297199426,"[14, 5, 17]",65,78,78,1,0,0
1602.0,2.018018018018018,0.8399739489817525,"[17, 5, 26, 14]",64,78,76,4,0,0
1603.0,2.0675675675675675,0.8015440034905214,"[5, 14, 17]",61,82,78,1,0,1
1604.0,2.081081081081081,0.8142968555519061,"[5, 17, 14]",62,77,82,1,0,0
1605.0,2.054054054054054,0.8491447689845928,"[14, 17, 26, 5]",59,77,81,5,0,1
1606.0,2.009009009009009,0.7844125737718137,"[5, 14, 17]",61,92,67,2,0,1
1607.0,2.09009009009009,0.78503594810101,"[5, 17, 14, 26]",53,90,77,2,0,0
1608.0,2.072072072072072,0.8095774185289923,"[17, 5, 14, 29]",62,79,80,1,0,1
1609.0,1.9774774774774773,0.8479076920523673,"[17, 14, 5, 29]",67,78,72,5,0,1
1610.0,2.054054054054054,0.810986080277772,"[14, 17, 5, 29]",61,82,77,2,0,1
1611.0,2.0765765765765765,0.7950588304542312,"[5, 17, 14]",56,87,77,2,1,1
1612.0,1.972972972972973,0.8234071084430594,"[5, 26, 14]",69,81,69,3,0,1
1613.0,2.1486486486486487,0.7672439794207848,"[5, 14, 17]",51,87,84,0,0,1
1614.0,2.099099099099099,0.7485123097970646,"[14, 17, 5, 26]",52,96,74,0,0,1
1615.0,2.0045045045045047,0.8320380459656691,"[17, 26, 14, 5]",61,84,72,5,0,1
1616.0,2.0495495495495497,0.8195986076270692,"[14, 5, 17]",60,82,77,3,0,0
1617.0,2.045045045045045,0.8280969557349607,"[17, 14, 5, 26]",56,85,76,5,0,0
1618.0,2.009009009009009,0.812743474086136,"[5, 14, 17]",63,85,71,3,0,0
1619.0,1.972972972972973,0.8011243169520794,"[17, 5, 14]",68,86,66,2,0,1
1620.0,2.0495495495495497,0.8251009946545251,"[14, 17, 5]",64,77,79,2,0,1
1621.0,1.945945945945946,0.8053872662568292,"[5, 17, 26, 14]",75,81,65,1,1,1
1622.0,1.963963963963964,0.823060483671462,"[14, 17, 5, 29]",64,87,66,5,0,0
1623.0,2.0855855855855854,0.8221313044655548,"[17, 5, 14, 26]",60,77,83,2,0,1
1624.0,2.0,0.8015821459161773,"[17, 5, 14]",65,86,69,2,0,1
1625.0,2.0315315315315314,0.7809359719041847,"[14, 5, 17]",64,87,71,0,0,1
1626.0,1.9774774774774773,0.82628588225804,"[14, 5, 26]",69,80,70,3,0,0
1627.0,2.126126126126126,0.7624337920027155,"[14, 5, 17]",52,90,80,0,1,1
1628.0,2.099099099099099,0.7424425258308421,"[17, 5, 14]",45,104,71,2,1,0
1629.0,2.054054054054054,0.7997492575132488,"[5, 17, 14]",59,86,75,2,0,1
1630.0,1.9954954954954955,0.8481961042125442,"[32, 14, 5, 17]",62,81,73,6,0,0
1631.0,2.112612612612613,0.8077248217762688,"[14, 5, 29, 17]",52,84,83,3,0,2
1632.0,2.0855855855855854,0.8054505326308167,"[14, 5, 26, 17]",57,83,80,2,0,1
1633.0,2.054054054054054,0.822069321843126,"[5, 26, 17, 14]",60,81,78,3,0,1
1634.0,2.063063063063063,0.7934035654851268,"[14, 5]",60,85,76,1,0,1
1635.0,2.0135135135135136,0.809892064367318,"[5, 14, 26, 17]",56,92,69,5,0,0
1636.0,1.981981981981982,0.81814249366805,"[5, 17, 14, 26]",61,89,67,5,0,0
1637.0,2.045045045045045,0.8059438399013201,"[17, 5, 14]",61,84,75,2,0,1
1638.0,2.036036036036036,0.7950972839868216,"[5, 17, 14, 29]",60,88,72,2,1,1
1639.0,2.1171171171171173,0.7872138708948211,"[14, 5, 26, 29, 17]",57,82,83,0,0,1
1640.0,2.103603603603604,0.7862423293933886,"[14, 17, 5]",52,89,79,2,0,1
1641.0,2.103603603603604,0.8033220535980014,"[5, 26, 14]",58,80,83,1,0,1
1642.0,2.108108108108108,0.7942252134106665,"[14, 17, 5]",56,83,82,1,0,2
1643.0,2.0855855855855854,0.7941353870744925,"[5, 14, 17]",61,81,80,0,0,1
1644.0,2.0315315315315314,0.8037786307414236,"[5, 14, 17]",62,85,73,2,0,0
1645.0,2.112612612612613,0.7964419879703688,"[17, 14, 5]",53,85,82,2,0,1
1646.0,2.063063063063063,0.8431709088467277,"[14, 26, 5]",54,82,80,6,0,0
1647.0,2.072072072072072,0.7753173247504086,"[14, 5, 26, 17]",56,91,74,1,0,0
1648.0,2.09009009009009,0.7907788651491059,"[5, 17, 14, 26]",60,82,80,0,0,1
1649.0,2.045045045045045,0.8280969557349607,"[5, 14, 17]",62,79,78,3,0,1
1650.0,2.0675675675675675,0.82928985180689,"[5, 14, 17]",63,75,82,2,0,0
1651.0,2.0855855855855854,0.8110489099129118,"[5, 14]",58,81,81,2,0,1
1652.0,2.0225225225225225,0.8096907051164531,"[5, 14, 17, 29]",64,83,73,2,0,1
1653.0,2.072072072072072,0.798320768288509,"[17, 5, 14]",63,80,79,0,0,1
1654.0,2.0765765765765765,0.7950588304542311,"[5, 14, 17, 29]",56,87,77,2,1,2
1655.0,2.0855855855855854,0.7768537132156774,"[14, 5, 17, 29]",55,90,76,1,0,2
1656.0,2.13963963963964,0.7921309000193595,"[17, 26, 5, 14]",50,85,85,2,0,0
1657.0,2.0405405405405403,0.8033727972057582,"[5, 17, 14, 26]",61,85,74,2,0,2
1658.0,2.126126126126126,0.7800350046341565,"[14, 5, 17]",55,84,83,0,0,1
1659.0,1.990990990990991,0.8182919579375431,"[5, 14]",66,83,70,3,0,1
1660.0,2.0,0.8127936295043754,"[5, 17, 14, 26]",73,76,73,0,0,1
1661.0,1.9774774774774773,0.7517321999192387,"[14, 5, 17]",62,100,59,1,0,1
1662.0,2.0225225225225225,0.787019658540595,"[5, 14, 17, 26]",66,85,71,0,0,1
1663.0,2.103603603603604,0.7804660317876017,"[5, 17, 29, 14]",54,88,79,1,0,0
1664.0,2.0765765765765765,0.8007298655844591,"[17, 5, 26, 14]",57,85,78,2,0,1
1665.0,2.063063063063063,0.826914663226169,"[14, 17, 26, 5]",60,79,80,3,0,1
1666.0,2.135135135135135,0.7900568338166495,"[5, 14, 17]",56,80,86,0,0,1
1667.0,2.054054054054054,0.7825915624551699,"[5, 14, 26]",59,89,73,1,1,1
1668.0,2.1531531531531534,0.7269622930613382,"[14, 17, 26, 29, 5]",44,100,78,0,0,2
1669.0,1.9234234234234235,0.8007298655844591,"[17, 14, 5]",77,82,62,1,0,1
1670.0,2.112612612612613,0.8021032439517055,"[14, 5]",48,89,81,4,0,1
1671.0,2.0765765765765765,0.8119531175814391,"[5, 17, 14]",50,90,77,5,0,1
1672.0,1.990990990990991,0.8401195292622843,"[5, 14, 17]",70,75,74,3,0,1
1673.0,2.009009009009009,0.8454883779233977,"[14, 5, 17]",60,82,74,6,0,1
1674.0,2.0225225225225225,0.8152599657211407,"[14, 5, 17, 29]",65,81,74,2,0,1
1675.0,2.058558558558558,0.7965955238903087,"[5, 14, 17, 26]",58,87,75,2,0,1
1676.0,2.121621621621621,0.8175568288499391,"[17, 14, 5]",56,77,87,2,0,0
1677.0,2.058558558558558,0.8408106913731084,"[17, 14, 5, 26]",60,77,81,4,0,0
1678.0,2.0405405405405403,0.820095831325323,"[5, 14, 17, 26]",67,76,78,1,0,1
1679.0,2.0405405405405403,0.8255949044857464,"[5, 26, 17, 14]",59,83,76,4,0,0
1680.0,2.054054054054054,0.8053872662568292,"[14, 5, 26]",51,93,73,5,0,0
1681.0,2.036036036036036,0.8063989326099907,"[14, 5]",65,81,75,1,0,1
1682.0,2.054054054054054,0.810986080277772,"[14, 5, 29, 17]",61,82,77,2,0,0
1683.0,2.0,0.8347649844031075,"[14, 17, 5]",71,74,75,2,0,0
1684.0,2.09009009009009,0.8133451349760028,"[14, 17, 5, 29]",58,80,82,2,0,1
1685.0,2.027027027027027,0.8234071084430594,"[14, 5, 26, 17]",63,81,75,3,0,1
1686.0,2.13963963963964,0.797822747558088,"[17, 5, 14]",54,80,87,1,1,1
1687.0,2.063063063063063,0.8214244253142174,"[14, 5]",59,81,79,3,0,0
1688.0,2.0225225225225225,0.7927482050973127,"[5, 14, 17]",61,89,70,2,1,1
1689.0,2.054054054054054,0.810986080277772,"[17, 5, 14, 26]",64,79,78,1,0,1
1690.0,2.054054054054054,0.822069321843126,"[5, 14, 17]",60,81,78,3,0,1
1691.0,2.081081081081081,0.8362287151158745,"[5, 14, 26]",63,72,85,2,0,0
1692.0,1.9774774774774773,0.8317440309221363,"[17, 14, 5]",67,81,70,4,0,1
1693.0,2.0405405405405403,0.8089855530513882,"[17, 5, 29, 14]",59,86,74,3,1,1
1694.0,2.0945945945945947,0.7987929624713318,"[17, 5, 14]",58,82,81,1,0,2
1695.0,2.0135135135135136,0.8098920643673179,"[14, 17, 5]",71,77,74,0,0,0
1696.0,2.045045045045045,0.7831643365554004,"[5, 17, 14]",63,86,73,0,0,1
1697.0,2.0495495495495497,0.808481496456733,"[14, 17, 5, 29]",61,83,76,2,0,1
1698.0,2.0135135135135136,0.8480999777235869,"[17, 5, 14]",66,75,77,4,0,0
1699.0,2.027027027027027,0.7839967155192474,"[14, 17, 5]",62,89,70,1,0,2
1700.0,1.990990990990991,0.8071568502552311,"[14, 17, 5, 29]",64,87,68,3,0,1
1701.0,1.9864864864864864,0.842747766807538,"[17, 5, 14]",68,77,73,4,0,1
1702.0,2.0945945945945947,0.7581040697715146,"[14, 5, 17]",54,93,75,0,0,1
1703.0,1.981981981981982,0.8236546082558096,"[17, 14, 5, 26]",74,75,72,1,0,1
1704.0,2.036036036036036,0.8119907710498862,"[5, 14, 17, 29]",60,85,74,3,0,1
1705.0,2.0,0.8015821459161773,"[14, 5, 17]",62,89,68,3,1,1
1706.0,2.058558558558558,0.7851527756881226,"[17, 5, 14, 26]",53,94,72,3,0,1
1707.0,2.0675675675675675,0.7844255657897979,"[17, 14, 5]",55,91,74,2,0,1
1708.0,2.1486486486486487,0.7613235515874873,"[26, 14, 17, 5]",50,89,83,0,0,1
1709.0,2.0405405405405403,0.7805182613287018,"[5, 14, 17, 29, 26]",60,90,71,1,0,1
1710.0,2.0225225225225225,0.7927482050973127,"[14, 29, 5]",64,86,71,1,0,2
1711.0,2.054054054054054,0.8384195198005503,"[5, 14, 17, 26]",60,78,80,4,0,1
1712.0,2.045045045045045,0.8115388141244637,"[17, 14, 5]",59,85,75,3,0,1
1713.0,2.13963963963964,0.7570817130479006,"[14, 17, 5, 29]",50,91,81,0,0,1
1714.0,2.081081081081081,0.8253356386786131,"[14, 5, 17]",52,85,80,5,0,0
1715.0,2.0855855855855854,0.8166089076336228,"[5, 26, 14]",62,76,83,1,0,0
1716.0,2.009009009009009,0.7727894528136424,"[14, 5, 17, 26]",65,90,67,0,0,1
1717.0,2.036036036036036,0.7950972839868216,"[17, 26, 5, 14]",66,82,74,0,1,1
1718.0,2.0495495495495497,0.8305669299554026,"[14, 17, 5]",62,78,79,3,0,1
1719.0,2.0135135135135136,0.7929538666645037,"[17, 5, 14]",62,89,69,2,0,1
1720.0,2.099099099099099,0.8010734309154447,"[5, 17, 14]",55,84,81,2,0,0
1721.0,2.036036036036036,0.7719977953210722,"[17, 5, 14]",59,93,69,1,0,0
1722.0,2.0315315315315314,0.8259898197067457,"[17, 14, 5, 29]",63,80,76,3,0,0
1723.0,2.099099099099099,0.7839447177267498,"[5, 14, 17, 29]",58,84,80,0,0,1
1724.0,2.0315315315315314,0.7867088190490745,"[5, 14, 17]",65,85,72,0,0,1
1725.0,2.126126126126126,0.8140965857860756,"[14, 17, 5]",55,78,87,2,0,1
1726.0,2.0765765765765765,0.7719581911351323,"[14, 5, 17, 26]",55,92,74,1,0,2
1727.0,2.126126126126126,0.7742123963738583,"[5, 14, 26, 17]",51,89,81,1,0,1
1728.0,1.954954954954955,0.8549815418333836,"[14, 17, 5]",71,75,71,5,0,0
1729.0,2.121621621621621,0.8175568288499391,"[14, 5, 26]",59,74,88,1,0,0
1730.0,2.0945945945945947,0.793108077841898,"[5, 14, 17]",51,90,78,3,0,0
1731.0,1.9864864864864864,0.8209900751144732,"[17, 14, 5, 26]",73,76,72,1,0,0
1732.0,1.9504504504504503,0.8028652168061973,"[5, 17, 14]",74,82,65,1,0,0
1733.0,2.009009009009009,0.8347161491742124,"[17, 14, 5]",64,80,74,4,0,0
1734.0,1.9954954954954955,0.7873303753121176,"[14, 17, 5, 29]",66,88,67,1,0,1
1735.0,2.045045045045045,0.8115388141244638,"[14, 26, 17, 5]",59,85,75,3,0,0
1736.0,2.018018018018018,0.8070053236714507,"[5, 14, 17, 29]",58,90,70,4,1,1
1737.0,2.13963963963964,0.7748045182486432,"[5, 14, 17, 29]",53,85,84,0,0,1
1738.0,2.027027027027027,0.8011243169520794,"[14, 5, 17]",65,83,73,1,0,0
1739.0,2.058558558558558,0.8134578968508721,"[14, 5, 17, 29, 26]",61,81,78,2,1,1
1740.0,2.135135135135135,0.7726839453446801,"[17, 5, 14, 26]",53,86,83,0,0,1
1741.0,2.081081081081081,0.7860219463751896,"[14, 26, 17, 29, 5]",57,87,77,1,0,0
1742.0,2.0855855855855854,0.8110489099129117,"[14, 5, 17, 26]",58,81,81,2,0,1
1743.0,2.112612612612613,0.7907402016127277,"[17, 5, 14, 26]",52,87,81,2,0,2
1744.0,2.0675675675675675,0.82928985180689,"[5, 14]",60,78,81,3,0,1
1745.0,2.0675675675675675,0.778635790667876,"[17, 5, 14]",57,90,74,1,0,2
1746.0,2.0225225225225225,0.7754356165524269,"[5, 29, 14]",61,92,68,1,1,2
1747.0,2.045045045045045,0.7889208780403245,"[14, 17, 5, 26]",61,87,73,1,0,2
1748.0,2.018018018018018,0.7726311862073173,"[5, 14, 17]",61,93,67,1,0,1
1749.0,2.0315315315315314,0.798129258629767,"[14, 17, 5]",61,87,72,2,0,1
1750.0,2.0405405405405403,0.7977205510293364,"[14, 29, 26, 17, 5]",60,87,73,2,0,1
1751.0,2.0855855855855854,0.8276168531016577,"[14, 5, 17]",64,72,85,1,0,0
1752.0,2.063063063063063,0.7761055962029546,"[5, 14, 17, 26]",54,94,72,2,0,0
1753.0,1.95945945945946,0.8089855530513882,"[14, 5, 29]",68,86,65,3,0,0
1754.0,2.0765765765765765,0.7893470530302839,"[14, 5, 26]",55,89,76,2,0,1
1755.0,2.018018018018018,0.7842566527683642,"[14, 5, 17, 29]",60,92,68,2,1,2
1756.0,2.009009009009009,0.812743474086136,"[5, 14, 17, 29]",66,82,72,2,0,1
1757.0,2.081081081081081,0.8198348264848099,"[17, 5, 14]",63,75,83,1,0,0
1758.0,2.0675675675675675,0.8015440034905214,"[17, 14, 26, 5]",58,85,77,2,0,1
1759.0,2.0225225225225225,0.804082871473036,"[5, 14]",63,85,72,2,0,0
1760.0,2.103603603603604,0.7448681656778929,"[17, 5, 14]",51,97,74,0,0,1
1761.0,1.9954954954954955,0.8320380459656691,"[5, 17, 29, 14]",65,81,72,4,0,1
1762.0,2.0765765765765765,0.8553748039283523,"[14, 17, 5, 26]",58,74,85,5,0,0
1763.0,2.103603603603604,0.8200461225223119,"[17, 26, 5, 14]",58,77,85,2,0,0
1764.0,1.954954954954955,0.8059438399013202,"[17, 5, 14]",77,78,67,0,0,1
1765.0,2.054054054054054,0.7767881177453528,"[5, 14, 17]",55,94,71,2,0,1
1766.0,2.0675675675675675,0.8614060023263305,"[17, 14, 5, 26]",63,69,86,4,0,0
1767.0,2.0945945945945947,0.7521116983856038,"[17, 5, 29, 14]",53,95,74,0,0,1
1768.0,2.058558558558558,0.7908948444176505,"[5, 14, 17]",57,89,74,2,0,3
1769.0,2.0495495495495497,0.8140590297199426,"[17, 14, 5, 26]",68,75,79,0,0,1
1770.0,2.13963963963964,0.780622709927253,"[17, 29, 5, 14]",51,86,84,1,0,1
1771.0,2.0045045045045047,0.7987419279094045,"[14, 17, 5]",64,87,69,2,0,1
1772.0,2.0135135135135136,0.848099977723587,"[5, 17, 29, 14]",63,78,76,5,0,0
1773.0,1.981981981981982,0.8716965512733984,"[5, 14, 17, 26]",71,69,77,5,0,0
1774.0,2.0225225225225225,0.8479076920523672,"[14, 5, 17]",68,72,79,3,0,1
1775.0,2.0,0.807207352795575,"[5, 14, 17, 29, 26]",69,81,71,1,0,1
1776.0,2.09009009009009,0.7907788651491059,"[14, 5, 17]",57,85,79,1,0,1
1777.0,2.081081081081081,0.7802440172329329,"[14, 17, 5, 29]",59,86,77,0,0,1
1778.0,2.0945945945945947,0.7816142754752871,"[17, 14, 5]",58,85,79,0,0,1
1779.0,2.0225225225225225,0.8152599657211406,"[5, 14, 17]",68,78,75,1,0,1
1780.0,2.103603603603604,0.8033220535980014,"[14, 5, 17]",55,83,82,2,0,2
1781.0,2.045045045045045,0.8059438399013202,"[17, 5, 26, 14]",58,87,74,3,0,0
1782.0,2.036036036036036,0.8007680467893786,"[5, 17, 14]",55,92,71,4,0,0
1783.0,2.126126126126126,0.8196359098674247,"[17, 5, 14, 29]",53,79,87,3,0,1
1784.0,2.0,0.7902116103552715,"[17, 14, 5, 26]",63,90,67,2,0,1
1785.0,2.0225225225225225,0.804082871473036,"[14, 17, 5]",66,82,73,1,0,1
1786.0,2.054054054054054,0.788352286342648,"[5, 17, 14]",63,84,75,0,0,1
1787.0,2.135135135135135,0.7900568338166496,"[5, 14]",50,86,84,2,0,1
1788.0,2.063063063063063,0.7876797851721573,"[17, 5, 14]",62,84,76,0,0,1
1789.0,2.045045045045045,0.8115388141244638,"[5, 14, 26, 17]",62,82,76,2,0,1
1790.0,2.058558558558558,0.8078762134098192,"[17, 5, 14]",60,83,77,2,0,0
1791.0,2.13963963963964,0.7689423045605281,"[14, 17, 5]",49,90,82,1,0,1
1792.0,2.045045045045045,0.7946357187816141,"[17, 5, 14]",59,88,73,2,0,1
1793.0,2.009009009009009,0.7958659644705466,"[14, 5, 26, 17]",60,91,68,3,0,0
1794.0,1.981981981981982,0.801378698667744,"[5, 14, 17]",73,80,69,0,0,1
1795.0,2.0405405405405403,0.820095831325323,"[5, 14, 17]",61,82,76,3,0,0
1796.0,2.054054054054054,0.8330051124854692,"[14, 17, 5]",62,77,80,3,0,0
1797.0,2.027027027027027,0.8067527161203686,"[14, 5, 17]",66,81,74,1,0,1
1798.0,2.063063063063063,0.826914663226169,"[5, 14, 26]",60,79,80,3,0,1
1799.0,2.0765765765765765,0.8063610180276339,"[17, 14, 5, 26, 29]",52,89,77,4,1,1
1800.0,2.0495495495495497,0.7857755627978602,"[5, 14, 26, 17]",57,91,72,2,1,1
1801.0,2.099099099099099,0.8396827127005977,"[17, 29, 14, 5, 26]",56,76,86,4,0,0
1802.0,2.099099099099099,0.7839447177267498,"[14, 5, 17]",55,87,79,1,1,1
1803.0,2.018018018018018,0.801378698667744,"[5, 14, 17]",66,83,72,1,0,1
1804.0,2.0855855855855854,0.7349512061677246,"[17, 14, 5]",51,101,70,0,1,1
1805.0,2.130630630630631,0.7993541276055077,"[5, 17, 14]",58,77,87,0,0,1
1806.0,2.063063063063063,0.7934035654851268,"[14, 5, 17, 26]",63,82,77,0,1,1
1807.0,2.09009009009009,0.78503594810101,"[14, 5, 17, 26]",56,87,78,1,0,1
1808.0,2.0855855855855854,0.7826566715314206,"[17, 5, 14]",53,91,76,2,0,1
1809.0,2.175675675675676,0.790637089605559,"[14, 17, 5]",53,77,92,0,0,1
1810.0,2.1981981981981984,0.7346599523640843,"[17, 5, 14]",42,94,86,0,0,1
1811.0,1.990990990990991,0.790160021544356,"[5, 17, 14]",67,87,67,1,0,1
1812.0,2.054054054054054,0.8053872662568292,"[14, 5, 17]",60,84,76,2,0,0
1813.0,2.112612612612613,0.8188522059717599,"[14, 17, 5]",54,80,85,3,0,0
1814.0,2.0405405405405403,0.803372797205758,"[17, 14, 5]",58,88,73,3,0,0
1815.0,2.0675675675675675,0.8071694761865497,"[14, 5, 17]",62,80,79,1,0,1
1816.0,2.0405405405405403,0.8089855530513882,"[5, 14, 17, 26, 4]",65,80,76,1,0,1
1817.0,2.121621621621621,0.8007807734531345,"[29, 26, 5, 17, 14]",56,80,85,1,0,2
1818.0,2.0945945945945947,0.793108077841898,"[5, 14, 26]",60,81,81,0,0,1
1819.0,1.963963963963964,0.8063989326099908,"[14, 5, 17]",73,81,67,1,0,1
1820.0,1.972972972972973,0.7839967155192472,"[5, 29, 14, 17]",65,92,63,2,0,1
1821.0,2.0225225225225225,0.7812491082706582,"[5, 14, 17]",59,93,68,2,0,1
1822.0,2.0945945945945947,0.7987929624713317,"[14, 5, 26]",61,79,82,0,0,2
1823.0,2.112612612612613,0.767509590444258,"[5, 14, 26]",54,89,79,0,1,1
1824.0,2.0945945945945947,0.8211390210654654,"[5, 14, 26]",59,77,84,2,0,1
1825.0,2.0,0.8015821459161773,"[14, 5, 17, 26]",65,86,69,2,0,0
1826.0,2.0495495495495497,0.779995808536583,"[17, 14, 5]",59,90,72,1,0,1
1827.0,2.0765765765765765,0.8007298655844591,"[17, 14, 5]",60,82,79,1,0,1
1828.0,1.981981981981982,0.7842566527683641,"[14, 17, 5]",61,95,63,3,0,1
1829.0,2.099099099099099,0.8233575995527498,"[17, 5, 14, 26]",62,73,86,1,0,1
1830.0,2.045045045045045,0.7889208780403245,"[17, 5, 14]",58,90,72,2,1,1
1831.0,2.09009009009009,0.7496551188892897,"[17, 14, 5]",53,96,73,0,0,1
1832.0,2.027027027027027,0.8343253644387617,"[14, 17, 5]",59,83,75,5,0,0
1833.0,1.9864864864864864,0.8209900751144731,"[5, 14, 17]",67,82,70,3,0,0
1834.0,2.045045045045045,0.8335432453407354,"[14, 5, 17, 29]",69,71,81,1,0,0
1835.0,2.036036036036036,0.8285398804747766,"[5, 14, 17]",60,82,76,4,0,1
1836.0,2.072072072072072,0.8370570263550435,"[17, 5, 14, 26]",58,78,82,4,0,1
1837.0,2.0945945945945947,0.8044376735642,"[5, 26, 17, 14]",59,80,82,1,0,1
1838.0,2.13963963963964,0.7689423045605281,"[14, 5, 17, 26]",49,90,82,1,0,1
1839.0,2.0405405405405403,0.7862941752443776,"[14, 5, 26]",64,85,73,0,0,1
1840.0,2.0945945945945947,0.7873821495197958,"[17, 14, 5, 29]",53,89,78,2,0,1
1841.0,2.072072072072072,0.8039687946906964,"[5, 14, 17, 26]",55,87,77,3,0,0
1842.0,2.0225225225225225,0.7636758788299721,"[17, 14, 5]",59,96,66,1,1,2
1843.0,2.0675675675675675,0.7958787695220654,"[5, 14, 17, 29]",60,84,77,1,0,1
1844.0,2.072072072072072,0.7926324970155456,"[5, 14, 17, 26]",62,82,78,0,0,1
1845.0,2.0315315315315314,0.8204933933332591,"[14, 17, 5]",62,82,75,3,0,1
1846.0,2.126126126126126,0.8140965857860756,"[14, 5]",58,75,88,1,0,0
1847.0,2.036036036036036,0.8007680467893785,"[17, 5, 14]",61,86,73,2,0,1
1848.0,2.1171171171171173,0.7697768230222573,"[14, 17, 5]",54,88,80,0,0,1
1849.0,2.0225225225225225,0.8207914384685621,"[5, 17, 14]",66,79,75,2,0,2
1850.0,2.0495495495495497,0.8140590297199426,"[14, 5, 17]",59,84,76,3,0,0
1851.0,2.045045045045045,0.8003097521080377,"[5, 14, 17]",66,80,76,0,0,2
1852.0,2.018018018018018,0.8291300787311284,"[17, 5, 14]",62,82,74,4,0,0
1853.0,2.103603603603604,0.8089351615256727,"[26, 17, 5, 14]",53,84,82,3,0,1
1854.0,1.9684684684684688,0.8093885723138262,"[17, 14, 5]",64,89,65,4,0,1
1855.0,2.0045045045045047,0.809992725221495,"[17, 5, 14, 29, 26]",63,86,70,3,0,0
1856.0,2.058558558558558,0.7965955238903089,"[14, 17, 5, 4, 26]",61,84,76,1,0,1
1857.0,2.063063063063063,0.8158972439879524,"[5, 17, 14, 26]",64,77,80,1,0,0
1858.0,2.0675675675675675,0.8183044120610503,"[14, 17, 5]",55,85,78,4,0,1
1859.0,1.963963963963964,0.8119907710498862,"[17, 14, 26, 5, 29]",68,85,66,3,0,1
1860.0,2.0315315315315314,0.8037786307414236,"[17, 5, 14]",65,82,74,1,0,0
1861.0,2.0945945945945947,0.7987929624713317,"[14, 17, 5]",58,82,81,1,0,1
1862.0,2.135135135135135,0.818192318124944,"[5, 14, 17]",55,76,89,2,0,0
1863.0,2.027027027027027,0.7839967155192473,"[5, 14, 29, 17]",65,86,71,0,0,1
1864.0,2.09009009009009,0.78503594810101,"[14, 17, 5]",59,84,79,0,1,0
1865.0,2.0315315315315314,0.8037786307414236,"[5, 17, 14]",59,88,72,3,0,0
1866.0,2.135135135135135,0.7900568338166496,"[14, 17, 29, 5]",56,80,86,0,0,1
1867.0,2.0405405405405403,0.7977205510293364,"[5, 17, 29, 14]",60,87,73,2,0,0
1868.0,2.0675675675675675,0.7844255657897979,"[5, 14, 17]",61,85,76,0,0,1
1869.0,2.027027027027027,0.845102574399809,"[14, 5, 17, 26]",64,76,78,4,0,1
1870.0,2.0315315315315314,0.8037786307414235,"[14, 5]",62,85,73,2,0,1
1871.0,2.0945945945945947,0.793108077841898,"[17, 26, 5, 14]",60,81,81,0,0,1
1872.0,2.0945945945945947,0.7987929624713317,"[5, 14, 26, 17]",55,85,80,2,0,1
1873.0,2.027027027027027,0.8067527161203686,"[5, 17, 14]",63,84,73,2,0,2
1874.0,2.0945945945945947,0.8044376735642,"[17, 5, 14]",56,83,81,2,1,1
1875.0,1.9774774774774773,0.7927482050973126,"[14, 17, 29, 5]",66,89,65,2,0,0
1876.0,2.0045045045045047,0.8155599234068583,"[14, 17, 5]",64,84,71,3,0,1
1877.0,2.018018018018018,0.7957122877791639,"[5, 14]",62,88,70,2,0,0
1878.0,2.058558558558558,0.8078762134098192,"[5, 14, 17]",57,86,76,3,0,0
1879.0,2.0225225225225225,0.8637689364109711,"[5, 17, 14]",59,78,78,7,0,1
1880.0,2.009009009009009,0.8071568502552311,"[14, 5, 26, 17]",68,81,72,1,0,1
1881.0,2.121621621621621,0.8064115704079748,"[5, 14, 17, 29, 26]",57,78,86,1,0,1
1882.0,2.0855855855855854,0.759178747377729,"[5, 26, 14, 17]",49,99,72,2,0,0
1883.0,2.0945945945945947,0.8320870383725868,"[5, 14, 17, 29]",61,73,86,2,0,0
1884.0,2.0495495495495497,0.8084814964567331,"[14, 5]",61,83,76,2,0,1
1885.0,1.95945945945946,0.774699285214543,"[14, 5, 17]",71,89,62,0,1,1
1886.0,2.054054054054054,0.822069321843126,"[5, 26, 17, 14]",60,81,78,3,0,0
1887.0,2.072072072072072,0.8151474531320843,"[14, 5, 17]",63,77,81,1,0,0
1888.0,2.081081081081081,0.79175771163854,"[14, 5, 17]",55,88,77,2,0,2
1889.0,2.072072072072072,0.8261748712343142,"[17, 5, 14]",59,79,81,3,0,0
1890.0,2.0045045045045047,0.8265818387665633,"[17, 5, 26, 14, 29]",72,74,75,1,0,1
1891.0,2.1171171171171173,0.8154474522049158,"[5, 17, 26, 14]",53,81,85,3,0,0
1892.0,2.054054054054054,0.788352286342648,"[17, 14, 5]",57,90,73,2,0,0
1893.0,2.108108108108108,0.7592727092970498,"[5, 14, 17, 26]",50,95,76,1,0,2
1894.0,2.103603603603604,0.8364358698255633,"[5, 14, 17]",55,77,86,4,0,1
1895.0,1.9954954954954955,0.7698959661033117,"[17, 14, 5, 26]",66,91,65,0,0,1
1896.0,2.0225225225225225,0.8479076920523673,"[17, 5, 14, 26]",65,75,78,4,0,1
1897.0,2.121621621621621,0.817556828849939,"[14, 17, 5]",56,77,87,2,0,0
1898.0,2.0855855855855854,0.7884169196867215,"[14, 26, 17, 5]",54,89,77,2,0,1
1899.0,2.0225225225225225,0.7870196585405951,"[5, 17, 14]",66,85,71,0,0,1
1900.0,2.0495495495495497,0.8305669299554026,"[14, 5, 17]",59,81,78,4,0,0
1901.0,2.112612612612613,0.8021032439517055,"[5, 14, 17]",51,86,82,3,0,1
1902.0,2.0945945945945947,0.793108077841898,"[26, 17, 14, 5]",54,87,79,2,0,2
1903.0,2.0675675675675675,0.7958787695220654,"[17, 14, 29, 5]",60,84,77,1,0,1
1904.0,2.063063063063063,0.8431709088467277,"[17, 5, 14]",57,79,81,5,0,1
1905.0,2.081081081081081,0.8523073302813456,"[14, 17, 5, 26]",60,72,86,4,0,1
1906.0,2.054054054054054,0.7940712191846122,"[5, 14, 17]",58,88,74,2,0,2
1907.0,2.018018018018018,0.81814249366805,"[5, 17, 14]",63,83,73,3,0,1
1908.0,2.054054054054054,0.788352286342648,"[5, 17, 14, 29]",60,87,74,1,0,2
1909.0,2.0495495495495497,0.7915131135022022,"[17, 5, 26, 29, 14]",58,89,73,2,0,0
1910.0,2.0675675675675675,0.7786357906678761,"[14, 26, 5, 29, 17]",57,90,74,1,0,2
1911.0,2.0135135135135136,0.8319400524964407,"[5, 14, 29]",63,81,74,4,0,0
1912.0,1.990990990990991,0.8292775626631712,"[17, 5, 14, 26]",59,88,69,6,0,0
1913.0,2.099099099099099,0.7723145556962921,"[14, 5, 17]",56,88,78,0,0,1
1914.0,1.963963963963964,0.8007680467893786,"[17, 5, 14]",69,86,65,2,0,1
1915.0,2.0315315315315314,0.7633555337763428,"[5, 17, 14]",61,93,68,0,1,1
1916.0,1.9774774774774773,0.7984356520350697,"[14, 5, 17, 29]",61,93,64,4,0,0
1917.0,2.036036036036036,0.8063989326099908,"[17, 5, 29, 14]",62,84,74,2,0,0
1918.0,2.036036036036036,0.8063989326099908,"[14, 17, 5, 26]",62,84,74,2,0,1
1919.0,2.0,0.8347649844031075,"[5, 17, 14, 26, 29]",71,74,75,2,0,0
1920.0,2.1576576576576576,0.7595008541336756,"[17, 26, 5, 14]",49,89,84,0,0,1
1921.0,2.072072072072072,0.7576065158056405,"[32, 14, 17, 5]",56,94,72,0,0,1
1922.0,2.1171171171171173,0.7579292907329332,"[5, 14, 17]",52,92,78,0,1,1
1923.0,2.018018018018018,0.8181424936680501,"[5, 14, 17]",63,83,73,3,0,0
1924.0,2.126126126126126,0.7915517392855129,"[17, 14, 5]",54,83,84,1,1,1
1925.0,2.126126126126126,0.7683456650123669,"[17, 5, 14]",53,88,81,0,1,1
1926.0,2.0675675675675675,0.8015440034905214,"[14, 26, 5]",58,85,77,2,0,1
1927.0,2.045045045045045,0.8003097521080377,"[5, 14, 17]",57,89,73,3,0,0
1928.0,2.0045045045045047,0.8099927252214951,"[5, 17, 14]",63,86,70,3,1,1
1929.0,2.112612612612613,0.8243595750523395,"[5, 14, 26]",61,72,88,1,0,1
1930.0,2.058558558558558,0.8134578968508721,"[14, 5, 26]",58,84,77,3,0,1
1931.0,2.0855855855855854,0.759178747377729,"[14, 17, 5]",52,96,73,1,0,1
1932.0,2.0315315315315314,0.7809359719041845,"[14, 5, 17]",64,87,71,0,0,1
1933.0,2.0675675675675675,0.7669251247662162,"[17, 5, 26, 14]",58,91,73,0,1,2
1934.0,2.0405405405405403,0.8255949044857464,"[26, 14, 5, 17]",59,83,76,4,0,0
1935.0,2.09009009009009,0.7734221953755526,"[14, 17, 26, 5]",54,91,76,1,1,2
1936.0,2.0405405405405403,0.8472343485337768,"[17, 14, 5]",57,81,78,6,0,0
1937.0,2.0765765765765765,0.7893470530302839,"[14, 5, 26]",55,89,76,2,0,1
1938.0,2.112612612612613,0.8133075442101599,"[14, 17, 26, 5]",56,79,85,2,0,0
1939.0,2.072072072072072,0.8151474531320841,"[17, 14, 5]",60,80,80,2,0,1
1940.0,2.103603603603604,0.814509588223627,"[17, 5, 29, 14]",63,73,86,0,0,1
1941.0,1.9954954954954955,0.781562119177653,"[5, 14, 17]",68,87,67,0,0,1
1942.0,2.045045045045045,0.7946357187816142,"[17, 14, 5]",62,85,74,1,0,1
1943.0,2.036036036036036,0.8447648517807339,"[17, 14, 5, 29]",63,76,79,4,0,0
1944.0,2.0135135135135136,0.8319400524964407,"[5, 17, 14]",66,78,75,3,0,0
1945.0,1.990990990990991,0.8182919579375431,"[14, 17, 29, 5]",69,80,71,2,0,1
1946.0,2.045045045045045,0.8115388141244638,"[5, 17, 14]",62,82,76,2,0,1
1947.0,2.0675675675675675,0.7958787695220654,"[17, 14, 5]",57,87,76,2,0,1
1948.0,2.0675675675675675,0.7958787695220653,"[5, 14, 17]",60,84,77,1,0,1
1949.0,2.058558558558558,0.8245079123091277,"[14, 17, 26, 5]",63,77,80,2,0,1
1950.0,2.0225225225225225,0.8317440309221362,"[5, 14, 17]",68,75,77,2,0,0
1951.0,2.018018018018018,0.8453437222359055,"[26, 14, 5]",62,79,76,5,0,0
1952.0,2.063063063063063,0.7990863479500622,"[5, 17, 14, 26]",61,83,77,1,0,1
1953.0,2.058558558558558,0.7965955238903089,"[14, 17, 5]",61,84,76,1,0,0
1954.0,1.9954954954954955,0.8374587056625686,"[14, 17, 26, 5]",60,85,71,6,0,1
1955.0,2.0315315315315314,0.7924396126678964,"[14, 5, 17, 26]",57,92,70,3,0,1
1956.0,1.981981981981982,0.8013786986677441,"[17, 29, 14, 5]",70,83,68,1,0,1
1957.0,2.0045045045045047,0.7815621191776531,"[5, 14, 17]",64,90,67,1,0,2
1958.0,2.126126126126126,0.7800350046341565,"[14, 17, 5]",55,84,83,0,0,1
1959.0,2.0045045045045047,0.8155599234068583,"[17, 5, 14]",67,81,72,2,0,0
1960.0,2.0675675675675675,0.778635790667876,"[29, 14, 5, 17]",57,90,74,1,0,1
1961.0,2.0495495495495497,0.7972093718726632,"[5, 14, 17]",62,84,75,1,0,1
1962.0,2.0495495495495497,0.8520801136971613,"[14, 5, 17, 26, 4]",60,76,81,5,0,0
1963.0,2.0315315315315314,0.8368743811173183,"[29, 14, 26, 5, 17]",62,79,77,4,0,0
1964.0,2.0495495495495497,0.8359971285185128,"[5, 14, 29]",63,76,80,3,0,0
1965.0,2.063063063063063,0.826914663226169,"[14, 17, 5]",63,76,81,2,0,1
1966.0,2.072072072072072,0.7694590179486329,"[5, 17, 14]",55,93,73,1,0,1
1967.0,2.0855855855855854,0.8166089076336227,"[14, 5, 17]",56,82,81,3,0,1
1968.0,2.045045045045045,0.8280969557349607,"[17, 14, 5]",65,76,79,2,0,0
1969.0,2.036036036036036,0.823060483671462,"[5, 14, 17, 26, 29]",62,81,76,3,0,1
1970.0,1.990990990990991,0.812743474086136,"[14, 5, 26, 17]",59,91,67,5,0,1
1971.0,2.018018018018018,0.801378698667744,"[14, 26, 17, 5]",63,86,71,2,0,1
1972.0,2.0045045045045047,0.8265818387665633,"[14, 5, 17]",69,77,74,2,1,1
1973.0,2.126126126126126,0.7742123963738583,"[14, 5, 26, 17]",54,86,82,0,0,1
1974.0,1.9684684684684688,0.8259898197067457,"[5, 17, 14]",73,77,70,2,0,1
1975.0,2.072072072072072,0.7635557651847168,"[5, 14]",57,92,73,0,1,1
1976.0,2.1171171171171173,0.7519355264883228,"[14, 5, 17]",51,94,77,0,1,1
1977.0,2.081081081081081,0.8087209625118331,"[26, 5, 14]",58,82,80,2,0,1
1978.0,1.981981981981982,0.7784656213705153,"[5, 14, 17, 29]",66,91,64,1,0,1
1979.0,2.0765765765765765,0.7950588304542311,"[14, 5, 17]",59,84,78,1,0,1
1980.0,2.072072072072072,0.798320768288509,"[14, 17, 5, 29]",57,86,77,2,0,2
1981.0,2.0315315315315314,0.8037786307414236,"[14, 5, 29, 17]",65,82,74,1,0,1
1982.0,2.018018018018018,0.8453437222359055,"[14, 29, 17, 5]",68,73,78,3,0,0
1983.0,2.072072072072072,0.8095774185289925,"[17, 5, 14]",59,82,79,2,0,1
1984.0,2.09009009009009,0.78503594810101,"[17, 5, 14]",56,87,78,1,1,1
1985.0,2.126126126126126,0.7915517392855129,"[14, 29, 5]",57,80,85,0,0,3
1986.0,2.0945945945945947,0.8211390210654653,"[14, 5, 17, 29]",56,80,83,3,0,1
1987.0,2.099099099099099,0.8010734309154447,"[17, 5, 14]",61,78,83,0,0,1
1988.0,2.081081081081081,0.8087209625118332,"[26, 17, 14, 5]",55,85,79,3,0,1
1989.0,2.0675675675675675,0.82928985180689,"[5, 17, 14, 26]",60,78,81,3,0,0
1990.0,2.09009009009009,0.8077626723447154,"[5, 17, 14]",54,85,80,3,0,1
1991.0,2.130630630630631,0.7763813021301698,"[5, 14, 17]",54,85,83,0,0,2
1992.0,2.0135135135135136,0.8154599497711779,"[14, 17, 5]",63,84,72,3,0,2
1993.0,2.0405405405405403,0.7805182613287018,"[14, 5]",63,87,72,0,0,0
1994.0,2.0495495495495497,0.8028652168061973,"[5, 14, 26, 17]",60,85,75,2,1,0
1995.0,2.0315315315315314,0.7867088190490745,"[17, 14, 5]",59,91,70,2,0,1
1996.0,2.0855855855855854,0.7531949261076852,"[5, 17, 14]",54,95,73,0,0,1
1997.0,2.144144144144144,0.8166463464355603,"[5, 17, 14, 26]",51,79,89,3,0,1
1998.0,2.0855855855855854,0.8166089076336228,"[17, 5, 14, 4]",59,79,82,2,0,1
1999.0,2.045045045045045,0.7889208780403245,"[5, 17, 14]",58,90,72,2,0,0
2000.0,1.981981981981982,0.8013786986677441,"[5, 17, 14, 26]",70,83,68,1,0,1
2001.0,2.036036036036036,0.8175443633380667,"[14, 5, 17]",58,86,74,4,0,0
2002.0,1.990990990990991,0.8071568502552311,"[17, 5, 14]",67,84,69,2,0,0
2003.0,2.1171171171171173,0.7697768230222573,"[5, 14, 17, 26]",54,88,80,0,0,1
2004.0,2.018018018018018,0.8125929892570566,"[5, 17, 14]",62,85,72,3,0,0
2005.0,2.099099099099099,0.7664332972834004,"[17, 5, 29, 14]",55,90,77,0,0,1
2006.0,2.099099099099099,0.7954048453227989,"[5, 17, 14]",57,83,81,1,0,1
2007.0,2.0315315315315314,0.8093885723138262,"[14, 17, 29, 5]",69,77,76,0,0,1
2008.0,2.027027027027027,0.8067527161203686,"[17, 5, 14]",63,84,73,2,0,1
2009.0,2.072072072072072,0.7983207682885088,"[17, 5, 14]",54,89,76,3,0,2
2010.0,2.058558558558558,0.8078762134098193,"[17, 5, 26, 14]",60,83,77,2,0,1
2011.0,2.0765765765765765,0.8285029791239055,"[17, 14, 26, 29, 5]",59,78,82,3,0,1
2012.0,2.0765765765765765,0.8119531175814391,"[5, 17, 14]",56,84,79,3,0,0
2013.0,2.058558558558558,0.8354117816811469,"[14, 5, 17]",62,76,81,3,0,0
2014.0,2.081081081081081,0.8142968555519062,"[14, 17, 5]",59,80,81,2,0,0
2015.0,2.0135135135135136,0.8042856346904995,"[5, 17, 14]",67,82,72,1,1,1
2016.0,2.135135135135135,0.7843086298803125,"[5, 17, 14, 26]",49,88,83,2,0,1
2017.0,2.0,0.8614414942198925,"[14, 5, 17]",73,67,79,3,0,0
2018.0,2.036036036036036,0.777836981466073,"[5, 17, 14]",60,91,70,1,0,1
2019.0,2.063063063063063,0.7990863479500622,"[5, 14, 17, 29]",61,83,77,1,0,1
2020.0,2.0405405405405403,0.808985553051388,"[17, 14, 5]",65,80,76,1,0,2
2021.0,2.081081081081081,0.7974522228289,"[5, 14, 17]",59,83,79,1,0,1
2022.0,2.0495495495495497,0.797209371872663,"[26, 14, 5]",62,84,75,1,0,1
2023.0,2.0045045045045047,0.8320380459656691,"[17, 14, 5, 29]",67,78,74,3,0,0
2024.0,2.018018018018018,0.8236546082558096,"[14, 5, 17]",67,78,75,2,0,1
2025.0,2.0675675675675675,0.8015440034905214,"[14, 5, 17]",55,88,76,3,0,3
2026.0,2.036036036036036,0.8339832775858357,"[14, 5, 17, 29]",67,74,79,2,0,1
2027.0,1.990990990990991,0.7786227020423082,"[5, 17, 14, 29]",62,94,64,2,0,0
2028.0,2.0225225225225225,0.8152599657211406,"[17, 5, 14]",71,75,76,0,0,0
2029.0,1.9774774774774773,0.8317440309221363,"[17, 14, 5]",70,78,71,3,0,0
2030.0,2.036036036036036,0.8119907710498862,"[14, 17, 5]",63,82,75,2,0,0
2031.0,2.045045045045045,0.8003097521080377,"[17, 5, 26, 14]",60,86,74,2,0,1
2032.0,2.0495495495495497,0.8359971285185128,"[5, 29, 14]",66,73,81,2,0,1
2033.0,2.054054054054054,0.8437991851964787,"[5, 14, 29]",61,76,81,4,0,0
2034.0,2.13963963963964,0.7630350542322416,"[14, 17, 5, 26]",51,89,82,0,0,1
2035.0,1.9414414414414407,0.8022556964196214,"[14, 5, 29, 17]",72,85,63,2,0,1
2036.0,2.0675675675675675,0.7669251247662162,"[14, 5, 17, 26]",58,91,73,0,0,1
2037.0,2.0225225225225225,0.8152599657211406,"[5, 14, 17]",65,81,74,2,0,0
2038.0,2.027027027027027,0.7723673364621625,"[14, 17, 5]",63,90,69,0,0,1
2039.0,2.0045045045045047,0.809992725221495,"[17, 14, 5]",69,80,72,1,0,0
2040.0,2.058558558558558,0.8022556964196215,"[17, 14, 5, 26]",59,85,76,2,0,1
2041.0,2.045045045045045,0.7946357187816142,"[5, 26, 14]",62,85,74,1,0,1
2042.0,2.09009009009009,0.7556669709816429,"[17, 5, 14]",54,94,74,0,0,1
2043.0,2.0315315315315314,0.8368743811173183,"[17, 5, 14, 29]",62,79,77,4,0,0
2044.0,2.081081081081081,0.7860219463751896,"[5, 17, 14, 26]",54,90,76,2,0,2
2045.0,2.081081081081081,0.7744229804648938,"[14, 17, 5, 29]",58,88,76,0,0,1
2046.0,2.027027027027027,0.8123421192596432,"[14, 29, 5, 17]",61,85,73,3,0,1
2047.0,2.0675675675675675,0.8238154432603442,"[17, 5, 14, 26]",56,83,79,4,0,0
2048.0,2.0135135135135136,0.8042856346904997,"[17, 14, 29, 5]",64,85,71,2,0,1
2049.0,2.0315315315315314,0.7924396126678963,"[17, 5, 14]",57,92,70,3,0,1
2050.0,2.018018018018018,0.8345696263418312,"[14, 5, 17, 26]",63,80,75,4,0,0
2051.0,2.0405405405405403,0.7746992852145429,"[14, 5, 26]",56,95,69,2,0,1
2052.0,2.0315315315315314,0.798129258629767,"[5, 14, 17]",67,81,74,0,0,2
2053.0,2.0315315315315314,0.7751201316301087,"[14, 17, 5]",57,95,68,2,0,2
2054.0,1.990990990990991,0.8292775626631712,"[17, 5, 14, 29]",68,79,72,3,0,1
2055.0,2.1171171171171173,0.751935526488323,"[14, 5, 17]",51,94,77,0,0,1
2056.0,2.121621621621621,0.7601982838987519,"[17, 5, 14]",52,91,79,0,0,1
2057.0,2.027027027027027,0.8011243169520794,"[17, 5, 14]",59,89,71,3,0,0
2058.0,2.099099099099099,0.8010734309154447,"[14, 26, 5]",52,87,80,3,0,1
2059.0,2.081081081081081,0.8198348264848097,"[17, 5, 14]",57,81,81,3,0,1
2060.0,2.0315315315315314,0.7867088190490745,"[14, 5]",62,88,71,1,0,1
2061.0,2.0405405405405403,0.8364846046545872,"[5, 14, 17]",61,79,78,4,0,1
2062.0,2.0135135135135136,0.7872268166815276,"[17, 5, 14]",64,88,69,1,0,1
2063.0,2.072072072072072,0.8206796842272749,"[14, 5, 26, 17]",64,75,82,1,0,1
2064.0,2.112612612612613,0.767509590444258,"[14, 5, 29, 17]",54,89,79,0,0,1
2065.0,2.058558558558558,0.8078762134098192,"[17, 14, 5, 26]",60,83,77,2,0,1
2066.0,2.099099099099099,0.7839447177267498,"[14, 5, 17]",55,87,79,1,0,1
2067.0,1.95945945945946,0.8145596348957617,"[5, 14, 17]",63,90,64,5,0,0
2068.0,2.0765765765765765,0.8119531175814391,"[5, 17, 14]",59,81,80,2,0,1
2069.0,2.045045045045045,0.7773651679208455,"[14, 5, 17]",59,91,71,1,0,1
2070.0,2.045045045045045,0.8115388141244638,"[17, 14, 5]",62,82,76,2,0,1
2071.0,2.054054054054054,0.8384195198005502,"[14, 26, 5, 17]",60,78,80,4,0,1
2072.0,2.018018018018018,0.8125929892570568,"[17, 14, 5]",65,82,73,2,0,0
2073.0,2.0405405405405403,0.7688362691472532,"[14, 17, 5]",58,94,69,1,0,1
2074.0,2.063063063063063,0.8158972439879524,"[17, 5, 14]",61,80,79,2,0,1
2075.0,2.0495495495495497,0.7623936909941407,"[5, 14, 17]",59,93,70,0,0,1
2076.0,2.1171171171171173,0.7814447547802414,"[14, 5]",56,84,82,0,0,0
2077.0,2.0045045045045047,0.7930566774479465,"[14, 17, 5]",63,89,68,2,0,1
2078.0,2.009009009009009,0.8015312889452847,"[14, 5, 17, 26]",64,86,70,2,0,1
2079.0,2.130630630630631,0.7646361087380232,"[17, 14, 5]",52,89,81,0,1,0
2080.0,2.0225225225225225,0.8532275358878357,"[14, 17, 26, 5]",69,70,80,3,0,1
2081.0,2.081081081081081,0.79175771163854,"[5, 14, 17]",55,88,77,2,0,1
2082.0,2.1171171171171173,0.7638760262677337,"[17, 14, 5, 26]",50,93,78,1,1,1
2083.0,2.054054054054054,0.8053872662568292,"[5, 14, 29, 17]",60,84,76,2,0,1
2084.0,1.981981981981982,0.7784656213705153,"[17, 5, 14]",63,94,63,2,0,1
2085.0,2.103603603603604,0.8255455268000272,"[17, 29, 14, 5, 26]",53,81,84,4,0,1
2086.0,1.9954954954954955,0.7639960895623062,"[17, 14, 5]",59,99,62,2,0,2
2087.0,2.027027027027027,0.7723673364621625,"[14, 5, 17]",57,96,67,2,0,1
2088.0,2.0765765765765765,0.7950588304542311,"[14, 5]",56,87,77,2,0,1
2089.0,1.9774774774774773,0.7927482050973126,"[17, 14, 5, 26]",66,89,65,2,0,1
2090.0,2.0225225225225225,0.8040828714730361,"[17, 5, 14]",66,82,73,1,0,0
2091.0,1.981981981981982,0.8181424936680501,"[14, 5, 17]",67,83,69,3,0,1
2092.0,2.0765765765765765,0.8063610180276339,"[17, 5, 26, 14]",55,86,78,3,0,0
2093.0,2.009009009009009,0.7958659644705466,"[5, 14, 17]",69,82,71,0,0,1
2094.0,2.027027027027027,0.8343253644387617,"[17, 14, 5, 29]",62,80,76,4,0,0
2095.0,2.0315315315315314,0.7809359719041846,"[5, 17, 14]",61,90,70,1,0,1
2096.0,2.0765765765765765,0.8230233366445514,"[5, 14]",61,77,82,2,0,1
2097.0,2.112612612612613,0.7907402016127275,"[17, 5, 14]",55,84,82,1,0,0
2098.0,2.018018018018018,0.7957122877791637,"[14, 17, 5]",65,85,71,1,0,1
2099.0,2.0315315315315314,0.8037786307414235,"[5, 14, 17]",68,79,75,0,0,0
2100.0,2.0225225225225225,0.8096907051164531,"[14, 5, 17]",70,77,75,0,0,1
2101.0,2.0855855855855854,0.7941353870744925,"[5, 14, 17]",55,87,78,2,0,1
2102.0,2.0945945945945947,0.7873821495197958,"[17, 5, 14]",53,89,78,2,1,0
2103.0,2.0495495495495497,0.8028652168061973,"[17, 5, 14, 29]",60,85,75,2,0,1
2104.0,2.081081081081081,0.7802440172329329,"[14, 5, 17]",59,86,77,0,0,1
2105.0,2.036036036036036,0.8501043633341623,"[5, 14, 17]",64,74,80,4,1,0
2106.0,2.063063063063063,0.7761055962029545,"[26, 14, 17, 5]",57,91,73,1,0,1
2107.0,2.0225225225225225,0.787019658540595,"[5, 14, 17]",63,88,70,1,0,1
2108.0,2.0675675675675675,0.8071694761865497,"[14, 17, 26, 5]",56,86,77,3,0,0
2109.0,2.0225225225225225,0.7812491082706582,"[14, 5, 17]",62,90,69,1,0,1
2110.0,2.027027027027027,0.7954560939839985,"[14, 17, 5]",61,88,71,2,0,3
2111.0,2.072072072072072,0.8095774185289925,"[5, 17, 14]",53,88,77,4,0,2
2112.0,2.0495495495495497,0.825100994654525,"[5, 14, 17, 29]",61,80,78,3,0,0
2113.0,2.0225225225225225,0.82628588225804,"[14, 17, 5, 21]",67,77,76,2,0,1
2114.0,2.081081081081081,0.8087209625118332,"[14, 5, 17]",61,79,81,1,0,1
2115.0,2.036036036036036,0.8119907710498862,"[14, 5, 17, 29]",63,82,75,2,0,1
2116.0,2.0045045045045047,0.8374587056625687,"[5, 14]",59,85,72,6,0,0
2117.0,2.0315315315315314,0.8422639156025566,"[14, 5, 17]",66,74,79,3,0,1
2118.0,2.0765765765765765,0.8007298655844591,"[5, 14, 17]",60,82,79,1,0,1
2119.0,2.0765765765765765,0.7893470530302839,"[5, 14, 17]",61,83,78,0,0,1
2120.0,2.0,0.7669649888473704,"[14, 29, 5, 17]",65,92,65,0,0,1
2121.0,2.0675675675675675,0.7728026402344472,"[5, 14, 17]",59,89,74,0,0,1
2122.0,2.126126126126126,0.8085193116017013,"[14, 5, 17, 29]",57,77,87,1,0,1
2123.0,2.018018018018018,0.8125929892570566,"[14, 5, 29]",62,85,72,3,0,1
2124.0,2.144144144144144,0.7826957343774225,"[5, 14, 26, 17]",54,82,86,0,0,1
2125.0,2.0765765765765765,0.8175069656619901,"[14, 5, 17, 29]",60,79,81,2,0,1
2126.0,1.9954954954954955,0.8210893754172298,"[17, 5, 14]",60,88,69,5,0,0
2127.0,2.009009009009009,0.7727894528136424,"[14, 5, 17]",62,93,66,1,0,1
2128.0,2.0495495495495497,0.8359971285185128,"[5, 14, 17, 26]",60,79,79,4,0,0
2129.0,2.0135135135135136,0.8209900751144731,"[14, 17, 5]",67,79,74,2,0,1
2130.0,2.0045045045045047,0.7873303753121176,"[17, 14, 5]",65,88,68,1,0,1
2131.0,1.981981981981982,0.8125929892570566,"[5, 14, 17]",69,82,69,2,0,1
2132.0,2.0765765765765765,0.8063610180276339,"[14, 5, 26, 17]",61,80,80,1,0,1
2133.0,2.036036036036036,0.8175443633380666,"[5, 17, 26, 14]",61,83,75,3,0,1
2134.0,2.036036036036036,0.8175443633380667,"[14, 17, 5]",64,80,76,2,0,3
2135.0,2.018018018018018,0.8453437222359055,"[14, 17, 5]",65,76,77,4,0,1
2136.0,2.103603603603604,0.8145095882236268,"[5, 17, 14, 26]",60,76,85,1,0,3
2137.0,2.09009009009009,0.790778865149106,"[5, 17, 14, 26]",57,85,79,1,0,0
2138.0,2.0225225225225225,0.7695782102310241,"[5, 17, 29, 14]",60,94,67,1,0,1
2139.0,2.063063063063063,0.8103323632877316,"[14, 5, 17]",54,88,76,4,0,0
2140.0,2.072072072072072,0.7694590179486329,"[5, 17, 14, 26]",58,90,74,0,0,1
2141.0,2.0225225225225225,0.8152599657211406,"[5, 29, 17, 14, 26]",59,87,72,4,0,1
2142.0,2.058558558558558,0.8245079123091277,"[14, 5, 29, 26, 17]",63,77,80,2,0,1
2143.0,2.036036036036036,0.777836981466073,"[5, 29, 14, 17]",60,91,70,1,0,1
2144.0,1.9954954954954955,0.809992725221495,"[14, 5, 17]",73,77,72,0,0,1
2145.0,2.063063063063063,0.7761055962029546,"[17, 5, 14]",57,91,73,1,0,1
2146.0,2.103603603603604,0.7746466633366657,"[17, 26, 5, 14]",53,90,78,1,0,1
2147.0,2.0405405405405403,0.7862941752443774,"[5, 14, 17, 29]",64,85,73,0,0,0
2148.0,2.058558558558558,0.8078762134098192,"[14, 4, 5, 17]",63,80,78,1,0,0
2149.0,2.0315315315315314,0.8314499119098145,"[5, 26, 14, 4]",67,75,78,2,0,1
2150.0,2.0495495495495497,0.7623936909941409,"[28, 14, 5, 26]",56,96,69,1,0,0
2151.0,2.112612612612613,0.767509590444258,"[17, 14, 5, 26]",54,89,79,0,0,1
2152.0,2.0675675675675675,0.778635790667876,"[17, 14, 5, 29]",60,87,75,0,0,1
2153.0,2.009009009009009,0.8182919579375431,"[17, 14, 5]",67,80,73,2,0,1
2154.0,2.0765765765765765,0.783593642375905,"[14, 5, 17]",54,91,75,2,0,1
2155.0,2.103603603603604,0.7919764985689902,"[14, 17, 5]",53,87,80,2,0,1
2156.0,2.0135135135135136,0.7929538666645037,"[17, 5, 14]",62,89,69,2,0,0
2157.0,2.0225225225225225,0.8040828714730361,"[14, 5, 26]",63,85,72,2,0,1
2158.0,2.121621621621621,0.7720109962648974,"[14, 17, 26, 5]",51,90,80,1,1,1
2159.0,2.13963963963964,0.7863978566920337,"[14, 5]",52,84,85,1,0,0
2160.0,2.099099099099099,0.8122919359626525,"[14, 17, 5, 29]",57,80,83,2,0,0
2161.0,2.1171171171171173,0.7579292907329334,"[29, 26, 14, 5]",52,92,78,0,0,1
2162.0,2.144144144144144,0.771046733409396,"[17, 14, 5]",52,86,84,0,0,1
2163.0,2.108108108108108,0.8166962621684045,"[14, 17, 5]",57,78,85,2,0,0
2164.0,2.0405405405405403,0.7920279690635249,"[17, 14, 5, 26]",59,89,72,2,0,1
2165.0,2.0945945945945947,0.7987929624713317,"[14, 26, 17, 5]",61,79,82,0,0,1
2166.0,2.0945945945945947,0.8100430509578108,"[14, 17, 26, 5]",57,81,82,2,0,1
2167.0,2.0405405405405403,0.7805182613287018,"[28, 14, 5, 17]",63,87,72,0,0,1
2168.0,2.1486486486486487,0.8018490920936298,"[17, 14, 5]",48,84,87,3,0,1
2169.0,1.9684684684684688,0.8582294709418448,"[14, 5]",64,80,71,7,0,0
2170.0,2.036036036036036,0.8285398804747766,"[14, 5, 17]",63,79,77,3,0,1
2171.0,2.0675675675675675,0.8071694761865497,"[14, 5, 17, 4, 26]",65,77,80,0,0,2
2172.0,2.1171171171171173,0.8098794808808483,"[5, 17, 14]",52,83,84,3,0,1
2173.0,2.009009009009009,0.8071568502552311,"[5, 14]",62,87,70,3,0,1
2174.0,1.945945945945946,0.822069321843126,"[14, 17, 5]",69,84,65,4,0,0
2175.0,2.0135135135135136,0.8209900751144732,"[17, 5, 26, 14]",64,82,73,3,0,2
2176.0,2.130630630630631,0.7936732624728556,"[14, 5, 17, 26]",54,82,85,1,0,2
2177.0,2.0405405405405403,0.7862941752443775,"[17, 29, 5, 14, 26]",61,88,72,1,0,1
2178.0,2.108108108108108,0.7532896344219971,"[5, 14]",49,97,75,1,1,1
2179.0,1.9774774774774773,0.7927482050973127,"[14, 17, 5]",66,89,65,2,0,1
2180.0,2.0315315315315314,0.8204933933332591,"[14, 5, 17]",53,91,72,6,0,1
2181.0,1.9954954954954955,0.7873303753121176,"[14, 17, 29, 5]",66,88,67,1,0,1
2182.0,2.0225225225225225,0.8096907051164531,"[14, 5, 29, 17]",70,77,75,0,0,1
2183.0,2.0495495495495497,0.7972093718726633,"[14, 17, 5]",65,81,76,0,0,1
2184.0,2.009009009009009,0.8292775626631712,"[14, 5, 17, 26]",66,79,74,3,0,0
2185.0,1.9774774774774773,0.8152599657211406,"[5, 14]",73,78,70,1,1,1
2186.0,2.0495495495495497,0.8305669299554027,"[14, 5, 26, 17]",65,75,80,2,0,0
2187.0,2.018018018018018,0.8236546082558096,"[14, 5, 17]",64,81,74,3,0,0
2188.0,2.0045045045045047,0.809992725221495,"[14, 17, 5]",57,92,68,5,0,2
2189.0,2.0855855855855854,0.7998129698620862,"[17, 14, 5]",59,82,80,1,0,0
2190.0,2.0945945945945947,0.793108077841898,"[14, 5, 17]",54,87,79,2,0,1
2191.0,2.0945945945945947,0.7816142754752871,"[14, 5, 17]",58,85,79,0,0,1
2192.0,2.103603603603604,0.7919764985689902,"[5, 14]",53,87,80,2,0,0
2193.0,2.0405405405405403,0.7862941752443776,"[14, 5, 17]",64,85,73,0,0,0
2194.0,2.0945945945945947,0.793108077841898,"[17, 14, 5, 26]",57,84,80,1,0,0
2195.0,2.112612612612613,0.8133075442101599,"[26, 5, 29, 17, 14]",59,76,86,1,0,1
2196.0,2.0855855855855854,0.7531949261076852,"[17, 5, 14]",54,95,73,0,1,1
2197.0,2.0945945945945947,0.8044376735642,"[26, 17, 5, 14]",62,77,83,0,0,0
2198.0,2.058558558558558,0.8461751547303789,"[14, 5]",58,78,81,5,0,0
2199.0,2.0315315315315314,0.7867088190490745,"[17, 14, 5]",62,88,71,1,1,2
2200.0,2.0675675675675675,0.7958787695220654,"[5, 17, 29, 26, 14]",57,87,76,2,0,1
2201.0,2.054054054054054,0.8109860802777719,"[5, 14, 17]",61,82,77,2,0,1
2202.0,2.0495495495495497,0.7623936909941407,"[5, 14, 17]",56,96,69,1,0,1
2203.0,2.036036036036036,0.8119907710498862,"[17, 14, 5]",63,82,75,2,0,0
2204.0,2.103603603603604,0.8364358698255634,"[14, 5, 26, 17]",58,74,87,3,0,1
2205.0,2.0405405405405403,0.8200958313253229,"[14, 5, 17]",58,85,75,4,0,1
2206.0,2.045045045045045,0.7715224109129613,"[14, 5, 17, 26]",55,96,69,2,0,1
2207.0,2.054054054054054,0.8437991851964788,"[5, 26, 29, 14, 17]",61,76,81,4,0,1
2208.0,2.0045045045045047,0.7987419279094043,"[14, 5, 17]",64,87,69,2,0,0
2209.0,2.0675675675675675,0.812756013230862,"[5, 17, 14]",60,81,79,2,1,1
2210.0,2.0135135135135136,0.7929538666645037,"[17, 5, 14]",62,89,69,2,0,1
2211.0,2.054054054054054,0.8053872662568292,"[5, 17, 14]",60,84,76,2,0,0
2212.0,2.045045045045045,0.8115388141244638,"[5, 17, 14]",62,82,76,2,0,1
2213.0,2.112612612612613,0.8021032439517055,"[14, 17, 5]",54,83,83,2,0,1
2214.0,2.0045045045045047,0.7987419279094045,"[17, 5, 29, 14]",67,84,70,1,0,0
2215.0,2.072072072072072,0.8206796842272748,"[14, 5, 26]",55,84,79,4,1,0
2216.0,2.058558558558558,0.7908948444176505,"[14, 5, 17]",57,89,74,2,0,2
2217.0,2.081081081081081,0.8198348264848099,"[5, 14, 26]",57,81,81,3,0,1
2218.0,2.09009009009009,0.8188895422123721,"[17, 5, 14, 26]",59,78,83,2,0,1
2219.0,2.108108108108108,0.8222180722870905,"[17, 26, 14, 5]",58,76,86,2,0,1
2220.0,2.112612612612613,0.8021032439517055,"[17, 14, 5, 26]",57,80,84,1,0,0
2221.0,2.0945945945945947,0.7987929624713317,"[14, 17, 26, 5]",55,85,80,2,0,1
2222.0,2.0675675675675675,0.8347283582492867,"[17, 5, 14]",55,82,80,5,0,0
2223.0,1.936936936936937,0.8747775854806487,"[14, 17, 5, 29]",71,73,71,7,0,1
2224.0,1.9324324324324325,0.812756013230862,"[5, 14, 17]",75,81,64,2,0,0
2225.0,2.058558558558558,0.8078762134098192,"[14, 5, 29, 26]",63,80,78,1,0,0
2226.0,2.072072072072072,0.8370570263550434,"[14, 29, 5, 17]",55,81,81,5,0,1
2227.0,1.990990990990991,0.8401195292622844,"[14, 5, 17]",67,78,73,4,0,0
2228.0,2.0405405405405403,0.8472343485337768,"[5, 14, 17]",63,75,80,4,0,1
2229.0,2.009009009009009,0.8238030724517322,"[17, 5, 14, 26]",62,84,72,4,0,0
2230.0,2.045045045045045,0.8226146086363001,"[5, 14, 26, 17]",64,78,78,2,0,0
2231.0,2.0855855855855854,0.7884169196867215,"[17, 14, 4, 5]",57,86,78,1,0,1
2232.0,2.009009009009009,0.8182919579375431,"[14, 17, 5]",70,77,74,1,0,0
2233.0,2.0225225225225225,0.82628588225804,"[5, 14, 17]",64,80,75,3,0,1
2234.0,2.0675675675675675,0.778635790667876,"[14, 5, 17]",57,90,74,1,0,2
2235.0,2.0,0.8455365909863586,"[17, 5, 14, 29]",64,79,74,5,0,0
2236.0,1.9684684684684688,0.8314499119098147,"[17, 14, 29, 5]",74,75,71,2,0,1
2237.0,2.054054054054054,0.810986080277772,"[17, 14, 5, 29]",58,85,76,3,0,0
2238.0,2.0945945945945947,0.775803520146114,"[14, 17, 5]",57,87,78,0,0,1
2239.0,2.045045045045045,0.8280969557349604,"[14, 5, 17]",59,82,77,4,0,1
2240.0,2.0675675675675675,0.812756013230862,"[5, 17, 14]",60,81,79,2,0,1
2241.0,2.103603603603604,0.8200461225223118,"[5, 26, 14]",55,80,84,3,0,1
2242.0,2.0495495495495497,0.8195986076270692,"[5, 14, 17, 26]",63,79,78,2,0,1
2243.0,2.081081081081081,0.8362287151158745,"[26, 17, 14, 5]",57,78,83,4,0,1
2244.0,1.9954954954954955,0.7930566774479464,"[5, 14, 29, 17]",70,83,69,0,1,1
2245.0,2.0405405405405403,0.7920279690635249,"[14, 5, 17, 4]",65,83,74,0,0,1
2246.0,2.121621621621621,0.7601982838987518,"[32, 17, 5, 14]",52,91,79,0,1,1
2247.0,2.0225225225225225,0.8262858822580399,"[17, 14, 5, 26]",67,77,76,2,0,1
2248.0,2.0225225225225225,0.82628588225804,"[5, 17, 14]",64,80,75,3,0,0
2249.0,2.126126126126126,0.8085193116017013,"[17, 5, 29, 14]",54,80,86,2,0,0
2250.0,2.0,0.8127936295043754,"[14, 17, 5]",64,85,70,3,0,0
2251.0,2.036036036036036,0.8119907710498862,"[17, 14, 5, 4]",63,82,75,2,0,2
2252.0,2.0315315315315314,0.7809359719041846,"[14, 17, 5]",64,87,71,0,0,1
2253.0,2.0495495495495497,0.7857755627978602,"[5, 14, 17, 26]",60,88,73,1,0,1
2254.0,2.0135135135135136,0.8319400524964407,"[5, 17, 26, 14]",63,81,74,4,0,0
2255.0,2.0135135135135136,0.8154599497711779,"[5, 17, 14]",63,84,72,3,0,1
2256.0,2.0315315315315314,0.798129258629767,"[14, 17, 5]",61,87,72,2,1,0
2257.0,2.063063063063063,0.7876797851721572,"[17, 5, 14]",62,84,76,0,0,1
2258.0,1.972972972972973,0.8011243169520794,"[5, 26, 14, 17]",65,89,65,3,0,0
2259.0,2.018018018018018,0.8070053236714507,"[14, 29, 17, 26, 5]",64,84,72,2,0,1
2260.0,2.0045045045045047,0.7987419279094046,"[14, 29, 17, 5]",64,87,69,2,0,2
2261.0,2.058558558558558,0.8461751547303789,"[14, 17, 5]",64,72,83,3,0,1
2262.0,1.9774774774774773,0.804082871473036,"[17, 14, 29, 5]",71,82,68,1,1,1
2263.0,2.0135135135135136,0.8264831983725527,"[5, 14, 17, 29]",65,80,74,3,0,0
2264.0,2.0855855855855854,0.7768537132156773,"[5, 26, 14, 17]",58,87,77,0,0,0
2265.0,2.0225225225225225,0.7754356165524269,"[14, 5, 17]",61,92,68,1,0,1
2266.0,2.1171171171171173,0.8319278025011886,"[5, 14, 17]",56,75,88,3,0,1
2267.0,2.0495495495495497,0.7915131135022022,"[5, 17, 14]",61,86,74,1,0,0
2268.0,1.954954954954955,0.8758952745039866,"[5, 29, 14, 17]",72,70,74,6,0,0
2269.0,2.036036036036036,0.7950972839868216,"[17, 5, 14, 29]",66,82,74,0,0,1
2270.0,2.0495495495495497,0.7915131135022022,"[17, 14, 5]",61,86,74,1,0,0
2271.0,2.0405405405405403,0.7977205510293364,"[5, 17, 14]",60,87,73,2,0,1
2272.0,2.1171171171171173,0.7929410143792941,"[14, 17, 5]",55,83,83,1,0,1
2273.0,1.9954954954954955,0.781562119177653,"[17, 14, 26, 5]",65,90,66,1,1,1
2274.0,2.0405405405405403,0.7920279690635249,"[14, 5, 17]",59,89,72,2,0,0
2275.0,2.072072072072072,0.7869031081203345,"[5, 17, 14]",58,87,76,1,0,1
2276.0,2.09009009009009,0.7964803747250548,"[17, 14, 5, 26]",58,83,80,1,0,1
2277.0,2.045045045045045,0.7946357187816142,"[26, 5, 17, 14]",65,82,75,0,0,0
2278.0,2.0405405405405403,0.7388236189903427,"[5, 14, 17]",56,101,65,0,1,1
2279.0,2.0675675675675675,0.8183044120610503,"[14, 5, 17]",61,79,80,2,0,1
2280.0,2.018018018018018,0.8070053236714507,"[17, 14, 5, 26]",64,84,72,2,0,1
2281.0,2.112612612612613,0.755626510858771,"[17, 5, 14]",52,93,77,0,0,1
2282.0,1.990990990990991,0.8292775626631712,"[17, 14, 5]",65,82,71,4,0,0
2283.0,2.0315315315315314,0.7751201316301088,"[17, 5, 14]",60,92,69,1,0,1
2284.0,2.0675675675675675,0.8508353268009726,"[5, 17, 14]",64,70,85,3,0,1
2285.0,2.0765765765765765,0.8175069656619901,"[14, 5, 17]",60,79,81,2,0,0
2286.0,2.081081081081081,0.7744229804648938,"[28, 14, 5, 17, 29]",58,88,76,0,0,1
2287.0,2.0765765765765765,0.8175069656619901,"[17, 5, 29, 14]",54,85,79,4,0,1
2288.0,2.0765765765765765,0.7719581911351323,"[17, 5, 14]",58,89,75,0,1,1
2289.0,2.0,0.778675055224552,"[5, 17, 14]",61,94,65,2,0,0
2290.0,1.9504504504504503,0.7504296053304115,"[17, 5, 14, 29]",62,103,55,2,1,1
2291.0,2.1531531531531534,0.7693000661787257,"[17, 14, 26, 5]",48,89,84,1,0,1
2292.0,2.0945945945945947,0.7816142754752871,"[5, 14, 17]",58,85,79,0,0,1
2293.0,2.027027027027027,0.7897471897389846,"[5, 17, 14]",66,84,72,0,0,1
2294.0,2.0315315315315314,0.798129258629767,"[5, 26, 29, 17, 14]",64,84,73,1,0,1
2295.0,2.108108108108108,0.7710996009560597,"[17, 14, 5]",55,88,79,0,0,1
2296.0,2.081081081081081,0.8253356386786131,"[5, 14, 17]",61,76,83,2,0,1
2297.0,2.0,0.807207352795575,"[5, 17, 14]",69,81,71,1,0,1
2298.0,1.95945945945946,0.8089855530513882,"[17, 14, 5]",71,83,66,2,0,2
2299.0,2.0945945945945947,0.8211390210654654,"[5, 17, 14]",56,80,83,3,0,1
2300.0,2.009009009009009,0.8182919579375431,"[14, 17, 5]",70,77,74,1,0,2
2301.0,2.054054054054054,0.8275552813385176,"[14, 17, 5]",58,82,78,4,0,1
2302.0,2.009009009009009,0.7727894528136424,"[5, 17, 14]",62,93,66,1,0,2
2303.0,2.0495495495495497,0.8467530610529325,"[14, 5]",62,75,81,4,0,1
2304.0,2.063063063063063,0.8103323632877316,"[17, 14, 5]",63,79,79,1,0,1
2305.0,2.063063063063063,0.7584131955540959,"[5, 14, 17, 26]",57,94,71,0,0,1
2306.0,2.1486486486486487,0.7731190708507311,"[14, 5, 17, 26]",43,94,82,3,0,0
2307.0,2.112612612612613,0.7675095904442579,"[14, 5, 17]",51,92,78,1,0,2
2308.0,2.1486486486486487,0.8186032541826025,"[14, 5, 26]",54,75,91,2,1,2
2309.0,2.099099099099099,0.7781513649001827,"[26, 17, 5, 14]",51,92,77,2,0,1
2310.0,2.045045045045045,0.817095478255875,"[5, 14, 17]",57,86,75,4,0,1
2311.0,2.0945945945945947,0.7640494449705395,"[17, 14, 5]",55,91,76,0,0,1
2312.0,2.112612612612613,0.7964419879703689,"[14, 17, 5]",56,82,83,1,0,1
2313.0,2.0495495495495497,0.8084814964567331,"[14, 5, 29, 17]",61,83,76,2,0,0
2314.0,2.081081081081081,0.7744229804648938,"[5, 14, 17, 29]",58,88,76,0,0,0
2315.0,2.130630630630631,0.7705310847342125,"[5, 17, 14]",53,87,82,0,1,1
2316.0,2.054054054054054,0.7531272700199773,"[17, 14, 5]",54,99,68,1,0,1
2317.0,2.0495495495495497,0.8520801136971612,"[14, 26, 5, 17]",54,82,79,7,0,0
2318.0,2.072072072072072,0.7694590179486329,"[14, 5, 17]",58,90,74,0,0,1
2319.0,1.9954954954954955,0.8043869971326538,"[14, 5, 17]",72,79,71,0,1,1
2320.0,2.09009009009009,0.7907788651491059,"[5, 14]",51,91,77,3,1,1
2321.0,2.121621621621621,0.8175568288499391,"[17, 5, 29, 26, 14]",56,77,87,2,0,0
2322.0,2.081081081081081,0.7974522228289,"[17, 5, 14]",56,86,78,2,0,1
2323.0,2.0855855855855854,0.7941353870744926,"[5, 17, 14]",55,87,78,2,0,0
2324.0,2.0405405405405403,0.7862941752443775,"[5, 17, 14]",58,91,71,2,0,0
2325.0,2.058558558558558,0.8078762134098192,"[14, 5, 17]",57,86,76,3,0,1
2326.0,2.018018018018018,0.8559822172422555,"[14, 17, 5]",67,72,79,4,0,1
2327.0,2.13963963963964,0.7570817130479006,"[14, 5, 26]",50,91,81,0,0,2
2328.0,2.0945945945945947,0.793108077841898,"[14, 26, 17, 5]",54,87,79,2,0,1
2329.0,2.036036036036036,0.8007680467893786,"[17, 14, 26, 5]",64,83,74,1,0,1
2330.0,2.0765765765765765,0.8447286592061115,"[5, 14, 26, 17]",56,78,83,5,0,0
2331.0,2.09009009009009,0.8077626723447155,"[14, 5, 17]",57,82,81,2,0,1
2332.0,2.0,0.8508712596230341,"[5, 14, 17]",65,77,75,5,0,1
2333.0,1.9684684684684688,0.7981292586297671,"[5, 17, 14, 26]",71,84,66,1,0,1
2334.0,2.081081081081081,0.79175771163854,"[17, 5, 14]",58,85,78,1,0,1
2335.0,2.0855855855855854,0.8166089076336228,"[5, 17, 14]",56,82,81,3,0,1
2336.0,2.0315315315315314,0.7692603231043579,"[14, 5, 29, 17]",59,94,68,1,0,0
2337.0,2.0855855855855854,0.7531949261076852,"[14, 17, 5]",54,95,73,0,0,1
2338.0,2.058558558558558,0.8245079123091277,"[17, 5, 14, 26]",57,83,78,4,0,0
2339.0,1.981981981981982,0.8125929892570566,"[29, 5, 14, 17, 26]",72,79,70,1,0,0
2340.0,1.9144144144144144,0.8330662814527707,"[14, 5, 17]",69,85,62,6,0,0
2341.0,1.972972972972973,0.7782037497913458,"[17, 14, 5, 29]",67,91,63,1,0,2
2342.0,2.0315315315315314,0.820493393333259,"[17, 14, 5, 29]",65,79,76,2,0,1
2343.0,2.09009009009009,0.802141359785057,"[17, 5, 14]",53,87,79,3,0,2
2344.0,2.036036036036036,0.7836326585153965,"[5, 14, 17]",64,86,72,0,1,2
2345.0,2.0135135135135136,0.8319400524964407,"[5, 17, 14, 29]",63,81,74,4,0,1
2346.0,2.0765765765765765,0.7950588304542311,"[17, 5, 14]",62,81,79,0,0,0
2347.0,2.072072072072072,0.7811316968436162,"[5, 17, 14, 29]",54,92,74,2,0,1
2348.0,1.972972972972973,0.8343253644387617,"[5, 17, 21, 14]",68,80,70,4,0,0
2349.0,2.018018018018018,0.8236546082558096,"[5, 17, 14]",67,78,75,2,0,1
2350.0,2.081081081081081,0.8198348264848099,"[14, 5, 26]",57,81,81,3,0,0
2351.0,2.0765765765765765,0.7950588304542311,"[17, 5, 26, 14]",59,84,78,1,0,1
2352.0,2.0045045045045047,0.7873303753121177,"[14, 5, 17]",65,88,68,1,0,1
2353.0,1.981981981981982,0.8181424936680499,"[17, 14, 5]",64,86,68,4,1,0
2354.0,2.009009009009009,0.8347161491742124,"[14, 5, 17]",64,80,74,4,0,0
2355.0,2.0495495495495497,0.8195986076270692,"[14, 5, 17]",54,88,75,5,0,0
2356.0,2.058558558558558,0.8022556964196214,"[14, 17, 26, 5]",56,88,75,3,0,1
2357.0,2.0675675675675675,0.8071694761865497,"[14, 17, 5]",59,83,78,2,0,1
2358.0,2.0,0.7902116103552715,"[14, 5, 17]",69,84,69,0,0,1
2359.0,2.0675675675675675,0.812756013230862,"[17, 14, 5, 29]",63,78,80,1,0,1
2360.0,2.130630630630631,0.7936732624728556,"[5, 14, 17, 26]",54,82,85,1,0,1
2361.0,2.0315315315315314,0.8259898197067457,"[5, 17, 14, 29]",60,83,75,4,0,0
2362.0,2.054054054054054,0.822069321843126,"[14, 5, 26, 29, 17]",63,78,79,2,0,1
2363.0,2.0315315315315314,0.798129258629767,"[5, 14, 17]",64,84,73,1,0,2
2364.0,2.121621621621621,0.7836456634635528,"[5, 17, 14, 26]",53,86,82,1,0,1
2365.0,2.054054054054054,0.8330051124854692,"[14, 17, 5]",59,80,79,4,0,1
2366.0,2.099099099099099,0.7896955705886476,"[5, 14, 17, 26]",56,85,80,1,0,0
2367.0,2.009009009009009,0.790160021544356,"[14, 17, 5, 29]",62,90,68,2,0,0
2368.0,2.018018018018018,0.8236546082558096,"[14, 29, 5, 17]",67,78,75,2,0,1
2369.0,2.0045045045045047,0.8428445037168371,"[5, 14, 17]",63,80,74,5,0,1
2370.0,2.058558558558558,0.796595523890309,"[14, 26, 17, 5]",61,84,76,1,0,0
2371.0,2.09009009009009,0.8188895422123721,"[26, 14, 29, 5]",59,78,83,2,0,1
2372.0,2.0495495495495497,0.7857755627978601,"[5, 17, 14]",60,88,73,1,0,3
2373.0,2.036036036036036,0.8285398804747764,"[14, 17, 5]",66,76,78,2,0,1
2374.0,2.0405405405405403,0.7629281978014781,"[17, 5, 14, 26]",60,93,69,0,0,1
2375.0,2.108108108108108,0.7710996009560597,"[5, 14, 17, 29]",55,88,79,0,0,2
2376.0,2.081081081081081,0.8087209625118332,"[17, 5, 14, 26]",58,82,80,2,0,1
2377.0,2.108108108108108,0.7411786058814124,"[14, 5, 17]",50,98,74,0,0,3
2378.0,2.108108108108108,0.7827478151396571,"[14, 17, 5, 29]",54,87,80,1,0,1
2379.0,2.0405405405405403,0.808985553051388,"[5, 14, 17]",62,83,75,2,0,0
2380.0,2.045045045045045,0.8170954782558749,"[5, 14, 17, 29]",60,83,76,3,0,1
2381.0,2.0135135135135136,0.815459949771178,"[5, 17, 14]",66,81,73,2,0,0
2382.0,2.0495495495495497,0.8140590297199426,"[14, 5, 26, 17]",65,78,78,1,0,0
2383.0,2.058558558558558,0.7965955238903089,"[5, 17, 14]",61,84,76,1,0,0
2384.0,2.0405405405405403,0.8255949044857465,"[14, 17, 5, 26]",62,80,77,3,1,1
2385.0,1.9864864864864864,0.8319400524964407,"[17, 5, 26, 14]",63,84,70,5,0,1
2386.0,2.063063063063063,0.7819141066723375,"[17, 5, 14, 26]",55,92,73,2,0,0
2387.0,2.072072072072072,0.8370570263550434,"[5, 14, 17]",64,72,84,2,0,1
2388.0,2.045045045045045,0.7889208780403245,"[17, 14, 5]",58,90,72,2,0,0
2389.0,2.0315315315315314,0.8149598976316995,"[5, 14, 29, 26, 17]",67,78,76,1,0,0
2390.0,2.0855855855855854,0.8330662814527706,"[5, 14, 17, 29]",59,76,84,3,0,1
2391.0,2.0225225225225225,0.7812491082706582,"[5, 28, 14, 17]",59,93,68,2,0,0
2392.0,1.963963963963964,0.8063989326099908,"[14, 5, 17]",73,81,67,1,0,0
2393.0,2.09009009009009,0.790778865149106,"[17, 14, 5, 26]",57,85,79,1,0,1
2394.0,1.9954954954954955,0.8155599234068582,"[17, 14, 5]",68,81,71,2,0,1
2395.0,2.09009009009009,0.78503594810101,"[5, 14]",53,90,77,2,1,1
2396.0,2.0495495495495497,0.8251009946545252,"[17, 29, 5, 14]",61,80,78,3,0,0
2397.0,2.121621621621621,0.8007807734531344,"[17, 14, 26, 5]",53,83,84,2,0,1
2398.0,2.009009009009009,0.812743474086136,"[14, 17, 5, 26]",60,88,70,4,0,0
2399.0,1.95945945945946,0.8364846046545872,"[5, 17, 14]",67,82,68,5,0,0
2400.0,2.09009009009009,0.8077626723447154,"[5, 17, 14]",57,82,81,2,0,1
2401.0,2.09009009009009,0.8243966618688144,"[17, 5, 26, 14]",60,76,84,2,0,0
2402.0,2.0495495495495497,0.8305669299554027,"[14, 5]",65,75,80,2,0,1
2403.0,2.081081081081081,0.7974522228289,"[17, 14, 5]",56,86,78,2,0,2
2404.0,2.0135135135135136,0.7929538666645037,"[17, 14, 5]",65,86,70,1,0,1
2405.0,2.0135135135135136,0.7872268166815277,"[5, 14, 17, 29]",67,85,70,0,0,1
2406.0,2.054054054054054,0.8053872662568292,"[17, 14, 5]",66,78,78,0,0,0
2407.0,2.036036036036036,0.8175443633380667,"[17, 5, 14]",61,83,75,3,0,2
2408.0,2.0495495495495497,0.779995808536583,"[5, 17, 29, 26, 14]",59,90,72,1,0,0
2409.0,2.027027027027027,0.8397312590951516,"[14, 17, 5]",63,78,77,4,0,1
2410.0,2.009009009009009,0.7844125737718137,"[17, 14, 5]",61,92,67,2,0,1
2411.0,1.9864864864864864,0.8209900751144732,"[17, 14, 5]",70,79,71,2,0,1
2412.0,2.0225225225225225,0.8152599657211406,"[5, 14, 17, 26]",65,81,74,2,0,0
2413.0,2.018018018018018,0.850679600366267,"[14, 17, 5]",66,74,78,4,0,0
2414.0,2.072072072072072,0.8261748712343143,"[5, 14, 17]",65,73,83,1,1,1
2415.0,2.0,0.8238525545716346,"[5, 14, 17]",66,81,72,3,0,1
2416.0,2.063063063063063,0.804729001115173,"[5, 14, 17]",59,84,77,2,0,1
2417.0,2.0315315315315314,0.7809359719041846,"[14, 29, 5]",64,87,71,0,0,1
2418.0,2.0045045045045047,0.8155599234068583,"[14, 5, 17]",70,78,73,1,0,1
2419.0,2.081081081081081,0.8198348264848099,"[17, 5, 14, 26]",57,81,81,3,0,0
2420.0,2.0765765765765765,0.8119531175814391,"[14, 17, 5, 26]",59,81,80,2,0,1
2421.0,2.009009009009009,0.8401195292622843,"[17, 5, 14]",68,75,76,3,0,1
2422.0,2.0855855855855854,0.7471631836210247,"[17, 14, 29, 5]",53,97,72,0,0,1
2423.0,1.972972972972973,0.8234071084430594,"[5, 17, 14, 29]",72,78,70,2,0,0
2424.0,2.0135135135135136,0.815459949771178,"[5, 14, 17, 26]",63,84,72,3,0,1
2425.0,2.0315315315315314,0.7924396126678964,"[28, 14, 17, 5]",63,86,72,1,0,0
2426.0,2.0405405405405403,0.7977205510293364,"[5, 14, 29, 17]",57,90,72,3,0,0
2427.0,2.063063063063063,0.7876797851721572,"[14, 5, 26]",59,87,75,1,0,1
2428.0,2.0495495495495497,0.7799958085365829,"[17, 5, 14]",59,90,72,1,1,3
2429.0,1.9954954954954955,0.8210893754172299,"[14, 17, 5, 29]",66,82,71,3,0,1
2430.0,2.13963963963964,0.8034742748070984,"[17, 14, 5]",52,81,87,2,1,1
2431.0,1.9954954954954955,0.82108937541723,"[14, 5, 17, 29]",69,79,72,2,0,1
2432.0,2.018018018018018,0.8125929892570566,"[5, 17, 14, 29]",65,82,73,2,0,0
2433.0,2.036036036036036,0.8063989326099908,"[17, 5, 14]",65,81,75,1,0,1
2434.0,2.0945945945945947,0.7873821495197958,"[5, 17, 14]",53,89,78,2,0,1
2435.0,2.0225225225225225,0.8317440309221362,"[17, 5, 14]",59,84,74,5,0,0
2436.0,2.130630630630631,0.7879514412758253,"[17, 5, 14, 26]",50,87,83,2,0,1
2437.0,2.072072072072072,0.7926324970155456,"[14, 5, 17, 29]",62,82,78,0,0,1
2438.0,2.045045045045045,0.817095478255875,"[17, 5, 14]",63,80,77,2,0,3
2439.0,1.972972972972973,0.7897471897389846,"[5, 17, 14]",69,87,65,1,0,1
2440.0,2.054054054054054,0.7940712191846122,"[14, 17, 5]",58,88,74,2,0,0
2441.0,2.0405405405405403,0.7746992852145428,"[5, 14, 17]",62,89,71,0,1,1
2442.0,2.0315315315315314,0.8149598976316995,"[14, 5, 17, 26]",67,78,76,1,0,1
2443.0,2.0315315315315314,0.8259898197067457,"[5, 17, 14, 29]",63,80,76,3,0,0
2444.0,1.9954954954954955,0.8155599234068582,"[5, 14, 17, 26]",65,84,70,3,0,0
2445.0,2.0315315315315314,0.8093885723138262,"[17, 5, 14]",63,83,74,2,0,1
2446.0,2.0225225225225225,0.82628588225804,"[14, 26, 5, 17, 29]",64,80,75,3,0,0
2447.0,2.072072072072072,0.7694590179486329,"[5, 14, 17, 29]",58,90,74,0,0,3
2448.0,2.009009009009009,0.7786227020423082,"[5, 17, 14, 26]",63,91,67,1,0,1
2449.0,1.9504504504504503,0.825100994654525,"[5, 14, 17]",75,77,68,2,0,1
2450.0,2.081081081081081,0.8469817067066199,"[14, 26, 5]",62,71,86,3,0,0
2451.0,2.099099099099099,0.8010734309154447,"[14, 17, 5]",55,84,81,2,0,1
2452.0,2.099099099099099,0.7781513649001827,"[5, 14]",57,86,79,0,0,1
2453.0,2.054054054054054,0.8275552813385176,"[5, 17, 14]",58,82,78,4,0,1
2454.0,2.0045045045045047,0.8535141504140358,"[5, 17, 26, 14]",68,73,77,4,0,0
2455.0,2.0495495495495497,0.8140590297199426,"[17, 26, 29, 14, 5]",56,87,75,4,0,2
2456.0,2.103603603603604,0.8200461225223119,"[14, 5, 17, 29]",58,77,85,2,0,0
2457.0,2.072072072072072,0.8477995121971114,"[17, 5, 14]",54,80,82,6,0,0
2458.0,2.135135135135135,0.7726839453446801,"[5, 26, 17, 14]",47,92,81,2,0,1
2459.0,2.09009009009009,0.796480374725055,"[5, 14, 29, 17]",55,86,79,2,0,0
2460.0,1.972972972972973,0.7954560939839985,"[5, 26, 14]",70,85,66,1,1,0
2461.0,1.990990990990991,0.812743474086136,"[5, 17, 14]",62,88,68,4,0,0
2462.0,2.0405405405405403,0.8364846046545872,"[14, 5, 26, 17]",70,70,81,1,0,1
2463.0,2.054054054054054,0.7883522863426479,"[17, 14, 5]",60,87,74,1,0,1
2464.0,2.058558558558558,0.7965955238903089,"[14, 5, 17]",61,84,76,1,0,1
2465.0,2.0855855855855854,0.7941353870744926,"[14, 5, 17, 26]",55,87,78,2,0,2
2466.0,2.126126126126126,0.8085193116017013,"[14, 17, 5]",54,80,86,2,0,0
2467.0,2.036036036036036,0.823060483671462,"[14, 5, 17]",65,78,77,2,0,2
2468.0,2.0945945945945947,0.8211390210654653,"[5, 17, 14, 26]",59,77,84,2,0,1
2469.0,2.058558558558558,0.7908948444176505,"[5, 14, 29, 17]",60,86,75,1,1,1
2470.0,2.009009009009009,0.7490022986329111,"[14, 17, 5]",58,101,62,1,0,1
2471.0,2.09009009009009,0.8188895422123721,"[17, 5, 26, 14]",47,90,79,6,0,1
2472.0,2.027027027027027,0.8011243169520794,"[17, 5, 26, 14]",62,86,72,2,0,0
2473.0,2.0675675675675675,0.812756013230862,"[14, 5, 17, 26]",57,84,78,3,0,0
2474.0,2.054054054054054,0.7709409874398377,"[14, 17, 5]",60,90,72,0,1,0
2475.0,2.0405405405405403,0.7920279690635249,"[14, 17, 5, 26]",62,86,73,1,0,2
2476.0,2.0315315315315314,0.8422639156025565,"[14, 5, 17, 29]",69,71,80,2,0,2
2477.0,2.108108108108108,0.8111368632260447,"[14, 5, 17]",53,83,83,3,0,0
2478.0,2.0495495495495497,0.797209371872663,"[14, 17, 5]",59,87,74,2,0,1
2479.0,1.95945945945946,0.8255949044857465,"[17, 14, 29, 5]",68,83,67,4,0,0
2480.0,2.126126126126126,0.7742123963738583,"[14, 5, 17, 26]",54,86,82,0,0,0
2481.0,2.0855855855855854,0.7941353870744926,"[5, 14, 26]",58,84,79,1,0,2
2482.0,2.081081081081081,0.7802440172329329,"[5, 14]",53,92,75,2,0,1
2483.0,2.0495495495495497,0.8359971285185128,"[17, 5, 29, 14]",63,76,80,3,0,1
2484.0,2.072072072072072,0.7926324970155457,"[17, 5, 14]",62,82,78,0,0,1
2485.0,1.9864864864864864,0.8427477668075382,"[14, 5, 17, 4]",68,77,73,4,0,0
2486.0,2.058558558558558,0.8461751547303789,"[5, 17, 26, 14]",58,78,81,5,0,1
2487.0,1.95945945945946,0.7629281978014782,"[29, 14, 5, 17]",69,93,60,0,0,1
2488.0,2.027027027027027,0.8288842138623563,"[14, 5, 26, 17]",70,73,78,1,0,1
2489.0,2.027027027027027,0.8067527161203685,"[5, 14, 17]",66,81,74,1,0,1
2490.0,2.0765765765765765,0.8119531175814391,"[17, 14, 5]",53,87,78,4,0,0
2491.0,2.027027027027027,0.8234071084430596,"[17, 14, 5]",63,81,75,3,0,1
2492.0,2.036036036036036,0.8007680467893786,"[17, 5, 14]",61,86,73,2,0,1
2493.0,2.054054054054054,0.7997492575132488,"[17, 5, 29, 14, 26]",59,86,75,2,0,1
2494.0,2.09009009009009,0.8188895422123721,"[5, 17, 29, 26, 14]",56,81,82,3,0,1
2495.0,2.027027027027027,0.8011243169520794,"[5, 17, 14]",62,86,72,2,0,1
2496.0,2.0855855855855854,0.7941353870744926,"[5, 14, 17]",55,87,78,2,0,1
2497.0,1.990990990990991,0.8015312889452848,"[17, 14, 5]",66,86,68,2,0,0
2498.0,2.054054054054054,0.8109860802777719,"[5, 14, 17]",58,85,76,3,0,0
2499.0,1.9864864864864864,0.8264831983725527,"[14, 17, 5]",62,86,69,5,1,1
2500.0,2.0405405405405403,0.7862941752443775,"[14, 5, 17]",61,88,72,1,0,1
2501.0,2.0855855855855854,0.759178747377729,"[5, 17, 14]",55,93,74,0,0,1
2502.0,2.099099099099099,0.7664332972834004,"[5, 14]",52,93,76,1,0,2
2503.0,2.0495495495495497,0.8140590297199426,"[14, 5, 17]",62,81,77,2,0,1
2504.0,2.099099099099099,0.8178434831834329,"[17, 5, 14]",55,81,83,3,0,1
2505.0,1.9414414414414407,0.7735407769855775,"[5, 17, 14]",73,89,60,0,0,1
2506.0,2.0675675675675675,0.778635790667876,"[14, 5]",60,87,75,0,0,1
2507.0,2.0315315315315314,0.7924396126678963,"[17, 5, 14, 26]",63,86,72,1,0,0
2508.0,2.0,0.8293267181454268,"[5, 14, 26]",73,73,75,1,0,1
2509.0,2.108108108108108,0.7999021586249626,"[5, 14, 17]",54,84,82,2,0,1
2510.0,2.063063063063063,0.8158972439879524,"[14, 5, 17]",61,80,79,2,0,1
2511.0,2.018018018018018,0.8125929892570565,"[14, 17, 5]",65,82,73,2,0,0
2512.0,2.0675675675675675,0.812756013230862,"[29, 14, 5]",66,75,81,0,0,0
2513.0,2.121621621621621,0.7893986949703475,"[5, 14, 17, 29]",51,87,82,2,0,1
2514.0,2.0045045045045047,0.7815621191776531,"[5, 26, 17, 14]",64,90,67,1,0,1
2515.0,2.027027027027027,0.8343253644387617,"[14, 29, 17, 5]",65,77,77,3,0,1
2516.0,2.0,0.8293267181454268,"[14, 29, 5, 17]",61,85,71,5,0,0
2517.0,2.0495495495495497,0.779995808536583,"[5, 14]",62,87,73,0,0,1
2518.0,2.09009009009009,0.7850359481010101,"[17, 14, 5]",59,84,79,0,0,1
2519.0,2.0405405405405403,0.7862941752443774,"[3, 5, 14, 17]",61,88,72,1,0,2
2520.0,2.099099099099099,0.7781513649001827,"[17, 5, 14, 26]",57,86,79,0,0,1
2521.0,2.0675675675675675,0.8183044120610503,"[14, 5, 17, 29]",58,82,79,3,0,1
2522.0,2.0225225225225225,0.8371665943707141,"[17, 5, 14]",66,76,77,3,0,1
2523.0,2.072072072072072,0.820679684227275,"[29, 5, 14, 17]",61,78,81,2,0,0
2524.0,2.1171171171171173,0.7697768230222573,"[14, 5, 26, 17]",51,91,79,1,0,1
2525.0,2.0405405405405403,0.8145596348957616,"[14, 17, 5]",63,81,76,2,0,1
2526.0,2.0495495495495497,0.825100994654525,"[17, 14, 5]",64,77,79,2,0,0
2527.0,2.0045045045045047,0.7520574960434764,"[17, 5, 14]",62,97,63,0,0,1
2528.0,2.081081081081081,0.8253356386786131,"[14, 17, 26, 5]",49,88,79,6,0,0
2529.0,2.0675675675675675,0.7610022163187308,"[14, 5, 29]",57,93,72,0,1,1
2530.0,2.027027027027027,0.8234071084430594,"[17, 14, 5]",63,81,75,3,0,0
2531.0,2.0495495495495497,0.8467530610529324,"[14, 17, 5]",68,69,83,2,0,1
2532.0,2.0225225225225225,0.8425542596687265,"[5, 14, 17]",61,80,76,5,0,1
2533.0,2.0765765765765765,0.8119531175814391,"[26, 14, 5, 17]",62,78,81,1,0,1
2534.0,2.09009009009009,0.8188895422123721,"[5, 14, 17]",53,84,81,4,0,1
2535.0,2.0315315315315314,0.8037786307414237,"[14, 5, 17]",59,88,72,3,0,1
2536.0,2.058558558558558,0.7965955238903089,"[5, 17, 14]",58,87,75,2,0,2
2537.0,2.045045045045045,0.817095478255875,"[14, 5, 26, 17]",66,77,78,1,0,0
2538.0,2.0495495495495497,0.883368078827905,"[5, 14, 17]",63,67,86,6,0,1
2539.0,2.0855855855855854,0.8221313044655548,"[17, 14, 5]",57,80,82,3,0,1
2540.0,2.0855855855855854,0.7941353870744926,"[5, 17, 26, 14]",58,84,79,1,0,2
2541.0,2.0495495495495497,0.7972093718726632,"[14, 17, 26, 5]",59,87,74,2,0,0
2542.0,2.063063063063063,0.8103323632877316,"[5, 17, 29, 14, 26]",60,82,78,2,0,1
2543.0,2.099099099099099,0.806702185118088,"[17, 14, 5]",56,82,82,2,0,0
2544.0,2.0765765765765765,0.8393549510954819,"[17, 14, 5, 4]",58,77,83,4,0,1
2545.0,2.027027027027027,0.7839967155192473,"[17, 5, 14, 26]",65,86,71,0,0,1
2546.0,2.054054054054054,0.8165465058157807,"[5, 14]",62,80,78,2,0,1
2547.0,2.099099099099099,0.7605065584392083,"[14, 5, 26, 17, 29]",54,92,76,0,0,1
2548.0,2.0405405405405403,0.8364846046545872,"[14, 17, 5]",61,79,78,4,0,0
2549.0,2.0135135135135136,0.7872268166815276,"[5, 29, 14]",61,91,68,2,0,1
2550.0,1.945945945945946,0.7883522863426479,"[14, 17, 5]",72,87,62,1,0,1
2551.0,2.126126126126126,0.7444165271678698,"[14, 5, 17]",49,96,77,0,0,1
2552.0,2.126126126126126,0.7858144706037581,"[5, 17, 26, 14]",50,88,82,2,0,2
2553.0,2.135135135135135,0.8070558356937625,"[17, 5, 14]",53,80,87,2,0,1
2554.0,2.0945945945945947,0.8100430509578108,"[5, 26, 17, 4, 14]",54,84,81,3,1,0
2555.0,1.9954954954954955,0.7987419279094043,"[14, 5, 17]",65,87,68,2,0,1
2556.0,2.09009009009009,0.8077626723447154,"[14, 5]",54,85,80,3,0,0
2557.0,2.0045045045045047,0.8265818387665632,"[14, 5, 17, 26]",69,77,74,2,0,0
2558.0,2.018018018018018,0.8070053236714508,"[5, 14, 29, 26]",64,84,72,2,0,1
2559.0,2.103603603603604,0.7862423293933886,"[14, 5, 17]",58,83,81,0,0,1
2560.0,2.018018018018018,0.7900052348985382,"[14, 17, 5, 29]",67,84,71,0,1,2
2561.0,2.0405405405405403,0.8255949044857465,"[5, 14, 26, 17]",65,77,78,2,0,0
2562.0,2.0315315315315314,0.7981292586297671,"[3, 17, 14, 5]",67,81,74,0,0,2
2563.0,2.036036036036036,0.8119907710498862,"[14, 17, 5]",60,85,74,3,0,1
2564.0,1.9774774774774773,0.7927482050973126,"[14, 5, 17]",69,86,66,1,0,1
2565.0,1.9954954954954955,0.832038045965669,"[5, 14, 29, 17]",65,81,72,4,0,0
2566.0,2.054054054054054,0.7940712191846122,"[5, 14]",64,82,76,0,0,1
2567.0,2.0315315315315314,0.8529408250502861,"[17, 14, 5, 26]",62,76,79,5,0,0
2568.0,2.081081081081081,0.8362287151158745,"[14, 5, 26]",66,69,86,1,0,1
2569.0,1.9504504504504503,0.8305669299554027,"[5, 17, 14]",76,75,69,2,0,1
2570.0,2.0135135135135136,0.8154599497711779,"[32, 14, 5, 17]",57,90,70,5,0,0
2571.0,2.0495495495495497,0.7915131135022021,"[14, 5, 17, 26]",64,83,75,0,0,1
2572.0,1.9954954954954955,0.7930566774479464,"[14, 5, 17]",64,89,67,2,0,1
2573.0,2.0405405405405403,0.803372797205758,"[5, 14, 17]",64,82,75,1,0,1
2574.0,2.0675675675675675,0.812756013230862,"[17, 14, 5]",60,81,79,2,0,0
2575.0,1.9774774774774773,0.8532275358878357,"[17, 5, 14, 29]",71,73,74,4,0,0
2576.0,2.058558558558558,0.8134578968508721,"[5, 29, 14, 17]",64,78,79,1,0,0
2577.0,2.09009009009009,0.8133451349760029,"[14, 5, 17, 26]",58,80,82,2,0,2
2578.0,2.0495495495495497,0.8140590297199426,"[5, 17, 14]",65,78,78,1,0,1
2579.0,2.036036036036036,0.8339832775858357,"[17, 5, 14, 26]",61,80,77,4,0,0
2580.0,2.081081081081081,0.8087209625118332,"[14, 5, 17, 26]",58,82,80,2,0,0
2581.0,2.0045045045045047,0.7987419279094043,"[14, 17, 5]",64,87,69,2,0,2
2582.0,2.027027027027027,0.8011243169520794,"[14, 17, 5]",65,83,73,1,0,2
2583.0,1.9774774774774773,0.8096907051164531,"[5, 14, 17]",66,86,67,3,0,1
2584.0,2.058558558558558,0.779368402884738,"[14, 17, 5]",55,93,72,2,1,1
2585.0,2.058558558558558,0.7851527756881227,"[5, 14, 17]",62,85,75,0,0,1
2586.0,2.0045045045045047,0.7987419279094046,"[5, 14, 17]",67,84,70,1,0,0
2587.0,1.990990990990991,0.8347161491742124,"[5, 14, 17]",63,83,71,5,0,0
2588.0,2.0675675675675675,0.7844255657897979,"[5, 17, 14]",52,94,73,3,0,0
2589.0,2.103603603603604,0.8471862320895913,"[14, 5, 17, 26]",57,73,88,4,0,1
2590.0,2.0,0.8347649844031075,"[14, 17, 5]",68,77,74,3,0,1
2591.0,2.126126126126126,0.7683456650123669,"[17, 5, 26, 14]",53,88,81,0,0,1
2592.0,2.0225225225225225,0.8207914384685622,"[17, 14, 5]",66,79,75,2,0,0
2593.0,2.081081081081081,0.8031063574959482,"[14, 5, 29]",60,81,80,1,0,3
2594.0,2.0405405405405403,0.7805182613287018,"[5, 17, 14, 29]",63,87,72,0,0,1
2595.0,2.0765765765765765,0.7719581911351323,"[14, 26, 5]",55,92,74,1,0,1
2596.0,2.054054054054054,0.8275552813385176,"[5, 17, 14]",61,79,79,3,0,1
2597.0,2.0765765765765765,0.8119531175814391,"[17, 5, 14, 29, 26]",62,78,81,1,0,1
2598.0,2.072072072072072,0.8151474531320841,"[17, 14, 5, 26]",63,77,81,1,0,1
2599.0,2.081081081081081,0.7685578565836623,"[5, 14, 17, 26]",57,90,75,0,0,1
2600.0,1.9954954954954955,0.7757509731723241,"[14, 5, 17]",64,92,65,1,0,2
2601.0,2.0405405405405403,0.7977205510293364,"[14, 17, 5]",60,87,73,2,0,1
2602.0,1.9774774774774773,0.8317440309221362,"[14, 5, 17]",70,78,71,3,0,1
2603.0,2.058558558558558,0.8190015407218109,"[14, 17, 5, 29]",62,79,79,2,0,1
2604.0,2.036036036036036,0.7950972839868216,"[14, 5]",63,85,73,1,0,0
2605.0,2.027027027027027,0.7954560939839984,"[5, 17, 14]",64,85,72,1,0,0
2606.0,2.099099099099099,0.7896955705886475,"[5, 17, 14, 26]",53,88,79,2,0,1
2607.0,2.054054054054054,0.810986080277772,"[14, 5, 17]",61,82,77,2,0,2
2608.0,1.9864864864864864,0.7814577961392896,"[5, 17, 26, 14]",60,96,63,3,0,0
2609.0,1.990990990990991,0.7958659644705466,"[29, 17, 14, 5]",62,91,66,3,0,1
2610.0,2.027027027027027,0.8397312590951516,"[14, 5, 17, 26]",66,75,78,3,1,1
2611.0,2.058558558558558,0.8190015407218109,"[5, 14]",65,76,80,1,1,1
2612.0,2.018018018018018,0.7842566527683641,"[17, 5, 14, 26, 29]",66,86,70,0,0,1
2613.0,2.0765765765765765,0.8007298655844591,"[5, 14, 17, 29]",57,85,78,2,0,1
2614.0,2.054054054054054,0.7997492575132488,"[14, 17, 5]",62,83,76,1,0,0
2615.0,2.058558558558558,0.7851527756881226,"[5, 14, 17, 26]",62,85,75,0,1,2
2616.0,2.0675675675675675,0.8015440034905214,"[14, 17, 5]",55,88,76,3,0,1
2617.0,1.963963963963964,0.78938578480206,"[5, 14, 17]",70,87,64,1,0,1
2618.0,2.0765765765765765,0.7660741968667065,"[14, 5, 17]",57,91,74,0,0,1
2619.0,2.1486486486486487,0.8186032541826025,"[5, 14, 17, 26]",54,75,91,2,0,1
2620.0,2.009009009009009,0.8238030724517321,"[14, 17, 26, 5]",68,78,74,2,0,0
2621.0,2.108108108108108,0.7710996009560597,"[14, 5, 29, 17]",52,91,78,1,0,1
2622.0,2.0,0.8238525545716346,"[14, 17, 26, 5]",63,84,71,4,0,0
2623.0,2.0765765765765765,0.7719581911351323,"[17, 14, 5, 26]",58,89,75,0,0,0
2624.0,2.1666666666666665,0.7455246060056497,"[14, 5, 17]",46,93,83,0,0,1
2625.0,1.936936936936937,0.8269146632261689,"[5, 14, 29, 26, 17]",68,85,64,5,0,0
2626.0,2.072072072072072,0.7983207682885088,"[17, 5, 14]",63,80,79,0,0,0
2627.0,2.081081081081081,0.7974522228289,"[14, 5, 26, 17]",56,86,78,2,0,1
2628.0,2.135135135135135,0.7549113577940475,"[17, 14, 5, 26]",50,92,80,0,0,1
2629.0,2.0855855855855854,0.8276168531016577,"[17, 5, 14]",55,81,82,4,0,0
2630.0,2.0675675675675675,0.7550328466274591,"[5, 14, 17]",56,95,71,0,0,1
2631.0,2.0675675675675675,0.8071694761865497,"[14, 5, 29, 17]",56,86,77,3,0,0
2632.0,2.0765765765765765,0.7777976746020019,"[14, 26, 5]",59,87,76,0,0,1
2633.0,2.0495495495495497,0.8140590297199426,"[5, 17, 29, 14]",65,78,78,1,0,0
2634.0,2.0765765765765765,0.7893470530302839,"[5, 17, 14]",61,83,78,0,0,1
2635.0,2.081081081081081,0.8031063574959482,"[17, 14, 5, 26, 29]",57,84,79,2,0,1
2636.0,1.990990990990991,0.8071568502552311,"[14, 17, 5]",70,81,70,1,1,1
2637.0,2.045045045045045,0.7889208780403245,"[14, 17, 29, 5]",58,90,72,2,0,0
2638.0,2.099099099099099,0.7839447177267498,"[29, 5, 17, 26, 14]",52,90,78,2,0,1
2639.0,2.072072072072072,0.7694590179486329,"[14, 5]",55,93,73,1,0,1
2640.0,2.0225225225225225,0.8207914384685621,"[14, 17, 5]",66,79,75,2,0,1
2641.0,2.0135135135135136,0.8042856346904996,"[5, 17, 14]",61,88,70,3,0,0
2642.0,1.9684684684684688,0.8149598976316995,"[14, 17, 5]",71,81,68,2,0,0
2643.0,1.945945945945946,0.8053872662568291,"[5, 14, 17]",72,84,64,2,0,1
2644.0,2.058558558558558,0.7617517877551315,"[17, 5, 14]",58,93,71,0,0,1
2645.0,2.045045045045045,0.8226146086363001,"[14, 17, 5]",61,81,77,3,0,0
2646.0,2.0225225225225225,0.8425542596687264,"[5, 14, 17]",64,77,77,4,0,1
2647.0,1.990990990990991,0.8015312889452846,"[14, 5, 17]",69,83,69,1,0,1
2648.0,2.081081081081081,0.7744229804648938,"[14, 5, 17]",49,97,73,3,1,0
2649.0,2.0405405405405403,0.7569740162284008,"[14, 17, 5]",59,95,68,0,0,1
2650.0,2.0495495495495497,0.8195986076270693,"[14, 5, 17, 29]",57,85,76,4,0,0
2651.0,2.0045045045045047,0.7873303753121176,"[14, 5, 17]",62,91,67,2,0,1
2652.0,2.099099099099099,0.806702185118088,"[14, 17, 5]",56,82,82,2,0,1
2653.0,2.09009009009009,0.790778865149106,"[14, 17, 5]",54,88,78,2,0,0
2654.0,1.981981981981982,0.8070053236714507,"[5, 17, 14]",68,84,68,2,0,1
2655.0,2.0855855855855854,0.759178747377729,"[17, 5, 14]",55,93,74,0,0,1
2656.0,2.103603603603604,0.8255455268000272,"[14, 5, 26]",59,75,86,2,0,1
2657.0,2.0,0.8127936295043754,"[5, 14, 17, 29]",70,79,72,1,0,0
2658.0,2.054054054054054,0.810986080277772,"[17, 5, 14]",61,82,77,2,0,1
2659.0,2.036036036036036,0.823060483671462,"[5, 17, 14]",62,81,76,3,0,1
2660.0,1.945945945945946,0.788352286342648,"[29, 5, 14, 17]",72,87,62,1,1,0
2661.0,2.018018018018018,0.8399739489817524,"[5, 29, 14, 17]",64,78,76,4,0,0
2662.0,2.058558558558558,0.7965955238903089,"[5, 14, 17, 26]",61,84,76,1,0,0
2663.0,2.072072072072072,0.8039687946906964,"[17, 5, 14]",58,84,78,2,0,0
2664.0,2.0225225225225225,0.8207914384685621,"[14, 17, 5]",60,85,73,4,0,0
2665.0,2.058558558558558,0.7965955238903089,"[14, 17, 5]",64,81,77,0,0,2
2666.0,2.0765765765765765,0.783593642375905,"[5, 14, 17, 26]",54,91,75,2,1,0
2667.0,2.112612612612613,0.7849970017082109,"[17, 5, 14]",51,89,80,2,0,1
2668.0,1.9684684684684688,0.7692603231043579,"[14, 5, 17, 26]",66,94,61,1,1,1
2669.0,1.972972972972973,0.7839967155192472,"[17, 14, 5, 29]",68,89,64,1,0,1
2670.0,1.990990990990991,0.7844125737718137,"[5, 17, 14]",69,86,67,0,1,1
2671.0,2.009009009009009,0.7958659644705466,"[14, 17, 5]",66,85,70,1,0,1
2672.0,2.036036036036036,0.8175443633380667,"[17, 14, 5]",61,83,75,3,0,1
2673.0,2.036036036036036,0.8393913753717446,"[5, 14]",65,75,79,3,0,1
2674.0,2.108108108108108,0.7942252134106665,"[5, 17, 26, 14]",56,83,82,1,0,1
2675.0,2.0405405405405403,0.8033727972057582,"[5, 17, 14]",58,88,73,3,1,2
2676.0,2.054054054054054,0.8330051124854692,"[14, 17, 5]",65,74,81,2,0,1
2677.0,2.121621621621621,0.7720109962648976,"[14, 17, 29, 5]",54,87,81,0,0,1
2678.0,2.0045045045045047,0.8155599234068583,"[14, 17, 5]",64,84,71,3,0,1
2679.0,2.058558558558558,0.7851527756881227,"[14, 17, 5]",56,91,73,2,0,0
2680.0,2.1531531531531534,0.7809751208162166,"[14, 5, 17, 29]",47,88,85,2,0,1
2681.0,2.126126126126126,0.7858144706037582,"[14, 5, 17]",56,82,84,0,1,1
2682.0,2.045045045045045,0.8443304384922277,"[14, 17, 5]",65,73,81,3,0,0
2683.0,2.171171171171171,0.8001569288829199,"[14, 5, 26, 17]",49,80,91,2,0,2
2684.0,2.0945945945945947,0.7873821495197958,"[5, 14, 17]",59,83,80,0,0,1
2685.0,2.130630630630631,0.8049949037575448,"[14, 5]",53,81,86,2,0,1
2686.0,2.072072072072072,0.7869031081203346,"[14, 5, 26, 17]",55,90,75,2,0,0
2687.0,2.018018018018018,0.8236546082558097,"[5, 14, 17]",58,87,72,5,0,1
2688.0,2.108108108108108,0.8222180722870908,"[17, 14, 5, 29]",61,73,87,1,0,0
2689.0,1.990990990990991,0.8071568502552311,"[14, 5, 17]",67,84,69,2,0,0
2690.0,2.0405405405405403,0.7977205510293364,"[14, 5, 17, 4]",66,81,75,0,0,1
2691.0,2.0855855855855854,0.8054505326308168,"[5, 14, 17]",57,83,80,2,0,1
2692.0,2.1531531531531534,0.7809751208162166,"[5, 14, 17, 26]",53,82,87,0,0,1
2693.0,1.9684684684684688,0.8259898197067457,"[5, 17, 14]",64,86,67,5,0,0
2694.0,2.0495495495495497,0.7972093718726633,"[5, 14, 17]",62,84,75,1,0,1
2695.0,2.036036036036036,0.8119907710498862,"[14, 5, 17]",57,88,73,4,0,0
2696.0,2.045045045045045,0.7889208780403245,"[14, 5, 17]",64,84,74,0,0,2
2697.0,2.072072072072072,0.7983207682885088,"[14, 26, 5, 17]",60,83,78,1,0,1
2698.0,2.103603603603604,0.7687832459562145,"[26, 14, 17, 5]",52,92,77,1,0,1
2699.0,1.9774774774774773,0.8479076920523673,"[5, 17, 14]",64,81,71,6,0,0
2700.0,2.108108108108108,0.7999021586249626,"[17, 14, 5, 4, 26]",57,81,83,1,0,2
2701.0,2.112612612612613,0.7964419879703688,"[5, 17, 14, 26]",56,82,83,1,0,1
2702.0,1.972972972972973,0.8451025743998092,"[17, 14, 5]",70,76,72,4,0,1
2703.0,2.0135135135135136,0.7814577961392896,"[17, 26, 14, 5, 29]",63,90,68,1,0,1
2704.0,2.058558558558558,0.779368402884738,"[17, 14, 5]",61,87,74,0,0,1
2705.0,2.112612612612613,0.7733826641317794,"[5, 14, 17, 26]",52,90,79,1,0,0
2706.0,2.0675675675675675,0.7669251247662162,"[14, 5]",55,94,72,1,1,2
2707.0,2.1171171171171173,0.7872138708948209,"[14, 5, 26, 17]",51,88,81,2,0,1
2708.0,2.1486486486486487,0.813056894689843,"[17, 14, 26, 29, 5]",56,74,91,1,0,1
2709.0,2.0675675675675675,0.7669251247662162,"[17, 14, 5]",58,91,73,0,0,1
2710.0,2.0945945945945947,0.7699489126659286,"[17, 5, 14, 26]",53,92,76,1,0,0
2711.0,2.072072072072072,0.8477995121971114,"[14, 17, 5, 26]",60,74,84,4,0,1
2712.0,2.0135135135135136,0.7638893675656883,"[5, 17, 14]",60,96,65,1,0,0
2713.0,2.018018018018018,0.8236546082558097,"[14, 29, 5, 17]",64,81,74,3,0,0
2714.0,1.990990990990991,0.8292775626631712,"[17, 5, 14]",62,85,70,5,0,0
2715.0,2.027027027027027,0.8343253644387617,"[5, 14]",59,83,75,5,0,1
2716.0,1.936936936936937,0.7934035654851267,"[5, 17, 14]",71,88,61,2,0,1
2717.0,2.081081081081081,0.7744229804648938,"[5, 14, 17]",58,88,76,0,0,0
2718.0,2.081081081081081,0.7802440172329329,"[5, 17, 26, 14]",59,86,77,0,0,2
2719.0,2.009009009009009,0.7958659644705466,"[17, 5, 14]",63,88,69,2,0,1
2720.0,2.036036036036036,0.8606840163910875,"[17, 5, 14, 29]",66,70,82,4,0,0
2721.0,1.963963963963964,0.8175443633380667,"[17, 5, 14, 26]",72,80,68,2,0,0
2722.0,2.054054054054054,0.8053872662568292,"[17, 5, 14, 29]",60,84,76,2,0,1
2723.0,2.108108108108108,0.8166962621684045,"[14, 17, 26, 29, 5]",60,75,86,1,0,0
2724.0,2.058558558558558,0.7851527756881226,"[5, 17, 26, 14]",53,94,72,3,0,0
2725.0,2.054054054054054,0.8275552813385176,"[14, 17, 5, 29]",55,85,77,5,1,1
2726.0,2.0,0.8015821459161773,"[5, 14, 17]",65,86,69,2,0,0
2727.0,2.0225225225225225,0.8152599657211406,"[5, 29, 17, 14]",65,81,74,2,0,1
2728.0,2.072072072072072,0.7869031081203345,"[17, 14, 5]",55,90,75,2,0,1
2729.0,2.108108108108108,0.8111368632260447,"[14, 5, 17]",53,83,83,3,0,0
2730.0,1.936936936936937,0.8103323632877316,"[14, 17, 5, 29]",74,82,64,2,0,1
2731.0,2.130630630630631,0.7763813021301699,"[14, 26, 5, 17, 29]",48,91,81,2,0,1
2732.0,2.027027027027027,0.8067527161203686,"[5, 17, 26, 29, 14]",63,84,73,2,0,0
2733.0,2.108108108108108,0.7710996009560597,"[5, 17, 14]",55,88,79,0,0,1
2734.0,2.0495495495495497,0.779995808536583,"[17, 14, 5, 26]",59,90,72,1,0,1
2735.0,2.0315315315315314,0.7867088190490745,"[5, 17, 26, 14]",59,91,70,2,0,1
2736.0,2.058558558558558,0.7793684028847381,"[17, 5, 14]",58,90,73,1,0,1
2737.0,1.9054054054054053,0.7581040697715147,"[14, 5, 17]",72,96,53,1,1,1
2738.0,1.954954954954955,0.8003097521080377,"[17, 5, 14]",76,80,66,0,0,1
2739.0,2.027027027027027,0.7954560939839985,"[17, 5, 14]",61,88,71,2,0,0
2740.0,2.027027027027027,0.7839967155192473,"[14, 5, 17]",65,86,71,0,1,1
2741.0,2.081081081081081,0.7685578565836622,"[5, 14, 17]",57,90,75,0,0,1
2742.0,2.058558558558558,0.8022556964196215,"[5, 14, 17]",59,85,76,2,0,1
2743.0,1.9684684684684688,0.8476191817566463,"[5, 14, 17]",77,69,74,2,0,0
2744.0,2.1171171171171173,0.7872138708948211,"[14, 5, 17, 26]",48,91,80,3,0,0
2745.0,2.063063063063063,0.8158972439879524,"[17, 5, 14, 26]",58,83,78,3,0,1
2746.0,2.009009009009009,0.7727894528136424,"[14, 17, 5]",62,93,66,1,0,1
2747.0,2.0045045045045047,0.8374587056625687,"[17, 5, 14]",68,76,75,3,0,0
2748.0,2.054054054054054,0.822069321843126,"[5, 14, 17, 26]",60,81,78,3,0,1
2749.0,2.09009009009009,0.7907788651491059,"[14, 26, 17, 5]",60,82,80,0,0,2
2750.0,1.9234234234234235,0.8007298655844591,"[14, 5, 17]",77,82,62,1,0,1
2751.0,2.081081081081081,0.7744229804648938,"[17, 26, 14, 5]",55,91,75,1,0,2
2752.0,2.054054054054054,0.7709409874398376,"[14, 5, 17, 26]",60,90,72,0,1,2
2753.0,2.027027027027027,0.8067527161203685,"[17, 14, 5]",60,87,72,3,0,1
2754.0,1.981981981981982,0.7900052348985384,"[14, 25, 5, 29, 17]",65,90,65,2,0,1
2755.0,2.054054054054054,0.7591116246003612,"[5, 14, 29, 17]",55,97,69,1,0,1
2756.0,2.112612612612613,0.7964419879703689,"[5, 17, 14]",50,88,81,3,0,0
2757.0,2.036036036036036,0.78938578480206,"[17, 14, 5]",56,93,70,3,0,0
2758.0,2.112612612612613,0.8352653808771114,"[17, 29, 14, 5]",60,71,89,2,0,1
2759.0,2.0765765765765765,0.8285029791239055,"[17, 5, 14, 26]",59,78,82,3,0,1
2760.0,2.126126126126126,0.8196359098674247,"[17, 5, 14, 26]",56,76,88,2,0,1
2761.0,2.063063063063063,0.804729001115173,"[5, 14, 17, 26]",62,81,78,1,0,1
2762.0,2.0945945945945947,0.7581040697715147,"[14, 5, 17, 29]",54,93,75,0,0,3
2763.0,2.0945945945945947,0.8211390210654654,"[5, 14, 26]",62,74,85,1,0,1
2764.0,2.058558558558558,0.8022556964196214,"[14, 5]",65,79,78,0,0,1
2765.0,2.1486486486486487,0.8295847366421701,"[17, 5, 14]",59,68,94,1,0,0
2766.0,2.009009009009009,0.8071568502552311,"[14, 5]",65,84,71,2,0,2
2767.0,2.09009009009009,0.8077626723447154,"[5, 14, 17]",57,82,81,2,1,2
2768.0,2.0675675675675675,0.8401316598136305,"[5, 17, 14]",65,71,84,2,0,2
2769.0,2.112612612612613,0.7733826641317795,"[14, 5, 17]",55,87,80,0,0,1
2770.0,2.0765765765765765,0.8063610180276339,"[14, 5, 17]",58,83,79,2,0,0
2771.0,2.072072072072072,0.8151474531320841,"[5, 14, 26]",63,77,81,1,0,0
2772.0,1.95945945945946,0.792027969063525,"[14, 5, 17]",71,86,64,1,0,1
2773.0,2.018018018018018,0.8070053236714507,"[14, 5, 17]",58,90,70,4,0,0
2774.0,2.0765765765765765,0.7893470530302839,"[5, 14, 17, 26]",58,86,77,1,0,2
2775.0,2.0045045045045047,0.8265818387665633,"[17, 14, 5]",63,83,72,4,0,0
2776.0,2.054054054054054,0.810986080277772,"[5, 17, 14]",64,79,78,1,0,1
2777.0,2.045045045045045,0.7946357187816142,"[14, 5, 17]",62,85,74,1,0,0
2778.0,2.058558558558558,0.813457896850872,"[5, 14, 17]",58,84,77,3,0,0
2779.0,2.018018018018018,0.8236546082558096,"[14, 17, 5]",61,84,73,4,0,2
2780.0,2.126126126126126,0.7742123963738584,"[5, 14, 26, 17]",54,86,82,0,1,1
2781.0,2.0495495495495497,0.808481496456733,"[14, 17, 5]",64,80,77,1,0,0
2782.0,2.045045045045045,0.8226146086363001,"[32, 5, 17, 14]",58,84,76,4,0,0
2783.0,2.1486486486486487,0.7789498517034031,"[26, 17, 5, 14]",50,86,85,1,0,1
2784.0,2.027027027027027,0.8234071084430594,"[14, 5]",66,78,76,2,0,1
2785.0,2.0315315315315314,0.7924396126678964,"[5, 14, 17]",63,86,72,1,0,0
2786.0,1.9954954954954955,0.809992725221495,"[5, 17, 14]",64,86,69,3,0,0
2787.0,2.0945945945945947,0.7640494449705395,"[14, 5, 17, 26]",55,91,76,0,0,1
2788.0,2.045045045045045,0.8003097521080377,"[14, 17, 5]",63,83,75,1,0,1
2789.0,2.045045045045045,0.7946357187816142,"[5, 14, 17, 26]",62,85,74,1,0,0
2790.0,2.0675675675675675,0.812756013230862,"[14, 5, 17]",60,81,79,2,0,1
2791.0,2.018018018018018,0.7900052348985382,"[14, 5, 17]",61,90,69,2,0,0
2792.0,2.09009009009009,0.7907788651491059,"[14, 17, 5]",60,82,80,0,0,1
2793.0,2.027027027027027,0.8234071084430594,"[17, 5, 14, 29]",63,81,75,3,0,2
2794.0,2.0045045045045047,0.8099927252214951,"[5, 14]",60,89,69,4,0,0
2795.0,2.0315315315315314,0.820493393333259,"[17, 14, 5]",68,76,77,1,2,1
2796.0,2.0855855855855854,0.7884169196867215,"[14, 17, 5]",57,86,78,1,0,2
2797.0,1.9864864864864864,0.8042856346904997,"[17, 5, 14]",70,82,69,1,0,1
2798.0,2.072072072072072,0.7811316968436159,"[17, 14, 5, 29]",57,89,75,1,0,2
2799.0,2.0,0.7902116103552715,"[17, 14, 5, 29]",66,87,68,1,0,1
2800.0,2.058558558558558,0.7908948444176505,"[14, 5, 17]",57,89,74,2,0,1
2801.0,2.099099099099099,0.8010734309154447,"[5, 17, 14]",55,84,81,2,0,1
2802.0,2.0225225225225225,0.787019658540595,"[5, 14, 17]",63,88,70,1,0,2
2803.0,1.9684684684684688,0.8037786307414236,"[17, 14, 5]",72,82,67,1,0,1
2804.0,2.108108108108108,0.7710996009560597,"[14, 26, 5, 17]",55,88,79,0,0,1
2805.0,2.0,0.8183417732943565,"[17, 5, 14, 29]",71,77,73,1,0,0
2806.0,2.027027027027027,0.7839967155192473,"[14, 17, 5]",62,89,70,1,0,1
2807.0,2.027027027027027,0.7839967155192473,"[17, 5, 14]",59,92,69,2,0,2
2808.0,2.0135135135135136,0.8042856346904996,"[5, 14, 17]",61,88,70,3,0,0
2809.0,2.0135135135135136,0.8319400524964405,"[5, 14, 17, 29]",60,84,73,5,0,0
2810.0,2.027027027027027,0.8234071084430594,"[14, 17, 29, 5]",54,90,72,6,0,1
2811.0,2.0405405405405403,0.7746992852145429,"[17, 5, 26, 14]",59,92,70,1,0,1
2812.0,2.058558558558558,0.796595523890309,"[17, 5, 26, 14]",55,90,74,3,0,1
2813.0,2.135135135135135,0.7957635166404936,"[5, 17, 14]",57,78,87,0,0,1
2814.0,2.0135135135135136,0.8098920643673179,"[17, 14, 5]",65,83,72,2,0,0
2815.0,2.0,0.807207352795575,"[14, 5, 17, 29]",60,90,68,4,0,0
2816.0,2.081081081081081,0.8087209625118331,"[17, 14, 5, 26]",55,85,79,3,0,1
2817.0,2.0675675675675675,0.7669251247662162,"[17, 14, 5]",55,94,72,1,0,3
2818.0,2.126126126126126,0.7972477216785113,"[5, 14, 17]",58,78,86,0,0,2
2819.0,2.108108108108108,0.8277030458752436,"[14, 26, 17, 5]",62,71,88,1,0,1
2820.0,1.9414414414414407,0.813457896850872,"[29, 14, 17, 5]",68,87,63,4,0,1
2821.0,2.081081081081081,0.8087209625118332,"[17, 14, 26, 5]",55,85,79,3,0,1
2822.0,2.036036036036036,0.8007680467893786,"[5, 14, 26, 17]",67,80,75,0,0,1
2823.0,1.9954954954954955,0.809992725221495,"[17, 5, 14, 26]",70,80,71,1,0,1
2824.0,2.045045045045045,0.8115388141244637,"[14, 5, 17]",62,82,76,2,0,1
2825.0,2.0765765765765765,0.8230233366445514,"[5, 14, 17, 29]",58,80,81,3,0,0
2826.0,2.099099099099099,0.7664332972834004,"[17, 5, 14, 26]",55,90,77,0,0,1
2827.0,2.072072072072072,0.7926324970155456,"[14, 5, 17, 26]",59,85,77,1,0,1
2828.0,2.045045045045045,0.7889208780403245,"[5, 17, 14]",64,84,74,0,0,1
2829.0,2.036036036036036,0.78938578480206,"[5, 17, 14, 26]",65,84,73,0,0,1
2830.0,2.027027027027027,0.7897471897389846,"[14, 5, 29, 26]",63,87,71,1,0,0
2831.0,2.0675675675675675,0.778635790667876,"[14, 17, 5]",57,90,74,1,0,2
2832.0,2.1531531531531534,0.8260268333287684,"[5, 17, 14]",55,72,93,2,0,1
2833.0,2.063063063063063,0.804729001115173,"[17, 14, 5, 26]",56,87,76,3,0,1
2834.0,2.135135135135135,0.7488934399304057,"[14, 5, 26, 17]",49,94,79,0,0,2
2835.0,2.108108108108108,0.7769455375702022,"[14, 17, 5, 26]",56,86,80,0,0,0
2836.0,2.0225225225225225,0.8040828714730361,"[17, 14, 26, 29, 5]",60,88,71,3,0,0
2837.0,2.0765765765765765,0.8175069656619901,"[14, 5, 29]",63,76,82,1,0,1
2838.0,2.108108108108108,0.8111368632260447,"[5, 14, 17]",44,92,80,6,0,1
2839.0,2.09009009009009,0.790778865149106,"[17, 5, 14]",60,82,80,0,1,1
2840.0,2.081081081081081,0.7974522228289,"[14, 5, 17]",59,83,79,1,0,1
2841.0,2.0945945945945947,0.746071198407244,"[14, 5, 17]",52,97,73,0,0,1
2842.0,1.8693693693693687,0.8105964278426563,"[17, 5, 14]",80,82,57,3,0,1
2843.0,2.0495495495495497,0.8140590297199426,"[14, 17, 5]",56,87,75,4,0,0
2844.0,2.112612612612613,0.779211472538248,"[14, 5, 29]",53,88,80,1,0,1
2845.0,2.0135135135135136,0.769790062053001,"[17, 5, 14]",64,91,67,0,0,2
2846.0,2.0495495495495497,0.8195986076270692,"[14, 5, 17]",63,79,78,2,0,1
2847.0,2.063063063063063,0.8103323632877316,"[14, 17, 5]",60,82,78,2,0,1
2848.0,2.045045045045045,0.7715224109129613,"[14, 17, 5]",55,96,69,2,0,1
2849.0,2.130630630630631,0.7586953308346966,"[14, 5, 29, 17]",51,91,80,0,1,2
2850.0,2.072072072072072,0.8206796842272748,"[5, 14, 17]",61,78,81,2,0,1
2851.0,2.045045045045045,0.8115388141244638,"[14, 17, 5]",62,82,76,2,0,1
2852.0,2.045045045045045,0.8335432453407354,"[5, 14, 17]",66,74,80,2,0,2
2853.0,2.063063063063063,0.7990863479500622,"[17, 14, 5, 26]",64,80,78,0,0,0
2854.0,2.0855855855855854,0.7826566715314206,"[14, 5, 17]",59,85,78,0,0,1
2855.0,2.027027027027027,0.7897471897389845,"[14, 17, 5, 26]",60,90,70,2,0,0
2856.0,2.103603603603604,0.7919764985689902,"[14, 5, 17, 26]",53,87,80,2,0,2
2857.0,2.0405405405405403,0.841876634418486,"[14, 26, 5, 17]",65,74,80,3,0,0
2858.0,2.0675675675675675,0.8183044120610503,"[17, 5, 14]",61,79,80,2,0,1
2859.0,2.0855855855855854,0.7884169196867215,"[14, 5, 17]",54,89,77,2,1,1
2860.0,2.103603603603604,0.8033220535980014,"[14, 17, 26, 5]",55,83,82,2,0,0
2861.0,2.0405405405405403,0.8255949044857464,"[14, 5, 17]",65,77,78,2,0,0
2862.0,2.0315315315315314,0.7924396126678963,"[14, 5, 17]",63,86,72,1,0,1
2863.0,2.0045045045045047,0.7639960895623064,"[14, 17, 5]",61,96,64,1,0,2
2864.0,2.027027027027027,0.8234071084430594,"[14, 5, 17]",66,78,76,2,0,1
2865.0,2.063063063063063,0.8158972439879524,"[28, 14, 5, 17]",58,83,78,3,0,0
2866.0,2.054054054054054,0.7997492575132485,"[14, 5, 17, 29]",59,86,75,2,0,1
2867.0,2.036036036036036,0.8007680467893786,"[14, 17, 5]",61,86,73,2,0,1
2868.0,2.0945945945945947,0.8100430509578108,"[14, 5, 4, 26]",57,81,82,2,0,2
2869.0,2.0135135135135136,0.8264831983725527,"[5, 14, 17]",62,83,73,4,0,0
2870.0,2.058558558558558,0.813457896850872,"[17, 5, 14]",61,81,78,2,0,2
2871.0,2.09009009009009,0.7907788651491059,"[5, 14, 17]",54,88,78,2,0,1
2872.0,1.9864864864864864,0.848099977723587,"[17, 14, 5, 29]",72,72,75,3,0,1
2873.0,2.099099099099099,0.8396827127005977,"[17, 14, 4, 5]",56,76,86,4,0,0
2874.0,2.0045045045045047,0.8043869971326539,"[14, 17, 5]",71,79,72,0,0,1
2875.0,2.0,0.8127936295043754,"[5, 14, 17]",67,82,71,2,0,1
2876.0,1.9864864864864864,0.848099977723587,"[14, 17, 5]",63,81,72,6,0,0
2877.0,2.045045045045045,0.7831643365554003,"[17, 5, 14]",57,92,71,2,0,1
2878.0,2.0225225225225225,0.7636758788299721,"[5, 17, 14]",56,99,65,2,0,1
2879.0,2.0225225225225225,0.8262858822580399,"[17, 14, 5]",67,77,76,2,0,2
2880.0,2.054054054054054,0.78259156245517,"[14, 17, 5]",59,89,73,1,0,2
2881.0,2.027027027027027,0.7839967155192472,"[5, 17, 14]",62,89,70,1,0,1
2882.0,2.009009009009009,0.7727894528136424,"[17, 1, 5, 14, 26]",62,93,66,1,0,0
2883.0,2.0,0.8015821459161773,"[17, 14, 5]",68,83,70,1,1,1
2884.0,2.027027027027027,0.7897471897389845,"[17, 14, 5, 29]",60,90,70,2,0,1
2885.0,2.018018018018018,0.7842566527683642,"[14, 5]",66,86,70,0,1,1
2886.0,2.099099099099099,0.7781513649001827,"[14, 26, 17, 5]",57,86,79,0,0,1
2887.0,2.045045045045045,0.8226146086363,"[5, 14, 29]",64,78,78,2,0,0
2888.0,2.0135135135135136,0.7756458685451881,"[5, 14, 17]",62,92,67,1,0,1
2889.0,2.1171171171171173,0.7398023306829731,"[17, 14, 5]",49,98,75,0,0,1
2890.0,2.0495495495495497,0.8028652168061973,"[14, 5]",63,82,76,1,0,1
2891.0,2.0135135135135136,0.809892064367318,"[17, 14, 5]",62,86,71,3,0,0
2892.0,1.9504504504504503,0.8195986076270692,"[28, 17, 5, 14]",65,88,64,5,0,1
2893.0,1.954954954954955,0.7831643365554004,"[5, 29, 14, 17]",67,92,61,2,0,1
2894.0,1.9054054054054053,0.7816142754752871,"[17, 14, 5]",76,88,57,1,0,0
2895.0,1.981981981981982,0.8291300787311284,"[17, 5, 14]",66,82,70,4,0,0
2896.0,2.0405405405405403,0.7862941752443774,"[14, 26, 5, 17]",61,88,72,1,0,1
2897.0,2.112612612612613,0.81885220597176,"[5, 26, 14]",51,83,84,4,0,1
2898.0,1.9414414414414407,0.8354117816811469,"[14, 5, 17]",72,79,67,4,0,0
2899.0,2.0945945945945947,0.7873821495197958,"[14, 17, 5, 26]",50,92,77,3,0,1
2900.0,2.0045045045045047,0.8155599234068583,"[5, 17, 14]",67,81,72,2,0,1
2901.0,2.09009009009009,0.7675494241701204,"[17, 14, 5]",53,93,75,1,0,2
2902.0,2.103603603603604,0.8033220535980014,"[14, 5, 17]",58,80,83,1,0,1
2903.0,2.036036036036036,0.8175443633380666,"[5, 17, 14]",61,83,75,3,0,0
2904.0,2.112612612612613,0.7849970017082111,"[5, 14, 17, 26]",54,86,81,1,0,1
2905.0,2.0405405405405403,0.8255949044857464,"[14, 5, 17]",59,83,76,4,0,1
2906.0,2.0,0.7728422011467174,"[14, 29, 17, 5]",60,96,64,2,0,1
2907.0,2.0405405405405403,0.803372797205758,"[5, 14, 26, 17]",61,85,74,2,0,1
2908.0,2.126126126126126,0.7504703456342082,"[14, 5, 26, 17, 29]",50,94,78,0,0,2
2909.0,2.018018018018018,0.760828103048786,"[14, 17, 26, 5]",62,94,66,0,1,1
2910.0,2.081081081081081,0.7974522228289,"[5, 14, 17]",59,83,79,1,0,0
2911.0,2.108108108108108,0.7885073974678759,"[14, 5]",58,82,82,0,0,3
2912.0,2.054054054054054,0.8053872662568292,"[5, 14, 17, 26, 4]",63,81,77,1,0,1
2913.0,2.099099099099099,0.7839447177267498,"[14, 17, 5, 29]",58,84,80,0,0,2
2914.0,1.9684684684684688,0.8037786307414237,"[17, 14, 5]",72,82,67,1,0,1
2915.0,1.9774774774774773,0.787019658540595,"[5, 17, 14]",68,88,65,1,0,1
2916.0,2.009009009009009,0.8347161491742124,"[14, 5, 17, 26]",64,80,74,4,0,0
2917.0,2.072072072072072,0.739471643488913,"[17, 14, 5]",53,100,69,0,0,2
2918.0,2.0225225225225225,0.8152599657211406,"[17, 5, 14]",65,81,74,2,0,1
2919.0,2.054054054054054,0.7997492575132485,"[14, 17, 5]",59,86,75,2,0,2
2920.0,2.0855855855855854,0.7998129698620862,"[17, 14, 5]",59,82,80,1,0,1
2921.0,1.95945945945946,0.7629281978014781,"[14, 5, 17]",66,96,59,1,0,1
2922.0,1.981981981981982,0.7957122877791639,"[14, 5]",69,85,67,1,0,0
2923.0,2.0405405405405403,0.8472343485337768,"[14, 17, 5]",57,81,78,6,0,0
2924.0,2.027027027027027,0.812342119259643,"[5, 14, 17]",70,76,76,0,0,1
2925.0,2.072072072072072,0.8095774185289923,"[14, 17, 5]",53,88,77,4,1,0
2926.0,2.112612612612613,0.767509590444258,"[14, 5]",54,89,79,0,0,1
2927.0,2.0495495495495497,0.8413922822600971,"[5, 14, 17, 26]",61,77,80,4,0,1
2928.0,2.081081081081081,0.7446355376248495,"[5, 17, 14]",53,98,71,0,0,1
2929.0,2.0045045045045047,0.7639960895623064,"[5, 17, 14]",61,96,64,1,0,1
2930.0,2.058558558558558,0.8078762134098192,"[17, 14, 5]",60,83,77,2,0,1
2931.0,2.072072072072072,0.8039687946906964,"[14, 17, 5]",58,84,78,2,0,1
2932.0,2.0765765765765765,0.7719581911351323,"[14, 5, 17]",58,89,75,0,1,1
2933.0,1.9774774774774773,0.8479076920523673,"[17, 14, 5, 29]",67,78,72,5,0,0
2934.0,2.0135135135135136,0.8264831983725527,"[17, 5, 14]",59,86,72,5,0,0
2935.0,2.072072072072072,0.7811316968436159,"[14, 5, 17]",57,89,75,1,0,1
2936.0,2.058558558558558,0.7617517877551315,"[28, 17, 14, 5]",58,93,71,0,0,1
2937.0,2.0405405405405403,0.8472343485337768,"[5, 26, 14, 17]",57,81,78,6,0,1
2938.0,2.099099099099099,0.7954048453227989,"[5, 14, 17, 29]",57,83,81,1,0,0
2939.0,2.054054054054054,0.765049169896325,"[5, 29, 26, 17, 14]",56,95,70,1,0,1
2940.0,2.045045045045045,0.8059438399013201,"[14, 17, 5]",61,84,75,2,0,0
2941.0,2.054054054054054,0.8053872662568291,"[17, 29, 5, 14]",60,84,76,2,0,1
2942.0,2.0675675675675675,0.7901729190628471,"[17, 14, 29, 5]",62,83,77,0,0,1
2943.0,2.126126126126126,0.8140965857860756,"[14, 17, 5, 26]",55,78,87,2,0,2
2944.0,2.0135135135135136,0.8319400524964407,"[14, 5, 29, 17]",57,87,72,6,0,0
2945.0,2.036036036036036,0.823060483671462,"[14, 5, 17, 26]",59,84,75,4,0,1
2946.0,2.081081081081081,0.8087209625118331,"[5, 14, 26, 17]",58,82,80,2,0,2
2947.0,2.072072072072072,0.8095774185289925,"[14, 17, 5]",62,79,80,1,0,0
2948.0,1.9504504504504503,0.8140590297199426,"[17, 14, 5, 26]",76,78,67,1,0,1
2949.0,2.0315315315315314,0.8149598976316995,"[14, 5, 17]",64,81,75,2,0,1
2950.0,2.0675675675675675,0.8183044120610503,"[17, 5, 26, 14, 29]",64,76,81,1,0,0
2951.0,2.018018018018018,0.801378698667744,"[14, 17, 5]",63,86,71,2,0,0
2952.0,2.054054054054054,0.8053872662568292,"[14, 17, 5]",54,90,74,4,0,1
2953.0,2.0315315315315314,0.7867088190490744,"[28, 17, 14, 5]",59,91,70,2,0,0
2954.0,2.072072072072072,0.7869031081203345,"[5, 14, 17, 26]",55,90,75,2,0,2
2955.0,1.95945945945946,0.792027969063525,"[14, 5, 17]",71,86,64,1,0,1
2956.0,2.126126126126126,0.7972477216785111,"[5, 14, 17, 26]",55,81,85,1,0,2
2957.0,2.009009009009009,0.8401195292622843,"[14, 5, 26, 29]",65,78,75,4,0,1
2958.0,2.130630630630631,0.8161595080539898,"[26, 5, 14, 17]",49,83,86,4,0,1
2959.0,2.126126126126126,0.8140965857860756,"[5, 17, 14]",52,81,86,3,0,0
2960.0,2.0225225225225225,0.7812491082706582,"[17, 14, 5]",59,93,68,2,1,1
2961.0,2.0405405405405403,0.7746992852145428,"[5, 17, 14]",62,89,71,0,0,1
2962.0,2.063063063063063,0.7990863479500624,"[3, 14, 17, 5]",58,86,76,2,0,1
2963.0,1.954954954954955,0.7946357187816142,"[14, 17, 5]",66,91,62,3,0,1
2964.0,2.081081081081081,0.7744229804648938,"[17, 5, 14]",58,88,76,0,0,1
2965.0,2.0045045045045047,0.7987419279094043,"[14, 17, 5]",67,84,70,1,0,1
2966.0,2.072072072072072,0.8039687946906966,"[5, 17, 29, 14]",64,78,80,0,0,1
2967.0,2.058558558558558,0.779368402884738,"[17, 14, 5]",61,87,74,0,0,1
2968.0,2.0675675675675675,0.8071694761865497,"[17, 14, 5, 26]",56,86,77,3,0,0
2969.0,2.099099099099099,0.7896955705886475,"[17, 14, 5]",53,88,79,2,1,1
2970.0,2.0405405405405403,0.8310575913066944,"[26, 5, 14, 17]",60,81,77,4,0,0
2971.0,1.9774774774774773,0.7927482050973127,"[5, 14, 29, 17]",69,86,66,1,0,1
2972.0,1.9864864864864864,0.7638893675656883,"[5, 17, 14]",63,96,62,1,0,1
2973.0,2.0945945945945947,0.8588467314986671,"[14, 5, 29, 17]",60,69,89,4,0,1
2974.0,2.036036036036036,0.8339832775858357,"[14, 17, 5]",67,74,79,2,0,1
2975.0,2.0675675675675675,0.8508353268009726,"[14, 17, 5]",61,73,84,4,0,1
2976.0,2.0855855855855854,0.8166089076336228,"[17, 5, 14]",53,85,80,4,0,1
2977.0,2.135135135135135,0.7957635166404936,"[14, 26, 5, 17]",48,87,84,3,0,0
2978.0,2.0405405405405403,0.820095831325323,"[5, 17, 29, 14]",64,79,77,2,0,1
2979.0,2.018018018018018,0.8236546082558097,"[5, 14, 17, 26, 29]",67,78,75,2,0,1
2980.0,1.9864864864864864,0.848099977723587,"[14, 5, 17]",72,72,75,3,0,1
2981.0,2.0495495495495497,0.7741729054797655,"[14, 17, 5]",55,95,70,2,0,1
2982.0,2.0135135135135136,0.7929538666645037,"[14, 17, 5]",65,86,70,1,0,0
2983.0,1.95945945945946,0.7977205510293365,"[14, 17, 26, 5]",72,84,65,1,0,1
2984.0,2.0225225225225225,0.8096907051164532,"[17, 14, 5]",61,86,72,3,0,1
2985.0,2.112612612612613,0.7733826641317794,"[5, 14, 26, 17]",52,90,79,1,0,1
2986.0,2.063063063063063,0.8158972439879524,"[5, 14, 17]",58,83,78,3,0,1
2987.0,2.0675675675675675,0.82928985180689,"[14, 5, 26]",57,81,80,4,0,1
2988.0,2.09009009009009,0.790778865149106,"[14, 5, 17, 29]",60,82,80,0,0,1
2989.0,2.0675675675675675,0.7958787695220654,"[14, 17, 5]",60,84,77,1,0,2
2990.0,2.045045045045045,0.7831643365554003,"[5, 17, 29, 14]",60,89,72,1,0,1
2991.0,2.045045045045045,0.8280969557349607,"[14, 17, 5]",59,82,77,4,0,1
2992.0,2.054054054054054,0.7997492575132488,"[14, 17, 5]",59,86,75,2,0,1
2993.0,1.9684684684684688,0.8093885723138263,"[17, 26, 14, 5]",67,86,66,3,0,1
2994.0,2.018018018018018,0.8399739489817525,"[17, 14, 5, 29]",70,72,78,2,1,1
2995.0,2.099099099099099,0.7896955705886475,"[5, 14, 17]",56,85,80,1,1,2
2996.0,2.112612612612613,0.7615912274102535,"[17, 5, 14]",53,91,78,0,0,1
2997.0,2.045045045045045,0.7715224109129613,"[5, 17, 14, 26]",61,90,71,0,0,1
2998.0,2.1171171171171173,0.7986270882211046,"[14, 5, 17]",47,90,81,4,0,0
2999.0,2.1486486486486487,0.7961860289754663,"[5, 14, 17, 29]",50,83,87,2,0,1
3000.0,2.054054054054054,0.7591116246003612,"[14, 17, 5]",58,94,70,0,0,1
3001.0,2.045045045045045,0.8280969557349607,"[14, 5, 29, 17]",59,82,77,4,0,0
3002.0,2.130630630630631,0.8049949037575448,"[14, 5, 29]",53,81,86,2,0,2
3003.0,2.0135135135135136,0.8319400524964407,"[5, 29, 14, 17]",66,78,75,3,0,1
3004.0,1.990990990990991,0.8182919579375431,"[17, 5, 14]",72,77,72,1,0,1
3005.0,2.09009009009009,0.7616313706697142,"[14, 17, 29, 5]",55,92,75,0,0,1
3006.0,2.0405405405405403,0.803372797205758,"[5, 17, 29, 14]",61,85,74,2,0,0
3007.0,2.099099099099099,0.7723145556962921,"[14, 5, 17, 26]",53,91,77,1,0,3
3008.0,2.018018018018018,0.7842566527683641,"[14, 17, 5, 26]",66,86,70,0,0,1
3009.0,2.0045045045045047,0.809992725221495,"[5, 14, 17]",69,80,72,1,1,0
3010.0,2.103603603603604,0.7448681656778929,"[32, 14, 17, 5]",51,97,74,0,0,2
3011.0,2.0675675675675675,0.8071694761865497,"[17, 5, 14]",59,83,78,2,0,0
3012.0,2.126126126126126,0.7915517392855129,"[5, 14, 17, 26]",54,83,84,1,1,3
3013.0,2.027027027027027,0.7954560939839985,"[5, 17, 26, 14]",64,85,72,1,0,1
3014.0,2.0765765765765765,0.8063610180276339,"[5, 14, 17, 26]",61,80,80,1,0,1
3015.0,2.036036036036036,0.8175443633380667,"[5, 17, 14]",58,86,74,4,0,1
3016.0,2.0495495495495497,0.797209371872663,"[17, 5, 14]",62,84,75,1,0,0
3017.0,2.0225225225225225,0.8262858822580401,"[5, 14, 17]",67,77,76,2,0,0
3018.0,2.09009009009009,0.8077626723447154,"[17, 14, 5, 26]",60,79,82,1,0,1
3019.0,1.9954954954954955,0.8744629780497386,"[5, 14, 17]",67,71,78,6,1,1
3020.0,1.954954954954955,0.7831643365554004,"[17, 14, 5]",67,92,61,2,0,0
3021.0,2.1171171171171173,0.7872138708948209,"[14, 5, 17]",51,88,81,2,0,2
3022.0,2.0315315315315314,0.7981292586297671,"[5, 14, 17]",67,81,74,0,0,0
3023.0,2.027027027027027,0.8343253644387617,"[17, 5, 14]",62,80,76,4,0,1
3024.0,2.0765765765765765,0.7950588304542311,"[5, 14]",62,81,79,0,0,1
3025.0,2.0405405405405403,0.8255949044857465,"[17, 5, 14]",59,83,76,4,0,1
3026.0,2.0495495495495497,0.7799958085365829,"[5, 14, 26, 17]",59,90,72,1,0,1
3027.0,1.981981981981982,0.8125929892570568,"[17, 14, 5]",69,82,69,2,0,0
3028.0,2.0855855855855854,0.7941353870744926,"[17, 14, 5, 26]",58,84,79,1,0,1
3029.0,2.0495495495495497,0.8195986076270692,"[17, 14, 5, 29]",57,85,76,4,0,1
3030.0,2.027027027027027,0.8234071084430594,"[5, 17, 26, 14]",63,81,75,3,0,1
3031.0,2.0405405405405403,0.8418766344184859,"[17, 14, 5, 4, 26]",59,80,78,5,0,0
3032.0,2.0855855855855854,0.7941353870744926,"[17, 5, 14]",61,81,80,0,1,1
3033.0,2.072072072072072,0.8039687946906965,"[5, 14, 29]",58,84,78,2,0,1
3034.0,2.1171171171171173,0.8154474522049158,"[17, 14, 5, 26]",56,78,86,2,0,2
3035.0,2.13963963963964,0.8146597190165381,"[14, 17, 5]",54,77,89,2,0,0
3036.0,2.0405405405405403,0.7746992852145429,"[3, 17, 14, 5]",62,89,71,0,0,2
3037.0,2.126126126126126,0.791551739285513,"[17, 5, 26, 14]",51,86,83,2,0,1
3038.0,2.054054054054054,0.822069321843126,"[5, 17, 14]",66,75,80,1,0,0
3039.0,2.108108108108108,0.7532896344219971,"[17, 5, 14]",52,94,76,0,0,1
3040.0,2.0855855855855854,0.7710070803704268,"[17, 5, 14]",57,89,76,0,0,1
3041.0,2.0405405405405403,0.8364846046545871,"[14, 5, 26, 17]",67,73,80,2,0,1
3042.0,2.058558558558558,0.8078762134098192,"[5, 14, 26]",60,83,77,2,0,1
3043.0,2.063063063063063,0.7819141066723376,"[17, 5, 29, 14]",55,92,73,2,0,1
3044.0,2.036036036036036,0.7836326585153965,"[5, 14, 17]",61,89,71,1,0,1
3045.0,2.0855855855855854,0.8221313044655548,"[14, 17, 5, 26]",60,77,83,2,0,0
3046.0,2.009009009009009,0.7844125737718137,"[14, 26, 5]",61,92,67,2,0,1
3047.0,1.990990990990991,0.8015312889452847,"[5, 14, 17, 26]",66,86,68,2,0,1
3048.0,2.13963963963964,0.7921309000193595,"[14, 17, 5, 26]",50,85,85,2,0,0
3049.0,2.099099099099099,0.754533267439808,"[5, 14, 17]",53,94,75,0,0,1
3050.0,2.130630630630631,0.7405871209813208,"[32, 17, 29, 14, 5]",45,100,76,1,0,2
3051.0,2.058558558558558,0.8299777534464476,"[17, 14, 5]",61,78,80,3,0,0
3052.0,2.0045045045045047,0.804386997132654,"[5, 17, 14]",68,82,71,1,0,1
3053.0,1.9774774774774773,0.8317440309221362,"[5, 14, 17, 26]",64,84,69,5,0,1
3054.0,2.0855855855855854,0.8330662814527707,"[14, 5, 17, 26]",56,79,83,4,0,0
3055.0,2.027027027027027,0.8178933258554592,"[17, 14, 5]",68,77,76,1,0,0
3056.0,2.045045045045045,0.8335432453407354,"[14, 5]",66,74,80,2,0,1
3057.0,2.0855855855855854,0.7651157717794568,"[5, 17, 14]",56,91,75,0,0,1
3058.0,2.0315315315315314,0.798129258629767,"[14, 5, 17]",64,84,73,1,1,1
3059.0,2.027027027027027,0.817893325855459,"[14, 17, 5, 26]",62,83,74,3,0,1
3060.0,2.058558558558558,0.8078762134098193,"[17, 14, 5]",63,80,78,1,0,1
3061.0,2.054054054054054,0.8330051124854692,"[14, 17, 29, 5]",62,77,80,3,0,1
3062.0,2.130630630630631,0.7586953308346966,"[5, 14]",51,91,80,0,0,3
3063.0,1.95945945945946,0.7688362691472533,"[14, 5, 17, 26]",67,94,60,1,0,1
3064.0,2.103603603603604,0.7919764985689902,"[14, 17, 5]",59,81,82,0,0,1
3065.0,1.9504504504504503,0.7857755627978602,"[14, 17, 5]",71,88,62,1,0,1
3066.0,2.0135135135135136,0.8042856346904997,"[5, 14, 17, 29]",64,85,71,2,0,1
3067.0,2.0405405405405403,0.7920279690635249,"[5, 17, 14, 29]",59,89,72,2,0,0
3068.0,2.009009009009009,0.8015312889452847,"[14, 5, 26, 17]",67,83,71,1,0,1
3069.0,2.103603603603604,0.8255455268000274,"[5, 26, 14, 17]",59,75,86,2,0,1
3070.0,2.058558558558558,0.779368402884738,"[5, 17, 26, 14]",55,93,72,2,0,2
3071.0,2.036036036036036,0.78938578480206,"[5, 14, 17]",59,90,71,2,0,2
3072.0,2.0495495495495497,0.8140590297199426,"[17, 29, 5, 14]",62,81,77,2,0,1
3073.0,2.0765765765765765,0.760144658173241,"[17, 14, 5]",56,93,73,0,0,1
3074.0,2.108108108108108,0.7652090046771133,"[14, 5, 17]",54,90,78,0,1,1
3075.0,2.036036036036036,0.8339832775858357,"[14, 17, 5]",55,86,75,6,0,1
3076.0,1.9504504504504503,0.8028652168061973,"[5, 14, 17]",71,85,64,2,1,1
3077.0,2.103603603603604,0.7746466633366658,"[5, 17, 14, 26]",53,90,78,1,0,1
3078.0,2.058558558558558,0.7965955238903087,"[14, 5, 17]",58,87,75,2,0,2
3079.0,2.058558558558558,0.7908948444176503,"[14, 5, 26, 17]",63,83,76,0,0,1
3080.0,2.018018018018018,0.8399739489817525,"[14, 17, 5]",64,78,76,4,0,0
3081.0,2.063063063063063,0.8103323632877316,"[17, 26, 5, 14]",57,85,77,3,0,1
3082.0,2.0225225225225225,0.7984356520350697,"[14, 29, 5, 17]",65,84,72,1,0,1
3083.0,2.0765765765765765,0.8230233366445513,"[5, 14, 17]",61,77,82,2,0,2
3084.0,2.054054054054054,0.8544569108208755,"[14, 17, 5]",63,72,83,4,1,1
3085.0,2.045045045045045,0.8280969557349607,"[14, 17, 29, 5]",62,79,78,3,0,0
3086.0,2.058558558558558,0.8245079123091277,"[14, 5, 17]",60,80,79,3,0,2
3087.0,2.121621621621621,0.777850083312701,"[14, 5, 26, 17]",55,85,82,0,0,1
3088.0,2.103603603603604,0.8255455268000272,"[17, 5, 14]",56,78,85,3,0,1
3089.0,2.081081081081081,0.7860219463751896,"[14, 17, 5, 26]",54,90,76,2,0,1
3090.0,2.036036036036036,0.8119907710498862,"[5, 17, 14]",57,88,73,4,0,1
3091.0,2.072072072072072,0.8370570263550435,"[14, 5, 17, 4]",58,78,82,4,0,0
3092.0,2.108108108108108,0.7652090046771133,"[17, 14, 5, 29]",54,90,78,0,0,2
3093.0,2.0135135135135136,0.8209900751144731,"[17, 14, 5]",64,82,73,3,0,2
3094.0,2.036036036036036,0.7950972839868216,"[14, 17, 5]",60,88,72,2,0,1
3095.0,2.009009009009009,0.8071568502552311,"[5, 14, 17]",62,87,70,3,0,0
3096.0,2.0945945945945947,0.7987929624713317,"[14, 17, 5, 26]",55,85,80,2,0,1
3097.0,2.0495495495495497,0.8084814964567331,"[14, 5, 17]",61,83,76,2,0,1
3098.0,2.054054054054054,0.822069321843126,"[5, 14, 17]",66,75,80,1,0,1
3099.0,2.103603603603604,0.7687832459562146,"[14, 17, 5]",52,92,77,1,1,1
3100.0,2.108108108108108,0.7710996009560597,"[5, 17, 14]",55,88,79,0,0,1
3101.0,2.0765765765765765,0.8230233366445513,"[14, 17, 5, 29]",58,80,81,3,0,1
3102.0,2.072072072072072,0.7926324970155456,"[17, 14, 26, 5]",53,91,75,3,0,1
3103.0,2.027027027027027,0.8011243169520794,"[14, 5]",53,95,69,5,0,0
3104.0,2.0765765765765765,0.8175069656619901,"[17, 5, 14]",63,76,82,1,0,0
3105.0,2.0855855855855854,0.8166089076336228,"[17, 5, 26, 14]",56,82,81,3,0,1
3106.0,2.036036036036036,0.8175443633380666,"[14, 17, 5]",67,77,77,1,0,0
3107.0,2.0225225225225225,0.8207914384685622,"[14, 17, 5, 29]",63,82,74,3,0,3
3108.0,2.108108108108108,0.7652090046771133,"[5, 17, 14]",48,96,76,2,0,0
3109.0,2.0675675675675675,0.8347283582492867,"[14, 5, 17]",61,76,82,3,0,1
3110.0,2.072072072072072,0.8039687946906964,"[14, 17, 5]",61,81,79,1,0,0
3111.0,2.072072072072072,0.7811316968436159,"[14, 5]",60,86,76,0,2,1
3112.0,2.0675675675675675,0.7728026402344472,"[14, 5, 26]",59,89,74,0,0,1
3113.0,2.099099099099099,0.7839447177267498,"[17, 14, 5]",58,84,80,0,0,1
3114.0,2.09009009009009,0.7734221953755526,"[14, 17, 5]",57,88,77,0,0,1
3115.0,1.9864864864864864,0.8373613465544228,"[17, 14, 5, 26]",73,73,74,2,0,1
3116.0,2.0945945945945947,0.7987929624713317,"[5, 17, 14, 4]",52,88,79,3,0,2
3117.0,2.0675675675675675,0.82928985180689,"[17, 14, 5, 26]",60,78,81,3,0,1
3118.0,2.1621621621621623,0.7555590725059045,"[5, 17, 14]",48,90,84,0,0,2
3119.0,2.036036036036036,0.8007680467893786,"[14, 5, 17, 26]",64,83,74,1,0,1
3120.0,2.09009009009009,0.8133451349760029,"[14, 5, 17]",61,77,83,1,0,1
3121.0,2.0225225225225225,0.787019658540595,"[5, 17, 14]",63,88,70,1,0,2
3122.0,2.0405405405405403,0.8310575913066944,"[17, 5, 26, 14]",63,78,78,3,0,2
3123.0,1.95945945945946,0.841876634418486,"[5, 17, 14, 26]",71,77,70,4,0,1
3124.0,2.027027027027027,0.7954560939839984,"[14, 5, 17]",55,94,69,4,0,1
3125.0,2.054054054054054,0.7940712191846122,"[5, 17, 14]",64,82,76,0,0,1
3126.0,2.081081081081081,0.8142968555519061,"[5, 14, 17]",59,80,81,2,0,1
3127.0,2.130630630630631,0.7586953308346966,"[14, 17, 5]",48,94,79,1,1,1
3128.0,2.0495495495495497,0.7972093718726632,"[17, 14, 5, 26]",59,87,74,2,0,0
3129.0,2.0855855855855854,0.7768537132156774,"[17, 5, 14, 26]",55,90,76,1,0,1
3130.0,2.099099099099099,0.7954048453227989,"[17, 14, 26, 5]",54,86,80,2,0,1
3131.0,1.954954954954955,0.7946357187816142,"[17, 5, 29, 14]",72,85,64,1,0,1
3132.0,2.0,0.807207352795575,"[17, 5, 14]",63,87,69,3,0,0
3133.0,2.0315315315315314,0.8368743811173183,"[5, 14, 17]",56,85,75,6,0,1
3134.0,2.103603603603604,0.8364358698255633,"[14, 5, 26, 17]",55,77,86,4,0,1
3135.0,2.175675675675676,0.7674033570667542,"[5, 14, 29, 17]",49,85,88,0,0,1
3136.0,2.0405405405405403,0.8200958313253228,"[17, 14, 5]",64,79,77,2,0,0
3137.0,2.054054054054054,0.8437991851964788,"[5, 14, 17]",61,76,81,4,0,0
3138.0,2.0945945945945947,0.775803520146114,"[5, 14]",54,90,77,1,0,0
3139.0,2.0315315315315314,0.7751201316301087,"[14, 17, 5, 29]",60,92,69,1,0,1
3140.0,1.9954954954954955,0.7987419279094045,"[14, 17, 5]",65,87,68,2,0,1
3141.0,2.0855855855855854,0.838480293775115,"[5, 17, 14]",54,80,83,5,0,1
3142.0,2.036036036036036,0.78938578480206,"[14, 5]",59,90,71,2,0,1
3143.0,2.063063063063063,0.826914663226169,"[14, 5, 17]",57,82,79,4,0,1
3144.0,2.045045045045045,0.8170954782558749,"[17, 5, 14, 29]",63,80,77,2,0,1
3145.0,2.1576576576576576,0.7887270860114184,"[5, 29, 14, 17, 26]",51,82,88,1,0,3
3146.0,2.045045045045045,0.8443304384922279,"[17, 5, 14]",59,79,79,5,0,1
3147.0,2.108108108108108,0.7999021586249628,"[17, 5, 14]",51,87,81,3,0,1
3148.0,2.0945945945945947,0.837507380972442,"[5, 17, 14, 26]",53,80,84,5,0,1
3149.0,2.0675675675675675,0.8347283582492868,"[5, 14, 29, 26, 17]",67,70,84,1,0,0
3150.0,2.054054054054054,0.8053872662568291,"[5, 17, 14, 26]",66,78,78,0,0,1
3151.0,2.0945945945945947,0.8044376735642,"[14, 17, 5]",56,83,81,2,1,2
3152.0,2.0,0.7902116103552715,"[14, 5, 17]",60,93,66,3,1,0
3153.0,2.081081081081081,0.7974522228289,"[5, 26, 14]",56,86,78,2,0,1
3154.0,2.036036036036036,0.8659253719730989,"[14, 17, 5]",61,74,81,6,0,0
3155.0,2.0855855855855854,0.8166089076336228,"[5, 17, 26, 14]",59,79,82,2,0,1
3156.0,2.0675675675675675,0.778635790667876,"[17, 14, 5, 26]",57,90,74,1,0,0
3157.0,2.036036036036036,0.8119907710498862,"[14, 5, 17]",63,82,75,2,1,0
3158.0,2.0855855855855854,0.8054505326308168,"[14, 5, 17]",54,86,79,3,0,1
3159.0,2.130630630630631,0.7821877652156126,"[17, 5, 14, 26, 4]",52,86,83,1,0,1
3160.0,2.063063063063063,0.7819141066723375,"[28, 5, 26, 14, 17]",55,92,73,2,0,0
3161.0,2.108108108108108,0.7532896344219973,"[14, 17, 5]",49,97,75,1,0,1
3162.0,2.054054054054054,0.8437991851964787,"[14, 5, 17]",64,73,82,3,0,0
3163.0,2.058558558558558,0.7851527756881226,"[14, 5, 17]",56,91,73,2,0,1
3164.0,2.027027027027027,0.7664864830367194,"[17, 14, 26, 5]",62,92,68,0,0,1
3165.0,2.054054054054054,0.8165465058157807,"[17, 14, 5]",59,83,77,3,0,0
3166.0,2.045045045045045,0.8280969557349607,"[17, 14, 5]",59,82,77,4,0,1
3167.0,2.1486486486486487,0.824112286957307,"[5, 14, 17, 26]",55,73,92,2,0,1
3168.0,2.13963963963964,0.7921309000193595,"[17, 5, 14]",53,82,86,1,0,0
3169.0,2.054054054054054,0.7767881177453528,"[17, 14, 29, 5]",58,91,72,1,0,3
3170.0,2.054054054054054,0.7997492575132488,"[17, 5, 14, 26]",59,86,75,2,0,2
3171.0,2.0675675675675675,0.8071694761865497,"[17, 14, 5]",53,89,76,4,0,0
3172.0,2.054054054054054,0.8330051124854692,"[14, 26, 5, 17]",59,80,79,4,0,1
3173.0,2.036036036036036,0.7836326585153965,"[14, 5, 17]",58,92,70,2,0,2
3174.0,2.121621621621621,0.806411570407975,"[14, 29, 5]",54,81,85,2,0,1
3175.0,2.099099099099099,0.754533267439808,"[5, 14]",53,94,75,0,0,1
3176.0,2.0765765765765765,0.8230233366445514,"[17, 14, 26, 5]",61,77,82,2,0,1
3177.0,1.9774774774774773,0.8207914384685622,"[14, 17, 5, 4]",74,76,71,1,0,1
3178.0,2.0765765765765765,0.8063610180276339,"[5, 17, 14]",58,83,79,2,0,2
3179.0,2.081081081081081,0.7744229804648938,"[14, 5]",58,88,76,0,0,1
3180.0,2.018018018018018,0.8453437222359055,"[14, 17, 5]",59,82,75,6,0,1
3181.0,2.0765765765765765,0.8119531175814391,"[14, 17, 5, 29]",62,78,81,1,0,1
3182.0,2.09009009009009,0.8077626723447155,"[14, 17, 5]",60,79,82,1,0,2
3183.0,2.1171171171171173,0.8319278025011886,"[14, 5, 4, 26]",56,75,88,3,0,1
3184.0,2.0135135135135136,0.8209900751144732,"[5, 17, 14]",61,85,72,4,0,1
3185.0,2.0495495495495497,0.7972093718726632,"[17, 14, 5, 29]",62,84,75,1,0,1
3186.0,1.945945945945946,0.810986080277772,"[14, 26, 17, 5]",70,85,64,3,0,0
3187.0,2.189189189189189,0.7960708205780502,"[5, 14, 17]",50,77,94,1,0,2
3188.0,2.103603603603604,0.7628747639732995,"[5, 14, 17, 29]",54,91,77,0,0,1
3189.0,2.058558558558558,0.8354117816811468,"[5, 14]",62,76,81,3,1,0
3190.0,2.103603603603604,0.7862423293933887,"[5, 17, 14, 26]",55,86,80,1,0,1
3191.0,2.0135135135135136,0.8042856346904996,"[17, 5, 14, 29]",64,85,71,2,0,1
3192.0,2.058558558558558,0.8078762134098192,"[14, 5, 29]",63,80,78,1,0,1
3193.0,2.027027027027027,0.8288842138623563,"[14, 5, 17]",58,85,74,5,0,0
3194.0,2.1171171171171173,0.7814447547802416,"[17, 14, 5]",56,84,82,0,0,1
3195.0,1.9864864864864864,0.809892064367318,"[5, 14, 17, 26]",62,89,67,4,0,1
3196.0,2.018018018018018,0.760828103048786,"[17, 14, 5]",62,94,66,0,0,1
3197.0,2.126126126126126,0.7858144706037581,"[14, 5, 17]",56,82,84,0,0,1
3198.0,2.0675675675675675,0.7669251247662161,"[29, 17, 14, 5]",58,91,73,0,0,1
3199.0,2.058558558558558,0.7965955238903089,"[14, 5, 17]",55,90,74,3,0,1
3200.0,2.0495495495495497,0.797209371872663,"[29, 5, 17, 14]",59,87,74,2,0,0
3201.0,2.09009009009009,0.7792507080877088,"[5, 14, 17]",52,92,76,2,0,0
3202.0,2.063063063063063,0.8323686887516281,"[17, 5, 14, 26]",55,83,79,5,0,1
3203.0,2.0495495495495497,0.8195986076270693,"[14, 5, 17, 29]",66,76,79,1,0,1
3204.0,1.9414414414414407,0.813457896850872,"[14, 17, 26, 5, 29]",71,84,64,3,0,1
3205.0,2.009009009009009,0.8182919579375431,"[14, 17, 5]",64,83,72,3,0,2
3206.0,2.063063063063063,0.7876797851721572,"[5, 14, 17]",59,87,75,1,0,2
3207.0,2.072072072072072,0.7811316968436159,"[5, 17, 26, 14, 21]",60,86,76,0,0,2
3208.0,2.0225225225225225,0.8317440309221363,"[14, 5, 17]",62,81,75,4,0,1
3209.0,1.990990990990991,0.812743474086136,"[14, 17, 5]",65,85,69,3,0,0
3210.0,2.112612612612613,0.8133075442101599,"[5, 14, 26, 17]",56,79,85,2,0,0
3211.0,2.0045045045045047,0.8374587056625687,"[14, 17, 5, 29]",65,79,74,4,0,0
3212.0,2.081081081081081,0.7626476284371551,"[14, 17, 29, 5]",56,92,74,0,0,1
3213.0,2.0675675675675675,0.7550328466274591,"[14, 5, 26]",56,95,71,0,0,2
3214.0,1.981981981981982,0.801378698667744,"[3, 5, 17, 14]",67,86,67,2,0,1
3215.0,2.063063063063063,0.7934035654851268,"[26, 5, 17, 14]",60,85,76,1,0,0
3216.0,1.9504504504504503,0.7741729054797652,"[5, 17, 14]",69,92,60,1,0,1
3217.0,2.058558558558558,0.8022556964196214,"[5, 17, 14]",56,88,75,3,0,1
3218.0,2.072072072072072,0.7811316968436159,"[17, 14, 29, 5]",60,86,76,0,0,2
3219.0,2.0945945945945947,0.8211390210654653,"[14, 17, 5]",59,77,84,2,0,0
3220.0,2.099099099099099,0.7605065584392083,"[17, 5, 14, 26]",51,95,75,1,0,2
3221.0,2.0765765765765765,0.8007298655844591,"[14, 5, 17]",60,82,79,1,0,1
3222.0,2.121621621621621,0.8120033218180283,"[14, 5, 26]",55,79,86,2,0,1
3223.0,2.036036036036036,0.8175443633380667,"[5, 17, 14]",67,77,77,1,1,0
3224.0,2.0405405405405403,0.8255949044857465,"[5, 17, 14]",59,83,76,4,0,0
3225.0,2.099099099099099,0.754533267439808,"[14, 5, 17]",53,94,75,0,1,1
3226.0,2.081081081081081,0.8198348264848097,"[17, 5, 26, 14]",54,84,80,4,0,1
3227.0,2.0135135135135136,0.809892064367318,"[17, 5, 14]",59,89,70,4,0,0
3228.0,2.099099099099099,0.754533267439808,"[14, 17, 5, 26]",53,94,75,0,0,2
3229.0,2.054054054054054,0.7767881177453528,"[17, 14, 5]",58,91,72,1,1,1
3230.0,2.081081081081081,0.7974522228289,"[5, 14, 17, 21, 29]",59,83,79,1,0,1
3231.0,2.054054054054054,0.822069321843126,"[14, 17, 26, 5]",60,81,78,3,0,1
3232.0,2.072072072072072,0.7926324970155457,"[5, 14, 17]",62,82,78,0,1,0
3233.0,2.009009009009009,0.8182919579375431,"[14, 17, 5]",61,86,71,4,0,0
3234.0,2.063063063063063,0.8158972439879524,"[14, 26, 5, 17]",58,83,78,3,0,0
3235.0,2.130630630630631,0.7879514412758253,"[5, 14, 17]",53,84,84,1,0,1
3236.0,2.126126126126126,0.756475718996971,"[17, 26, 5, 14]",51,92,79,0,0,0
3237.0,2.063063063063063,0.8103323632877316,"[14, 17, 5]",57,85,77,3,0,1
3238.0,2.0315315315315314,0.8037786307414235,"[17, 14, 5]",65,82,74,1,0,1
3239.0,2.144144144144144,0.7884556971499849,"[5, 17, 26, 14]",55,80,87,0,0,1
3240.0,2.0855855855855854,0.7768537132156774,"[14, 17, 26, 5]",52,93,75,2,0,1
3241.0,2.054054054054054,0.822069321843126,"[17, 5, 14]",63,78,79,2,0,0
3242.0,2.045045045045045,0.8443304384922279,"[17, 5, 14]",65,73,81,3,0,0
3243.0,2.081081081081081,0.7744229804648938,"[5, 14, 17]",55,91,75,1,0,2
3244.0,2.058558558558558,0.8299777534464475,"[14, 17, 5]",61,78,80,3,0,1
3245.0,2.0225225225225225,0.7984356520350697,"[14, 5, 17]",65,84,72,1,0,1
3246.0,2.0495495495495497,0.8359971285185129,"[5, 17, 14]",60,79,79,4,0,0
3247.0,2.09009009009009,0.8133451349760028,"[5, 14, 26, 17]",61,77,83,1,0,0
3248.0,2.018018018018018,0.8453437222359055,"[5, 17, 14, 26]",68,73,78,3,0,1
3249.0,2.099099099099099,0.7839447177267498,"[5, 14, 17]",58,84,80,0,0,2
3250.0,2.0675675675675675,0.8015440034905215,"[5, 14, 17, 26]",55,88,76,3,0,2
3251.0,2.0405405405405403,0.8310575913066944,"[5, 17, 26, 14]",57,84,76,5,0,0
3252.0,2.130630630630631,0.8326257645868875,"[17, 5, 14, 26]",55,74,90,3,0,0
3253.0,2.1486486486486487,0.7789498517034031,"[5, 14, 17, 29]",53,83,86,0,0,0
3254.0,2.0045045045045047,0.8481961042125443,"[17, 5, 14]",67,75,76,4,0,1
3255.0,2.0315315315315314,0.8582294709418448,"[14, 5, 17]",69,68,82,3,0,1
3256.0,2.0855855855855854,0.7768537132156774,"[14, 5]",58,87,77,0,0,1
3257.0,2.054054054054054,0.8491447689845928,"[17, 5, 26, 14]",65,71,83,3,0,1
3258.0,2.054054054054054,0.8437991851964788,"[14, 5, 17, 4]",58,79,80,5,0,0
3259.0,2.121621621621621,0.7778500833127009,"[17, 14, 5, 26]",52,88,81,1,0,1
3260.0,2.072072072072072,0.8151474531320843,"[14, 5]",60,80,80,2,0,1
3261.0,2.009009009009009,0.812743474086136,"[14, 5, 17]",60,88,70,4,0,0
3262.0,2.036036036036036,0.8339832775858357,"[14, 5, 17]",64,77,78,3,0,0
3263.0,2.027027027027027,0.8288842138623563,"[14, 26, 5, 17]",61,82,75,4,0,1
3264.0,2.054054054054054,0.7997492575132488,"[14, 17, 5]",65,80,77,0,0,1
3265.0,2.036036036036036,0.8119907710498862,"[14, 5, 17, 29]",63,82,75,2,0,1
3266.0,2.063063063063063,0.8103323632877316,"[5, 17, 14]",60,82,78,2,0,1
3267.0,2.0495495495495497,0.808481496456733,"[14, 5, 17]",61,83,76,2,0,1
3268.0,2.0855855855855854,0.8110489099129119,"[5, 14, 17, 26]",52,87,79,4,0,1
3269.0,2.081081081081081,0.7860219463751896,"[17, 5, 14]",57,87,77,1,0,1
3270.0,2.045045045045045,0.817095478255875,"[17, 29, 14, 5]",63,80,77,2,0,1
3271.0,1.891891891891892,0.8111368632260447,"[17, 14, 5]",83,77,61,1,1,1
3272.0,2.045045045045045,0.8170954782558749,"[17, 14, 5]",60,83,76,3,0,1
3273.0,2.045045045045045,0.8115388141244638,"[5, 17, 26, 14]",59,85,75,3,0,0
3274.0,2.126126126126126,0.8085193116017014,"[5, 26, 17, 14]",54,80,86,2,0,1
3275.0,2.0675675675675675,0.790172919062847,"[14, 17, 5, 26]",59,86,76,1,1,1
3276.0,1.9954954954954955,0.7987419279094043,"[17, 14, 5, 26]",65,87,68,2,0,2
3277.0,2.0765765765765765,0.8175069656619901,"[17, 14, 5]",57,82,80,3,0,1
3278.0,2.0675675675675675,0.8071694761865497,"[14, 17, 5]",62,80,79,1,0,1
3279.0,1.9864864864864864,0.7986398490019414,"[14, 26, 5, 17]",66,87,67,2,0,1
3280.0,2.09009009009009,0.8021413597850569,"[17, 14, 5]",56,84,80,2,0,1
3281.0,2.108108108108108,0.7827478151396571,"[17, 5, 14, 29]",57,84,81,0,0,0
3282.0,1.9954954954954955,0.809992725221495,"[14, 17, 5]",67,83,70,2,0,0
3283.0,1.95945945945946,0.7862941752443776,"[17, 5, 14]",70,88,63,1,0,1
3284.0,2.0405405405405403,0.8033727972057582,"[29, 5, 17, 14]",61,85,74,2,0,1
3285.0,2.063063063063063,0.7990863479500622,"[14, 5, 26, 17]",64,80,78,0,0,1
3286.0,2.045045045045045,0.8443304384922279,"[29, 17, 14, 5]",62,76,80,4,0,1
3287.0,2.063063063063063,0.8158972439879524,"[14, 17, 5]",58,83,78,3,1,0
3288.0,1.954954954954955,0.7831643365554004,"[17, 5, 14]",73,86,63,0,0,1
3289.0,2.0495495495495497,0.8140590297199426,"[14, 17, 5]",59,84,76,3,0,2
3290.0,2.0225225225225225,0.8152599657211406,"[5, 26, 14]",59,87,72,4,0,1
3291.0,2.036036036036036,0.8007680467893786,"[14, 5, 17]",61,86,73,2,0,1
3292.0,2.058558558558558,0.8022556964196214,"[14, 5]",59,85,76,2,0,1
3293.0,2.108108108108108,0.7942252134106665,"[14, 17, 5]",59,80,83,0,0,1
3294.0,2.0045045045045047,0.8155599234068583,"[17, 14, 5]",70,78,73,1,0,1
3295.0,1.9234234234234235,0.8007298655844591,"[14, 26, 5, 17]",74,85,61,2,0,0
3296.0,2.018018018018018,0.7957122877791638,"[14, 5, 17, 26]",65,85,71,1,0,1
3297.0,2.0765765765765765,0.760144658173241,"[5, 14, 17]",56,93,73,0,0,2
3298.0,2.058558558558558,0.8245079123091277,"[14, 17, 5]",54,86,77,5,0,1
3299.0,2.045045045045045,0.7946357187816142,"[14, 17, 29, 5]",65,82,75,0,0,1
3300.0,2.144144144144144,0.7472041020221154,"[14, 17, 5]",48,94,80,0,0,2
3301.0,2.072072072072072,0.7926324970155456,"[14, 5, 17]",62,82,78,0,0,0
3302.0,2.027027027027027,0.8343253644387617,"[14, 5, 26, 17]",56,86,74,6,0,0
3303.0,2.130630630630631,0.7466719879030267,"[5, 14, 26, 17]",49,95,78,0,0,1
3304.0,2.0855855855855854,0.7651157717794568,"[17, 5, 14]",56,91,75,0,0,1
3305.0,2.0495495495495497,0.825100994654525,"[14, 5, 29, 17]",67,74,80,1,0,0
3306.0,2.099099099099099,0.806702185118088,"[14, 5, 29, 17, 26]",59,79,83,1,0,1
3307.0,2.058558558558558,0.8134578968508721,"[14, 5, 26, 17]",61,81,78,2,0,0
3308.0,1.981981981981982,0.8013786986677441,"[17, 5, 14]",64,89,66,3,0,0
3309.0,1.9954954954954955,0.809992725221495,"[28, 5, 14, 17]",67,83,70,2,0,0
3310.0,2.0135135135135136,0.8209900751144731,"[5, 14]",64,82,73,3,0,0
3311.0,1.963963963963964,0.78938578480206,"[5, 14, 17]",67,90,63,2,0,1
3312.0,2.126126126126126,0.8521159940278893,"[14, 5, 17, 29, 26]",56,70,92,4,0,1
3313.0,2.0405405405405403,0.8525583939479509,"[5, 14]",61,76,80,5,0,0
3314.0,2.0135135135135136,0.8042856346904997,"[17, 5, 29, 14]",64,85,71,2,0,1
3315.0,1.981981981981982,0.7842566527683641,"[14, 17, 5]",67,89,65,1,0,2
3316.0,2.018018018018018,0.850679600366267,"[5, 14, 17]",63,77,77,5,0,0
3317.0,1.9864864864864864,0.8154599497711779,"[5, 17, 14, 26]",69,81,70,2,0,1
3318.0,2.0225225225225225,0.8371665943707142,"[17, 5, 14, 26]",66,76,77,3,0,0
3319.0,2.081081081081081,0.7685578565836623,"[5, 14, 17]",57,90,75,0,0,1
3320.0,2.0405405405405403,0.7862941752443775,"[17, 14, 5]",64,85,73,0,0,1
3321.0,2.045045045045045,0.8003097521080377,"[14, 5]",63,83,75,1,0,1
3322.0,1.981981981981982,0.7957122877791639,"[14, 5, 17]",69,85,67,1,0,1
3323.0,2.0495495495495497,0.8413922822600971,"[5, 17, 14, 29]",64,74,81,3,0,0
3324.0,2.1171171171171173,0.8098794808808483,"[17, 5, 14]",58,77,86,1,0,1
3325.0,2.0405405405405403,0.8089855530513882,"[14, 5, 17]",62,83,75,2,0,0
3326.0,2.045045045045045,0.8115388141244638,"[14, 5, 17]",62,82,76,2,0,1
3327.0,2.072072072072072,0.8151474531320841,"[14, 17, 5, 26, 29]",60,80,80,2,0,0
3328.0,2.0675675675675675,0.7958787695220654,"[5, 17, 14, 21]",54,90,75,3,0,1
3329.0,2.0315315315315314,0.7924396126678963,"[5, 17, 14]",63,86,72,1,0,1
3330.0,2.0675675675675675,0.7901729190628471,"[17, 14, 5, 26]",59,86,76,1,0,1
3331.0,2.081081081081081,0.8253356386786131,"[17, 14, 5]",55,82,81,4,0,1
3332.0,2.072072072072072,0.8095774185289925,"[5, 14, 17, 26, 29]",59,82,79,2,0,1
3333.0,2.108108108108108,0.7769455375702022,"[14, 5, 17]",56,86,80,0,0,1
3334.0,2.103603603603604,0.8310085382083572,"[26, 17, 5, 14, 29]",60,73,87,2,0,0
3335.0,2.130630630630631,0.8487726345263893,"[17, 26, 5, 14]",55,71,92,4,0,0
3336.0,2.072072072072072,0.8261748712343142,"[5, 17, 26, 14]",59,79,81,3,0,0
3337.0,2.054054054054054,0.7997492575132488,"[17, 5, 14]",56,89,74,3,0,0
3338.0,2.126126126126126,0.8140965857860756,"[17, 14, 5, 26]",52,81,86,3,0,1
3339.0,2.027027027027027,0.8234071084430594,"[17, 14, 5, 4]",60,84,74,4,0,1
3340.0,2.009009009009009,0.8071568502552311,"[28, 17, 5, 14, 26]",59,90,69,4,0,0
3341.0,2.0,0.807207352795575,"[17, 14, 26, 5]",63,87,69,3,0,1
3342.0,2.0495495495495497,0.8028652168061973,"[14, 17, 29, 5, 26]",60,85,75,2,0,1
3343.0,2.072072072072072,0.7811316968436159,"[14, 5, 26]",48,98,72,4,1,0
3344.0,2.1171171171171173,0.7458935998114044,"[14, 5, 17, 26]",50,96,76,0,0,1
3345.0,1.963963963963964,0.7950972839868214,"[17, 5, 14]",68,88,64,2,0,0
3346.0,2.0855855855855854,0.8110489099129118,"[5, 14]",61,78,82,1,0,1
3347.0,2.0135135135135136,0.769790062053001,"[5, 17, 29, 14, 26]",58,97,65,2,1,1
3348.0,2.072072072072072,0.7811316968436159,"[14, 5, 17, 29]",60,86,76,0,0,1
3349.0,2.144144144144144,0.7411236039440517,"[5, 14, 26]",47,96,79,0,0,1
3350.0,2.13963963963964,0.7510811850099081,"[14, 5]",49,93,80,0,0,1
3351.0,2.0675675675675675,0.8238154432603442,"[17, 14, 5]",59,80,80,3,0,1
3352.0,2.121621621621621,0.7720109962648976,"[5, 14, 17]",54,87,81,0,0,1
3353.0,2.0315315315315314,0.7924396126678964,"[5, 14, 17]",66,83,73,0,0,1
3354.0,2.0,0.778675055224552,"[14, 5]",58,97,64,3,0,1
3355.0,2.0315315315315314,0.7574047116247092,"[17, 14, 5, 29]",60,95,67,0,0,1
3356.0,2.0855855855855854,0.8110489099129118,"[5, 17, 14]",61,78,82,1,0,1
3357.0,1.990990990990991,0.812743474086136,"[5, 17, 14, 26]",68,82,70,2,0,1
3358.0,2.0135135135135136,0.837361346554423,"[17, 5, 14]",61,82,74,5,0,1
3359.0,2.036036036036036,0.777836981466073,"[17, 5, 14]",60,91,70,1,0,1
3360.0,2.058558558558558,0.8078762134098193,"[17, 5, 14]",63,80,78,1,0,0
3361.0,2.0495495495495497,0.808481496456733,"[14, 17, 5, 26]",61,83,76,2,0,0
3362.0,2.0405405405405403,0.8255949044857464,"[14, 17, 5]",62,80,77,3,0,2
3363.0,2.054054054054054,0.788352286342648,"[5, 29, 26, 17, 14]",60,87,74,1,0,1
3364.0,2.058558558558558,0.8022556964196215,"[14, 17, 5]",59,85,76,2,0,1
3365.0,2.045045045045045,0.8115388141244637,"[17, 14, 5]",65,79,77,1,0,0
3366.0,2.099099099099099,0.8010734309154447,"[14, 5, 17, 29]",58,81,82,1,0,1
3367.0,2.09009009009009,0.7792507080877088,"[5, 17, 14, 26]",52,92,76,2,0,1
3368.0,2.112612612612613,0.7675095904442579,"[14, 26, 5, 17]",54,89,79,0,0,1
3369.0,1.90990990990991,0.7964803747250548,"[5, 17, 14]",78,83,60,1,0,1
3370.0,1.9954954954954955,0.8043869971326539,"[17, 5, 14]",66,85,69,2,0,1
3371.0,2.103603603603604,0.8310085382083573,"[5, 14, 17]",51,82,84,5,0,1
3372.0,2.121621621621621,0.7893986949703475,"[14, 17, 5, 26]",51,87,82,2,0,1
3373.0,2.009009009009009,0.8238030724517322,"[14, 17, 5]",65,81,73,3,0,1
3374.0,2.045045045045045,0.8226146086363002,"[14, 5, 17]",64,78,78,2,0,1
3375.0,2.0675675675675675,0.8071694761865497,"[17, 5, 14]",59,83,78,2,0,1
3376.0,2.058558558558558,0.8022556964196215,"[14, 17, 26, 5]",59,85,76,2,0,1
3377.0,2.072072072072072,0.7811316968436162,"[14, 5, 29]",60,86,76,0,1,1
3378.0,2.072072072072072,0.8151474531320841,"[14, 17, 5, 26]",60,80,80,2,0,0
3379.0,2.072072072072072,0.8095774185289925,"[5, 17, 14]",59,82,79,2,0,1
3380.0,2.0855855855855854,0.7998129698620862,"[5, 17, 14, 26]",56,85,79,2,0,1
3381.0,1.9864864864864864,0.7929538666645037,"[14, 5, 26, 17]",68,86,67,1,0,1
3382.0,2.081081081081081,0.7974522228289,"[14, 17, 29, 5]",59,83,79,1,0,2
3383.0,1.9054054054054053,0.7816142754752871,"[14, 5, 17, 29]",73,91,56,2,0,1
3384.0,2.1486486486486487,0.813056894689843,"[14, 5, 17, 26]",53,77,90,2,0,0
3385.0,2.081081081081081,0.8142968555519061,"[14, 17, 5]",59,80,81,2,0,0
3386.0,2.0855855855855854,0.7998129698620862,"[5, 17, 14, 26]",59,82,80,1,0,1
3387.0,2.0225225225225225,0.7984356520350697,"[14, 5, 17]",65,84,72,1,0,0
3388.0,2.018018018018018,0.7900052348985384,"[28, 14, 5, 26, 17]",61,90,69,2,0,1
3389.0,2.135135135135135,0.7726839453446801,"[17, 5, 14]",53,86,83,0,0,1
3390.0,2.09009009009009,0.7734221953755526,"[14, 17, 5]",54,91,76,1,0,0
3391.0,2.0945945945945947,0.8100430509578109,"[17, 14, 5]",57,81,82,2,0,1
3392.0,1.9324324324324325,0.8183044120610503,"[17, 14, 5]",73,82,64,3,0,1
3393.0,2.058558558558558,0.7908948444176505,"[29, 5, 14, 17]",57,89,74,2,0,0
3394.0,2.171171171171171,0.8169457950845419,"[29, 17, 5, 14]",55,71,95,1,0,0
3395.0,1.972972972972973,0.8234071084430596,"[17, 14, 5, 29]",66,84,68,4,0,1
3396.0,2.0045045045045047,0.8043869971326539,"[14, 5, 17, 29]",68,82,71,1,0,0
3397.0,2.0405405405405403,0.8145596348957616,"[14, 5, 17, 29]",63,81,76,2,0,1
3398.0,2.027027027027027,0.8288842138623563,"[14, 5, 17]",61,82,75,4,0,0
3399.0,2.0495495495495497,0.808481496456733,"[17, 14, 29, 5]",61,83,76,2,0,0
3400.0,1.9954954954954955,0.7987419279094043,"[5, 14, 17, 29]",71,81,70,0,0,1
3401.0,1.9954954954954955,0.8320380459656691,"[14, 29, 5, 17]",62,84,71,5,0,0
3402.0,2.0855855855855854,0.7941353870744926,"[14, 17, 5]",55,87,78,2,0,3
3403.0,2.045045045045045,0.7946357187816142,"[5, 14, 17]",62,85,74,1,0,2
3404.0,2.054054054054054,0.8165465058157807,"[5, 14, 17]",62,80,78,2,0,1
3405.0,2.112612612612613,0.7733826641317795,"[5, 17, 26, 14]",55,87,80,0,0,1
3406.0,2.072072072072072,0.8206796842272748,"[14, 17, 5]",58,81,80,3,0,1
3407.0,2.112612612612613,0.7964419879703688,"[5, 17, 14]",59,79,84,0,0,1
3408.0,2.0405405405405403,0.8364846046545872,"[14, 5, 17, 29]",61,79,78,4,0,0
3409.0,2.0675675675675675,0.812756013230862,"[29, 5, 14, 17]",60,81,79,2,0,1
3410.0,2.058558558558558,0.813457896850872,"[5, 14, 17, 26]",61,81,78,2,0,0
3411.0,2.09009009009009,0.7675494241701204,"[5, 14, 17]",50,96,74,2,0,1
3412.0,2.0,0.8508712596230341,"[5, 14]",65,77,75,5,0,1
3413.0,2.058558558558558,0.8190015407218109,"[14, 5, 17]",59,82,78,3,0,0
3414.0,2.0,0.7844645405527362,"[5, 14, 29, 26, 17]",65,89,67,1,0,1
3415.0,2.0945945945945947,0.7640494449705395,"[14, 17, 5]",55,91,76,0,0,1
3416.0,2.0765765765765765,0.7835936423759049,"[5, 17, 14]",57,88,76,1,0,2
3417.0,2.0315315315315314,0.8634857257353912,"[17, 14, 5]",61,75,80,6,0,0
3418.0,2.054054054054054,0.8330051124854692,"[5, 17, 14]",56,83,78,5,0,0
3419.0,2.045045045045045,0.8003097521080377,"[5, 14, 17, 26]",63,83,75,1,0,1
3420.0,2.09009009009009,0.8407015982900311,"[5, 14, 17, 29]",60,73,86,3,0,0
3421.0,2.0855855855855854,0.7710070803704268,"[14, 17, 5, 29]",57,89,76,0,0,1
3422.0,2.0765765765765765,0.8007298655844591,"[17, 5, 14, 26]",57,85,78,2,0,0
3423.0,1.9954954954954955,0.8155599234068582,"[14, 5, 17, 26]",65,84,70,3,0,0
3424.0,2.072072072072072,0.7926324970155457,"[5, 14, 17, 4]",59,85,77,1,0,1
3425.0,2.1621621621621623,0.8187899751207264,"[5, 14, 17, 26]",47,80,91,4,0,1
3426.0,2.058558558558558,0.8134578968508721,"[17, 14, 5]",61,81,78,2,0,1
3427.0,1.990990990990991,0.812743474086136,"[17, 14, 5, 29]",65,85,69,3,0,1
3428.0,1.9954954954954955,0.809992725221495,"[5, 17, 14]",64,86,69,3,0,0
3429.0,2.09009009009009,0.8021413597850569,"[17, 5, 14, 26]",53,87,79,3,0,0
3430.0,2.126126126126126,0.8521159940278894,"[26, 17, 14, 5]",56,70,92,4,0,1
3431.0,2.0765765765765765,0.8230233366445513,"[14, 5, 17, 29]",58,80,81,3,0,1
3432.0,2.1486486486486487,0.8018490920936296,"[14, 5, 17]",54,78,89,1,0,1
3433.0,2.045045045045045,0.7889208780403245,"[14, 17, 5]",58,90,72,2,0,1
3434.0,2.054054054054054,0.8275552813385176,"[17, 14, 5]",61,79,79,3,0,1
3435.0,2.0,0.807207352795575,"[5, 26, 17, 14]",66,84,70,2,0,2
3436.0,2.103603603603604,0.7509183430946438,"[17, 5, 14, 29, 26]",52,95,75,0,0,1
3437.0,2.081081081081081,0.7685578565836622,"[5, 14, 29, 17]",57,90,75,0,0,1
3438.0,2.009009009009009,0.8401195292622844,"[5, 17, 14]",65,78,75,4,0,1
3439.0,2.0495495495495497,0.8359971285185128,"[14, 5, 29, 17]",60,79,79,4,0,1
3440.0,2.0045045045045047,0.8099927252214951,"[17, 5, 14, 29]",69,80,72,1,0,1
3441.0,1.9774774774774773,0.8207914384685621,"[14, 5, 4, 17]",62,88,67,5,0,1
3442.0,2.0945945945945947,0.7816142754752871,"[5, 26, 14]",55,88,78,1,0,1
3443.0,2.0135135135135136,0.7814577961392896,"[17, 14, 26, 5]",60,93,67,2,1,1
3444.0,2.103603603603604,0.756920162072369,"[14, 17, 5]",53,93,76,0,0,0
3445.0,2.0135135135135136,0.7986398490019414,"[5, 17, 29, 14]",63,87,70,2,1,1
3446.0,2.018018018018018,0.801378698667744,"[5, 14, 17]",60,89,70,3,0,1
3447.0,2.0675675675675675,0.7958787695220654,"[17, 5, 14]",63,81,78,0,0,1
3448.0,2.018018018018018,0.8399739489817525,"[5, 17, 26, 14]",61,81,75,5,0,1
3449.0,2.0405405405405403,0.8089855530513882,"[17, 14, 26, 5]",62,83,75,2,0,1
3450.0,2.09009009009009,0.761631370669714,"[17, 26, 14, 5]",52,95,74,1,1,1
3451.0,2.0045045045045047,0.8265818387665632,"[5, 17, 26, 14]",69,77,74,2,0,1
3452.0,2.099099099099099,0.7954048453227989,"[5, 17, 14]",57,83,81,1,0,1
3453.0,2.027027027027027,0.8288842138623563,"[14, 17, 5]",64,79,76,3,0,1
3454.0,2.0495495495495497,0.8305669299554027,"[5, 14, 26, 17]",59,81,78,4,0,1
3455.0,2.027027027027027,0.8011243169520794,"[14, 17, 5]",62,86,72,2,0,1
3456.0,2.0675675675675675,0.7901729190628471,"[14, 17, 5, 29]",62,83,77,0,0,1
3457.0,2.0405405405405403,0.7746992852145429,"[17, 14, 5, 29]",59,92,70,1,0,0
3458.0,2.0225225225225225,0.8096907051164531,"[5, 14]",67,80,74,1,0,0
3459.0,2.103603603603604,0.7919764985689902,"[5, 17, 14]",53,87,80,2,0,2
3460.0,2.036036036036036,0.777836981466073,"[5, 14, 17, 29]",63,88,71,0,0,1
3461.0,2.126126126126126,0.7972477216785111,"[14, 5, 17]",55,81,85,1,0,0
3462.0,2.036036036036036,0.8007680467893785,"[5, 17, 14]",58,89,72,3,0,0
3463.0,2.0135135135135136,0.7986398490019414,"[17, 5, 14]",63,87,70,2,0,0
3464.0,2.112612612612613,0.7907402016127275,"[5, 17, 14]",52,87,81,2,0,2
3465.0,2.045045045045045,0.7831643365554004,"[14, 5, 17]",60,89,72,1,0,1
3466.0,1.990990990990991,0.8347161491742126,"[14, 5]",66,80,72,4,0,0
3467.0,1.963963963963964,0.823060483671462,"[5, 14, 26, 17]",64,87,66,5,0,1
3468.0,2.0225225225225225,0.8207914384685621,"[5, 17, 14]",60,85,73,4,0,1
3469.0,2.045045045045045,0.8443304384922279,"[17, 14, 26, 5]",65,73,81,3,0,1
3470.0,2.0315315315315314,0.8259898197067457,"[14, 5, 17]",66,77,77,2,0,1
3471.0,2.072072072072072,0.8151474531320843,"[5, 14, 17, 26]",57,83,79,3,0,1
3472.0,2.0315315315315314,0.8259898197067457,"[17, 5, 14]",66,77,77,2,0,1
3473.0,2.103603603603604,0.7509183430946438,"[5, 17, 14]",52,95,75,0,0,1
3474.0,2.036036036036036,0.8175443633380667,"[17, 5, 14, 29]",64,80,76,2,0,1
3475.0,2.0135135135135136,0.837361346554423,"[5, 14, 17]",64,79,75,4,0,0
3476.0,2.0855855855855854,0.7768537132156774,"[5, 14, 17, 29]",55,90,76,1,0,0
3477.0,2.063063063063063,0.7819141066723375,"[17, 14, 5]",58,89,74,1,0,1
3478.0,2.081081081081081,0.7802440172329329,"[5, 14, 17, 26]",56,89,76,1,1,1
3479.0,2.081081081081081,0.8308000302291101,"[14, 5, 26]",56,80,82,4,0,1
3480.0,2.0765765765765765,0.7950588304542311,"[17, 5, 14]",56,87,77,2,0,1
3481.0,1.9684684684684688,0.8093885723138262,"[5, 17, 29, 14]",67,86,66,3,1,1
3482.0,1.990990990990991,0.7958659644705467,"[14, 5, 17]",65,88,67,2,0,1
3483.0,1.990990990990991,0.7550193488335517,"[17, 14, 26, 5, 29]",64,96,62,0,1,1
3484.0,2.072072072072072,0.8039687946906964,"[14, 5, 17]",61,81,79,1,0,1
3485.0,2.0945945945945947,0.8100430509578108,"[5, 14, 17]",54,84,81,3,0,1
3486.0,1.9504504504504503,0.808481496456733,"[5, 14]",75,80,66,1,0,1
3487.0,2.009009009009009,0.8071568502552311,"[5, 14, 17]",59,90,69,4,0,0
3488.0,2.0,0.7959171834405434,"[5, 17, 14, 29]",67,85,69,1,0,1
3489.0,1.9864864864864864,0.7814577961392895,"[14, 17, 26, 5]",69,87,66,0,0,1
3490.0,2.099099099099099,0.8010734309154447,"[17, 5, 14]",52,87,80,3,0,1
3491.0,2.108108108108108,0.8277030458752436,"[5, 14]",59,74,87,2,0,1
3492.0,1.981981981981982,0.7842566527683642,"[14, 17, 5, 29]",67,89,65,1,0,1
3493.0,2.063063063063063,0.8103323632877316,"[14, 5, 17]",57,85,77,3,0,0
3494.0,2.0675675675675675,0.8183044120610504,"[17, 14, 26, 5]",61,79,80,2,0,0
3495.0,2.081081081081081,0.8253356386786131,"[5, 14]",58,79,82,3,0,1
3496.0,2.0675675675675675,0.8238154432603442,"[17, 14, 26, 5]",62,77,81,2,0,0
3497.0,2.0225225225225225,0.7984356520350697,"[5, 14, 17]",65,84,72,1,0,1
3498.0,2.0675675675675675,0.7958787695220654,"[14, 17, 5, 26]",51,93,74,4,0,1
3499.0,2.0135135135135136,0.8373613465544231,"[17, 5, 14]",67,76,76,3,0,1
3500.0,2.0675675675675675,0.7669251247662162,"[5, 17, 14, 29]",58,91,73,0,0,1
3501.0,2.0405405405405403,0.7977205510293364,"[14, 17, 5, 26]",60,87,73,2,0,0
3502.0,1.963963963963964,0.7950972839868216,"[17, 5, 14, 29, 26]",71,85,65,1,0,1
3503.0,2.0855855855855854,0.8054505326308168,"[14, 5, 26, 17]",63,77,82,0,0,1
3504.0,2.0765765765765765,0.7835936423759049,"[5, 26, 29, 14]",51,94,74,3,0,1
3505.0,2.018018018018018,0.7957122877791638,"[14, 29, 17, 5]",62,88,70,2,0,1
3506.0,2.081081081081081,0.8308000302291102,"[17, 5, 14]",59,77,83,3,0,0
3507.0,1.9774774774774773,0.8152599657211406,"[17, 14, 5]",73,78,70,1,0,1
3508.0,2.0855855855855854,0.7941353870744926,"[17, 5, 14, 26]",58,84,79,1,0,1
3509.0,2.0135135135135136,0.7756458685451882,"[14, 5, 17]",59,95,66,2,0,1
3510.0,2.0405405405405403,0.8145596348957616,"[14, 5, 29, 17]",57,87,74,4,0,0
3511.0,2.058558558558558,0.796595523890309,"[5, 14, 17]",58,87,75,2,0,1
3512.0,2.027027027027027,0.8234071084430594,"[14, 5, 17]",57,87,73,5,0,1
3513.0,2.0405405405405403,0.8255949044857462,"[14, 5, 17, 26]",59,83,76,4,0,2
3514.0,2.1171171171171173,0.8264708674955219,"[14, 5, 17, 26]",58,74,88,2,0,1
3515.0,2.0855855855855854,0.7768537132156773,"[14, 5, 17, 26]",58,87,77,0,1,0
3516.0,1.990990990990991,0.8182919579375431,"[17, 5, 14]",60,89,68,5,0,0
3517.0,2.009009009009009,0.8182919579375432,"[5, 14, 17, 29]",67,80,73,2,0,1
3518.0,2.027027027027027,0.7897471897389846,"[5, 14, 17]",60,90,70,2,0,1
3519.0,1.9504504504504503,0.8140590297199426,"[17, 14, 29, 26, 5]",70,84,65,3,0,0
3520.0,2.0315315315315314,0.8204933933332591,"[14, 17, 5]",65,79,76,2,0,1
3521.0,2.036036036036036,0.8339832775858357,"[14, 5, 17]",55,86,75,6,0,0
3522.0,2.036036036036036,0.8007680467893785,"[14, 5]",61,86,73,2,0,0
3523.0,1.981981981981982,0.8236546082558096,"[14, 5, 17]",68,81,70,3,0,0
3524.0,1.9864864864864864,0.8042856346904997,"[17, 5, 14]",70,82,69,1,0,1
3525.0,2.0405405405405403,0.820095831325323,"[17, 26, 14, 5]",61,82,76,3,0,1
3526.0,1.9054054054054053,0.7987929624713317,"[5, 14, 17]",76,85,59,2,0,1
3527.0,1.981981981981982,0.8013786986677441,"[17, 14, 5]",67,86,67,2,0,0
3528.0,2.058558558558558,0.8245079123091277,"[14, 17, 5]",60,80,79,3,0,0
3529.0,2.0855855855855854,0.8166089076336227,"[5, 14, 17, 26]",59,79,82,2,0,0
3530.0,2.108108108108108,0.7999021586249627,"[5, 14, 17, 29]",51,87,81,3,0,1
3531.0,2.126126126126126,0.8029032964667868,"[5, 26, 17, 14]",53,82,85,2,0,3
3532.0,1.9684684684684688,0.769260323104358,"[5, 17, 14]",63,97,60,2,0,1
3533.0,2.0,0.8183417732943565,"[17, 5, 26, 29, 14]",71,77,73,1,0,1
3534.0,2.0045045045045047,0.7698959661033117,"[14, 17, 5]",65,91,66,0,0,1
3535.0,2.054054054054054,0.8384195198005503,"[17, 5, 29, 14]",57,81,79,5,0,0
3536.0,2.058558558558558,0.7557883383543853,"[17, 14, 5]",57,95,70,0,0,1
3537.0,2.072072072072072,0.7869031081203345,"[17, 5, 26, 14]",58,87,76,1,0,1
3538.0,2.0495495495495497,0.7972093718726632,"[5, 17, 14]",65,81,76,0,0,0
3539.0,2.0765765765765765,0.833946617100185,"[17, 26, 14, 5]",57,79,82,4,0,1
3540.0,2.0945945945945947,0.8211390210654653,"[14, 17, 26, 5]",59,77,84,2,0,0
3541.0,1.990990990990991,0.7844125737718137,"[5, 17, 14]",66,89,66,1,0,1
3542.0,2.081081081081081,0.8308000302291102,"[14, 5, 26, 17, 29]",56,80,82,4,0,1
3543.0,2.0495495495495497,0.8028652168061973,"[5, 17, 14]",60,85,75,2,0,1
3544.0,2.126126126126126,0.7915517392855129,"[17, 26, 5, 14]",51,86,83,2,0,1
3545.0,2.1171171171171173,0.7872138708948211,"[14, 17, 5]",57,82,83,0,0,2
3546.0,2.018018018018018,0.7900052348985382,"[14, 17, 5]",64,87,70,1,0,1
3547.0,2.0135135135135136,0.7986398490019414,"[17, 5, 14]",60,90,69,3,0,2
3548.0,1.9234234234234235,0.7893470530302839,"[14, 5, 17]",75,86,60,1,1,0
3549.0,2.108108108108108,0.7999021586249626,"[17, 5, 14]",57,81,83,1,0,0
3550.0,2.0675675675675675,0.8071694761865497,"[5, 14, 17, 29]",59,83,78,2,0,1
3551.0,2.009009009009009,0.7958659644705466,"[14, 17, 5]",66,85,70,1,0,0
3552.0,2.0495495495495497,0.7857755627978601,"[17, 5, 29, 14]",60,88,73,1,0,2
3553.0,2.054054054054054,0.810986080277772,"[14, 5]",58,85,76,3,0,0
3554.0,2.099099099099099,0.7839447177267498,"[5, 14, 17, 26]",55,87,79,1,0,1
3555.0,2.058558558558558,0.8408106913731083,"[17, 26, 14, 5]",54,83,79,6,0,0
3556.0,2.018018018018018,0.8236546082558096,"[14, 17, 5, 29]",64,81,74,3,0,1
3557.0,2.0135135135135136,0.7872268166815277,"[5, 14, 29, 17]",64,88,69,1,0,1
3558.0,2.054054054054054,0.810986080277772,"[17, 14, 5]",55,88,75,4,0,1
3559.0,2.081081081081081,0.8253356386786131,"[17, 5, 14]",67,70,85,0,0,1
3560.0,2.09009009009009,0.796480374725055,"[5, 17, 14]",58,83,80,1,1,0
3561.0,2.0675675675675675,0.7669251247662162,"[5, 14]",58,91,73,0,1,2
3562.0,2.0405405405405403,0.7688362691472531,"[5, 14, 17, 26]",58,94,69,1,0,1
3563.0,2.0315315315315314,0.8259898197067457,"[17, 5, 14]",63,80,76,3,0,0
3564.0,2.072072072072072,0.8370570263550434,"[5, 14, 17]",61,75,83,3,0,0
3565.0,2.072072072072072,0.7694590179486329,"[14, 17, 5, 26, 29]",55,93,73,1,0,1
3566.0,2.081081081081081,0.7974522228289,"[17, 26, 14, 5]",59,83,79,1,0,1
3567.0,2.058558558558558,0.7557883383543855,"[17, 5, 14]",57,95,70,0,0,1
3568.0,2.0495495495495497,0.7799958085365829,"[14, 17, 5, 29]",62,87,73,0,0,1
3569.0,2.0855855855855854,0.759178747377729,"[14, 26, 17, 5]",52,96,73,1,0,2
3570.0,2.018018018018018,0.8181424936680499,"[17, 14, 5]",66,80,74,2,0,0
3571.0,2.0135135135135136,0.8319400524964405,"[14, 5, 17]",66,78,75,3,0,1
3572.0,2.0225225225225225,0.8152599657211406,"[5, 14, 26, 17]",62,84,73,3,0,1
3573.0,2.0045045045045047,0.8481961042125442,"[5, 26, 17, 14]",67,75,76,4,0,0
3574.0,2.0495495495495497,0.779995808536583,"[14, 5, 26, 17]",59,90,72,1,0,0
3575.0,1.954954954954955,0.7715224109129613,"[5, 17, 14]",68,93,60,1,0,1
3576.0,2.054054054054054,0.8165465058157807,"[17, 5, 14]",62,80,78,2,0,2
3577.0,2.081081081081081,0.7860219463751896,"[5, 17, 14]",54,90,76,2,0,1
3578.0,2.0315315315315314,0.8204933933332591,"[14, 17, 5, 29]",59,85,74,4,0,0
3579.0,2.0675675675675675,0.778635790667876,"[5, 14]",57,90,74,1,0,1
3580.0,2.09009009009009,0.7964803747250548,"[26, 5, 14, 17]",55,86,79,2,0,0
3581.0,2.108108108108108,0.8277030458752436,"[5, 14]",53,80,85,4,0,1
3582.0,2.0675675675675675,0.7958787695220654,"[14, 5, 29, 17]",57,87,76,2,0,1
3583.0,2.112612612612613,0.7964419879703689,"[17, 5, 26, 14]",53,85,82,2,0,1
3584.0,2.0225225225225225,0.7984356520350697,"[5, 14, 26, 17]",65,84,72,1,0,1
3585.0,2.0045045045045047,0.8265818387665633,"[14, 17, 5]",66,80,73,3,0,0
3586.0,2.1171171171171173,0.8319278025011886,"[14, 17, 29, 5, 26]",56,75,88,3,0,1
3587.0,2.0765765765765765,0.760144658173241,"[17, 14, 5]",56,93,73,0,0,1
3588.0,2.027027027027027,0.7954560939839984,"[17, 26, 5, 14]",58,91,70,3,0,1
3589.0,2.054054054054054,0.810986080277772,"[17, 14, 29, 5]",61,82,77,2,0,0
3590.0,1.972972972972973,0.8451025743998091,"[17, 14, 5]",64,82,70,6,0,1
3591.0,2.0495495495495497,0.808481496456733,"[17, 5, 14]",61,83,76,2,0,1
3592.0,2.126126126126126,0.82513804814701,"[17, 14, 5]",51,80,87,4,0,0
3593.0,2.0,0.8127936295043754,"[14, 5, 17]",64,85,70,3,0,1
3594.0,1.9864864864864864,0.7929538666645037,"[5, 14, 29, 17]",65,89,66,2,0,2
3595.0,2.099099099099099,0.8010734309154447,"[14, 17, 5]",55,84,81,2,0,1
3596.0,2.072072072072072,0.798320768288509,"[17, 5, 14]",63,80,79,0,1,1
3597.0,2.072072072072072,0.7753173247504087,"[17, 14, 5, 26]",59,88,75,0,0,1
3598.0,1.954954954954955,0.7946357187816142,"[14, 17, 5, 29]",69,88,63,2,0,0
3599.0,1.9864864864864864,0.7986398490019414,"[29, 14, 5, 17]",69,84,68,1,0,1
3600.0,2.009009009009009,0.8182919579375431,"[5, 29, 17, 14]",64,83,72,3,0,1
3601.0,2.0675675675675675,0.7550328466274591,"[17, 5, 14]",53,98,70,1,0,1
3602.0,2.126126126126126,0.7742123963738583,"[17, 14, 5]",48,92,80,2,0,2
3603.0,2.144144144144144,0.811086605357833,"[14, 5, 17]",56,75,90,1,0,0
3604.0,2.0765765765765765,0.7950588304542311,"[5, 17, 14, 26]",62,81,79,0,0,1
3605.0,2.0765765765765765,0.7719581911351323,"[17, 14, 5]",58,89,75,0,0,1
3606.0,2.103603603603604,0.797669447854971,"[26, 5, 14, 17]",54,85,81,2,0,1
3607.0,2.0405405405405403,0.8033727972057582,"[14, 5, 17]",58,88,73,3,0,2
3608.0,2.126126126126126,0.8029032964667868,"[17, 5, 14]",53,82,85,2,0,1
3609.0,1.9864864864864864,0.7814577961392896,"[5, 14, 17]",63,93,64,2,0,1
3610.0,2.072072072072072,0.8206796842272748,"[14, 17, 5, 26]",61,78,81,2,0,0
3611.0,2.036036036036036,0.7836326585153965,"[14, 17, 5]",61,89,71,1,0,1
3612.0,2.058558558558558,0.8134578968508721,"[17, 5, 14]",58,84,77,3,0,1
3613.0,2.0405405405405403,0.7862941752443774,"[17, 14, 5, 29]",55,94,70,3,0,0
3614.0,2.009009009009009,0.8015312889452847,"[17, 5, 14]",67,83,71,1,0,1
3615.0,2.0675675675675675,0.8071694761865497,"[14, 17, 5]",62,80,79,1,0,1
3616.0,2.058558558558558,0.856803326320745,"[17, 14, 5, 29]",63,71,84,4,0,1
3617.0,2.1171171171171173,0.7579292907329334,"[14, 17, 26, 5]",52,92,78,0,0,1
3618.0,2.009009009009009,0.8347161491742124,"[5, 17, 26, 14]",67,77,75,3,0,1
3619.0,2.0405405405405403,0.7746992852145428,"[17, 5, 14, 29]",56,95,69,2,0,0
3620.0,2.0225225225225225,0.8096907051164531,"[17, 14, 5]",64,83,73,2,0,0
3621.0,2.045045045045045,0.7946357187816142,"[17, 26, 29, 14, 5]",62,85,74,1,0,2
3622.0,2.0315315315315314,0.8149598976316995,"[5, 17, 14, 26]",61,84,74,3,1,1
3623.0,2.036036036036036,0.8063989326099908,"[29, 14, 17, 26, 5]",59,87,73,3,0,1
3624.0,2.009009009009009,0.8071568502552311,"[14, 17, 5]",62,87,70,3,0,0
3625.0,2.009009009009009,0.7786227020423082,"[17, 5, 26, 14]",63,91,67,1,0,1
3626.0,2.0855855855855854,0.8166089076336227,"[5, 17, 14, 26]",53,85,80,4,0,0
3627.0,2.063063063063063,0.7990863479500622,"[17, 14, 5]",64,80,78,0,0,1
3628.0,2.0405405405405403,0.7920279690635249,"[14, 17, 26, 5]",59,89,72,2,0,0
3629.0,2.0765765765765765,0.783593642375905,"[17, 14, 5]",54,91,75,2,0,2
3630.0,2.1666666666666665,0.7982824700322463,"[14, 5, 17, 26]",52,78,91,1,0,0
3631.0,2.0315315315315314,0.7809359719041846,"[5, 17, 14]",58,93,69,2,0,1
3632.0,2.058558558558558,0.7908948444176505,"[17, 26, 5, 14]",60,86,75,1,0,1
3633.0,1.9954954954954955,0.8535141504140358,"[5, 14]",63,79,74,6,0,0
3634.0,2.036036036036036,0.7719977953210722,"[5, 17, 14]",56,96,68,2,0,1
3635.0,2.0855855855855854,0.7884169196867215,"[5, 17, 14]",54,89,77,2,1,1
3636.0,2.072072072072072,0.8151474531320841,"[5, 26, 14, 17]",57,83,79,3,0,1
3637.0,2.045045045045045,0.8335432453407354,"[5, 17, 14, 26]",63,77,79,3,0,1
3638.0,2.099099099099099,0.7839447177267498,"[5, 14, 17]",58,84,80,0,0,1
3639.0,2.063063063063063,0.7934035654851268,"[5, 14, 26]",54,91,74,3,0,2
3640.0,2.072072072072072,0.7869031081203345,"[17, 5, 14]",55,90,75,2,0,0
3641.0,2.189189189189189,0.7788320936561628,"[5, 17, 14, 29]",47,83,91,1,0,3
3642.0,2.099099099099099,0.7954048453227989,"[14, 29, 5, 17]",54,86,80,2,0,1
3643.0,2.0855855855855854,0.7884169196867213,"[14, 17, 5, 29]",54,89,77,2,0,1
3644.0,2.027027027027027,0.8397312590951517,"[5, 17, 14, 26]",66,75,78,3,0,1
3645.0,2.0495495495495497,0.8028652168061973,"[14, 17, 29, 5]",60,85,75,2,0,1
3646.0,2.144144144144144,0.7884556971499849,"[17, 5, 14, 26]",55,80,87,0,0,2
3647.0,2.0045045045045047,0.8265818387665633,"[17, 14, 29, 5]",69,77,74,2,0,1
3648.0,2.063063063063063,0.7876797851721572,"[14, 26, 17, 5]",62,84,76,0,0,1
3649.0,2.121621621621621,0.7951101014177496,"[5, 17, 14]",52,85,83,2,0,1
3650.0,2.121621621621621,0.7720109962648974,"[17, 14, 29, 5]",54,87,81,0,0,2
3651.0,1.981981981981982,0.7726311862073174,"[5, 17, 14]",65,93,63,1,0,1
3652.0,2.063063063063063,0.7934035654851268,"[5, 17, 26, 14]",54,91,74,3,0,1
3653.0,2.0675675675675675,0.8015440034905214,"[14, 17, 5]",61,82,78,1,0,1
3654.0,2.108108108108108,0.753289634421997,"[14, 17, 5]",52,94,76,0,0,1
3655.0,2.1576576576576576,0.7474904681121162,"[14, 5, 17]",47,93,82,0,1,1
3656.0,2.054054054054054,0.7767881177453528,"[14, 5, 17]",58,91,72,1,0,1
3657.0,2.1576576576576576,0.8001187185158061,"[17, 5, 14]",56,75,91,0,0,1
3658.0,2.036036036036036,0.8230604836714619,"[5, 14]",65,78,77,2,0,1
3659.0,2.130630630630631,0.7705310847342124,"[5, 14, 17]",50,90,81,1,0,1
3660.0,2.0135135135135136,0.7756458685451881,"[17, 14, 5]",65,89,68,0,0,1
3661.0,2.036036036036036,0.8007680467893786,"[14, 5, 17]",61,86,73,2,0,0
3662.0,2.099099099099099,0.8010734309154447,"[5, 14, 17]",58,81,82,1,0,0
3663.0,2.063063063063063,0.7463853077863088,"[14, 5, 17]",55,98,69,0,0,1
3664.0,2.0765765765765765,0.8230233366445513,"[14, 17, 5]",61,77,82,2,0,2
3665.0,1.9864864864864864,0.809892064367318,"[5, 17, 14]",71,80,70,1,0,0
3666.0,1.990990990990991,0.8292775626631712,"[14, 17, 5]",71,76,73,2,0,1
3667.0,2.018018018018018,0.7842566527683641,"[17, 14, 5]",60,92,68,2,0,2
3668.0,2.0315315315315314,0.8037786307414235,"[14, 5, 17]",59,88,72,3,0,1
3669.0,2.0225225225225225,0.8262858822580399,"[17, 14, 5]",67,77,76,2,0,0
3670.0,2.099099099099099,0.806702185118088,"[5, 14, 17]",56,82,82,2,0,2
3671.0,1.9954954954954955,0.809992725221495,"[29, 17, 5, 14]",67,83,70,2,0,1
3672.0,2.0855855855855854,0.8110489099129118,"[14, 17, 5, 26]",55,84,80,3,0,1
3673.0,2.0945945945945947,0.8100430509578108,"[14, 17, 5]",60,78,83,1,0,1
3674.0,2.018018018018018,0.801378698667744,"[14, 17, 5]",69,80,73,0,0,1
3675.0,2.054054054054054,0.7940712191846121,"[14, 17, 5, 29]",61,85,75,1,0,1
3676.0,2.045045045045045,0.8280969557349607,"[17, 5, 14, 26]",62,79,78,3,0,0
3677.0,2.0675675675675675,0.8015440034905214,"[17, 14, 5]",52,91,75,4,0,0
3678.0,2.126126126126126,0.7683456650123669,"[14, 5, 17]",50,91,80,1,0,1
3679.0,2.081081081081081,0.7685578565836622,"[17, 26, 5, 14]",57,90,75,0,0,1
3680.0,1.945945945945946,0.810986080277772,"[17, 14, 5, 26]",70,85,64,3,0,1
3681.0,2.135135135135135,0.7549113577940474,"[14, 5, 17]",50,92,80,0,0,1
3682.0,2.0765765765765765,0.8175069656619901,"[14, 5, 29, 17]",54,85,79,4,0,1
3683.0,2.0135135135135136,0.837361346554423,"[17, 14, 5]",64,79,75,4,0,0
3684.0,1.9864864864864864,0.8042856346904997,"[5, 17, 14]",73,79,70,0,0,1
3685.0,2.126126126126126,0.7444165271678698,"[14, 5, 17, 29]",49,96,77,0,0,1
3686.0,2.108108108108108,0.782747815139657,"[5, 14, 29, 17, 26]",57,84,81,0,0,1
3687.0,2.0315315315315314,0.7633555337763428,"[17, 14, 5, 26]",61,93,68,0,1,1
3688.0,2.0675675675675675,0.8015440034905214,"[5, 14, 17]",58,85,77,2,0,3
3689.0,2.0135135135135136,0.7814577961392896,"[5, 14, 17]",60,93,67,2,0,1
3690.0,2.0855855855855854,0.8330662814527707,"[5, 17, 26, 14]",59,76,84,3,0,0
3691.0,2.054054054054054,0.7940712191846122,"[14, 17, 5, 26]",58,88,74,2,0,2
3692.0,2.0495495495495497,0.779995808536583,"[5, 14, 17]",62,87,73,0,0,1
3693.0,1.972972972972973,0.7897471897389845,"[5, 26, 17, 14, 29]",69,87,65,1,0,1
3694.0,2.108108108108108,0.7999021586249626,"[17, 5, 14, 26]",57,81,83,1,0,1
3695.0,2.0315315315315314,0.8204933933332591,"[5, 14, 17]",62,82,75,3,0,1
3696.0,2.0315315315315314,0.7924396126678964,"[17, 14, 5, 26]",63,86,72,1,0,1
3697.0,2.018018018018018,0.7842566527683641,"[17, 14, 5]",66,86,70,0,0,1
3698.0,1.9504504504504503,0.7972093718726632,"[14, 5]",67,90,62,3,0,1
3699.0,2.0225225225225225,0.787019658540595,"[5, 14, 17]",60,91,69,2,0,1
3700.0,2.018018018018018,0.8453437222359056,"[14, 5, 17, 29]",59,82,75,6,0,0
3701.0,2.0405405405405403,0.8310575913066944,"[14, 5, 17]",60,81,77,4,0,0
3702.0,2.108108108108108,0.8277030458752436,"[14, 26, 5, 17]",56,77,86,3,0,1
3703.0,2.0315315315315314,0.7867088190490746,"[17, 5, 14]",65,85,72,0,0,0
3704.0,2.054054054054054,0.8053872662568292,"[14, 5, 17]",54,90,74,4,0,1
3705.0,2.027027027027027,0.8123421192596431,"[14, 17, 5]",61,85,73,3,0,1
3706.0,2.054054054054054,0.822069321843126,"[14, 17, 5]",57,84,77,4,0,1
3707.0,2.0225225225225225,0.8207914384685622,"[14, 5, 17, 29]",69,76,76,1,0,1
3708.0,2.063063063063063,0.8214244253142174,"[14, 5, 26, 17]",56,84,78,4,0,0
3709.0,2.0405405405405403,0.8033727972057582,"[14, 17, 5]",58,88,73,3,0,1
3710.0,2.0495495495495497,0.825100994654525,"[17, 14, 5, 29]",64,77,79,2,0,0
3711.0,2.1171171171171173,0.7697768230222573,"[14, 17, 5]",54,88,80,0,0,1
3712.0,2.0765765765765765,0.8063610180276339,"[5, 14, 17]",52,89,77,4,0,1
3713.0,2.027027027027027,0.8343253644387617,"[17, 14, 5, 26]",68,74,78,2,0,1
3714.0,2.009009009009009,0.7786227020423082,"[5, 17, 29, 14, 26]",63,91,67,1,0,1
3715.0,2.058558558558558,0.8299777534464476,"[17, 14, 5]",61,78,80,3,0,1
3716.0,1.9684684684684688,0.8259898197067457,"[17, 14, 26, 5, 29]",73,77,70,2,0,1
3717.0,2.058558558558558,0.8299777534464476,"[17, 14, 5]",58,81,79,4,0,0
3718.0,2.0675675675675675,0.7844255657897979,"[17, 5, 14]",58,88,75,1,1,1
3719.0,2.0315315315315314,0.8368743811173183,"[17, 14, 5]",59,82,76,5,0,1
3720.0,2.036036036036036,0.8285398804747764,"[17, 14, 26, 5]",60,82,76,4,0,0
3721.0,2.081081081081081,0.7802440172329329,"[5, 14, 17, 26]",50,95,74,3,0,1
3722.0,1.9954954954954955,0.7987419279094045,"[29, 14, 5, 17]",65,87,68,2,0,1
3723.0,2.103603603603604,0.7509183430946438,"[14, 5, 17]",52,95,75,0,0,1
3724.0,2.13963963963964,0.7630350542322416,"[14, 5, 17, 26]",51,89,82,0,0,2
3725.0,2.009009009009009,0.8015312889452847,"[5, 17, 14, 29]",64,86,70,2,0,1
3726.0,2.009009009009009,0.8182919579375431,"[5, 14, 17, 26]",67,80,73,2,0,1
3727.0,2.099099099099099,0.7954048453227989,"[14, 17, 5, 26]",54,86,80,2,1,1
3728.0,2.018018018018018,0.8070053236714507,"[14, 17, 5, 26]",67,81,73,1,0,0
3729.0,2.0405405405405403,0.8089855530513882,"[5, 14, 17]",56,89,73,4,0,0
3730.0,2.0315315315315314,0.8314499119098147,"[5, 17, 14]",55,87,74,6,0,1
3731.0,2.0495495495495497,0.825100994654525,"[14, 17, 5]",64,77,79,2,0,1
3732.0,2.0,0.7728422011467174,"[14, 17, 5]",63,93,65,1,1,1
3733.0,1.9414414414414407,0.8134578968508721,"[5, 14, 17]",71,84,64,3,0,1
3734.0,1.9864864864864864,0.7986398490019414,"[17, 14, 5]",72,81,69,0,0,0
3735.0,2.0495495495495497,0.7741729054797654,"[14, 17, 5]",61,89,72,0,0,1
3736.0,2.0765765765765765,0.8447286592061115,"[5, 17, 14]",62,72,85,3,0,1
3737.0,2.0045045045045047,0.8155599234068583,"[17, 5, 26, 14]",67,81,72,2,0,0
3738.0,2.103603603603604,0.8089351615256727,"[5, 26, 14]",56,81,83,2,0,1
3739.0,2.063063063063063,0.8103323632877316,"[14, 17, 5]",57,85,77,3,0,1
3740.0,2.099099099099099,0.8122919359626525,"[14, 17, 5, 29]",54,83,82,3,0,0
3741.0,2.135135135135135,0.7843086298803125,"[5, 14, 17]",55,82,85,0,0,1
3742.0,1.9504504504504503,0.808481496456733,"[17, 14, 5]",69,86,64,3,1,1
3743.0,2.0855855855855854,0.7941353870744925,"[14, 29, 17, 5]",58,84,79,1,0,1
3744.0,2.0855855855855854,0.8276168531016576,"[17, 14, 29, 5]",61,75,84,2,0,1
3745.0,1.963963963963964,0.777836981466073,"[14, 17, 5]",68,91,62,1,0,1
3746.0,2.0765765765765765,0.7893470530302839,"[17, 5, 14]",55,89,76,2,0,2
3747.0,2.054054054054054,0.8053872662568291,"[5, 14, 17]",57,87,75,3,0,0
3748.0,2.103603603603604,0.8033220535980014,"[5, 14, 29, 17]",55,83,82,2,0,0
3749.0,2.135135135135135,0.8181923181249439,"[5, 14, 17, 26]",58,73,90,1,0,0
3750.0,2.0495495495495497,0.7915131135022021,"[14, 17, 5, 26]",58,89,73,2,0,1
3751.0,2.009009009009009,0.7844125737718137,"[14, 29, 5, 17]",67,86,69,0,0,1
3752.0,1.9774774774774773,0.7984356520350698,"[14, 17, 5]",70,84,67,1,0,1
3753.0,2.072072072072072,0.7811316968436162,"[5, 17, 14]",57,89,75,1,0,1
3754.0,2.0765765765765765,0.8230233366445513,"[17, 5, 26, 29, 14]",61,77,82,2,0,1
3755.0,2.1666666666666665,0.8151099454845049,"[5, 14, 17, 26]",49,78,92,3,0,0
3756.0,2.108108108108108,0.7532896344219971,"[5, 14, 17]",52,94,76,0,0,1
3757.0,2.0225225225225225,0.8096907051164531,"[5, 17, 14]",64,83,73,2,0,1
3758.0,2.121621621621621,0.7951101014177496,"[14, 17, 5]",55,82,84,1,0,1
3759.0,2.0765765765765765,0.7541685007965111,"[14, 17, 5]",55,95,72,0,0,1
3760.0,2.130630630630631,0.7993541276055078,"[17, 14, 5, 26]",46,89,83,4,0,1
3761.0,2.0495495495495497,0.8028652168061973,"[14, 5, 17, 29]",60,85,75,2,0,0
3762.0,2.13963963963964,0.8311556888183304,"[14, 5, 26, 17]",60,68,93,1,0,0
3763.0,2.0945945945945947,0.8266311545496013,"[17, 14, 5, 26, 29]",57,78,84,3,0,1
3764.0,2.0675675675675675,0.8015440034905215,"[17, 5, 14, 29]",61,82,78,1,0,1
3765.0,1.9864864864864864,0.8042856346904997,"[14, 17, 5]",70,82,69,1,0,1
3766.0,2.054054054054054,0.8165465058157807,"[5, 29, 14, 17]",62,80,78,2,0,1
3767.0,2.0675675675675675,0.7610022163187308,"[14, 29, 5, 17, 26]",57,93,72,0,1,1
3768.0,2.0855855855855854,0.8166089076336228,"[5, 14]",59,79,82,2,0,0
3769.0,2.108108108108108,0.7472586564048422,"[5, 26, 14, 17]",51,96,75,0,0,2
3770.0,1.95945945945946,0.7977205510293365,"[14, 17, 5]",72,84,65,1,0,1
3771.0,2.112612612612613,0.755626510858771,"[5, 17, 14, 26]",52,93,77,0,0,1
3772.0,2.0225225225225225,0.8317440309221362,"[17, 5, 14]",62,81,75,4,0,2
3773.0,2.027027027027027,0.812342119259643,"[5, 17, 14]",55,91,71,5,0,0
3774.0,2.058558558558558,0.779368402884738,"[5, 14, 17]",55,93,72,2,0,0
3775.0,1.972972972972973,0.7897471897389845,"[17, 14, 5, 29]",69,87,65,1,0,0
3776.0,2.112612612612613,0.8133075442101599,"[17, 14, 29, 26, 5]",59,76,86,1,0,0
3777.0,2.0855855855855854,0.7884169196867215,"[14, 17, 5]",54,89,77,2,0,1
3778.0,1.981981981981982,0.8125929892570567,"[5, 29, 17, 14]",69,82,69,2,0,2
3779.0,2.009009009009009,0.8015312889452847,"[14, 5, 17]",70,80,72,0,0,1
3780.0,2.045045045045045,0.8549815418333835,"[14, 26, 5, 17]",64,72,82,4,0,0
3781.0,2.045045045045045,0.8335432453407354,"[14, 5, 17]",66,74,80,2,0,0
3782.0,2.081081081081081,0.8362287151158745,"[26, 5, 17, 14]",60,75,84,3,0,1
3783.0,2.0315315315315314,0.8204933933332591,"[14, 17, 26, 5]",65,79,76,2,0,1
3784.0,2.0405405405405403,0.8364846046545872,"[14, 5, 29, 17]",55,85,76,6,0,1
3785.0,2.0855855855855854,0.7998129698620862,"[14, 17, 5, 29]",59,82,80,1,0,1
3786.0,2.058558558558558,0.8190015407218109,"[5, 14, 26]",59,82,78,3,0,1
3787.0,2.0405405405405403,0.7977205510293364,"[14, 5, 17]",63,84,74,1,0,1
3788.0,1.9234234234234235,0.8063610180276339,"[14, 17, 26, 5]",72,86,61,3,0,1
3789.0,2.045045045045045,0.8170954782558749,"[17, 5, 14, 26]",60,83,76,3,0,0
3790.0,2.063063063063063,0.8323686887516281,"[17, 14, 26, 5]",64,74,82,2,1,2
3791.0,1.972972972972973,0.8397312590951516,"[14, 17, 5]",66,81,70,5,0,0
3792.0,2.112612612612613,0.8133075442101602,"[5, 14, 17, 29]",56,79,85,2,0,1
3793.0,1.9684684684684688,0.820493393333259,"[5, 17, 14]",69,82,68,3,0,1
3794.0,2.0,0.8401680504168059,"[5, 17, 14]",57,87,71,7,0,1
3795.0,2.081081081081081,0.7917577116385401,"[3, 14, 5, 26, 17]",55,88,77,2,0,1
3796.0,2.009009009009009,0.8238030724517321,"[14, 5, 17]",62,84,72,4,0,0
3797.0,2.0225225225225225,0.7984356520350697,"[5, 17, 14]",65,84,72,1,0,1
3798.0,2.036036036036036,0.8007680467893786,"[5, 14, 17]",58,89,72,3,0,1
3799.0,2.0315315315315314,0.7633555337763428,"[5, 14, 17]",61,93,68,0,0,1
3800.0,2.058558558558558,0.8515058227861022,"[14, 5, 17]",65,70,84,3,0,0
3801.0,2.09009009009009,0.796480374725055,"[5, 26, 14, 17]",55,86,79,2,0,1
3802.0,2.072072072072072,0.798320768288509,"[17, 5, 14, 29]",60,83,78,1,0,0
3803.0,1.9774774774774773,0.8371665943707141,"[5, 17, 14]",74,73,73,2,0,1
3804.0,2.018018018018018,0.8291300787311285,"[17, 14, 5]",65,79,75,3,0,0
3805.0,2.054054054054054,0.8053872662568291,"[17, 14, 26, 5]",63,81,77,1,0,1
3806.0,2.099099099099099,0.7781513649001827,"[5, 17, 14]",54,89,78,1,0,0
3807.0,2.058558558558558,0.7965955238903087,"[14, 29, 17, 5]",58,87,75,2,0,0
3808.0,2.036036036036036,0.8711351924830071,"[14, 5]",65,69,83,5,0,0
3809.0,2.081081081081081,0.7917577116385401,"[14, 5, 17, 29]",58,85,78,1,0,2
3810.0,2.018018018018018,0.801378698667744,"[5, 14, 17, 29]",60,89,70,3,0,0
3811.0,2.103603603603604,0.7976694478549707,"[5, 26, 17, 14]",57,82,82,1,0,1
3812.0,2.0,0.8293267181454268,"[17, 14, 5, 29]",61,85,71,5,0,1
3813.0,2.058558558558558,0.796595523890309,"[5, 17, 14, 26]",61,84,76,1,0,1
3814.0,2.0765765765765765,0.8119531175814391,"[14, 29, 5, 17]",65,75,82,0,0,1
3815.0,2.0945945945945947,0.793108077841898,"[17, 14, 5]",57,84,80,1,0,2
3816.0,2.018018018018018,0.7957122877791637,"[17, 5, 14]",65,85,71,1,0,0
3817.0,2.0855855855855854,0.8330662814527707,"[14, 17, 5, 26]",62,73,85,2,0,1
3818.0,2.0945945945945947,0.8211390210654653,"[14, 26, 17, 5]",53,83,82,4,0,1
3819.0,2.027027027027027,0.8178933258554592,"[5, 17, 14]",62,83,74,3,0,0
3820.0,2.081081081081081,0.8198348264848097,"[17, 5, 14]",60,78,82,2,0,1
3821.0,2.0315315315315314,0.8093885723138263,"[5, 17, 29, 14]",66,80,75,1,0,1
3822.0,1.990990990990991,0.7669118362786903,"[17, 14, 5]",63,95,63,1,0,0
3823.0,2.054054054054054,0.8165465058157807,"[5, 14]",59,83,77,3,0,0
3824.0,2.072072072072072,0.8370570263550434,"[5, 17, 14]",61,75,83,3,1,1
3825.0,2.063063063063063,0.7934035654851268,"[17, 14, 5]",60,85,76,1,0,0
3826.0,2.036036036036036,0.7950972839868216,"[29, 17, 5, 14, 26]",66,82,74,0,0,1
3827.0,2.0945945945945947,0.793108077841898,"[17, 5, 14, 26]",57,84,80,1,0,1
3828.0,2.027027027027027,0.8123421192596431,"[5, 17, 14]",61,85,73,3,0,0
3829.0,2.045045045045045,0.8059438399013202,"[5, 17, 14]",61,84,75,2,0,1
3830.0,1.981981981981982,0.8236546082558097,"[17, 14, 5]",65,84,69,4,0,0
3831.0,2.144144144144144,0.8054884900699929,"[5, 14, 29]",58,74,90,0,0,1
3832.0,2.063063063063063,0.804729001115173,"[26, 14, 5, 17]",53,90,75,4,0,1
3833.0,1.9954954954954955,0.781562119177653,"[14, 5]",65,90,66,1,0,0
3834.0,2.1171171171171173,0.7756327294653673,"[17, 14, 5]",55,86,81,0,0,1
3835.0,2.0945945945945947,0.7581040697715146,"[14, 17, 5]",54,93,75,0,0,1
3836.0,2.009009009009009,0.790160021544356,"[5, 17, 14]",62,90,68,2,0,1
3837.0,2.063063063063063,0.8047290011151731,"[17, 14, 5, 26]",59,84,77,2,1,1
3838.0,1.990990990990991,0.812743474086136,"[5, 17, 29, 26, 14]",65,85,69,3,0,0
3839.0,2.045045045045045,0.8443304384922279,"[5, 17, 26, 14]",62,76,80,4,0,1
3840.0,2.081081081081081,0.8142968555519062,"[14, 17, 5]",56,83,80,3,0,1
3841.0,2.063063063063063,0.7761055962029545,"[17, 5, 14]",60,88,74,0,0,3
3842.0,2.0,0.8183417732943565,"[5, 14, 17]",71,77,73,1,0,1
3843.0,2.0855855855855854,0.8110489099129118,"[17, 5, 14, 26]",55,84,80,3,0,0
3844.0,2.121621621621621,0.7836456634635528,"[5, 14, 26, 17]",53,86,82,1,1,1
3845.0,2.063063063063063,0.7761055962029545,"[5, 14, 17]",57,91,73,1,0,1
3846.0,1.9954954954954955,0.7815621191776528,"[5, 17, 14]",65,90,66,1,0,1
3847.0,1.981981981981982,0.8181424936680501,"[14, 5, 17]",67,83,69,3,0,1
3848.0,2.09009009009009,0.7496551188892897,"[5, 14, 17]",53,96,73,0,0,1
3849.0,2.108108108108108,0.8331519104621987,"[14, 17, 5, 4]",60,72,88,2,0,0
3850.0,1.954954954954955,0.8059438399013202,"[14, 17, 5]",74,81,66,1,0,1
3851.0,2.0675675675675675,0.7490159048583067,"[17, 14, 26, 5]",55,97,70,0,0,1
3852.0,2.081081081081081,0.8253356386786131,"[14, 5, 17]",55,82,81,4,0,0
3853.0,2.018018018018018,0.8070053236714507,"[5, 14, 26, 17]",67,81,73,1,0,1
3854.0,2.072072072072072,0.7753173247504086,"[17, 14, 5]",59,88,75,0,1,1
3855.0,2.058558558558558,0.7793684028847382,"[5, 29, 14, 17]",58,90,73,1,0,0
3856.0,2.13963963963964,0.7630350542322416,"[14, 5, 17]",51,89,82,0,0,1
3857.0,2.0225225225225225,0.7984356520350697,"[14, 17, 5]",62,87,71,2,0,2
3858.0,1.9774774774774773,0.8585144155766309,"[14, 5, 17]",72,71,75,4,0,1
3859.0,2.054054054054054,0.78259156245517,"[5, 14, 26, 17]",62,86,74,0,0,1
3860.0,2.009009009009009,0.812743474086136,"[17, 5, 14]",63,85,71,3,0,1
3861.0,2.036036036036036,0.8285398804747766,"[14, 5, 26, 17]",60,82,76,4,0,0
3862.0,2.058558558558558,0.8190015407218109,"[14, 5, 17, 26]",59,82,78,3,0,1
3863.0,2.045045045045045,0.8549815418333836,"[14, 17, 5, 26]",67,69,83,3,0,1
3864.0,2.099099099099099,0.7485123097970646,"[17, 5, 14]",46,102,72,2,1,2
3865.0,2.0945945945945947,0.8266311545496013,"[14, 5, 17, 26]",54,81,83,4,0,0
3866.0,2.121621621621621,0.7720109962648976,"[5, 14, 26, 17]",54,87,81,0,0,2
3867.0,1.963963963963964,0.7836326585153964,"[17, 14, 5]",69,89,63,1,0,1
3868.0,2.063063063063063,0.8214244253142174,"[17, 14, 5]",56,84,78,4,0,1
3869.0,2.09009009009009,0.8133451349760029,"[5, 17, 14]",58,80,82,2,0,0
3870.0,2.0405405405405403,0.8145596348957616,"[5, 14, 17, 26]",60,84,75,3,0,2
3871.0,2.0405405405405403,0.7746992852145429,"[17, 5, 14, 26]",62,89,71,0,0,1
3872.0,2.0225225225225225,0.8152599657211406,"[14, 17, 5]",68,78,75,1,1,1
3873.0,2.130630630630631,0.7705310847342124,"[17, 14, 5]",53,87,82,0,0,2
3874.0,2.130630630630631,0.7646361087380232,"[5, 14, 26, 29]",52,89,81,0,0,2
3875.0,2.036036036036036,0.823060483671462,"[17, 5, 14]",65,78,77,2,0,1
3876.0,2.1171171171171173,0.7814447547802416,"[17, 14, 5]",56,84,82,0,0,1
3877.0,2.0855855855855854,0.8054505326308168,"[17, 14, 5, 29]",60,80,81,1,0,0
3878.0,2.0,0.8293267181454268,"[14, 5, 17]",70,76,74,2,0,0
3879.0,2.058558558558558,0.835411781681147,"[26, 5, 14, 17]",59,79,80,4,0,0
3880.0,2.058558558558558,0.7735407769855775,"[14, 26, 5, 17]",60,89,73,0,0,0
3881.0,1.9774774774774773,0.8040828714730361,"[5, 26, 17, 14]",68,85,67,2,0,1
3882.0,2.045045045045045,0.7946357187816142,"[14, 5, 17, 26]",59,88,73,2,0,2
3883.0,2.0675675675675675,0.82928985180689,"[5, 29, 17, 14, 26]",51,87,78,6,0,1
3884.0,2.0135135135135136,0.809892064367318,"[5, 14, 17]",65,83,72,2,0,1
3885.0,2.063063063063063,0.8377872091227943,"[5, 14]",59,78,81,4,0,0
3886.0,2.009009009009009,0.7958659644705466,"[14, 17, 5, 26]",57,94,67,4,0,0
3887.0,2.009009009009009,0.778622702042308,"[28, 17, 5, 14]",60,94,66,2,0,0
3888.0,2.0855855855855854,0.8054505326308168,"[14, 17, 26, 5]",57,83,80,2,0,1
3889.0,2.009009009009009,0.7844125737718137,"[14, 5, 17]",61,92,67,2,0,3
3890.0,2.0765765765765765,0.8007298655844591,"[5, 17, 14]",57,85,78,2,0,1
3891.0,2.058558558558558,0.8245079123091276,"[17, 26, 14, 5, 29]",57,83,78,4,1,1
3892.0,2.018018018018018,0.8070053236714507,"[5, 17, 14]",70,78,74,0,0,0
3893.0,2.09009009009009,0.7907788651491059,"[14, 5, 26, 17]",54,88,78,2,1,1
3894.0,2.072072072072072,0.8261748712343142,"[14, 5, 17]",65,73,83,1,0,1
3895.0,2.0495495495495497,0.8305669299554026,"[17, 14, 29, 5, 26]",56,84,77,5,0,0
3896.0,2.0405405405405403,0.8418766344184859,"[17, 14, 5, 26]",62,77,79,4,0,0
3897.0,2.0045045045045047,0.8155599234068583,"[5, 17, 14, 29]",67,81,72,2,0,1
3898.0,2.036036036036036,0.7950972839868216,"[5, 17, 14]",60,88,72,2,0,1
3899.0,2.054054054054054,0.78259156245517,"[5, 17, 14]",59,89,73,1,0,1
3900.0,2.0675675675675675,0.7844255657897979,"[17, 5, 14]",58,88,75,1,0,2
3901.0,2.0315315315315314,0.8204933933332591,"[5, 17, 14, 26]",62,82,75,3,0,0
3902.0,2.1171171171171173,0.7697768230222574,"[14, 5, 17]",51,91,79,1,1,1
3903.0,2.0675675675675675,0.8071694761865497,"[5, 14]",59,83,78,2,0,0
3904.0,2.0135135135135136,0.815459949771178,"[14, 5, 17]",66,81,73,2,0,0
3905.0,2.0225225225225225,0.7812491082706583,"[14, 5, 17, 29]",59,93,68,2,0,2
3906.0,2.0045045045045047,0.8155599234068582,"[14, 17, 5]",61,87,70,4,0,1
3907.0,2.009009009009009,0.8071568502552311,"[5, 14, 17]",65,84,71,2,0,1
3908.0,2.108108108108108,0.7472586564048422,"[14, 17, 26, 5]",51,96,75,0,1,1
3909.0,2.121621621621621,0.806411570407975,"[14, 17, 26, 5]",54,81,85,2,0,1
3910.0,2.027027027027027,0.7723673364621625,"[29, 5, 14, 17]",63,90,69,0,0,1
3911.0,2.054054054054054,0.810986080277772,"[14, 17, 5]",61,82,77,2,0,1
3912.0,2.0675675675675675,0.812756013230862,"[5, 29, 17, 14]",54,87,77,4,0,1
3913.0,2.0135135135135136,0.8154599497711779,"[17, 14, 5]",69,78,74,1,0,1
3914.0,2.0495495495495497,0.8413922822600971,"[17, 5, 14]",61,77,80,4,0,1
3915.0,2.099099099099099,0.8288350321366262,"[17, 5, 14]",57,77,85,3,0,0
3916.0,2.0405405405405403,0.8145596348957616,"[14, 5]",63,81,76,2,0,1
3917.0,2.0405405405405403,0.7920279690635249,"[5, 17, 14, 26]",56,92,71,3,0,0
3918.0,2.081081081081081,0.79175771163854,"[5, 14, 17]",61,82,79,0,0,3
3919.0,2.09009009009009,0.761631370669714,"[5, 17, 14]",52,95,74,1,0,2
3920.0,2.0315315315315314,0.7867088190490745,"[17, 14, 5]",59,91,70,2,1,1
3921.0,2.027027027027027,0.7839967155192473,"[5, 14, 17]",62,89,70,1,0,3
3922.0,2.054054054054054,0.7531272700199773,"[14, 5, 17]",57,96,69,0,0,1
3923.0,2.09009009009009,0.8133451349760028,"[14, 5, 17]",58,80,82,2,0,1
3924.0,2.009009009009009,0.7844125737718137,"[14, 5, 17]",61,92,67,2,0,1
3925.0,2.081081081081081,0.79175771163854,"[5, 14, 26]",61,82,79,0,0,1
3926.0,1.9954954954954955,0.8043869971326539,"[14, 17, 26, 5]",66,85,69,2,0,0
3927.0,2.103603603603604,0.7919764985689903,"[26, 17, 5, 14]",53,87,80,2,0,0
3928.0,2.027027027027027,0.7605601586477846,"[14, 5, 17]",58,97,66,1,0,1
3929.0,2.0495495495495497,0.808481496456733,"[14, 17, 5]",61,83,76,2,0,0
3930.0,2.045045045045045,0.7656350676303247,"[14, 5, 17]",54,98,68,2,0,1
3931.0,2.0225225225225225,0.7984356520350698,"[5, 17, 14]",62,87,71,2,0,0
3932.0,2.0135135135135136,0.7986398490019414,"[14, 5, 17]",57,93,68,4,0,1
3933.0,2.144144144144144,0.8054884900699929,"[14, 17, 5, 29, 26]",52,80,88,2,0,1
3934.0,2.063063063063063,0.7990863479500622,"[17, 14, 5]",61,83,77,1,0,1
3935.0,2.108108108108108,0.7942252134106665,"[17, 14, 5]",56,83,82,1,0,1
3936.0,2.099099099099099,0.7723145556962921,"[14, 17, 5]",50,94,76,2,0,1
3937.0,2.018018018018018,0.8125929892570566,"[29, 17, 14, 5]",65,82,73,2,0,1
3938.0,2.063063063063063,0.8214244253142176,"[14, 17, 5]",59,81,79,3,0,0
3939.0,1.972972972972973,0.8067527161203685,"[14, 17, 5]",72,81,68,1,0,1
3940.0,2.027027027027027,0.7897471897389845,"[17, 26, 14, 5]",63,87,71,1,1,0
3941.0,2.108108108108108,0.8055390972066664,"[14, 17, 5, 26]",49,88,81,4,0,1
3942.0,2.0855855855855854,0.7941353870744926,"[14, 5, 17]",55,87,78,2,1,0
3943.0,2.126126126126126,0.7858144706037582,"[5, 17, 26, 14]",50,88,82,2,0,2
3944.0,2.009009009009009,0.8182919579375431,"[14, 5, 17, 29]",67,80,73,2,0,0
3945.0,2.0495495495495497,0.7741729054797652,"[14, 17, 5]",61,89,72,0,0,1
3946.0,1.9864864864864864,0.8534186229339061,"[17, 14, 5]",67,76,74,5,0,0
3947.0,2.036036036036036,0.8007680467893786,"[28, 5, 14, 17]",64,83,74,1,0,1
3948.0,2.009009009009009,0.8508233488563853,"[14, 5, 17]",67,74,77,4,0,0
3949.0,2.1171171171171173,0.7872138708948209,"[5, 14, 17, 26]",54,85,82,1,0,1
3950.0,2.081081081081081,0.8253356386786131,"[5, 17, 26, 14]",55,82,81,4,0,0
3951.0,2.036036036036036,0.8393913753717447,"[14, 5, 17]",65,75,79,3,0,0
3952.0,2.103603603603604,0.7804660317876018,"[5, 17, 14]",57,85,80,0,0,1
3953.0,2.045045045045045,0.8496726799892614,"[5, 17, 14]",63,74,81,4,0,0
3954.0,2.072072072072072,0.7811316968436159,"[14, 17, 5]",60,86,76,0,0,1
3955.0,2.0135135135135136,0.8154599497711779,"[5, 17, 14, 26, 21]",66,81,73,2,0,1
3956.0,2.0675675675675675,0.7844255657897979,"[14, 17, 5]",58,88,75,1,0,1
3957.0,1.9774774774774773,0.7984356520350697,"[5, 14, 29, 17]",70,84,67,1,0,1
3958.0,2.054054054054054,0.765049169896325,"[14, 5, 17]",53,98,69,2,0,0
3959.0,1.9954954954954955,0.8428445037168368,"[14, 17, 5]",67,77,74,4,0,0
3960.0,2.099099099099099,0.806702185118088,"[5, 17, 26, 14]",56,82,82,2,0,1
3961.0,2.036036036036036,0.823060483671462,"[14, 5, 17, 29]",65,78,77,2,0,1
3962.0,2.0765765765765765,0.7660741968667064,"[14, 5, 17]",57,91,74,0,0,2
3963.0,1.95945945945946,0.792027969063525,"[17, 5, 14]",62,95,61,4,0,0
3964.0,2.045045045045045,0.7889208780403245,"[14, 17, 26, 5]",61,87,73,1,0,1
3965.0,2.0405405405405403,0.7202159528301346,"[5, 17, 14]",53,107,62,0,1,1
3966.0,2.0315315315315314,0.7692603231043579,"[5, 14, 17]",56,97,67,2,1,2
3967.0,2.0675675675675675,0.8238154432603442,"[5, 17, 14, 29]",56,83,79,4,0,0
3968.0,2.121621621621621,0.8064115704079748,"[14, 17, 5]",57,78,86,1,0,1
3969.0,1.990990990990991,0.812743474086136,"[14, 26, 17, 5, 29]",62,88,68,4,0,1
3970.0,1.972972972972973,0.817893325855459,"[14, 5]",68,83,68,3,0,0
3971.0,2.0495495495495497,0.8028652168061973,"[14, 17, 5]",60,85,75,2,1,0
3972.0,2.0135135135135136,0.7756458685451882,"[5, 17, 14]",65,89,68,0,0,1
3973.0,2.009009009009009,0.8292775626631712,"[5, 17, 14]",69,76,75,2,0,0
3974.0,2.018018018018018,0.8236546082558096,"[17, 5, 14]",61,84,73,4,0,0
3975.0,2.018018018018018,0.7784656213705152,"[5, 17, 14]",56,97,66,3,0,0
3976.0,2.063063063063063,0.7819141066723375,"[14, 17, 5]",58,89,74,1,0,1
3977.0,2.058558558558558,0.8022556964196214,"[14, 5, 26, 17]",59,85,76,2,1,2
3978.0,2.045045045045045,0.7946357187816142,"[14, 5, 26, 17]",65,82,75,0,2,1
3979.0,2.0855855855855854,0.7884169196867212,"[14, 17, 5]",54,89,77,2,0,1
3980.0,2.09009009009009,0.7734221953755527,"[5, 17, 14]",57,88,77,0,1,2
3981.0,1.95945945945946,0.8578493975324372,"[5, 14]",71,74,72,5,0,0
3982.0,2.126126126126126,0.8140965857860757,"[17, 14, 5, 29, 26]",55,78,87,2,0,1
3983.0,2.099099099099099,0.8342765034762626,"[14, 5, 17, 26]",61,72,87,2,0,0
3984.0,2.0405405405405403,0.7920279690635249,"[5, 29, 17, 14]",56,92,71,3,0,2
3985.0,2.058558558558558,0.7965955238903089,"[14, 5, 17, 26]",64,81,77,0,0,1
3986.0,2.121621621621621,0.7720109962648976,"[17, 5, 14]",54,87,81,0,0,1
3987.0,2.063063063063063,0.7702532847718907,"[14, 5]",56,93,72,1,0,1
3988.0,2.126126126126126,0.7800350046341565,"[5, 14]",52,87,82,1,0,1
3989.0,2.108108108108108,0.7652090046771133,"[17, 5, 14, 29]",54,90,78,0,0,1
3990.0,2.0495495495495497,0.779995808536583,"[5, 17, 26, 14]",62,87,73,0,0,1
3991.0,2.0315315315315314,0.7924396126678963,"[14, 5, 17]",63,86,72,1,1,1
3992.0,2.099099099099099,0.7781513649001827,"[5, 14, 26, 17]",51,92,77,2,0,1
3993.0,2.108108108108108,0.7942252134106667,"[14, 5, 17]",56,83,82,1,0,0
3994.0,2.09009009009009,0.840701598290031,"[17, 5, 26, 14]",57,76,85,4,0,1
3995.0,2.063063063063063,0.7876797851721573,"[14, 17, 5, 26]",62,84,76,0,1,1
3996.0,2.0765765765765765,0.8119531175814392,"[26, 14, 5, 29]",53,87,78,4,0,1
3997.0,2.063063063063063,0.8158972439879524,"[17, 5, 26, 14]",61,80,79,2,0,1
3998.0,2.045045045045045,0.8003097521080377,"[5, 17, 26, 14]",60,86,74,2,0,0
3999.0,2.0495495495495497,0.808481496456733,"[5, 14, 17]",64,80,77,1,0,1
4000.0,2.0405405405405403,0.7977205510293364,"[5, 26, 14, 29, 17]",63,84,74,1,0,0
4001.0,2.0225225225225225,0.7695782102310241,"[5, 14, 17]",60,94,67,1,1,1
4002.0,2.0945945945945947,0.7873821495197958,"[17, 5, 14, 26]",56,86,79,1,0,1
4003.0,2.0855855855855854,0.838480293775115,"[5, 14, 17]",63,71,86,2,0,0
4004.0,2.0315315315315314,0.7809359719041846,"[5, 14, 29, 17]",61,90,70,1,0,1
4005.0,1.990990990990991,0.8015312889452847,"[14, 5, 17]",60,92,66,4,0,0
4006.0,2.0675675675675675,0.7958787695220653,"[17, 14, 5]",54,90,75,3,0,2
4007.0,2.0135135135135136,0.8209900751144732,"[17, 14, 5]",70,76,75,1,0,1
4008.0,2.0675675675675675,0.8015440034905214,"[17, 14, 5, 29]",58,85,77,2,0,0
4009.0,2.054054054054054,0.7531272700199773,"[17, 14, 5]",57,96,69,0,0,1
4010.0,1.9864864864864864,0.809892064367318,"[17, 14, 5]",71,80,70,1,0,1
4011.0,2.130630630630631,0.7705310847342124,"[5, 14, 17]",53,87,82,0,0,2
4012.0,2.0765765765765765,0.7950588304542311,"[5, 14, 17, 29]",56,87,77,2,0,0
4013.0,2.036036036036036,0.7950972839868214,"[26, 5, 14, 17]",54,94,70,4,0,1
4014.0,2.112612612612613,0.8021032439517055,"[17, 14, 5]",57,80,84,1,0,1
4015.0,2.0315315315315314,0.8582294709418449,"[5, 17, 14]",60,77,79,6,0,0
4016.0,2.1486486486486487,0.7432793747540807,"[14, 26, 5, 17]",47,95,80,0,0,1
4017.0,1.945945945945946,0.8053872662568292,"[14, 5, 17]",63,93,61,5,1,0
4018.0,2.072072072072072,0.8039687946906964,"[14, 5, 29]",64,78,80,0,0,1
4019.0,2.0315315315315314,0.8093885723138262,"[14, 5, 29, 17]",66,80,75,1,0,1
4020.0,2.036036036036036,0.78938578480206,"[14, 5, 17]",62,87,72,1,0,3
4021.0,2.0945945945945947,0.8100430509578108,"[5, 17, 14]",54,84,81,3,0,0
4022.0,2.0855855855855854,0.8650422370193744,"[14, 5, 17]",56,73,87,6,0,1
4023.0,1.981981981981982,0.8345696263418311,"[14, 5, 17]",73,74,73,2,0,0
4024.0,2.0855855855855854,0.8166089076336227,"[5, 14, 29, 17]",53,85,80,4,0,1
4025.0,1.990990990990991,0.7727894528136424,"[14, 17, 5]",67,90,65,0,1,1
4026.0,2.072072072072072,0.8370570263550434,"[5, 14, 17, 26]",64,72,84,2,0,1
4027.0,2.054054054054054,0.7709409874398376,"[14, 5, 17]",57,93,71,1,0,1
4028.0,2.112612612612613,0.8077248217762688,"[14, 5]",52,84,83,3,1,1
4029.0,2.103603603603604,0.7862423293933886,"[5, 17, 29, 14]",58,83,81,0,0,1
4030.0,2.054054054054054,0.788352286342648,"[17, 14, 5, 29]",54,93,72,3,0,1
4031.0,2.045045045045045,0.8115388141244638,"[14, 5, 17]",65,79,77,1,0,0
4032.0,2.0855855855855854,0.7941353870744926,"[14, 26, 17, 5]",55,87,78,2,0,1
4033.0,1.9684684684684688,0.7924396126678964,"[17, 14, 5]",61,95,62,4,0,0
4034.0,2.0405405405405403,0.857849397532437,"[14, 5, 17, 29]",59,77,80,6,0,2
4035.0,2.0855855855855854,0.7768537132156773,"[5, 14, 17, 26]",49,96,74,3,0,2
4036.0,1.9684684684684688,0.7867088190490744,"[17, 5, 14]",72,85,65,0,0,1
4037.0,2.130630630630631,0.740587120981321,"[5, 14, 17]",48,97,77,0,0,1
4038.0,2.0495495495495497,0.7799958085365829,"[5, 14, 17]",59,90,72,1,0,1
4039.0,2.054054054054054,0.788352286342648,"[14, 17, 26, 5]",63,84,75,0,0,1
4040.0,2.0135135135135136,0.842747766807538,"[17, 14, 5]",59,83,74,6,0,1
4041.0,2.072072072072072,0.7811316968436159,"[5, 14, 17]",54,92,74,2,0,1
4042.0,2.1171171171171173,0.7814447547802414,"[14, 17, 5]",53,87,81,1,0,1
4043.0,2.0135135135135136,0.8209900751144732,"[5, 17, 14]",61,85,72,4,0,0
4044.0,1.936936936936937,0.8047290011151729,"[14, 17, 5]",73,84,63,2,0,0
4045.0,1.981981981981982,0.7667523564648956,"[14, 5, 17]",67,92,63,0,0,0
4046.0,2.0045045045045047,0.7815621191776531,"[5, 14, 17]",67,87,68,0,0,1
4047.0,1.9684684684684688,0.7981292586297672,"[14, 5, 17]",71,84,66,1,0,1
4048.0,1.954954954954955,0.8059438399013202,"[5, 14, 17]",68,87,64,3,0,1
4049.0,1.9954954954954955,0.8043869971326539,"[17, 5, 14]",69,82,70,1,0,2
4050.0,2.0405405405405403,0.8145596348957616,"[14, 5, 17]",57,87,74,4,0,1
4051.0,2.0675675675675675,0.8071694761865497,"[14, 17, 5]",62,80,79,1,0,1
4052.0,2.103603603603604,0.7919764985689902,"[17, 14, 26, 5]",50,90,79,3,0,0
4053.0,2.0045045045045047,0.8155599234068582,"[14, 5, 17]",64,84,71,3,0,1
4054.0,2.027027027027027,0.8397312590951517,"[5, 14, 17]",63,78,77,4,0,0
4055.0,1.9774774774774773,0.8152599657211406,"[5, 17, 14]",67,84,68,3,0,0
4056.0,1.9189189189189189,0.7917577116385401,"[5, 17, 14]",73,88,59,2,0,1
4057.0,2.0045045045045047,0.7930566774479465,"[14, 5, 17, 26]",66,86,69,1,0,1
4058.0,2.027027027027027,0.7723673364621625,"[17, 14, 5]",63,90,69,0,1,1
4059.0,2.063063063063063,0.826914663226169,"[14, 5, 17]",63,76,81,2,1,1
4060.0,1.9864864864864864,0.8373613465544231,"[5, 17, 14]",70,76,73,3,0,1
4061.0,2.081081081081081,0.8142968555519062,"[5, 14, 17]",56,83,80,3,0,0
4062.0,2.027027027027027,0.8123421192596431,"[14, 17, 5, 4]",64,82,74,2,0,1
4063.0,2.103603603603604,0.7919764985689902,"[14, 5, 17]",59,81,82,0,0,0
4064.0,2.0045045045045047,0.7930566774479464,"[5, 17, 14]",57,95,66,4,0,0
4065.0,2.0,0.8127936295043754,"[14, 26, 17, 5]",67,82,71,2,0,1
4066.0,2.0315315315315314,0.8422639156025566,"[5, 14, 17, 26]",60,80,77,5,0,1
4067.0,2.0405405405405403,0.8145596348957616,"[14, 5, 17]",63,81,76,2,0,0
4068.0,2.054054054054054,0.8275552813385176,"[14, 5, 17, 29, 26]",58,82,78,4,0,1
4069.0,2.0045045045045047,0.7987419279094046,"[14, 5, 17]",70,81,71,0,0,0
4070.0,2.0675675675675675,0.812756013230862,"[17, 14, 5, 26]",60,81,79,2,0,1
4071.0,2.018018018018018,0.8399739489817525,"[17, 5, 14]",73,69,79,1,0,1
4072.0,2.058558558558558,0.7735407769855775,"[14, 5, 17]",57,92,72,1,0,1
4073.0,2.099099099099099,0.8288350321366262,"[17, 5, 14, 29]",57,77,85,3,0,0
4074.0,2.063063063063063,0.8214244253142174,"[17, 5, 14]",62,78,80,2,0,1
4075.0,2.018018018018018,0.8070053236714507,"[5, 17, 14]",61,87,71,3,0,2
4076.0,2.0945945945945947,0.7873821495197958,"[17, 14, 5]",59,83,80,0,0,1
4077.0,1.981981981981982,0.8181424936680499,"[14, 5, 17]",67,83,69,3,0,0
4078.0,2.027027027027027,0.7897471897389846,"[28, 14, 17, 5]",60,90,70,2,0,0
4079.0,2.0675675675675675,0.8455004314468809,"[17, 5, 14, 26]",57,78,82,5,0,1
4080.0,2.0405405405405403,0.8255949044857464,"[5, 14, 17]",65,77,78,2,0,1
4081.0,2.027027027027027,0.7839967155192474,"[5, 17, 14, 26]",59,92,69,2,1,1
4082.0,2.072072072072072,0.8370570263550434,"[17, 26, 5, 14]",58,78,82,4,0,0
4083.0,2.144144144144144,0.7998511948353775,"[17, 5, 26, 29, 14]",51,82,87,2,0,0
4084.0,2.027027027027027,0.8067527161203687,"[14, 5, 17]",57,90,71,4,0,1
4085.0,2.0765765765765765,0.8393549510954819,"[14, 17, 26, 5]",58,77,83,4,0,0
4086.0,1.9324324324324325,0.7786357906678761,"[14, 5, 17]",72,90,59,1,0,1
4087.0,2.121621621621621,0.8175568288499391,"[5, 14]",56,77,87,2,0,1
4088.0,2.09009009009009,0.802141359785057,"[5, 14, 17, 26]",53,87,79,3,0,0
4089.0,2.0405405405405403,0.808985553051388,"[17, 14, 26, 5]",65,80,76,1,0,0
4090.0,2.045045045045045,0.7715224109129613,"[5, 14, 29, 17]",61,90,71,0,0,1
4091.0,2.0675675675675675,0.7844255657897979,"[17, 5, 14]",61,85,76,0,0,1
4092.0,2.072072072072072,0.8095774185289925,"[17, 14, 5]",65,76,81,0,0,1
4093.0,2.063063063063063,0.8047290011151731,"[14, 5, 17]",65,78,79,0,0,1
4094.0,2.058558558558558,0.8245079123091277,"[5, 17, 14]",60,80,79,3,0,0
4095.0,1.9954954954954955,0.781562119177653,"[17, 14, 5]",65,90,66,1,0,1
4096.0,2.072072072072072,0.8039687946906965,"[26, 17, 5, 14]",58,84,78,2,0,0
4097.0,2.112612612612613,0.8077248217762689,"[14, 26, 5, 17]",58,78,85,1,0,1
4098.0,2.0,0.778675055224552,"[5, 14, 17]",61,94,65,2,1,0
4099.0,2.0045045045045047,0.7873303753121176,"[14, 5, 17]",62,91,67,2,0,2
4100.0,2.054054054054054,0.8165465058157807,"[5, 17, 14]",65,77,79,1,0,1
4101.0,2.081081081081081,0.7802440172329329,"[17, 5, 14]",53,92,75,2,0,1
4102.0,2.0135135135135136,0.848099977723587,"[5, 14, 17]",69,72,78,3,0,1
4103.0,2.099099099099099,0.736322708061095,"[5, 14, 17]",50,100,72,0,1,1
4104.0,2.054054054054054,0.8275552813385176,"[5, 17, 14, 26]",61,79,79,3,0,1
4105.0,2.009009009009009,0.8238030724517321,"[5, 14]",65,81,73,3,0,0
4106.0,2.027027027027027,0.8011243169520794,"[14, 17, 5, 26]",56,92,70,4,0,1
4107.0,2.0495495495495497,0.779995808536583,"[5, 17, 14]",56,93,71,2,0,1
4108.0,2.121621621621621,0.8007807734531345,"[14, 29, 5, 17, 26]",50,86,83,3,0,0
4109.0,2.0765765765765765,0.7719581911351323,"[5, 17, 14]",55,92,74,1,0,1
4110.0,2.081081081081081,0.79175771163854,"[17, 26, 5, 14]",58,85,78,1,0,0
4111.0,1.954954954954955,0.8059438399013202,"[14, 17, 5, 29]",71,84,65,2,0,1
4112.0,2.018018018018018,0.8125929892570567,"[17, 14, 5]",59,88,71,4,0,0
4113.0,2.1171171171171173,0.8264708674955219,"[14, 17, 5, 26]",58,74,88,2,0,0
4114.0,2.0405405405405403,0.8033727972057582,"[5, 17, 26, 14]",64,82,75,1,0,1
4115.0,2.103603603603604,0.7569201620723689,"[5, 14, 17]",53,93,76,0,0,1
4116.0,1.9954954954954955,0.8210893754172299,"[17, 14, 5]",63,85,70,4,0,0
4117.0,2.103603603603604,0.814509588223627,"[14, 17, 5, 26]",54,82,83,3,0,1
4118.0,2.0045045045045047,0.8155599234068583,"[5, 14]",70,78,73,1,0,0
4119.0,1.9864864864864864,0.7814577961392896,"[5, 17, 29, 14]",66,90,65,1,0,1
4120.0,2.036036036036036,0.8659253719730989,"[5, 14, 26]",64,71,82,5,0,1
4121.0,2.108108108108108,0.8331519104621988,"[5, 17, 26, 14]",54,78,86,4,0,1
4122.0,2.0405405405405403,0.7920279690635249,"[5, 14]",59,89,72,2,0,1
4123.0,2.0225225225225225,0.8425542596687264,"[5, 17, 14, 26]",64,77,77,4,0,0
4124.0,1.9864864864864864,0.8264831983725527,"[28, 5, 17, 14, 26]",65,83,70,4,0,0
4125.0,2.099099099099099,0.7605065584392083,"[14, 5, 17]",54,92,76,0,0,1
4126.0,1.981981981981982,0.7784656213705152,"[5, 29, 17, 14]",66,91,64,1,1,1
4127.0,2.0045045045045047,0.8155599234068582,"[5, 14, 17]",61,87,70,4,0,1
4128.0,2.0675675675675675,0.7958787695220654,"[17, 14, 5]",57,87,76,2,0,0
4129.0,2.0225225225225225,0.8207914384685621,"[5, 14, 17]",60,85,73,4,0,1
4130.0,2.099099099099099,0.8010734309154447,"[14, 5, 17, 26]",55,84,81,2,0,1
4131.0,2.108108108108108,0.7592727092970497,"[5, 17, 14]",53,92,77,0,0,3
4132.0,2.018018018018018,0.8399739489817524,"[5, 14, 29, 17]",64,78,76,4,0,1
4133.0,2.0,0.8614414942198925,"[14, 17, 5, 4, 26]",67,73,77,5,0,1
4134.0,2.0765765765765765,0.8063610180276339,"[5, 17, 14]",58,83,79,2,0,0
4135.0,2.0765765765765765,0.7835936423759049,"[17, 26, 14, 5]",60,85,77,0,0,1
4136.0,2.0945945945945947,0.8266311545496013,"[14, 5, 17]",57,78,84,3,0,0
4137.0,2.130630630630631,0.7763813021301699,"[14, 5, 17]",51,88,82,1,0,0
4138.0,2.063063063063063,0.8214244253142174,"[5, 17, 14]",56,84,78,4,0,0
4139.0,2.0945945945945947,0.8266311545496013,"[14, 5, 17]",57,78,84,3,0,0
4140.0,2.027027027027027,0.7897471897389846,"[14, 17, 5, 29, 26]",63,87,71,1,0,0
4141.0,2.1171171171171173,0.8098794808808483,"[14, 5, 26, 17]",55,80,85,2,0,0
4142.0,2.22972972972973,0.7408072635554933,"[14, 5, 17]",41,89,92,0,0,1
4143.0,2.0945945945945947,0.7987929624713317,"[5, 14, 17]",61,79,82,0,0,0
4144.0,1.9774774774774773,0.7812491082706582,"[28, 5, 14]",64,93,63,2,0,1
4145.0,1.981981981981982,0.7957122877791639,"[14, 5, 17, 29]",66,88,66,2,0,1
4146.0,2.058558558558558,0.7735407769855775,"[17, 5, 29, 14]",57,92,72,1,0,1
4147.0,2.099099099099099,0.7605065584392083,"[5, 29, 14, 17, 26]",54,92,76,0,0,1
4148.0,1.9774774774774773,0.787019658540595,"[14, 17, 5]",65,91,64,2,0,1
4149.0,2.0225225225225225,0.7927482050973126,"[14, 5, 17]",64,86,71,1,0,1
4150.0,2.0675675675675675,0.7844255657897979,"[17, 14, 5, 26]",55,91,74,2,0,2
4151.0,2.027027027027027,0.8067527161203686,"[17, 5, 14]",60,87,72,3,0,1
4152.0,2.036036036036036,0.8007680467893785,"[5, 14, 17]",61,86,73,2,0,1
4153.0,1.954954954954955,0.7831643365554004,"[14, 5, 17]",67,92,61,2,0,1
4154.0,2.036036036036036,0.777836981466073,"[17, 14, 5, 26]",60,91,70,1,0,0
4155.0,2.112612612612613,0.755626510858771,"[5, 17, 26, 14]",46,99,75,2,0,1
4156.0,2.0405405405405403,0.7449228911327958,"[17, 14, 5]",54,102,65,1,0,1
4157.0,2.036036036036036,0.777836981466073,"[14, 17, 5]",60,91,70,1,0,0
4158.0,2.1171171171171173,0.8373491758699669,"[14, 17, 5]",57,73,89,3,0,1
4159.0,2.072072072072072,0.7694590179486329,"[17, 14, 5]",55,93,73,1,0,0
4160.0,2.054054054054054,0.7709409874398377,"[5, 17, 14]",60,90,72,0,0,1
4161.0,2.0225225225225225,0.8479076920523672,"[17, 14, 5]",68,72,79,3,0,1
4162.0,2.0765765765765765,0.7950588304542311,"[29, 14, 5, 17]",59,84,78,1,1,1
4163.0,2.072072072072072,0.7811316968436159,"[14, 17, 5]",60,86,76,0,0,1
4164.0,1.9684684684684688,0.8259898197067458,"[5, 26, 17, 14]",73,77,70,2,0,1
4165.0,2.036036036036036,0.7661141052251549,"[17, 14, 5]",58,95,68,1,0,1
4166.0,2.099099099099099,0.8010734309154447,"[5, 14, 17, 26]",52,87,80,3,0,2
4167.0,2.13963963963964,0.797822747558088,"[14, 17, 26, 5]",54,80,87,1,0,0
4168.0,2.121621621621621,0.7836456634635528,"[5, 17, 14]",53,86,82,1,0,0
4169.0,2.027027027027027,0.812342119259643,"[5, 14, 26]",58,88,72,4,0,0
4170.0,2.112612612612613,0.784997001708211,"[5, 14, 17]",54,86,81,1,0,1
4171.0,2.036036036036036,0.7778369814660729,"[5, 17, 14]",60,91,70,1,1,0
4172.0,2.036036036036036,0.8063989326099908,"[14, 5]",62,84,74,2,0,1
4173.0,1.9954954954954955,0.7873303753121176,"[5, 17, 14]",66,88,67,1,0,1
4174.0,1.9684684684684688,0.7751201316301087,"[14, 5, 17]",61,98,60,3,1,0
4175.0,2.045045045045045,0.7715224109129613,"[14, 5, 17]",61,90,71,0,0,1
4176.0,2.054054054054054,0.822069321843126,"[17, 5, 14]",60,81,78,3,0,1
4177.0,2.0765765765765765,0.8393549510954819,"[14, 5, 17]",64,71,85,2,0,1
4178.0,2.0495495495495497,0.8359971285185128,"[5, 14, 17]",63,76,80,3,0,1
4179.0,2.1171171171171173,0.7579292907329334,"[14, 5, 17, 26]",52,92,78,0,0,1
4180.0,2.0135135135135136,0.7872268166815276,"[5, 14, 17]",64,88,69,1,0,0
4181.0,2.045045045045045,0.8226146086363001,"[17, 14, 5]",64,78,78,2,0,1
4182.0,2.054054054054054,0.788352286342648,"[5, 17, 14]",57,90,73,2,0,1
4183.0,2.018018018018018,0.801378698667744,"[5, 14]",66,83,72,1,1,1
4184.0,2.054054054054054,0.8220693218431259,"[14, 5, 4, 17]",63,78,79,2,0,1
4185.0,2.054054054054054,0.822069321843126,"[17, 5, 14]",63,78,79,2,0,0
4186.0,2.018018018018018,0.7900052348985382,"[17, 5, 29, 14]",61,90,69,2,0,0
4187.0,2.045045045045045,0.817095478255875,"[5, 14, 17, 26]",57,86,75,4,0,2
4188.0,2.0855855855855854,0.7826566715314206,"[14, 17, 5]",53,91,76,2,0,1
4189.0,1.981981981981982,0.7957122877791639,"[14, 5, 17, 26]",66,88,66,2,0,1
4190.0,2.018018018018018,0.8236546082558097,"[17, 5, 14]",61,84,73,4,0,1
4191.0,2.0,0.807207352795575,"[5, 17, 29, 14]",66,84,70,2,0,0
4192.0,2.108108108108108,0.8111368632260447,"[5, 14, 17]",56,80,84,2,0,0
4193.0,2.063063063063063,0.7934035654851268,"[14, 17, 5, 26]",60,85,76,1,0,1
4194.0,2.018018018018018,0.8013786986677441,"[17, 5, 14]",57,92,69,4,0,0
4195.0,2.0765765765765765,0.760144658173241,"[14, 5, 17]",56,93,73,0,0,0
4196.0,2.0315315315315314,0.8037786307414235,"[5, 26, 17, 14]",59,88,72,3,0,1
4197.0,2.063063063063063,0.804729001115173,"[14, 5, 17]",56,87,76,3,0,0
4198.0,2.045045045045045,0.8059438399013201,"[5, 29, 17, 14]",61,84,75,2,0,1
4199.0,2.027027027027027,0.7839967155192474,"[5, 14, 17]",62,89,70,1,0,0
4200.0,2.0045045045045047,0.7987419279094046,"[14, 17, 5]",64,87,69,2,0,1
4201.0,2.0315315315315314,0.8314499119098145,"[14, 17, 29, 5]",58,84,75,5,0,1
4202.0,2.081081081081081,0.8087209625118332,"[5, 14, 17]",64,76,82,0,0,0
4203.0,2.054054054054054,0.8275552813385175,"[5, 14, 17]",61,79,79,3,0,0
4204.0,2.0675675675675675,0.8127560132308621,"[17, 5, 14]",60,81,79,2,0,1
4205.0,1.9774774774774773,0.8207914384685621,"[14, 5, 17]",74,76,71,1,0,1
4206.0,2.063063063063063,0.7876797851721572,"[14, 17, 5]",53,93,73,3,1,1
4207.0,2.0405405405405403,0.8525583939479509,"[5, 17, 14]",64,73,81,4,0,0
4208.0,2.009009009009009,0.8071568502552311,"[17, 26, 14, 5]",65,84,71,2,0,1
4209.0,2.0675675675675675,0.7901729190628471,"[5, 14, 26, 17]",56,89,75,2,0,1
4210.0,2.063063063063063,0.8377872091227943,"[14, 17, 26, 5]",65,72,83,2,0,0
4211.0,2.135135135135135,0.8014295653216827,"[17, 14, 5]",52,82,86,2,0,2
4212.0,2.027027027027027,0.8234071084430594,"[14, 5, 26]",60,84,74,4,0,0
4213.0,2.112612612612613,0.8077248217762688,"[5, 17, 14]",58,78,85,1,0,0
4214.0,1.9504504504504503,0.8140590297199426,"[5, 14, 17, 29, 26]",73,81,66,2,0,1
4215.0,2.0225225225225225,0.7812491082706582,"[17, 5, 14]",65,87,70,0,0,1
4216.0,2.045045045045045,0.8335432453407354,"[14, 5, 17]",63,77,79,3,0,1
4217.0,2.09009009009009,0.7907788651491059,"[14, 5]",60,82,80,0,0,1
4218.0,2.0045045045045047,0.781562119177653,"[17, 14, 5]",61,93,66,2,0,2
4219.0,1.9774774774774773,0.820791438468562,"[29, 5, 14, 17]",71,79,70,2,0,1
4220.0,2.1171171171171173,0.7872138708948211,"[5, 14, 17]",51,88,81,2,0,2
4221.0,2.018018018018018,0.8399739489817524,"[14, 5, 17]",61,81,75,5,0,1
4222.0,2.036036036036036,0.7778369814660729,"[14, 17, 5]",63,88,71,0,0,0
4223.0,2.045045045045045,0.8003097521080377,"[5, 14, 17]",63,83,75,1,0,1
4224.0,2.09009009009009,0.761631370669714,"[14, 5, 17, 26]",55,92,75,0,0,1
4225.0,2.018018018018018,0.8236546082558096,"[17, 5, 14, 26]",64,81,74,3,0,1
4226.0,2.058558558558558,0.819001540721811,"[17, 5, 14]",62,79,79,2,0,1
4227.0,2.063063063063063,0.8158972439879524,"[14, 17, 5]",58,83,78,3,0,0
4228.0,2.0135135135135136,0.769790062053001,"[14, 17, 5]",61,94,66,1,1,2
4229.0,2.036036036036036,0.8285398804747766,"[17, 5, 14]",66,76,78,2,0,1
4230.0,2.1666666666666665,0.7575661592700611,"[14, 5, 17, 26]",48,89,85,0,0,1
4231.0,2.0225225225225225,0.7754356165524269,"[5, 17, 14]",64,89,69,0,1,1
4232.0,2.036036036036036,0.8007680467893786,"[5, 17, 14]",64,83,74,1,0,0
4233.0,2.063063063063063,0.8323686887516281,"[5, 14, 17]",58,80,80,4,0,0
4234.0,2.036036036036036,0.8285398804747766,"[14, 17, 5]",54,88,74,6,0,0
4235.0,2.036036036036036,0.78938578480206,"[17, 5, 14]",62,87,72,1,0,2
4236.0,2.018018018018018,0.801378698667744,"[5, 17, 14]",63,86,71,2,1,0
4237.0,2.0,0.7902116103552715,"[32, 14, 5, 26]",66,87,68,1,1,1
4238.0,2.0675675675675675,0.8071694761865497,"[14, 17, 5]",59,83,78,2,0,0
4239.0,2.072072072072072,0.8261748712343142,"[17, 14, 5, 29]",62,76,82,2,0,1
4240.0,1.9954954954954955,0.7930566774479463,"[5, 14, 17]",55,98,64,5,0,1
4241.0,2.0675675675675675,0.7901729190628471,"[5, 14, 17]",56,89,75,2,0,1
4242.0,2.103603603603604,0.8089351615256728,"[17, 14, 29, 5]",53,84,82,3,0,2
4243.0,2.108108108108108,0.7710996009560597,"[17, 14, 5]",52,91,78,1,0,1
4244.0,2.103603603603604,0.8200461225223119,"[5, 17, 29, 14]",55,80,84,3,0,1
4245.0,2.072072072072072,0.8095774185289925,"[5, 14, 17]",59,82,79,2,0,1
4246.0,2.09009009009009,0.8077626723447154,"[5, 29, 17, 14]",57,82,81,2,0,1
4247.0,1.990990990990991,0.8238030724517321,"[5, 14, 17]",70,78,72,2,0,0
4248.0,2.0945945945945947,0.7640494449705395,"[5, 14, 17, 26]",55,91,76,0,0,1
4249.0,2.130630630630631,0.7527076665443988,"[5, 14, 17]",50,93,79,0,0,1
4250.0,1.981981981981982,0.801378698667744,"[5, 14, 17, 26]",70,83,68,1,0,1
4251.0,2.099099099099099,0.7954048453227989,"[14, 17, 5]",57,83,81,1,0,1
4252.0,2.099099099099099,0.8342765034762626,"[17, 14, 26, 29, 5]",55,78,85,4,0,0
4253.0,2.0135135135135136,0.7986398490019414,"[5, 17, 14, 26]",63,87,70,2,0,0
4254.0,1.990990990990991,0.812743474086136,"[14, 5]",71,79,71,1,0,1
4255.0,2.108108108108108,0.7592727092970498,"[5, 26, 14]",53,92,77,0,0,1
4256.0,1.972972972972973,0.850439965554795,"[5, 17, 14]",65,80,71,6,0,0
4257.0,1.963963963963964,0.777836981466073,"[14, 17, 29, 5]",71,88,63,0,0,1
4258.0,2.1171171171171173,0.7579292907329334,"[17, 5, 14]",52,92,78,0,1,2
4259.0,1.945945945945946,0.788352286342648,"[14, 17, 5]",66,93,60,3,0,1
4260.0,2.1171171171171173,0.7458935998114041,"[5, 14, 17, 26]",47,99,75,1,0,0
4261.0,2.063063063063063,0.7934035654851268,"[5, 14, 29]",54,91,74,3,0,2
4262.0,2.0,0.8401680504168059,"[17, 5, 14]",66,78,74,4,0,1
4263.0,2.0135135135135136,0.809892064367318,"[5, 17, 29, 14]",68,80,73,1,0,1
4264.0,2.0045045045045047,0.8099927252214952,"[5, 17, 14]",69,80,72,1,0,1
4265.0,2.099099099099099,0.7723145556962921,"[5, 17, 29, 26, 14]",53,91,77,1,0,1
4266.0,2.103603603603604,0.7919764985689903,"[14, 17, 5]",56,84,81,1,0,1
4267.0,2.072072072072072,0.820679684227275,"[5, 14, 17]",58,81,80,3,1,1
4268.0,2.1171171171171173,0.7814447547802414,"[17, 5, 14]",56,84,82,0,0,2
4269.0,2.072072072072072,0.8095774185289923,"[14, 26, 5]",59,82,79,2,0,1
4270.0,1.9504504504504503,0.8305669299554026,"[5, 14, 17]",67,84,66,5,0,0
4271.0,2.058558558558558,0.8078762134098193,"[14, 17, 5]",54,89,75,4,0,1
4272.0,2.081081081081081,0.7917577116385401,"[5, 17, 14]",55,88,77,2,0,1
4273.0,1.954954954954955,0.8003097521080377,"[14, 5, 17, 29]",70,86,64,2,0,1
4274.0,2.072072072072072,0.7811316968436159,"[17, 29, 5, 26, 14]",57,89,75,1,0,0
4275.0,2.0225225225225225,0.7984356520350697,"[14, 5, 17, 26]",68,81,73,0,0,1
4276.0,2.072072072072072,0.7926324970155456,"[3, 14, 5, 26]",56,88,76,2,0,2
4277.0,2.054054054054054,0.7997492575132488,"[17, 5, 14]",62,83,76,1,0,1
4278.0,2.0855855855855854,0.7941353870744927,"[5, 14, 17]",58,84,79,1,0,1
4279.0,2.018018018018018,0.7900052348985382,"[14, 17, 5]",64,87,70,1,0,2
4280.0,2.0405405405405403,0.8145596348957616,"[17, 5, 14, 26]",60,84,75,3,0,0
4281.0,2.09009009009009,0.78503594810101,"[14, 5, 29, 17]",59,84,79,0,0,0
4282.0,2.0495495495495497,0.8195986076270692,"[14, 5, 17, 26, 29]",57,85,76,4,0,0
4283.0,2.1666666666666665,0.7810925557792853,"[5, 17, 14, 26]",52,81,89,0,0,1
4284.0,2.09009009009009,0.7850359481010101,"[17, 14, 26, 5]",59,84,79,0,1,1
4285.0,2.0495495495495497,0.7564353021323195,"[5, 17, 14]",58,95,69,0,1,2
4286.0,2.09009009009009,0.7907788651491059,"[5, 17, 14]",57,85,79,1,0,0
4287.0,2.045045045045045,0.8389541796837426,"[14, 5, 17]",67,72,81,2,0,0
4288.0,1.981981981981982,0.7900052348985382,"[5, 17, 14]",68,87,66,1,0,2
4289.0,2.072072072072072,0.8095774185289925,"[14, 5, 17]",59,82,79,2,1,2
4290.0,2.09009009009009,0.7496551188892897,"[14, 17, 5]",53,96,73,0,0,1
4291.0,2.135135135135135,0.8181923181249441,"[5, 14, 17, 29]",58,73,90,1,1,0
4292.0,2.054054054054054,0.8220693218431259,"[17, 5, 14]",60,81,78,3,0,0
4293.0,2.036036036036036,0.8119907710498862,"[14, 5]",60,85,74,3,0,0
4294.0,2.0135135135135136,0.809892064367318,"[17, 14, 29, 26, 5]",62,86,71,3,0,2
4295.0,2.0855855855855854,0.8054505326308168,"[5, 14, 26, 17]",57,83,80,2,0,1
4296.0,2.045045045045045,0.8003097521080377,"[14, 26, 5, 17]",57,89,73,3,0,0
4297.0,2.09009009009009,0.835301983483672,"[5, 17, 14]",56,78,84,4,0,1
4298.0,2.063063063063063,0.7934035654851268,"[5, 14, 17, 26]",57,88,75,2,0,0
4299.0,1.9954954954954955,0.7873303753121176,"[5, 14, 17]",66,88,67,1,0,0
4300.0,2.126126126126126,0.7800350046341565,"[5, 29, 14, 17]",55,84,83,0,0,1
4301.0,2.058558558558558,0.8620682767333159,"[17, 5, 14, 29]",58,75,83,6,0,0
4302.0,1.972972972972973,0.8288842138623563,"[14, 17, 5]",67,82,69,4,0,0
4303.0,2.13963963963964,0.8311556888183304,"[17, 14, 5]",54,74,91,3,0,1
4304.0,2.063063063063063,0.7761055962029545,"[14, 5, 17]",54,94,72,2,0,1
4305.0,2.144144144144144,0.7349928044323725,"[5, 17, 14]",46,98,78,0,0,1
4306.0,2.018018018018018,0.8236546082558096,"[5, 29, 14, 17]",61,84,73,4,0,1
4307.0,2.036036036036036,0.8447648517807339,"[14, 5, 17]",63,76,79,4,0,0
4308.0,2.009009009009009,0.8238030724517323,"[5, 17, 29, 14]",68,78,74,2,0,1
4309.0,2.0945945945945947,0.8156099056293362,"[5, 14, 17, 26]",64,73,85,0,1,1
4310.0,2.0675675675675675,0.7901729190628471,"[5, 17, 14]",62,83,77,0,0,0
4311.0,2.0225225225225225,0.8207914384685621,"[14, 5, 17, 29]",60,85,73,4,0,1
4312.0,2.112612612612613,0.7675095904442579,"[5, 26, 17, 14]",51,92,78,1,0,2
4313.0,2.0855855855855854,0.8110489099129117,"[5, 17, 14]",64,75,83,0,1,1
4314.0,2.0315315315315314,0.7924396126678963,"[5, 14]",66,83,73,0,0,1
4315.0,2.063063063063063,0.8103323632877316,"[17, 5, 14, 29, 26]",60,82,78,2,0,0
4316.0,2.036036036036036,0.777836981466073,"[5, 17, 14]",57,94,69,2,0,1
4317.0,2.045045045045045,0.8003097521080377,"[14, 5, 17]",60,86,74,2,0,0
4318.0,2.054054054054054,0.7997492575132488,"[14, 17, 29, 5]",50,95,72,5,0,0
4319.0,2.0765765765765765,0.8175069656619901,"[5, 14, 17]",60,79,81,2,0,1
4320.0,2.0765765765765765,0.7835936423759049,"[14, 17, 5]",60,85,77,0,0,1
4321.0,2.135135135135135,0.7843086298803125,"[14, 5, 17]",49,88,83,2,0,1
4322.0,2.0765765765765765,0.8007298655844591,"[5, 17, 14]",54,88,77,3,0,1
4323.0,2.058558558558558,0.7965955238903089,"[17, 14, 26, 5]",64,81,77,0,0,1
4324.0,1.9954954954954955,0.8099927252214951,"[5, 17, 14]",70,80,71,1,0,1
4325.0,2.0765765765765765,0.7950588304542312,"[14, 5, 17]",50,93,75,4,0,0
4326.0,2.058558558558558,0.8022556964196214,"[17, 5, 14]",62,82,77,1,0,1
4327.0,2.027027027027027,0.8662548448810021,"[14, 17, 5]",68,68,82,4,1,1
4328.0,2.0225225225225225,0.8096907051164531,"[5, 14, 17]",64,83,73,2,0,1
4329.0,2.063063063063063,0.7876797851721573,"[5, 14, 17]",59,87,75,1,0,1
4330.0,2.081081081081081,0.841622384291199,"[14, 17, 5]",58,76,84,4,0,0
4331.0,2.0855855855855854,0.8276168531016577,"[14, 5, 17, 26, 29]",61,75,84,2,0,2
4332.0,2.0495495495495497,0.8195986076270692,"[5, 14, 17]",63,79,78,2,0,0
4333.0,2.108108108108108,0.7710996009560597,"[14, 17, 26, 5]",52,91,78,1,0,1
4334.0,2.0,0.8183417732943565,"[14, 5, 17, 26]",62,86,70,4,0,0
4335.0,2.0495495495495497,0.8305669299554026,"[17, 14, 5]",59,81,78,4,0,1
4336.0,2.130630630630631,0.7705310847342124,"[5, 14, 26, 17]",50,90,81,1,1,1
4337.0,2.081081081081081,0.7974522228289,"[14, 26, 17, 5]",56,86,78,2,0,0
4338.0,2.081081081081081,0.8087209625118332,"[5, 17, 14]",61,79,81,1,0,1
4339.0,2.0,0.778675055224552,"[14, 17, 26, 5]",67,88,67,0,1,1
4340.0,1.9774774774774773,0.8262858822580399,"[5, 14, 17]",63,86,68,5,0,0
4341.0,2.108108108108108,0.7350482651232215,"[5, 17, 14, 29]",49,100,73,0,0,1
4342.0,2.0045045045045047,0.8481961042125443,"[14, 26, 17, 5]",67,75,76,4,0,0
4343.0,1.9864864864864864,0.815459949771178,"[5, 14, 17]",69,81,70,2,0,1
4344.0,2.054054054054054,0.7709409874398377,"[5, 14, 17]",60,90,72,0,0,1
4345.0,2.0225225225225225,0.7927482050973126,"[5, 26, 14, 17]",61,89,70,2,0,1
4346.0,2.0135135135135136,0.7929538666645037,"[5, 14, 17]",59,92,68,3,0,1
4347.0,2.0855855855855854,0.8330662814527707,"[17, 14, 5, 26]",56,79,83,4,0,1
4348.0,2.072072072072072,0.8531200306154557,"[17, 14, 5]",61,72,85,4,0,0
4349.0,2.0675675675675675,0.7901729190628471,"[17, 5, 14]",59,86,76,1,0,1
4350.0,1.981981981981982,0.8013786986677441,"[14, 17, 5, 29]",67,86,67,2,0,0
4351.0,2.0315315315315314,0.8037786307414236,"[5, 14, 17]",59,88,72,3,0,0
4352.0,2.0315315315315314,0.8204933933332591,"[5, 14, 17, 29]",68,76,77,1,0,1
4353.0,2.045045045045045,0.7773651679208455,"[5, 14]",56,94,70,2,0,1
4354.0,2.0765765765765765,0.7835936423759049,"[14, 5, 17]",54,91,75,2,1,2
4355.0,2.1621621621621623,0.7615243172753177,"[14, 5]",49,88,85,0,0,1
4356.0,2.058558558558558,0.7851527756881226,"[5, 17, 14, 29]",56,91,73,2,0,1
4357.0,2.0765765765765765,0.8119531175814391,"[14, 17, 5]",62,78,81,1,0,2
4358.0,2.058558558558558,0.813457896850872,"[5, 17, 29, 14]",64,78,79,1,0,1
4359.0,2.121621621621621,0.7951101014177496,"[17, 14, 5]",55,82,84,1,0,1
4360.0,2.072072072072072,0.7926324970155456,"[5, 14, 17, 26]",56,88,76,2,0,2
4361.0,2.0765765765765765,0.7777976746020018,"[5, 17, 14, 26]",59,87,76,0,1,0
4362.0,2.009009009009009,0.8238030724517321,"[5, 14, 26, 17]",65,81,73,3,0,1
4363.0,2.135135135135135,0.7843086298803125,"[5, 17, 14, 29, 26]",55,82,85,0,0,0
4364.0,2.0405405405405403,0.8310575913066944,"[14, 5, 17]",69,72,80,1,0,2
4365.0,2.09009009009009,0.7734221953755527,"[17, 5, 14, 26]",51,94,75,2,0,1
4366.0,2.027027027027027,0.7954560939839985,"[5, 17, 14]",61,88,71,2,0,0
4367.0,2.0495495495495497,0.8251009946545251,"[14, 5, 17, 26]",61,80,78,3,0,1
4368.0,2.0405405405405403,0.8145596348957616,"[29, 5, 14, 17]",60,84,75,3,0,0
4369.0,2.054054054054054,0.7825915624551698,"[17, 5, 14, 29]",59,89,73,1,0,1
4370.0,1.963963963963964,0.78938578480206,"[17, 14, 26, 5]",73,84,65,0,0,0
4371.0,2.0495495495495497,0.8140590297199426,"[17, 5, 14, 26]",59,84,76,3,0,0
4372.0,2.0765765765765765,0.8063610180276339,"[5, 17, 26, 14]",58,83,79,2,0,1
4373.0,2.045045045045045,0.7773651679208454,"[14, 5, 17]",62,88,72,0,0,1
4374.0,2.0135135135135136,0.8264831983725527,"[5, 14, 26, 17]",68,77,75,2,0,1
4375.0,2.0675675675675675,0.8238154432603442,"[14, 5, 29]",62,77,81,2,0,1
4376.0,2.027027027027027,0.8067527161203686,"[5, 14, 17, 29]",66,81,74,1,0,1
4377.0,2.108108108108108,0.8222180722870905,"[5, 14, 17]",58,76,86,2,0,0
4378.0,2.0045045045045047,0.809992725221495,"[5, 14, 26]",66,83,71,2,0,0
4379.0,2.0855855855855854,0.7884169196867215,"[17, 5, 14, 26]",57,86,78,1,0,1
4380.0,2.0765765765765765,0.8007298655844591,"[14, 17, 26, 5]",57,85,78,2,1,0
4381.0,2.0225225225225225,0.8152599657211406,"[5, 17, 14, 26]",62,84,73,3,0,0
4382.0,1.981981981981982,0.801378698667744,"[14, 29, 17, 5]",67,86,67,2,0,1
4383.0,2.018018018018018,0.7784656213705153,"[14, 5, 17]",56,97,66,3,0,0
4384.0,2.054054054054054,0.788352286342648,"[14, 5, 26]",60,87,74,1,0,1
4385.0,2.058558558558558,0.8022556964196214,"[17, 14, 5]",62,82,77,1,1,0
4386.0,2.1171171171171173,0.7814447547802416,"[14, 17, 5, 29]",56,84,82,0,0,2
4387.0,2.1486486486486487,0.7672439794207847,"[14, 5, 17]",48,90,83,1,0,1
4388.0,1.9864864864864864,0.8534186229339061,"[17, 14, 5, 29]",64,79,73,6,0,1
4389.0,2.1171171171171173,0.7398023306829732,"[14, 5, 17]",49,98,75,0,0,1
4390.0,2.121621621621621,0.7951101014177496,"[14, 17, 5]",55,82,84,1,0,3
4391.0,2.058558558558558,0.8354117816811468,"[17, 5, 14]",65,73,82,2,0,0
4392.0,2.112612612612613,0.767509590444258,"[14, 5, 17]",54,89,79,0,0,1
4393.0,2.0675675675675675,0.7958787695220654,"[5, 14, 17]",57,87,76,2,0,1
4394.0,2.09009009009009,0.7496551188892897,"[28, 14, 5]",53,96,73,0,0,1
4395.0,2.027027027027027,0.812342119259643,"[14, 17, 5, 26]",64,82,74,2,0,2
4396.0,2.0135135135135136,0.8264831983725527,"[5, 14, 17, 4]",65,80,74,3,0,1
4397.0,2.0675675675675675,0.8015440034905214,"[14, 17, 5]",61,82,78,1,0,1
4398.0,1.927927927927928,0.7753173247504087,"[5, 14, 17]",75,88,59,0,0,1
4399.0,2.1621621621621623,0.8242977599835243,"[5, 14, 17, 26]",51,75,93,3,0,1
4400.0,2.0405405405405403,0.7688362691472532,"[5, 14, 17, 29]",61,91,70,0,0,1
4401.0,2.0225225225225225,0.804082871473036,"[14, 5, 17]",60,88,71,3,0,1
4402.0,2.0495495495495497,0.8305669299554026,"[14, 5, 17]",65,75,80,2,0,1
4403.0,2.0495495495495497,0.825100994654525,"[5, 17, 14]",64,77,79,2,0,0
4404.0,1.990990990990991,0.8238030724517322,"[14, 5, 17]",64,84,70,4,0,0
4405.0,1.9774774774774773,0.7927482050973126,"[5, 14, 17]",69,86,66,1,0,1
4406.0,2.0225225225225225,0.8096907051164531,"[14, 5, 17, 26]",64,83,73,2,0,0
4407.0,2.0405405405405403,0.8089855530513882,"[14, 5, 29, 17]",59,86,74,3,0,1
4408.0,2.0225225225225225,0.8152599657211406,"[14, 17, 5]",62,84,73,3,0,0
4409.0,2.112612612612613,0.8298303939577832,"[17, 14, 5]",56,76,87,3,1,0
4410.0,2.0765765765765765,0.8007298655844591,"[5, 17, 26, 14]",54,88,77,3,0,1
4411.0,2.112612612612613,0.8021032439517055,"[14, 26, 5, 17]",54,83,83,2,0,0
4412.0,2.0765765765765765,0.7719581911351323,"[14, 5, 17]",58,89,75,0,0,1
4413.0,2.072072072072072,0.8151474531320841,"[5, 17, 14]",63,77,81,1,0,1
4414.0,2.058558558558558,0.8190015407218109,"[14, 17, 5]",56,85,77,4,0,0
4415.0,2.0855855855855854,0.7768537132156773,"[14, 17, 5]",52,93,75,2,0,0
4416.0,2.0855855855855854,0.7471631836210249,"[5, 17, 14]",53,97,72,0,0,1
4417.0,2.112612612612613,0.8243595750523394,"[17, 5, 14]",55,78,86,3,0,1
4418.0,1.945945945945946,0.8053872662568292,"[14, 17, 5]",72,84,64,2,0,0
4419.0,2.0045045045045047,0.8374587056625687,"[14, 5, 17]",71,73,76,2,0,1
4420.0,2.0225225225225225,0.787019658540595,"[17, 14, 5]",66,85,71,0,0,0
4421.0,2.0225225225225225,0.7927482050973127,"[5, 17, 14, 29]",64,86,71,1,0,1
4422.0,2.063063063063063,0.8323686887516281,"[5, 14]",58,80,80,4,0,1
4423.0,2.045045045045045,0.817095478255875,"[5, 29, 14, 26, 17]",66,77,78,1,0,1
4424.0,2.027027027027027,0.8011243169520794,"[17, 26, 5, 14]",62,86,72,2,0,0
4425.0,2.054054054054054,0.810986080277772,"[5, 17, 26, 14]",58,85,76,3,0,0
4426.0,2.0225225225225225,0.8040828714730361,"[5, 14, 17, 29]",66,82,73,1,0,1
4427.0,2.0765765765765765,0.833946617100185,"[14, 5, 17]",54,82,81,5,0,1
4428.0,2.0765765765765765,0.8063610180276339,"[5, 14, 17]",64,77,81,0,0,1
4429.0,2.112612612612613,0.8021032439517055,"[14, 5, 17]",57,80,84,1,0,1
4430.0,2.0315315315315314,0.8037786307414236,"[17, 14, 5, 29]",68,79,75,0,0,1
4431.0,2.0045045045045047,0.7815621191776531,"[14, 5, 17]",64,90,67,1,0,2
4432.0,2.0315315315315314,0.7981292586297671,"[14, 17, 5]",61,87,72,2,0,0
4433.0,2.0675675675675675,0.778635790667876,"[14, 5, 17]",60,87,75,0,0,1
4434.0,2.027027027027027,0.8067527161203685,"[5, 17, 14]",63,84,73,2,0,1
4435.0,2.0675675675675675,0.778635790667876,"[14, 5, 17]",57,90,74,1,0,0
4436.0,2.099099099099099,0.8010734309154447,"[14, 17, 5, 26]",55,84,81,2,0,1
4437.0,2.112612612612613,0.7907402016127276,"[5, 17, 26, 14]",58,81,83,0,0,0
4438.0,2.0315315315315314,0.8037786307414237,"[5, 14, 17]",68,79,75,0,0,1
4439.0,2.081081081081081,0.8031063574959483,"[5, 14, 17]",60,81,80,1,0,2
4440.0,2.0945945945945947,0.7816142754752871,"[5, 17, 14]",55,88,78,1,0,1
4441.0,2.0765765765765765,0.7777976746020018,"[28, 14, 5, 17]",59,87,76,0,0,1
4442.0,2.0495495495495497,0.8305669299554026,"[14, 5, 17, 26]",65,75,80,2,0,0
4443.0,2.045045045045045,0.817095478255875,"[26, 17, 5, 14]",63,80,77,2,0,1
4444.0,2.0225225225225225,0.8152599657211407,"[14, 17, 5]",65,81,74,2,0,0
4445.0,2.0495495495495497,0.8028652168061973,"[5, 14, 17]",63,82,76,1,0,1
4446.0,2.0225225225225225,0.787019658540595,"[14, 5, 17]",66,85,71,0,0,2
4447.0,2.0405405405405403,0.7977205510293364,"[5, 14, 17]",60,87,73,2,0,1
4448.0,2.184684684684685,0.7770111197511066,"[17, 14, 29, 5]",50,81,91,0,0,1
4449.0,1.9864864864864864,0.842747766807538,"[5, 14, 17]",68,77,73,4,0,0
4450.0,2.063063063063063,0.8214244253142174,"[17, 5, 14]",56,84,78,4,0,1
4451.0,2.135135135135135,0.8070558356937625,"[5, 14, 17]",47,86,85,4,0,1
4452.0,2.0405405405405403,0.7920279690635249,"[32, 5, 14, 17]",59,89,72,2,0,1
4453.0,2.103603603603604,0.8255455268000272,"[14, 26, 5, 17]",53,81,84,4,0,1
4454.0,2.036036036036036,0.8393913753717447,"[5, 26, 17, 14]",68,72,80,2,0,0
4455.0,1.9954954954954955,0.8374587056625687,"[5, 14, 17, 29]",69,76,74,3,0,0
4456.0,2.0045045045045047,0.804386997132654,"[14, 17, 29, 5]",62,88,69,3,0,2
4457.0,1.927927927927928,0.8039687946906964,"[5, 14, 26, 17]",71,87,61,3,0,0
4458.0,2.0,0.8127936295043754,"[5, 14]",70,79,72,1,0,0
4459.0,2.099099099099099,0.8396827127005977,"[5, 14, 17, 26]",62,70,88,2,0,1
4460.0,2.0855855855855854,0.8054505326308168,"[14, 17, 5]",57,83,80,2,0,0
4461.0,2.045045045045045,0.7946357187816142,"[14, 5, 29, 17]",62,85,74,1,0,0
4462.0,2.0405405405405403,0.8089855530513882,"[17, 5, 14]",65,80,76,1,0,0
4463.0,2.0855855855855854,0.8166089076336227,"[5, 17, 14]",65,73,84,0,0,1
4464.0,2.09009009009009,0.8021413597850569,"[5, 17, 26, 14]",59,81,81,1,0,1
4465.0,2.0405405405405403,0.8200958313253229,"[17, 5, 26, 14]",67,76,78,1,0,0
4466.0,2.072072072072072,0.8370570263550435,"[5, 17, 14]",64,72,84,2,0,1
4467.0,2.103603603603604,0.8033220535980014,"[17, 14, 29, 26, 5]",55,83,82,2,1,0
4468.0,2.099099099099099,0.8010734309154447,"[14, 17, 5]",58,81,82,1,0,1
4469.0,2.0765765765765765,0.8175069656619901,"[17, 29, 14, 5]",54,85,79,4,0,1
4470.0,2.063063063063063,0.7990863479500622,"[17, 29, 26, 14, 5]",58,86,76,2,0,1
4471.0,2.112612612612613,0.8133075442101599,"[5, 14, 17, 26]",56,79,85,2,0,2
4472.0,2.0225225225225225,0.8152599657211406,"[17, 5, 14]",65,81,74,2,0,0
4473.0,2.0675675675675675,0.8015440034905214,"[5, 17, 14, 29]",55,88,76,3,0,1
4474.0,2.027027027027027,0.8288842138623563,"[5, 14, 17]",67,76,77,2,0,0
4475.0,2.0945945945945947,0.8428928680081325,"[17, 5, 14]",57,75,86,4,0,0
4476.0,2.018018018018018,0.7784656213705152,"[14, 5, 26, 17]",62,91,68,1,0,1
4477.0,2.0765765765765765,0.7835936423759049,"[17, 5, 29, 14]",54,91,75,2,0,0
4478.0,1.95945945945946,0.774699285214543,"[17, 14, 5]",68,92,61,1,0,1
4479.0,2.054054054054054,0.810986080277772,"[17, 14, 5, 26]",55,88,75,4,0,0
4480.0,1.9954954954954955,0.8320380459656691,"[14, 5, 17]",62,84,71,5,1,0
4481.0,2.045045045045045,0.741618474528964,"[5, 14, 17]",56,100,66,0,0,1
4482.0,2.072072072072072,0.8151474531320841,"[14, 17, 5]",60,80,80,2,0,0
4483.0,2.0225225225225225,0.7927482050973126,"[17, 14, 5]",61,89,70,2,0,2
4484.0,2.0855855855855854,0.7710070803704268,"[5, 14, 17]",54,92,75,1,0,3
4485.0,1.963963963963964,0.8175443633380667,"[29, 5, 14]",69,83,67,3,0,0
4486.0,2.0045045045045047,0.8265818387665632,"[5, 14, 17, 29]",60,86,71,5,0,1
4487.0,2.099099099099099,0.8010734309154447,"[5, 14, 26]",61,78,83,0,0,1
4488.0,2.0225225225225225,0.8317440309221362,"[26, 5, 17, 14, 4]",56,87,73,6,0,1
4489.0,1.9864864864864864,0.7929538666645037,"[14, 17, 5]",71,83,68,0,0,1
4490.0,2.054054054054054,0.7348818704940103,"[5, 17, 14]",54,102,66,0,0,1
4491.0,2.0315315315315314,0.8259898197067457,"[14, 17, 5]",63,80,76,3,0,2
4492.0,2.0225225225225225,0.8262858822580399,"[14, 17, 29, 5]",64,80,75,3,0,0
4493.0,1.927927927927928,0.8095774185289923,"[17, 14, 29, 5, 26]",75,82,63,2,0,1
4494.0,2.0405405405405403,0.7862941752443774,"[17, 5, 14, 29]",61,88,72,1,0,1
4495.0,2.0225225225225225,0.787019658540595,"[14, 5, 17]",66,85,71,0,0,1
4496.0,2.0135135135135136,0.7872268166815275,"[17, 5, 14]",61,91,68,2,0,1
4497.0,2.0765765765765765,0.8230233366445513,"[5, 14, 29, 26, 17]",67,71,84,0,0,1
4498.0,2.054054054054054,0.78259156245517,"[17, 14, 5]",59,89,73,1,0,1
4499.0,2.045045045045045,0.7831643365554004,"[5, 17, 14, 29]",60,89,72,1,0,0
4500.0,2.121621621621621,0.7893986949703476,"[5, 17, 14]",51,87,82,2,0,0
4501.0,2.09009009009009,0.8077626723447154,"[14, 5, 17, 26]",60,79,82,1,0,0
4502.0,2.108108108108108,0.8055390972066664,"[5, 14, 17]",55,82,83,2,0,0
4503.0,2.0675675675675675,0.7958787695220654,"[17, 14, 5, 29]",57,87,76,2,0,1
4504.0,2.108108108108108,0.7999021586249626,"[5, 14, 17]",54,84,82,2,0,0
4505.0,1.945945945945946,0.7883522863426478,"[14, 5, 17]",72,87,62,1,0,1
4506.0,2.0945945945945947,0.8211390210654654,"[14, 5, 26, 17]",59,77,84,2,0,0
4507.0,2.0315315315315314,0.7751201316301088,"[14, 5, 17]",60,92,69,1,0,2
4508.0,2.058558558558558,0.8022556964196215,"[14, 5, 17]",59,85,76,2,0,1
4509.0,2.063063063063063,0.8103323632877316,"[14, 5, 17]",60,82,78,2,0,3
4510.0,2.045045045045045,0.817095478255875,"[17, 29, 26, 5, 14]",60,83,76,3,0,0
4511.0,2.0675675675675675,0.7669251247662163,"[5, 17, 14, 26, 29]",58,91,73,0,0,1
4512.0,2.027027027027027,0.7954560939839984,"[5, 14, 17]",64,85,72,1,0,1
4513.0,2.099099099099099,0.8122919359626525,"[17, 14, 5, 26]",54,83,82,3,0,0
4514.0,2.054054054054054,0.788352286342648,"[17, 5, 14]",63,84,75,0,0,1
4515.0,2.058558558558558,0.8245079123091277,"[17, 5, 14]",57,83,78,4,0,1
4516.0,2.045045045045045,0.8003097521080377,"[5, 14, 17]",60,86,74,2,0,1
4517.0,2.027027027027027,0.8557440673288346,"[17, 5, 14, 26]",60,78,78,6,0,1
4518.0,2.045045045045045,0.8389541796837426,"[5, 14, 26]",70,69,82,1,0,1
4519.0,2.081081081081081,0.79175771163854,"[5, 14, 17, 26, 29]",58,85,78,1,0,0
4520.0,2.0765765765765765,0.8175069656619901,"[5, 17, 14]",60,79,81,2,0,1
4521.0,2.058558558558558,0.779368402884738,"[14, 17, 5, 26]",58,90,73,1,0,1
4522.0,2.054054054054054,0.8275552813385176,"[14, 17, 5]",61,79,79,3,0,0
4523.0,1.9864864864864864,0.8373613465544231,"[14, 17, 29, 5]",70,76,73,3,0,1
4524.0,1.981981981981982,0.8181424936680499,"[5, 14, 17, 29]",70,80,70,2,0,1
4525.0,2.09009009009009,0.7675494241701204,"[17, 14, 5]",56,90,76,0,0,1
4526.0,2.0045045045045047,0.8320380459656691,"[17, 14, 5]",67,78,74,3,0,0
4527.0,2.0495495495495497,0.8140590297199426,"[14, 17, 5]",62,81,77,2,0,0
4528.0,2.189189189189189,0.7612030667580587,"[14, 17, 5]",47,86,89,0,0,1
4529.0,2.045045045045045,0.8226146086363001,"[5, 14, 17]",61,81,77,3,0,1
4530.0,2.0495495495495497,0.7915131135022021,"[14, 17, 5]",58,89,73,2,0,0
4531.0,2.103603603603604,0.8255455268000272,"[14, 17, 5]",56,78,85,3,0,1
4532.0,2.058558558558558,0.8134578968508719,"[14, 5, 17]",61,81,78,2,0,1
4533.0,2.054054054054054,0.7997492575132488,"[14, 5, 17, 26]",62,83,76,1,0,0
4534.0,1.95945945945946,0.7862941752443776,"[14, 17, 29, 5]",67,91,62,2,0,0
4535.0,2.045045045045045,0.8115388141244637,"[14, 5, 17]",62,82,76,2,0,1
4536.0,2.036036036036036,0.8285398804747766,"[5, 17, 14]",60,82,76,4,0,1
4537.0,2.0225225225225225,0.8096907051164532,"[17, 14, 26, 5]",67,80,74,1,0,0
4538.0,2.103603603603604,0.8682877442788096,"[14, 5, 29, 26]",58,68,91,5,0,0
4539.0,2.130630630630631,0.8105964278426564,"[14, 5, 17]",51,82,86,3,0,0
4540.0,2.0135135135135136,0.8042856346904996,"[5, 17, 14]",58,91,69,4,0,1
4541.0,2.058558558558558,0.7851527756881226,"[5, 29, 17, 26, 14]",59,88,74,1,0,0
4542.0,2.0405405405405403,0.8145596348957616,"[17, 14, 5]",63,81,76,2,1,1
4543.0,2.072072072072072,0.7455656143357539,"[17, 14, 5]",54,98,70,0,0,1
4544.0,1.963963963963964,0.8007680467893786,"[17, 5, 14]",69,86,65,2,0,1
4545.0,2.072072072072072,0.7635557651847168,"[5, 14, 17]",54,95,72,1,0,2
4546.0,2.027027027027027,0.8343253644387617,"[14, 17, 5]",62,80,76,4,0,0
4547.0,2.108108108108108,0.7999021586249626,"[14, 5, 29, 17]",57,81,83,1,0,1
4548.0,2.045045045045045,0.7889208780403245,"[17, 5, 14]",61,87,73,1,0,0
4549.0,1.954954954954955,0.817095478255875,"[5, 14, 17, 26]",70,83,66,3,0,1
4550.0,2.0855855855855854,0.8110489099129118,"[14, 17, 5]",55,84,80,3,0,1
4551.0,2.027027027027027,0.8234071084430594,"[14, 17, 5, 26, 29]",60,84,74,4,0,0
4552.0,2.112612612612613,0.7849970017082111,"[17, 5, 14, 26]",51,89,80,2,0,0
4553.0,2.054054054054054,0.7997492575132488,"[14, 5, 29, 17]",59,86,75,2,1,1
4554.0,2.036036036036036,0.8175443633380667,"[5, 14, 29]",61,83,75,3,0,0
4555.0,2.112612612612613,0.7615912274102535,"[5, 14, 17, 29]",53,91,78,0,0,1
4556.0,2.045045045045045,0.8280969557349607,"[14, 5, 26, 17]",65,76,79,2,0,1
4557.0,2.0,0.8293267181454268,"[14, 5, 17, 29]",70,76,74,2,0,0
4558.0,2.0675675675675675,0.8561369791617309,"[14, 5, 17, 26]",65,68,86,3,0,1
4559.0,1.990990990990991,0.790160021544356,"[17, 29, 14, 5]",64,90,66,2,0,0
4560.0,2.1171171171171173,0.7638760262677337,"[5, 14, 17]",53,90,79,0,0,3
4561.0,2.1486486486486487,0.8018490920936296,"[5, 14, 17, 26]",51,81,88,2,0,1
4562.0,2.0315315315315314,0.8422639156025565,"[5, 14, 26]",57,83,76,6,0,0
4563.0,2.0405405405405403,0.8472343485337768,"[5, 17, 14, 26]",72,66,83,1,0,0
4564.0,1.9774774774774773,0.8207914384685622,"[14, 17, 5]",65,85,68,4,0,0
4565.0,2.036036036036036,0.8339832775858357,"[17, 26, 14, 5]",64,77,78,3,0,0
4566.0,2.063063063063063,0.8103323632877316,"[5, 14, 17, 26]",54,88,76,4,0,0
4567.0,2.0405405405405403,0.8145596348957616,"[14, 5, 17, 26, 29]",63,81,76,2,0,1
4568.0,2.009009009009009,0.7844125737718137,"[17, 5, 14]",61,92,67,2,0,1
4569.0,2.018018018018018,0.81814249366805,"[5, 17, 14]",60,86,72,4,0,0
4570.0,2.0045045045045047,0.7698959661033118,"[17, 14, 5]",65,91,66,0,0,1
4571.0,2.009009009009009,0.7844125737718137,"[5, 17, 14]",64,89,68,1,0,1
4572.0,2.072072072072072,0.8206796842272748,"[14, 5, 17]",64,75,82,1,0,1
4573.0,2.099099099099099,0.7896955705886475,"[14, 17, 5, 26]",53,88,79,2,1,1
4574.0,2.0495495495495497,0.8305669299554026,"[14, 17, 5]",56,84,77,5,0,0
4575.0,1.990990990990991,0.7786227020423082,"[5, 17, 14]",62,94,64,2,1,1
4576.0,2.135135135135135,0.7668055200882192,"[5, 14, 17, 26]",49,91,81,1,0,1
4577.0,2.072072072072072,0.8206796842272748,"[14, 5, 29, 26]",55,84,79,4,0,0
4578.0,2.0135135135135136,0.815459949771178,"[14, 17, 5]",66,81,73,2,0,0
4579.0,2.0225225225225225,0.7812491082706582,"[5, 14, 26, 17]",62,90,69,1,1,1
4580.0,2.121621621621621,0.7778500833127009,"[14, 17, 5]",52,88,81,1,1,1
4581.0,2.058558558558558,0.8078762134098192,"[17, 14, 5, 26]",60,83,77,2,0,1
4582.0,2.054054054054054,0.8165465058157807,"[14, 26, 5, 17]",59,83,77,3,0,1
4583.0,2.1171171171171173,0.7814447547802416,"[5, 14, 17]",53,87,81,1,0,1
4584.0,2.063063063063063,0.8047290011151731,"[5, 17, 14]",62,81,78,1,0,1
4585.0,2.171171171171171,0.7887658482262234,"[14, 5, 17]",50,81,90,1,0,1
4586.0,2.0675675675675675,0.7610022163187308,"[17, 5, 14]",57,93,72,0,0,3
4587.0,2.072072072072072,0.8039687946906964,"[14, 17, 5, 26]",58,84,78,2,0,1
4588.0,2.054054054054054,0.8597362305993681,"[17, 5, 14]",61,73,83,5,0,0
4589.0,2.072072072072072,0.7811316968436159,"[17, 5, 29, 14]",57,89,75,1,0,0
4590.0,2.045045045045045,0.8115388141244638,"[14, 17, 26, 5]",59,85,75,3,0,0
4591.0,2.126126126126126,0.7742123963738583,"[14, 5, 17]",51,89,81,1,0,1
4592.0,2.0045045045045047,0.7815621191776531,"[5, 14, 17, 29]",67,87,68,0,0,1
4593.0,2.063063063063063,0.7934035654851268,"[14, 17, 26, 5]",60,85,76,1,0,0
4594.0,2.0765765765765765,0.7950588304542311,"[5, 17, 26, 14]",59,84,78,1,0,0
4595.0,2.0405405405405403,0.7746992852145429,"[14, 5, 17]",62,89,71,0,0,1
4596.0,2.121621621621621,0.8007807734531344,"[14, 5, 17]",53,83,84,2,1,2
4597.0,2.009009009009009,0.790160021544356,"[14, 17, 26, 29, 5]",65,87,69,1,0,2
4598.0,2.1531531531531534,0.7693000661787257,"[5, 26, 14]",51,86,85,0,0,2
4599.0,2.0945945945945947,0.8044376735642,"[17, 14, 5, 26]",59,80,82,1,0,0
4600.0,2.099099099099099,0.7896955705886475,"[17, 5, 14]",53,88,79,2,0,1
4601.0,2.112612612612613,0.779211472538248,"[5, 14, 17, 29]",53,88,80,1,0,0
4602.0,2.0495495495495497,0.8359971285185128,"[5, 14, 29]",60,79,79,4,0,1
4603.0,1.972972972972973,0.8123421192596431,"[5, 17, 14]",70,82,68,2,0,1
4604.0,1.972972972972973,0.7897471897389845,"[14, 5]",69,87,65,1,0,0
4605.0,2.081081081081081,0.8253356386786131,"[17, 5, 14, 26]",58,79,82,3,0,1
4606.0,1.9504504504504503,0.8305669299554026,"[5, 14]",73,78,68,3,0,1
4607.0,2.0405405405405403,0.7977205510293364,"[5, 17, 14]",63,84,74,1,0,1
4608.0,2.09009009009009,0.8133451349760028,"[14, 17, 5]",55,83,81,3,0,1
4609.0,2.0495495495495497,0.8140590297199426,"[17, 14, 5]",59,84,76,3,0,1
4610.0,2.054054054054054,0.8109860802777719,"[5, 14]",61,82,77,2,0,0
4611.0,2.0675675675675675,0.8071694761865497,"[5, 17, 14]",59,83,78,2,0,1
4612.0,2.0135135135135136,0.8427477668075382,"[14, 5, 17]",68,74,77,3,0,1
4613.0,2.0405405405405403,0.7920279690635249,"[14, 5, 17, 29, 26]",59,89,72,2,0,2
4614.0,2.0495495495495497,0.825100994654525,"[5, 14, 17]",64,77,79,2,0,1
4615.0,2.018018018018018,0.7957122877791638,"[17, 14, 5]",68,82,72,0,1,0
4616.0,2.099099099099099,0.7896955705886475,"[5, 17, 14]",56,85,80,1,0,1
4617.0,2.054054054054054,0.8165465058157807,"[5, 14, 17]",59,83,77,3,0,1
4618.0,2.0765765765765765,0.7950588304542312,"[17, 5, 14]",56,87,77,2,0,1
4619.0,2.0045045045045047,0.7987419279094046,"[17, 5, 14]",64,87,69,2,0,0
4620.0,2.036036036036036,0.8007680467893786,"[17, 5, 26, 29, 14]",61,86,73,2,0,1
4621.0,2.0315315315315314,0.775120131630109,"[17, 14, 5]",60,92,69,1,0,0
4622.0,2.081081081081081,0.8087209625118332,"[14, 5, 17]",61,79,81,1,0,1
4623.0,2.036036036036036,0.8447648517807339,"[14, 5, 17]",60,79,78,5,0,0
4624.0,1.95945945945946,0.841876634418486,"[5, 14, 17, 29]",71,77,70,4,0,0
4625.0,2.081081081081081,0.7974522228289,"[17, 5, 14]",56,86,78,2,0,2
4626.0,2.099099099099099,0.8178434831834329,"[14, 26, 5, 17, 4]",58,78,84,2,0,1
4627.0,2.018018018018018,0.7957122877791637,"[14, 29, 17, 5]",68,82,72,0,0,1
4628.0,2.081081081081081,0.8308000302291102,"[17, 14, 5]",56,80,82,4,0,0
4629.0,2.0945945945945947,0.7640494449705396,"[5, 26, 14]",49,97,74,2,1,1
4630.0,2.0315315315315314,0.8259898197067458,"[14, 5, 17]",66,77,77,2,0,1
4631.0,2.045045045045045,0.817095478255875,"[17, 5, 14, 29]",60,83,76,3,0,1
4632.0,2.0945945945945947,0.793108077841898,"[17, 5, 14]",54,87,79,2,0,1
4633.0,2.0495495495495497,0.7857755627978601,"[14, 5, 17]",60,88,73,1,0,1
4634.0,1.9774774774774773,0.7984356520350697,"[14, 5, 17]",64,90,65,3,0,0
4635.0,2.009009009009009,0.790160021544356,"[14, 17, 5, 26]",62,90,68,2,0,1
4636.0,2.0765765765765765,0.7777976746020019,"[5, 14, 17]",53,93,74,2,0,1
4637.0,2.045045045045045,0.7946357187816142,"[5, 14, 17]",59,88,73,2,0,0
4638.0,2.0675675675675675,0.7728026402344472,"[14, 17, 5]",59,89,74,0,0,2
4639.0,2.063063063063063,0.826914663226169,"[14, 5, 17]",57,82,79,4,1,1
4640.0,2.0225225225225225,0.8207914384685622,"[17, 14, 5]",63,82,74,3,0,1
4641.0,2.081081081081081,0.8253356386786131,"[26, 5, 17, 14, 4]",61,76,83,2,0,1
4642.0,1.990990990990991,0.8347161491742124,"[5, 14, 17]",63,83,71,5,0,0
4643.0,2.027027027027027,0.812342119259643,"[17, 5, 14, 26]",64,82,74,2,0,1
4644.0,1.936936936936937,0.7876797851721572,"[5, 14, 17]",73,87,61,1,0,1
4645.0,2.0405405405405403,0.8145596348957616,"[17, 5, 14]",60,84,75,3,0,1
4646.0,2.072072072072072,0.7635557651847168,"[14, 17, 5]",57,92,73,0,0,2
4647.0,1.9414414414414407,0.8022556964196214,"[5, 14, 17, 29]",72,85,63,2,0,1
4648.0,2.1171171171171173,0.7638760262677337,"[14, 5, 17]",53,90,79,0,0,1
4649.0,2.027027027027027,0.8397312590951516,"[5, 17, 29, 14]",66,75,78,3,0,1
4650.0,2.112612612612613,0.7964419879703689,"[5, 14, 26, 17]",56,82,83,1,0,1
4651.0,2.081081081081081,0.8253356386786131,"[14, 17, 5]",61,76,83,2,0,1
4652.0,2.108108108108108,0.8111368632260447,"[14, 17, 5, 26]",56,80,84,2,0,0
4653.0,1.9864864864864864,0.815459949771178,"[17, 1, 29, 5, 14]",66,84,69,3,0,1
4654.0,2.054054054054054,0.7709409874398377,"[5, 17, 14]",60,90,72,0,0,2
4655.0,2.0135135135135136,0.7986398490019414,"[17, 14, 5, 29]",63,87,70,2,0,0
4656.0,2.0495495495495497,0.8305669299554027,"[14, 17, 5, 26]",59,81,78,4,0,0
4657.0,2.063063063063063,0.7990863479500622,"[14, 5, 17]",58,86,76,2,0,0
4658.0,2.0,0.7902116103552715,"[17, 14, 5, 26]",63,90,67,2,0,1
4659.0,2.0855855855855854,0.8110489099129117,"[17, 14, 29, 5]",55,84,80,3,0,2
4660.0,1.981981981981982,0.8070053236714507,"[5, 14, 29, 17]",68,84,68,2,0,0
4661.0,2.09009009009009,0.7734221953755526,"[14, 5, 26, 17]",51,94,75,2,0,0
4662.0,2.009009009009009,0.7958659644705466,"[5, 17, 14]",66,85,70,1,0,1
4663.0,2.103603603603604,0.8630607354694844,"[14, 5, 26]",57,70,90,5,0,1
4664.0,2.072072072072072,0.8261748712343143,"[5, 14, 17]",62,76,82,2,0,2
4665.0,1.9324324324324325,0.8071694761865498,"[14, 5, 17]",68,89,61,4,0,1
4666.0,2.018018018018018,0.7957122877791638,"[14, 17, 5]",62,88,70,2,0,1
4667.0,2.027027027027027,0.8123421192596431,"[5, 17, 14]",64,82,74,2,0,1
4668.0,2.054054054054054,0.7709409874398376,"[14, 29, 5, 17, 26]",60,90,72,0,0,1
4669.0,2.027027027027027,0.8123421192596431,"[14, 17, 5]",61,85,73,3,0,1
4670.0,2.036036036036036,0.7950972839868216,"[5, 17, 14]",60,88,72,2,0,0
4671.0,2.072072072072072,0.798320768288509,"[5, 14, 17]",57,86,77,2,0,2
4672.0,2.0405405405405403,0.7805182613287018,"[17, 14, 29, 5]",63,87,72,0,0,1
4673.0,1.9864864864864864,0.8319400524964407,"[14, 5, 26, 17]",66,81,71,4,0,0
4674.0,1.972972972972973,0.812342119259643,"[14, 5, 17]",70,82,68,2,0,1
4675.0,2.1621621621621623,0.7733167742348221,"[17, 14, 26, 5]",51,84,87,0,0,2
4676.0,2.081081081081081,0.8142968555519061,"[17, 5, 14]",59,80,81,2,0,1
4677.0,2.063063063063063,0.7819141066723375,"[17, 14, 5, 26, 29]",61,86,75,0,0,1
4678.0,2.058558558558558,0.8022556964196214,"[14, 5, 17]",56,88,75,3,0,1
4679.0,2.054054054054054,0.810986080277772,"[5, 14]",58,85,76,3,0,1
4680.0,2.054054054054054,0.8053872662568291,"[5, 17, 14, 26]",60,84,76,2,0,1
4681.0,2.063063063063063,0.7702532847718907,"[14, 5, 17]",56,93,72,1,0,1
4682.0,2.0855855855855854,0.7768537132156774,"[5, 14, 17]",55,90,76,1,0,2
4683.0,2.0315315315315314,0.7633555337763427,"[5, 17, 14]",61,93,68,0,0,0
4684.0,2.0315315315315314,0.8037786307414235,"[5, 14, 17]",65,82,74,1,0,1
4685.0,2.036036036036036,0.8119907710498862,"[14, 5, 17]",66,79,76,1,0,1
4686.0,2.13963963963964,0.780622709927253,"[5, 14, 17]",54,83,85,0,0,1
4687.0,2.009009009009009,0.7844125737718137,"[14, 5, 17, 26]",64,89,68,1,0,1
4688.0,2.0225225225225225,0.8096907051164531,"[14, 17, 5]",64,83,73,2,0,1
4689.0,2.063063063063063,0.7761055962029545,"[14, 17, 5]",60,88,74,0,0,1
4690.0,2.0495495495495497,0.7915131135022022,"[5, 29, 17, 14]",58,89,73,2,0,1
4691.0,2.063063063063063,0.8158972439879524,"[14, 29, 5, 17]",61,80,79,2,0,1
4692.0,1.9954954954954955,0.8265818387665632,"[17, 5, 14]",67,80,72,3,0,1
4693.0,2.09009009009009,0.7907788651491059,"[5, 17, 14]",57,85,79,1,0,2
4694.0,2.0495495495495497,0.8195986076270692,"[14, 5, 17]",60,82,77,3,0,1
4695.0,2.009009009009009,0.8015312889452847,"[17, 5, 14]",64,86,70,2,0,1
4696.0,2.0765765765765765,0.7835936423759049,"[5, 14, 17]",57,88,76,1,0,0
4697.0,1.9954954954954955,0.7930566774479465,"[14, 5, 17]",67,86,68,1,0,1
4698.0,2.045045045045045,0.7946357187816141,"[14, 17, 5]",56,91,72,3,1,1
4699.0,2.0675675675675675,0.8071694761865497,"[5, 17, 14, 29]",62,80,79,1,0,1
4700.0,2.103603603603604,0.8310085382083572,"[14, 5, 26]",57,76,86,3,0,0
4701.0,2.0135135135135136,0.809892064367318,"[5, 17, 14]",59,89,70,4,0,0
4702.0,2.1171171171171173,0.7814447547802414,"[14, 5, 17, 26]",50,90,80,2,0,0
4703.0,2.09009009009009,0.8188895422123721,"[5, 26, 14, 17]",59,78,83,2,1,1
4704.0,1.9864864864864864,0.7872268166815276,"[17, 14, 5]",64,91,65,2,0,1
4705.0,1.981981981981982,0.7957122877791639,"[5, 14, 17, 29]",69,85,67,1,0,1
4706.0,2.0,0.8508712596230341,"[14, 5, 17, 29]",65,77,75,5,0,1
4707.0,2.0945945945945947,0.8044376735642,"[5, 14, 17]",53,86,80,3,0,1
4708.0,2.036036036036036,0.7950972839868216,"[17, 5, 14]",60,88,72,2,0,1
4709.0,2.0765765765765765,0.8119531175814391,"[14, 5, 26, 17]",62,78,81,1,0,0
4710.0,2.0765765765765765,0.7719581911351323,"[29, 14, 17, 5]",58,89,75,0,0,1
4711.0,2.0405405405405403,0.8089855530513882,"[5, 14, 26, 17]",62,83,75,2,0,1
4712.0,2.045045045045045,0.8059438399013202,"[14, 5, 17, 26]",64,81,76,1,0,0
4713.0,2.081081081081081,0.8253356386786131,"[5, 17, 14, 26]",61,76,83,2,0,1
4714.0,2.058558558558558,0.8022556964196214,"[17, 14, 5]",56,88,75,3,0,0
4715.0,2.121621621621621,0.7661274075493341,"[5, 17, 14]",53,89,80,0,0,1
4716.0,2.108108108108108,0.7652090046771133,"[17, 14, 5]",54,90,78,0,0,1
4717.0,2.054054054054054,0.8491447689845928,"[17, 5, 14]",62,74,82,4,0,0
4718.0,1.9954954954954955,0.8155599234068581,"[14, 5, 17, 26]",68,81,71,2,0,0
4719.0,2.0405405405405403,0.8418766344184859,"[14, 5, 17, 26]",65,74,80,3,0,1
4720.0,2.0675675675675675,0.8401316598136305,"[5, 26, 17, 14]",59,77,82,4,0,1
4721.0,2.0405405405405403,0.8255949044857464,"[17, 5, 14]",65,77,78,2,0,1
4722.0,2.036036036036036,0.8119907710498862,"[14, 5, 17]",57,88,73,4,0,1
4723.0,1.990990990990991,0.7958659644705466,"[5, 17, 14]",62,91,66,3,0,1
4724.0,2.0675675675675675,0.7728026402344472,"[14, 29, 17, 5]",59,89,74,0,0,1
4725.0,2.045045045045045,0.7946357187816142,"[17, 29, 5, 14]",62,85,74,1,0,1
4726.0,1.9414414414414407,0.7908948444176505,"[14, 17, 5, 29]",73,86,62,1,0,1
4727.0,1.95945945945946,0.841876634418486,"[17, 5, 29, 14]",74,74,71,3,0,1
4728.0,2.081081081081081,0.8362287151158745,"[14, 17, 5, 29]",60,75,84,3,0,1
4729.0,2.027027027027027,0.7954560939839984,"[5, 17, 14]",61,88,71,2,0,0
4730.0,2.018018018018018,0.8070053236714507,"[17, 14, 5]",64,84,72,2,0,0
4731.0,2.018018018018018,0.8181424936680499,"[17, 14, 29, 5]",66,80,74,2,0,1
4732.0,2.018018018018018,0.7842566527683641,"[17, 14, 5, 29]",63,89,69,1,0,1
4733.0,1.990990990990991,0.8015312889452847,"[14, 5, 26, 17]",69,83,69,1,0,0
4734.0,2.072072072072072,0.8424453923703327,"[5, 14, 17, 26]",56,79,82,5,0,0
4735.0,2.13963963963964,0.780622709927253,"[17, 5, 14]",51,86,84,1,0,1
4736.0,2.081081081081081,0.7860219463751896,"[17, 14, 5]",57,87,77,1,1,1
4737.0,1.954954954954955,0.7831643365554004,"[17, 5, 14]",70,89,62,1,0,1
4738.0,2.108108108108108,0.8331519104621987,"[5, 17, 14]",57,75,87,3,0,1
4739.0,2.0765765765765765,0.8063610180276339,"[17, 14, 5]",61,80,80,1,0,3
4740.0,1.9864864864864864,0.7986398490019414,"[14, 17, 5]",66,87,67,2,0,1
4741.0,1.9684684684684688,0.820493393333259,"[14, 5, 17, 29]",60,91,65,6,0,1
4742.0,2.0405405405405403,0.7805182613287018,"[17, 5, 14]",63,87,72,0,0,1
4743.0,2.027027027027027,0.7897471897389846,"[14, 17, 29, 5]",63,87,71,1,0,1
4744.0,2.099099099099099,0.8178434831834329,"[17, 5, 14]",58,78,84,2,0,1
4745.0,2.081081081081081,0.8031063574959482,"[14, 26, 5, 17]",60,81,80,1,0,1
4746.0,2.045045045045045,0.8226146086363001,"[17, 14, 5]",55,87,75,5,0,1
4747.0,2.0315315315315314,0.8204933933332591,"[14, 5, 26, 17]",59,85,74,4,0,0
4748.0,2.0405405405405403,0.8364846046545871,"[17, 5, 26, 14]",64,76,79,3,0,1
4749.0,2.0945945945945947,0.8211390210654653,"[14, 5, 17]",56,80,83,3,0,1
4750.0,2.0855855855855854,0.838480293775115,"[14, 5]",60,74,85,3,0,0
4751.0,2.126126126126126,0.7624337920027157,"[5, 17, 14]",52,90,80,0,0,1
4752.0,2.036036036036036,0.8285398804747766,"[26, 17, 14, 5]",63,79,77,3,0,1
4753.0,2.054054054054054,0.78259156245517,"[5, 14, 17, 26]",59,89,73,1,0,1
4754.0,2.0855855855855854,0.7710070803704269,"[5, 17, 26, 14]",51,95,74,2,0,0
4755.0,2.081081081081081,0.8253356386786131,"[14, 5, 29, 17]",61,76,83,2,0,2
4756.0,2.0135135135135136,0.8209900751144732,"[5, 14, 17, 29]",64,82,73,3,0,1
4757.0,1.963963963963964,0.8175443633380666,"[14, 17, 5]",75,77,69,1,0,1
4758.0,2.0765765765765765,0.8285029791239055,"[14, 17, 5]",59,78,82,3,0,1
4759.0,2.058558558558558,0.7965955238903089,"[5, 26, 17, 14]",55,90,74,3,0,0
4760.0,2.09009009009009,0.7792507080877088,"[14, 17, 5]",55,89,77,1,0,1
4761.0,2.1531531531531534,0.7514474502955103,"[5, 14]",48,92,82,0,0,2
4762.0,2.0,0.8127936295043754,"[14, 5, 17, 29]",67,82,71,2,0,1
4763.0,2.0405405405405403,0.8089855530513882,"[5, 29, 14, 17]",59,86,74,3,0,2
4764.0,1.990990990990991,0.7727894528136424,"[17, 14, 5]",67,90,65,0,0,1
4765.0,2.0135135135135136,0.8319400524964407,"[14, 5, 17]",63,81,74,4,0,0
4766.0,2.0855855855855854,0.7884169196867215,"[14, 17, 5]",51,92,76,3,0,1
4767.0,2.0,0.7902116103552715,"[17, 5, 14]",63,90,67,2,0,1
4768.0,2.1621621621621623,0.7733167742348221,"[17, 14, 5]",51,84,87,0,0,1
4769.0,2.0945945945945947,0.8100430509578107,"[14, 17, 5]",54,84,81,3,0,0
4770.0,2.063063063063063,0.8047290011151731,"[17, 5, 14, 26]",59,84,77,2,0,1
4771.0,2.0135135135135136,0.7459072627431234,"[5, 26, 14, 17]",57,102,62,1,0,1
4772.0,2.063063063063063,0.7876797851721572,"[14, 5, 17]",59,87,75,1,0,1
4773.0,2.130630630630631,0.8105964278426563,"[5, 14, 17, 26]",54,79,87,2,0,0
4774.0,2.099099099099099,0.7664332972834004,"[14, 5, 17, 26]",49,96,75,2,0,1
4775.0,2.036036036036036,0.8285398804747764,"[5, 26, 14]",63,79,77,3,0,1
4776.0,2.054054054054054,0.822069321843126,"[5, 14]",57,84,77,4,0,1
4777.0,2.09009009009009,0.7792507080877088,"[14, 5, 17]",58,86,78,0,0,1
4778.0,2.130630630630631,0.7879514412758253,"[5, 14, 26]",50,87,83,2,0,1
4779.0,2.009009009009009,0.812743474086136,"[5, 17, 26, 14]",69,79,73,1,0,1
4780.0,2.0945945945945947,0.7758035201461139,"[5, 14, 17, 26]",54,90,77,1,0,1
4781.0,1.9954954954954955,0.7987419279094043,"[14, 5, 17, 26]",71,81,70,0,0,1
4782.0,2.063063063063063,0.7702532847718907,"[14, 5, 17]",59,90,73,0,0,0
4783.0,1.990990990990991,0.7958659644705466,"[17, 14, 5]",68,85,68,1,0,2
4784.0,2.0765765765765765,0.7950588304542311,"[14, 17, 5]",56,87,77,2,0,1
4785.0,2.045045045045045,0.8280969557349607,"[17, 14, 5]",68,73,80,1,0,1
4786.0,2.09009009009009,0.8298672362830699,"[5, 29, 17, 14]",61,74,85,2,0,0
4787.0,2.009009009009009,0.8347161491742126,"[17, 5, 14, 26]",67,77,75,3,0,0
4788.0,1.9684684684684688,0.798129258629767,"[14, 5, 17, 29]",65,90,64,3,0,0
4789.0,2.0675675675675675,0.8071694761865497,"[5, 14]",59,83,78,2,0,3
4790.0,2.09009009009009,0.8188895422123721,"[5, 17, 26, 29, 14]",62,75,84,1,0,1
4791.0,2.072072072072072,0.7694590179486329,"[14, 17, 5]",52,96,72,2,0,0
4792.0,1.954954954954955,0.8389541796837426,"[14, 17, 5]",68,81,68,5,0,1
4793.0,2.130630630630631,0.7879514412758253,"[5, 17, 14]",53,84,84,1,0,1
4794.0,2.081081081081081,0.7802440172329329,"[14, 17, 5]",59,86,77,0,0,1
4795.0,2.063063063063063,0.7876797851721572,"[5, 17, 14, 26]",62,84,76,0,1,1
4796.0,2.0765765765765765,0.8119531175814391,"[17, 14, 5]",53,87,78,4,0,1
4797.0,2.0225225225225225,0.82628588225804,"[17, 14, 5]",61,83,74,4,0,0
4798.0,2.0855855855855854,0.7826566715314206,"[5, 14, 17, 26]",50,94,75,3,1,1
4799.0,2.130630630630631,0.7527076665443986,"[14, 17, 5]",50,93,79,0,0,2
4800.0,2.103603603603604,0.7919764985689902,"[5, 26, 14, 17]",56,84,81,1,0,1
4801.0,2.121621621621621,0.7481990933777554,"[17, 14, 5]",50,95,77,0,0,1
4802.0,2.063063063063063,0.7761055962029545,"[17, 5, 14]",57,91,73,1,0,1
4803.0,1.9864864864864864,0.7872268166815277,"[5, 14, 17]",67,88,66,1,0,1
4804.0,2.027027027027027,0.8662548448810022,"[14, 17, 5]",68,68,82,4,0,0
4805.0,1.963963963963964,0.7836326585153965,"[17, 5, 14]",69,89,63,1,2,1
4806.0,2.0405405405405403,0.8310575913066944,"[14, 5]",69,72,80,1,0,1
4807.0,2.0765765765765765,0.8285029791239055,"[5, 17, 14, 26]",59,78,82,3,0,0
4808.0,2.081081081081081,0.8198348264848099,"[5, 17, 14, 26]",54,84,80,4,0,1
4809.0,2.0045045045045047,0.8043869971326542,"[5, 14, 17]",68,82,71,1,0,2
4810.0,2.081081081081081,0.8253356386786131,"[17, 5, 14, 26]",64,73,84,1,0,0
4811.0,2.0315315315315314,0.8037786307414237,"[17, 5, 14, 26]",68,79,75,0,0,0
4812.0,2.058558558558558,0.8190015407218109,"[17, 14, 5, 29, 26]",65,76,80,1,0,1
4813.0,2.0405405405405403,0.8089855530513882,"[14, 5, 17, 26]",59,86,74,3,1,0
4814.0,2.009009009009009,0.8292775626631712,"[5, 14, 26, 17]",63,82,73,4,0,0
4815.0,2.072072072072072,0.8039687946906964,"[5, 14, 29, 17]",61,81,79,1,0,1
4816.0,2.027027027027027,0.8067527161203685,"[5, 17, 14]",66,81,74,1,0,0
4817.0,2.072072072072072,0.7869031081203345,"[5, 14, 17, 29]",58,87,76,1,0,0
4818.0,2.103603603603604,0.7746466633366657,"[14, 5, 26]",53,90,78,1,0,0
4819.0,2.0945945945945947,0.8211390210654654,"[5, 14]",56,80,83,3,0,1
4820.0,2.0945945945945947,0.7758035201461139,"[5, 14, 17]",54,90,77,1,0,2
4821.0,2.0135135135135136,0.8154599497711779,"[5, 14]",60,87,71,4,0,2
4822.0,1.9864864864864864,0.820990075114473,"[5, 17, 26, 14]",67,82,70,3,0,0
4823.0,2.027027027027027,0.7723673364621625,"[14, 5, 26, 17]",60,93,68,1,0,0
4824.0,2.045045045045045,0.8389541796837425,"[17, 14, 5]",61,78,79,4,0,1
4825.0,2.058558558558558,0.8515058227861021,"[5, 17, 14]",62,73,83,4,0,0
4826.0,1.9954954954954955,0.8265818387665632,"[14, 5]",67,80,72,3,0,0
4827.0,2.0675675675675675,0.812756013230862,"[5, 17, 14]",54,87,77,4,0,1
4828.0,2.054054054054054,0.810986080277772,"[17, 5, 14, 26]",55,88,75,4,0,2
4829.0,2.126126126126126,0.8029032964667868,"[14, 17, 5, 29]",56,79,86,1,0,0
4830.0,2.0765765765765765,0.783593642375905,"[17, 14, 5, 26, 29]",60,85,77,0,0,1
4831.0,2.0495495495495497,0.825100994654525,"[14, 17, 26, 5]",61,80,78,3,0,1
4832.0,2.0495495495495497,0.8359971285185128,"[5, 14, 26, 17]",60,79,79,4,0,1
4833.0,2.081081081081081,0.8031063574959483,"[5, 17, 14, 29]",57,84,79,2,0,0
4834.0,2.0675675675675675,0.7844255657897979,"[14, 5, 17]",58,88,75,1,0,1
4835.0,2.063063063063063,0.8103323632877316,"[17, 14, 26, 5]",60,82,78,2,0,1
4836.0,2.0135135135135136,0.815459949771178,"[14, 5, 17, 26]",72,75,75,0,0,1
4837.0,1.9864864864864864,0.8042856346904995,"[5, 26, 17, 14]",70,82,69,1,0,1
4838.0,2.081081081081081,0.8198348264848097,"[5, 17, 14, 26]",48,90,78,6,0,0
4839.0,1.9504504504504503,0.8195986076270692,"[14, 5, 17]",71,82,66,3,0,0
4840.0,2.036036036036036,0.7836326585153965,"[5, 14, 17]",58,92,70,2,1,1
4841.0,2.0135135135135136,0.7814577961392896,"[17, 14, 5]",63,90,68,1,0,0
4842.0,2.063063063063063,0.7819141066723375,"[14, 17, 5]",55,92,73,2,0,1
4843.0,2.045045045045045,0.8115388141244638,"[5, 17, 14, 26]",56,88,74,4,0,0
4844.0,2.0135135135135136,0.8209900751144732,"[14, 17, 5]",64,82,73,3,0,1
4845.0,2.081081081081081,0.7974522228289,"[14, 17, 5]",62,80,80,0,0,1
4846.0,2.081081081081081,0.8198348264848097,"[14, 17, 5]",51,87,79,5,0,0
4847.0,2.0225225225225225,0.8207914384685621,"[5, 14, 17]",69,76,76,1,0,1
4848.0,1.9864864864864864,0.815459949771178,"[14, 5, 17, 29]",66,84,69,3,0,0
4849.0,2.0855855855855854,0.8166089076336227,"[14, 17, 5]",65,73,84,0,0,1
4850.0,2.0675675675675675,0.8508353268009726,"[5, 17, 26, 14]",61,73,84,4,0,0
4851.0,1.9774774774774773,0.7927482050973127,"[14, 5, 17, 29]",66,89,65,2,0,1
4852.0,2.0315315315315314,0.8037786307414236,"[14, 5]",59,88,72,3,0,0
4853.0,2.0675675675675675,0.7550328466274591,"[5, 26, 14, 29, 17]",56,95,71,0,0,1
4854.0,2.0405405405405403,0.8255949044857465,"[5, 17, 14]",62,80,77,3,0,1
4855.0,2.027027027027027,0.8397312590951516,"[14, 17, 5]",66,75,78,3,0,1
4856.0,1.9774774774774773,0.8040828714730361,"[5, 14, 17]",71,82,68,1,0,1
4857.0,2.0675675675675675,0.7844255657897979,"[17, 14, 26, 5]",58,88,75,1,0,1
4858.0,2.108108108108108,0.7532896344219971,"[17, 14, 5, 26]",52,94,76,0,0,1
4859.0,2.130630630630631,0.7879514412758253,"[17, 14, 26, 5]",47,90,82,3,0,1
4860.0,2.054054054054054,0.8275552813385176,"[14, 5]",58,82,78,4,0,0
4861.0,2.072072072072072,0.8095774185289925,"[5, 14, 26, 17]",62,79,80,1,0,1
4862.0,1.9324324324324325,0.82928985180689,"[5, 14, 17]",69,84,64,5,0,1
4863.0,2.112612612612613,0.807724821776269,"[14, 5, 17]",55,81,84,2,0,0
4864.0,1.990990990990991,0.8292775626631712,"[14, 17, 5, 26, 29]",68,79,72,3,0,1
4865.0,1.954954954954955,0.8003097521080377,"[5, 14, 17]",73,83,65,1,0,0
4866.0,2.0225225225225225,0.8152599657211406,"[5, 14, 17]",65,81,74,2,0,1
4867.0,2.045045045045045,0.8115388141244638,"[14, 5, 17, 26]",62,82,76,2,0,1
4868.0,2.045045045045045,0.7831643365554003,"[14, 17, 5]",60,89,72,1,0,2
4869.0,2.027027027027027,0.8288842138623564,"[14, 17, 5]",61,82,75,4,0,1
4870.0,2.036036036036036,0.7719977953210722,"[32, 17, 5, 14]",59,93,69,1,0,3
4871.0,2.036036036036036,0.7836326585153965,"[5, 17, 14]",61,89,71,1,0,1
4872.0,2.0405405405405403,0.7862941752443775,"[17, 26, 14, 5]",64,85,73,0,0,1
4873.0,1.9684684684684688,0.8093885723138262,"[17, 5, 14]",76,77,69,0,1,0
4874.0,2.0315315315315314,0.8149598976316995,"[14, 17, 5]",61,84,74,3,0,0
4875.0,2.081081081081081,0.7860219463751896,"[14, 5, 17]",57,87,77,1,0,1
4876.0,2.072072072072072,0.7926324970155456,"[14, 17, 5, 29]",62,82,78,0,0,2
4877.0,2.0495495495495497,0.8195986076270692,"[14, 17, 5]",63,79,78,2,0,1
4878.0,2.036036036036036,0.8393913753717447,"[17, 5, 14]",62,78,78,4,0,0
4879.0,2.1576576576576576,0.7654353801500418,"[17, 14, 5, 26]",47,90,84,1,0,2
4880.0,2.081081081081081,0.8362287151158745,"[14, 17, 5, 26]",54,81,82,5,0,0
4881.0,2.0765765765765765,0.7660741968667064,"[17, 5, 14]",51,97,72,2,0,2
4882.0,2.045045045045045,0.817095478255875,"[14, 5, 29, 17]",63,80,77,2,0,0
4883.0,2.072072072072072,0.7926324970155457,"[17, 5, 14]",53,91,75,3,1,1
4884.0,2.0315315315315314,0.8368743811173183,"[26, 29, 5, 14, 17]",65,76,78,3,0,1
4885.0,2.121621621621621,0.7720109962648976,"[14, 17, 5, 26]",48,93,79,2,1,1
4886.0,2.0225225225225225,0.787019658540595,"[29, 17, 14, 5]",63,88,70,1,0,2
4887.0,2.1171171171171173,0.7872138708948209,"[17, 14, 5, 26, 29]",54,85,82,1,0,0
4888.0,1.9864864864864864,0.8209900751144732,"[14, 5, 29, 17]",67,82,70,3,0,0
4889.0,2.099099099099099,0.8010734309154447,"[14, 17, 5]",52,87,80,3,0,0
4890.0,2.0135135135135136,0.858704326136803,"[5, 14, 17]",68,71,79,4,0,1
4891.0,2.130630630630631,0.7879514412758253,"[5, 26, 17, 14]",44,93,81,4,0,2
4892.0,2.135135135135135,0.7668055200882193,"[17, 14, 5]",52,88,82,0,0,1
4893.0,2.225225225225225,0.7632353697170049,"[14, 5, 26, 17]",45,82,95,0,0,0
4894.0,2.0045045045045047,0.8043869971326542,"[14, 17, 5]",68,82,71,1,0,1
4895.0,2.081081081081081,0.8087209625118331,"[14, 17, 5, 26]",52,88,78,4,0,1
4896.0,2.072072072072072,0.7516101775757872,"[14, 17, 5]",55,96,71,0,0,1
4897.0,2.072072072072072,0.7869031081203345,"[17, 14, 26, 5]",55,90,75,2,0,1
4898.0,2.063063063063063,0.826914663226169,"[14, 5, 17, 26]",63,76,81,2,0,0
4899.0,1.972972972972973,0.8178933258554592,"[14, 5, 17]",71,80,69,2,0,2
4900.0,2.0135135135135136,0.7756458685451881,"[32, 5, 17, 14]",62,92,67,1,0,2
4901.0,2.112612612612613,0.8021032439517056,"[14, 5, 17, 26]",51,86,82,3,0,1
4902.0,2.09009009009009,0.7792507080877088,"[5, 14, 17, 26, 29]",55,89,77,1,0,2
4903.0,1.990990990990991,0.8015312889452848,"[17, 5, 14]",69,83,69,1,0,1
4904.0,2.0855855855855854,0.8166089076336228,"[5, 17, 14]",62,76,83,1,0,1
4905.0,2.036036036036036,0.8447648517807339,"[14, 5, 29, 17]",63,76,79,4,0,0
4906.0,2.0675675675675675,0.8347283582492867,"[14, 17, 5]",58,79,81,4,0,0
4907.0,2.0405405405405403,0.8683346914399296,"[14, 5, 17]",67,67,84,4,0,1
4908.0,2.0045045045045047,0.8155599234068583,"[14, 29, 5, 17]",55,93,68,6,0,1
4909.0,2.099099099099099,0.7424425258308421,"[5, 14, 17]",48,101,72,1,0,1
4910.0,2.0225225225225225,0.7927482050973126,"[17, 14, 5]",67,83,72,0,0,1
4911.0,2.1171171171171173,0.8098794808808483,"[14, 5, 17, 26]",55,80,85,2,0,0
4912.0,2.0495495495495497,0.797209371872663,"[5, 17, 29, 14]",62,84,75,1,0,1
4913.0,2.09009009009009,0.835301983483672,"[14, 5, 17, 26]",56,78,84,4,0,1
4914.0,2.045045045045045,0.7831643365554003,"[14, 17, 5]",63,86,73,0,0,1
4915.0,2.103603603603604,0.7448681656778929,"[26, 5, 14, 17]",51,97,74,0,1,2
4916.0,2.0045045045045047,0.804386997132654,"[5, 14, 17, 29]",68,82,71,1,0,1
4917.0,2.099099099099099,0.8288350321366262,"[5, 17, 14, 26]",57,77,85,3,0,0
4918.0,2.054054054054054,0.7997492575132488,"[5, 17, 14]",65,80,77,0,1,1
4919.0,1.9774774774774773,0.7812491082706582,"[17, 26, 14, 5]",67,90,64,1,0,1
4920.0,2.112612612612613,0.7792114725382481,"[17, 14, 5]",56,85,81,0,0,1
4921.0,2.081081081081081,0.7974522228289,"[5, 17, 14]",53,89,77,3,0,1
4922.0,2.027027027027027,0.8234071084430594,"[5, 17, 14]",60,84,74,4,0,0
4923.0,1.990990990990991,0.8015312889452847,"[17, 5, 14]",66,86,68,2,0,1
4924.0,2.036036036036036,0.7836326585153964,"[5, 14, 17]",64,86,72,0,0,1
4925.0,2.099099099099099,0.736322708061095,"[17, 14, 5]",50,100,72,0,0,1
4926.0,2.0765765765765765,0.8063610180276339,"[14, 5, 17]",61,80,80,1,1,1
4927.0,2.0945945945945947,0.793108077841898,"[5, 17, 14]",57,84,80,1,0,0
4928.0,2.054054054054054,0.7940712191846122,"[17, 5, 14]",58,88,74,2,0,1
4929.0,2.072072072072072,0.8039687946906965,"[17, 14, 5]",55,87,77,3,0,1
4930.0,2.108108108108108,0.782747815139657,"[14, 5, 17]",54,87,80,1,0,1
4931.0,2.112612612612613,0.7907402016127276,"[14, 5, 17]",52,87,81,2,0,1
4932.0,2.0225225225225225,0.8425542596687264,"[17, 14, 5]",61,80,76,5,0,0
4933.0,1.981981981981982,0.8125929892570568,"[14, 5, 26, 17]",72,79,70,1,0,1
4934.0,2.027027027027027,0.8504399655547951,"[17, 14, 5, 29]",65,74,79,4,0,1
4935.0,2.0945945945945947,0.793108077841898,"[14, 5, 17]",57,84,80,1,0,0
4936.0,2.099099099099099,0.7664332972834004,"[14, 5, 29, 17]",55,90,77,0,0,1
4937.0,2.0495495495495497,0.8413922822600971,"[5, 14, 17]",61,77,80,4,0,1
4938.0,2.009009009009009,0.7958659644705466,"[14, 17, 5]",66,85,70,1,0,2
4939.0,2.054054054054054,0.810986080277772,"[14, 5, 29]",52,91,74,5,0,1
4940.0,2.081081081081081,0.8031063574959483,"[5, 17, 29, 14]",60,81,80,1,0,2
4941.0,2.0405405405405403,0.8255949044857462,"[5, 17, 14, 29]",68,74,79,1,0,0
4942.0,2.036036036036036,0.8063989326099908,"[14, 5, 17, 29]",65,81,75,1,0,0
4943.0,2.0855855855855854,0.7710070803704268,"[17, 14, 5, 29]",57,89,76,0,0,1
4944.0,2.072072072072072,0.8316337484822821,"[5, 14, 29]",57,80,81,4,0,0
4945.0,2.0495495495495497,0.7915131135022021,"[5, 17, 14]",61,86,74,1,0,1
4946.0,2.112612612612613,0.8077248217762688,"[5, 14, 17]",52,84,83,3,0,1
4947.0,2.0495495495495497,0.7623936909941407,"[14, 17, 26, 5]",56,96,69,1,0,1
4948.0,1.972972972972973,0.8343253644387617,"[14, 29, 17, 5]",68,80,70,4,0,0
4949.0,2.054054054054054,0.810986080277772,"[5, 14, 17]",61,82,77,2,0,1
4950.0,2.045045045045045,0.7946357187816141,"[5, 17, 14]",65,82,75,0,0,1
4951.0,2.099099099099099,0.7896955705886475,"[14, 5, 17]",59,82,81,0,0,1
4952.0,2.063063063063063,0.7934035654851268,"[17, 14, 26, 29, 5]",54,91,74,3,0,1
4953.0,1.936936936936937,0.7990863479500622,"[5, 17, 29, 14]",72,86,62,2,0,1
4954.0,2.099099099099099,0.8178434831834329,"[5, 14, 17, 26]",58,78,84,2,0,0
4955.0,2.0045045045045047,0.7873303753121177,"[17, 14, 5]",65,88,68,1,1,1
4956.0,2.081081081081081,0.7860219463751896,"[5, 14]",57,87,77,1,0,0
4957.0,2.063063063063063,0.826914663226169,"[5, 14, 17, 26]",57,82,79,4,0,1
4958.0,1.981981981981982,0.8181424936680501,"[14, 5, 17]",73,77,71,1,1,0
4959.0,2.063063063063063,0.8158972439879524,"[5, 14, 17]",61,80,79,2,0,1
4960.0,2.0495495495495497,0.8251009946545251,"[17, 14, 5]",61,80,78,3,0,0
4961.0,2.099099099099099,0.8010734309154447,"[5, 14]",61,78,83,0,0,1
4962.0,2.130630630630631,0.7993541276055078,"[17, 14, 5]",55,80,86,1,0,1
4963.0,2.0675675675675675,0.7610022163187307,"[5, 17, 14]",57,93,72,0,0,1
4964.0,2.0495495495495497,0.7857755627978602,"[17, 5, 14, 29]",60,88,73,1,0,1
4965.0,2.045045045045045,0.8280969557349606,"[5, 14, 17, 26]",59,82,77,4,0,1
4966.0,2.112612612612613,0.8077248217762688,"[5, 17, 14]",55,81,84,2,0,2
4967.0,2.121621621621621,0.7778500833127009,"[14, 17, 5, 29]",55,85,82,0,0,1
4968.0,2.0225225225225225,0.7812491082706582,"[5, 17, 14]",65,87,70,0,0,0
4969.0,2.0315315315315314,0.8204933933332591,"[5, 17, 14]",62,82,75,3,1,2
4970.0,2.054054054054054,0.8437991851964787,"[17, 14, 5]",64,73,82,3,0,1
4971.0,2.0855855855855854,0.7710070803704268,"[14, 5, 17, 26]",54,92,75,1,0,2
4972.0,2.027027027027027,0.7897471897389845,"[14, 26, 17, 5]",54,96,68,4,0,1
4973.0,2.0495495495495497,0.8413922822600971,"[5, 17, 14, 4]",67,71,82,2,0,1
4974.0,2.018018018018018,0.8399739489817524,"[14, 17, 5]",64,78,76,4,0,0
4975.0,2.0675675675675675,0.7844255657897979,"[17, 14, 5]",58,88,75,1,0,1
4976.0,1.990990990990991,0.8071568502552311,"[5, 17, 14]",67,84,69,2,0,0
4977.0,2.0045045045045047,0.8099927252214952,"[5, 17, 14]",66,83,71,2,0,1
4978.0,2.0225225225225225,0.8207914384685622,"[5, 17, 14, 26]",63,82,74,3,0,0
4979.0,2.0225225225225225,0.8096907051164531,"[17, 14, 5]",67,80,74,1,0,0
4980.0,1.963963963963964,0.8175443633380666,"[5, 17, 14]",66,86,66,4,0,1
4981.0,2.0045045045045047,0.82108937541723,"[17, 5, 14]",68,79,73,2,0,0
4982.0,2.072072072072072,0.8039687946906966,"[17, 5, 14]",58,84,78,2,0,1
4983.0,2.108108108108108,0.8166962621684045,"[17, 26, 14, 5]",54,81,84,3,0,1
4984.0,2.0225225225225225,0.775435616552427,"[5, 14, 17]",64,89,69,0,0,1
4985.0,2.063063063063063,0.826914663226169,"[14, 5, 17]",63,76,81,2,0,1
4986.0,2.0945945945945947,0.8156099056293362,"[14, 5, 26]",58,79,83,2,0,1
4987.0,2.081081081081081,0.8198348264848097,"[5, 14, 17]",57,81,81,3,0,1
4988.0,2.121621621621621,0.7778500833127008,"[5, 17, 14, 29]",55,85,82,0,0,2
4989.0,2.063063063063063,0.8377872091227943,"[14, 5, 26, 17]",62,75,82,3,0,1
4990.0,2.1171171171171173,0.7872138708948209,"[14, 29, 5, 17]",54,85,82,1,0,0
4991.0,2.081081081081081,0.8253356386786131,"[14, 5, 17, 26]",58,79,82,3,0,1
4992.0,2.081081081081081,0.8142968555519062,"[26, 5, 17, 14]",59,80,81,2,0,1
4993.0,2.045045045045045,0.8059438399013203,"[14, 5, 17, 29]",61,84,75,2,0,1
4994.0,2.054054054054054,0.8053872662568291,"[5, 26, 14, 17]",57,87,75,3,0,2
4995.0,2.0675675675675675,0.82928985180689,"[5, 17, 14, 26]",63,75,82,2,0,1
4996.0,2.036036036036036,0.8554105460627882,"[26, 14, 5, 17]",65,72,81,4,0,1
4997.0,1.9774774774774773,0.8207914384685622,"[5, 17, 14]",65,85,68,4,0,1
4998.0,2.0135135135135136,0.837361346554423,"[14, 26, 17, 4, 5]",58,85,73,6,0,0
4999.0,2.0225225225225225,0.7984356520350697,"[14, 17, 5]",59,90,70,3,0,1
5000.0,2.045045045045045,0.8496726799892614,"[14, 5, 17, 29]",72,65,84,1,0,1
5001.0,2.0495495495495497,0.8413922822600971,"[14, 17, 5]",64,74,81,3,0,0
5002.0,2.0765765765765765,0.8063610180276339,"[17, 5, 14]",61,80,80,1,0,1
5003.0,2.1171171171171173,0.7986270882211046,"[5, 14, 26, 17]",53,84,83,2,0,1
5004.0,2.009009009009009,0.8238030724517321,"[5, 17, 14, 26]",68,78,74,2,0,1
5005.0,2.130630630630631,0.7993541276055078,"[29, 14, 5, 17]",52,83,85,2,1,2
5006.0,1.9954954954954955,0.8210893754172298,"[5, 14, 17]",66,82,71,3,0,1
5007.0,2.0,0.8183417732943565,"[14, 5, 17, 29]",68,80,72,2,0,1
5008.0,2.063063063063063,0.7524232860796634,"[14, 17, 5]",56,96,70,0,0,1
5009.0,2.045045045045045,0.8003097521080377,"[5, 17, 14]",60,86,74,2,0,2
5010.0,2.1486486486486487,0.7613235515874873,"[14, 5, 29, 26, 17]",50,89,83,0,0,1
5011.0,2.009009009009009,0.8071568502552311,"[14, 17, 5]",65,84,71,2,0,1
5012.0,2.058558558558558,0.8245079123091277,"[5, 17, 14, 26]",57,83,78,4,0,1
5013.0,2.0855855855855854,0.7768537132156774,"[5, 14, 17]",58,87,77,0,0,1
5014.0,2.081081081081081,0.7802440172329329,"[14, 5, 29, 17]",56,89,76,1,0,1
5015.0,2.099099099099099,0.806702185118088,"[5, 14, 17, 26]",53,85,81,3,0,0
5016.0,1.9774774774774773,0.8262858822580399,"[14, 17, 29, 5]",66,83,69,4,0,1
5017.0,2.072072072072072,0.7811316968436159,"[14, 17, 5]",57,89,75,1,0,2
5018.0,1.9954954954954955,0.8428445037168368,"[17, 14, 5, 26]",73,71,76,2,0,1
5019.0,2.1486486486486487,0.7789498517034031,"[5, 14, 17]",53,83,86,0,0,0
5020.0,2.0855855855855854,0.8110489099129118,"[5, 17, 14]",58,81,81,2,0,1
5021.0,2.0405405405405403,0.8310575913066945,"[5, 14, 26]",60,81,77,4,0,1
5022.0,2.018018018018018,0.8236546082558097,"[17, 14, 5, 29]",67,78,75,2,0,0
5023.0,2.0405405405405403,0.8255949044857465,"[5, 14, 17, 26]",62,80,77,3,0,1
5024.0,2.072072072072072,0.7694590179486329,"[14, 5, 26, 17]",55,93,73,1,0,1
5025.0,2.1171171171171173,0.7579292907329334,"[14, 5, 26, 17]",52,92,78,0,0,1
5026.0,2.036036036036036,0.8119907710498862,"[17, 26, 14, 5]",60,85,74,3,0,0
5027.0,2.054054054054054,0.7883522863426478,"[17, 14, 5, 29]",60,87,74,1,0,0
5028.0,1.990990990990991,0.812743474086136,"[14, 5, 17]",62,88,68,4,0,1
5029.0,2.027027027027027,0.8343253644387617,"[5, 14, 26, 17]",65,77,77,3,0,1
5030.0,2.0405405405405403,0.8033727972057582,"[5, 17, 14, 26]",61,85,74,2,0,1
5031.0,2.058558558558558,0.7908948444176505,"[5, 14, 17]",57,89,74,2,0,1
5032.0,2.036036036036036,0.8119907710498862,"[14, 5, 17]",66,79,76,1,0,1
5033.0,2.036036036036036,0.7950972839868216,"[14, 29, 17, 5]",66,82,74,0,0,1
5034.0,2.0045045045045047,0.8428445037168371,"[14, 17, 5]",66,77,75,4,0,1
5035.0,2.045045045045045,0.8280969557349607,"[5, 17, 14]",59,82,77,4,0,0
5036.0,2.058558558558558,0.8078762134098192,"[14, 29, 5, 17]",57,86,76,3,0,0
5037.0,1.990990990990991,0.8182919579375431,"[14, 5]",69,80,71,2,0,0
5038.0,2.058558558558558,0.7965955238903089,"[14, 17, 5, 29]",52,93,73,4,0,0
5039.0,1.9954954954954955,0.82108937541723,"[5, 14, 17, 29]",63,85,70,4,0,1
5040.0,2.045045045045045,0.8115388141244638,"[17, 5, 14]",59,85,75,3,0,0
5041.0,2.036036036036036,0.8119907710498862,"[26, 5, 14, 17]",60,85,74,3,0,2
5042.0,2.0675675675675675,0.7844255657897979,"[14, 17, 5]",58,88,75,1,0,0
5043.0,2.0945945945945947,0.8044376735642,"[5, 14, 17, 29]",56,83,81,2,0,1
5044.0,2.072072072072072,0.7869031081203345,"[14, 17, 29, 5]",58,87,76,1,0,3
5045.0,2.045045045045045,0.817095478255875,"[5, 17, 14, 26]",63,80,77,2,1,1
5046.0,2.0405405405405403,0.7977205510293364,"[14, 5, 17]",57,90,72,3,0,1
5047.0,1.9864864864864864,0.7986398490019414,"[17, 14, 5]",66,87,67,2,1,1
5048.0,2.126126126126126,0.7683456650123669,"[5, 17, 14, 26]",44,97,78,3,0,1
5049.0,2.072072072072072,0.8370570263550435,"[5, 14]",64,72,84,2,0,0
5050.0,2.09009009009009,0.8133451349760029,"[5, 14]",58,80,82,2,0,1
5051.0,2.0945945945945947,0.7640494449705395,"[14, 5, 17]",55,91,76,0,0,2
5052.0,1.981981981981982,0.8125929892570567,"[17, 5, 14, 4]",66,85,68,3,0,1
5053.0,2.0945945945945947,0.8044376735641999,"[5, 14, 17]",59,80,82,1,0,1
5054.0,2.018018018018018,0.8070053236714507,"[14, 17, 5]",64,84,72,2,1,0
5055.0,2.009009009009009,0.8238030724517321,"[17, 5, 26, 14, 29]",68,78,74,2,0,1
5056.0,2.0855855855855854,0.8054505326308167,"[17, 14, 5, 26]",57,83,80,2,0,1
5057.0,2.1171171171171173,0.7579292907329334,"[17, 14, 26, 5]",52,92,78,0,0,1
5058.0,2.09009009009009,0.7734221953755526,"[14, 17, 5, 26]",57,88,77,0,1,1
5059.0,2.0315315315315314,0.7692603231043579,"[14, 5, 17, 26]",62,91,69,0,0,1
5060.0,2.0315315315315314,0.8368743811173183,"[17, 26, 5, 14]",62,79,77,4,0,0
5061.0,2.0855855855855854,0.7884169196867215,"[17, 26, 5, 14]",60,83,79,0,0,1
5062.0,2.0135135135135136,0.8319400524964405,"[17, 5, 14]",66,78,75,3,0,1
5063.0,2.0855855855855854,0.8166089076336228,"[5, 26, 17, 14]",56,82,81,3,0,0
5064.0,2.054054054054054,0.8437991851964788,"[5, 14, 17, 29]",64,73,82,3,0,0
5065.0,2.054054054054054,0.8109860802777719,"[5, 17, 14]",64,79,78,1,0,1
5066.0,2.054054054054054,0.8275552813385176,"[14, 5, 17, 26]",64,76,80,2,0,0
5067.0,2.09009009009009,0.7675494241701204,"[5, 14, 17, 26]",56,90,76,0,0,1
5068.0,2.121621621621621,0.7542225514309097,"[14, 5, 17, 29]",51,93,78,0,0,1
5069.0,2.0135135135135136,0.809892064367318,"[5, 14, 26, 17, 29]",68,80,73,1,0,1
5070.0,2.0225225225225225,0.8532275358878357,"[14, 5, 17, 26]",66,73,79,4,0,1
5071.0,2.054054054054054,0.8053872662568292,"[17, 14, 5, 26]",63,81,77,1,0,0
5072.0,2.036036036036036,0.7950972839868216,"[14, 5, 17]",63,85,73,1,0,1
5073.0,2.0315315315315314,0.8149598976316995,"[14, 5]",70,75,77,0,0,0
5074.0,2.09009009009009,0.8021413597850569,"[5, 14, 17, 4]",56,84,80,2,0,1
5075.0,2.058558558558558,0.8190015407218109,"[14, 5, 17]",65,76,80,1,0,1
5076.0,2.054054054054054,0.7997492575132488,"[17, 5, 29, 14]",62,83,76,1,0,1
5077.0,2.058558558558558,0.7908948444176505,"[5, 17, 29, 14]",60,86,75,1,0,1
5078.0,2.058558558558558,0.8190015407218109,"[5, 14, 17]",68,73,81,0,0,1
5079.0,2.036036036036036,0.8175443633380667,"[14, 5, 26, 17]",64,80,76,2,0,0
5080.0,2.0945945945945947,0.7987929624713317,"[5, 14, 17]",55,85,80,2,1,0
5081.0,2.027027027027027,0.7664864830367195,"[17, 5, 14]",62,92,68,0,0,1
5082.0,2.009009009009009,0.7727894528136424,"[17, 14, 5]",62,93,66,1,0,2
5083.0,2.09009009009009,0.8188895422123721,"[14, 5, 17]",62,75,84,1,0,1
5084.0,2.0675675675675675,0.7901729190628471,"[17, 5, 14, 29]",59,86,76,1,1,1
5085.0,2.0045045045045047,0.804386997132654,"[14, 5, 17]",68,82,71,1,0,1
5086.0,1.9009009009009008,0.7954048453227988,"[17, 14, 5]",79,83,59,1,0,1
5087.0,2.045045045045045,0.8170954782558749,"[5, 17, 26, 14]",63,80,77,2,0,0
5088.0,2.0315315315315314,0.8093885723138263,"[14, 5, 26, 17]",57,89,72,4,0,1
5089.0,2.063063063063063,0.7761055962029545,"[14, 17, 5]",60,88,74,0,0,1
5090.0,2.054054054054054,0.7997492575132488,"[17, 14, 5, 26]",62,83,76,1,0,3
5091.0,2.0945945945945947,0.8100430509578107,"[14, 17, 5, 29]",60,78,83,1,0,1
5092.0,2.0945945945945947,0.8044376735642,"[5, 14, 17]",59,80,82,1,0,0
5093.0,2.0,0.8238525545716346,"[14, 17, 29, 5]",69,78,73,2,0,0
5094.0,1.9324324324324325,0.7958787695220654,"[14, 5, 17]",78,81,63,0,0,1
5095.0,2.0315315315315314,0.8259898197067457,"[5, 14]",63,80,76,3,0,0
5096.0,2.009009009009009,0.812743474086136,"[14, 17, 5]",69,79,73,1,0,1
5097.0,2.0495495495495497,0.797209371872663,"[17, 14, 5]",62,84,75,1,0,2
5098.0,1.9864864864864864,0.809892064367318,"[5, 14, 17]",65,86,68,3,0,0
5099.0,2.018018018018018,0.8291300787311287,"[5, 14]",62,82,74,4,1,0
5100.0,2.072072072072072,0.8151474531320843,"[5, 17, 14, 29]",57,83,79,3,0,0
5101.0,1.9774774774774773,0.7754356165524269,"[17, 5, 14]",66,92,63,1,0,2
5102.0,2.121621621621621,0.817556828849939,"[14, 5]",53,80,86,3,0,1
5103.0,1.927927927927928,0.7926324970155456,"[17, 14, 5]",69,91,59,3,0,0
5104.0,2.058558558558558,0.7735407769855778,"[5, 17, 14]",60,89,73,0,0,0
5105.0,2.058558558558558,0.7851527756881226,"[5, 17, 14]",59,88,74,1,1,1
5106.0,2.063063063063063,0.8158972439879524,"[5, 17, 14]",61,80,79,2,0,1
5107.0,1.9864864864864864,0.7814577961392896,"[17, 5, 14]",66,90,65,1,0,1
5108.0,2.036036036036036,0.7719977953210722,"[5, 14, 29, 17]",59,93,69,1,0,2
5109.0,2.045045045045045,0.817095478255875,"[5, 17, 29, 14, 26]",63,80,77,2,0,1
5110.0,2.112612612612613,0.7615912274102535,"[14, 17, 5]",53,91,78,0,0,1
5111.0,2.045045045045045,0.8443304384922279,"[5, 14, 17, 26]",65,73,81,3,0,1
5112.0,2.09009009009009,0.8566962697679856,"[17, 5, 14, 26, 29]",57,73,87,5,0,0
5113.0,2.112612612612613,0.7907402016127275,"[5, 14, 17]",52,87,81,2,0,1
5114.0,2.054054054054054,0.7940712191846122,"[14, 17, 5]",58,88,74,2,0,0
5115.0,2.099099099099099,0.754533267439808,"[14, 29, 5, 17]",50,97,74,1,0,3
5116.0,2.072072072072072,0.8316337484822821,"[17, 5, 14]",57,80,81,4,0,1
5117.0,2.112612612612613,0.7792114725382481,"[17, 26, 14, 5]",56,85,81,0,0,1
5118.0,2.027027027027027,0.7664864830367195,"[5, 17, 29, 14]",62,92,68,0,1,0
5119.0,2.09009009009009,0.7964803747250548,"[17, 5, 14]",49,92,77,4,0,0
5120.0,2.112612612612613,0.7733826641317794,"[14, 17, 5]",55,87,80,0,0,1
5121.0,2.0225225225225225,0.7927482050973127,"[14, 17, 5]",64,86,71,1,0,1
5122.0,1.990990990990991,0.8238030724517321,"[14, 5, 17]",64,84,70,4,0,0
5123.0,2.063063063063063,0.8485204507146973,"[5, 14]",61,74,83,4,0,0
5124.0,1.972972972972973,0.8234071084430594,"[14, 5, 17]",66,84,68,4,0,0
5125.0,2.0765765765765765,0.8285029791239056,"[5, 17, 14]",56,81,81,4,0,1
5126.0,2.126126126126126,0.8196359098674247,"[14, 5, 26, 17, 29]",59,73,89,1,0,1
5127.0,2.099099099099099,0.8010734309154448,"[17, 5, 14]",58,81,82,1,0,0
5128.0,2.09009009009009,0.8133451349760028,"[29, 14, 5, 17]",61,77,83,1,0,1
5129.0,2.0315315315315314,0.8037786307414235,"[14, 26, 17, 5]",62,85,73,2,0,1
5130.0,1.9684684684684688,0.820493393333259,"[5, 14, 17]",72,79,69,2,0,1
5131.0,2.058558558558558,0.7851527756881226,"[14, 5, 17]",59,88,74,1,0,1
5132.0,2.0315315315315314,0.8149598976316995,"[14, 17, 5, 29]",55,90,72,5,0,0
5133.0,2.112612612612613,0.7733826641317794,"[14, 5, 17]",49,93,78,2,0,1
5134.0,2.0225225225225225,0.7636758788299721,"[17, 5, 14]",62,93,67,0,0,1
5135.0,2.054054054054054,0.8053872662568292,"[17, 14, 5]",60,84,76,2,0,1
5136.0,1.972972972972973,0.7954560939839984,"[14, 17, 4, 5]",70,85,66,1,0,0
5137.0,2.045045045045045,0.8389541796837426,"[28, 14, 26, 5, 4]",58,81,78,5,0,1
5138.0,1.9954954954954955,0.8043869971326539,"[14, 17, 5]",66,85,69,2,0,0
5139.0,2.1171171171171173,0.8042729634870093,"[17, 5, 14]",54,82,84,2,0,0
5140.0,2.0945945945945947,0.8044376735641999,"[5, 17, 14]",53,86,80,3,1,1
5141.0,2.103603603603604,0.7919764985689903,"[14, 5, 17]",47,93,78,4,0,0
5142.0,2.081081081081081,0.8198348264848097,"[14, 5, 17]",57,81,81,3,0,0
5143.0,2.126126126126126,0.7383130719180149,"[14, 5, 17]",48,98,76,0,0,1
5144.0,2.081081081081081,0.7802440172329329,"[14, 5, 17]",59,86,77,0,0,1
5145.0,2.112612612612613,0.767509590444258,"[17, 14, 26, 5]",54,89,79,0,1,0
5146.0,2.0855855855855854,0.8330662814527707,"[17, 14, 26, 5]",56,79,83,4,0,1
5147.0,2.0765765765765765,0.7541685007965111,"[17, 5, 29, 14]",55,95,72,0,0,1
5148.0,2.121621621621621,0.8064115704079748,"[5, 17, 14, 26]",57,78,86,1,0,2
5149.0,2.0225225225225225,0.8425542596687265,"[5, 17, 29, 14]",67,74,78,3,0,1
5150.0,2.0765765765765765,0.7719581911351323,"[17, 5, 14]",58,89,75,0,0,1
5151.0,2.108108108108108,0.7942252134106665,"[5, 14, 17]",53,86,81,2,0,2
5152.0,2.1486486486486487,0.7904823963758244,"[17, 14, 26, 5, 4]",52,82,87,1,0,1
5153.0,2.063063063063063,0.8377872091227943,"[5, 14, 17]",62,75,82,3,0,1
5154.0,2.036036036036036,0.8285398804747766,"[14, 17, 5]",57,85,75,5,0,1
5155.0,2.009009009009009,0.8238030724517322,"[17, 14, 5]",68,78,74,2,0,0
5156.0,2.0135135135135136,0.809892064367318,"[5, 17, 14, 29]",65,83,72,2,0,1
5157.0,2.0765765765765765,0.7950588304542311,"[17, 14, 5]",56,87,77,2,0,0
5158.0,2.072072072072072,0.8151474531320841,"[17, 26, 14, 5]",63,77,81,1,0,0
5159.0,2.0045045045045047,0.8043869971326542,"[5, 29, 17, 14]",68,82,71,1,0,0
5160.0,2.0135135135135136,0.809892064367318,"[14, 5, 29, 17]",62,86,71,3,0,0
5161.0,2.072072072072072,0.8039687946906965,"[5, 17, 14]",61,81,79,1,0,1
5162.0,2.0495495495495497,0.8305669299554026,"[5, 17, 29, 14]",62,78,79,3,0,1
5163.0,2.018018018018018,0.8181424936680499,"[5, 14, 17]",66,80,74,2,0,1
5164.0,2.058558558558558,0.7735407769855775,"[14, 5]",60,89,73,0,0,1
5165.0,1.990990990990991,0.8347161491742124,"[17, 14, 26, 5]",72,74,74,2,0,2
5166.0,2.0945945945945947,0.7987929624713318,"[17, 14, 5]",55,85,80,2,0,1
5167.0,2.103603603603604,0.7387684417222306,"[14, 5, 17]",50,99,73,0,0,1
5168.0,2.121621621621621,0.7836456634635528,"[17, 26, 14, 5]",53,86,82,1,0,0
5169.0,2.045045045045045,0.8059438399013201,"[5, 14, 17]",67,78,77,0,0,1
5170.0,1.990990990990991,0.8561250753919376,"[5, 14, 17, 29]",64,78,74,6,0,1
5171.0,2.103603603603604,0.7687832459562145,"[5, 14, 17]",55,89,78,0,0,1
5172.0,2.063063063063063,0.826914663226169,"[5, 14, 17, 26]",57,82,79,4,0,1
5173.0,1.936936936936937,0.8103323632877316,"[14, 5, 17]",77,79,65,1,1,0
5174.0,2.1621621621621623,0.8076617335536502,"[17, 5, 14]",51,78,91,2,0,1
5175.0,2.0495495495495497,0.7915131135022021,"[14, 5, 17]",64,83,75,0,0,1
5176.0,2.009009009009009,0.7786227020423082,"[17, 5, 26, 14]",60,94,66,2,0,1
5177.0,2.0675675675675675,0.7958787695220654,"[17, 5, 14]",60,84,77,1,0,0
5178.0,2.126126126126126,0.7915517392855129,"[5, 14, 17]",51,86,83,2,0,2
5179.0,2.0315315315315314,0.8149598976316995,"[5, 17, 14]",58,87,73,4,0,0
5180.0,2.036036036036036,0.78938578480206,"[14, 5, 17]",59,90,71,2,0,1
5181.0,2.036036036036036,0.7950972839868216,"[5, 14, 17]",57,91,71,3,0,1
5182.0,2.063063063063063,0.7990863479500622,"[14, 29, 5, 17]",61,83,77,1,0,2
5183.0,1.990990990990991,0.812743474086136,"[5, 17, 14, 26]",62,88,68,4,0,0
5184.0,2.058558558558558,0.8078762134098193,"[17, 5, 14, 26]",63,80,78,1,0,1
5185.0,2.1486486486486487,0.7432793747540808,"[17, 14, 5]",44,98,79,1,0,3
5186.0,2.009009009009009,0.8238030724517321,"[17, 5, 14, 29]",68,78,74,2,0,1
5187.0,1.9774774774774773,0.787019658540595,"[5, 14, 17]",68,88,65,1,0,1
5188.0,2.036036036036036,0.78938578480206,"[5, 14, 17]",59,90,71,2,0,1
5189.0,2.058558558558558,0.8078762134098192,"[14, 17, 5]",57,86,76,3,0,1
5190.0,2.036036036036036,0.7836326585153965,"[17, 14, 5]",61,89,71,1,2,2
5191.0,2.09009009009009,0.8133451349760028,"[29, 14, 17, 5]",58,80,82,2,0,1
5192.0,2.0045045045045047,0.8155599234068583,"[5, 17, 14]",67,81,72,2,0,1
5193.0,2.09009009009009,0.8021413597850569,"[17, 14, 5]",59,81,81,1,0,1
5194.0,2.0495495495495497,0.8084814964567331,"[14, 17, 5]",61,83,76,2,0,1
5195.0,2.027027027027027,0.8067527161203687,"[17, 5, 14]",66,81,74,1,0,2
5196.0,2.054054054054054,0.788352286342648,"[14, 17, 5]",63,84,75,0,0,2
5197.0,2.054054054054054,0.8053872662568292,"[14, 17, 26, 5]",63,81,77,1,0,1
5198.0,1.9954954954954955,0.7987419279094043,"[17, 5, 14, 26, 29]",68,84,69,1,0,1
5199.0,2.0945945945945947,0.8100430509578107,"[5, 17, 14]",57,81,82,2,0,1
5200.0,1.9774774774774773,0.7812491082706582,"[17, 5, 14]",67,90,64,1,0,1
5201.0,2.126126126126126,0.7800350046341565,"[17, 14, 26, 5]",55,84,83,0,0,1
5202.0,1.9954954954954955,0.7873303753121176,"[17, 14, 29, 5]",60,94,65,3,0,1
5203.0,2.058558558558558,0.8078762134098192,"[5, 14, 17, 26]",60,83,77,2,0,2
5204.0,1.990990990990991,0.812743474086136,"[5, 14, 17]",68,82,70,2,0,0
5205.0,2.0225225225225225,0.8096907051164531,"[5, 14, 29, 17]",64,83,73,2,0,1
5206.0,2.009009009009009,0.7727894528136424,"[17, 14, 5]",62,93,66,1,1,1
5207.0,2.045045045045045,0.8003097521080377,"[17, 14, 5]",66,80,76,0,0,1
5208.0,2.045045045045045,0.817095478255875,"[5, 14, 17]",57,86,75,4,0,1
5209.0,1.9684684684684688,0.8037786307414236,"[5, 17, 14]",72,82,67,1,0,0
5210.0,1.972972972972973,0.817893325855459,"[14, 5, 17]",74,77,70,1,0,0
5211.0,2.063063063063063,0.7702532847718907,"[14, 5, 29, 17]",56,93,72,1,0,2
5212.0,2.0,0.8293267181454268,"[5, 17, 14]",70,76,74,2,1,1
5213.0,1.9954954954954955,0.8155599234068582,"[5, 14, 29, 17]",71,78,72,1,0,1
5214.0,2.0315315315315314,0.8259898197067457,"[14, 5]",60,83,75,4,0,1
5215.0,2.027027027027027,0.8178933258554592,"[17, 14, 5]",62,83,74,3,0,0
5216.0,2.081081081081081,0.8142968555519062,"[5, 17, 14]",59,80,81,2,0,0
5225.0,2.063063063063063,0.826914663226169,"[5, 14, 17, 26]",57,82,79,4,0,1
5225.0,1.954954954954955,0.8059438399013202,"[17, 5, 14]",74,81,66,1,0,1
5225.0,2.103603603603604,0.7687832459562145,"[14, 26, 17, 5]",55,89,78,0,0,2
5225.0,2.018018018018018,0.8291300787311284,"[5, 14]",71,73,77,1,0,0
5225.0,2.1666666666666665,0.7208382919471292,"[17, 14, 5, 26]",42,101,79,0,0,1
5225.0,2.0,0.7959171834405434,"[5, 14, 17]",61,91,67,3,0,0
5225.0,2.108108108108108,0.8111368632260447,"[14, 17, 5]",59,77,85,1,0,0
5226.0,2.063063063063063,0.826914663226169,"[5, 14, 17, 26]",57,82,79,4,0,1
5226.0,1.954954954954955,0.8059438399013202,"[17, 5, 14]",74,81,66,1,0,1
5226.0,2.103603603603604,0.7687832459562145,"[14, 26, 17, 5]",55,89,78,0,0,2
5226.0,2.018018018018018,0.8291300787311284,"[5, 14]",71,73,77,1,0,0
5226.0,2.1666666666666665,0.7208382919471292,"[17, 14, 5, 26]",42,101,79,0,0,1
5226.0,2.0,0.7959171834405434,"[5, 14, 17]",61,91,67,3,0,0
5226.0,2.099099099099099,0.8122919359626525,"[14, 17, 5]",54,83,82,3,0,0
5226.0,2.09009009009009,0.796480374725055,"[17, 14, 5, 26]",58,83,80,1,0,0
5226.0,2.072072072072072,0.8316337484822821,"[17, 26, 14, 5]",63,74,83,2,0,1
5226.0,2.09009009009009,0.840701598290031,"[14, 5, 17, 26]",60,73,86,3,0,1
5226.0,2.0855855855855854,0.8054505326308167,"[29, 17, 14, 5]",54,86,79,3,0,1
5226.0,2.054054054054054,0.7591116246003612,"[17, 5, 14]",55,97,69,1,0,2
5226.0,2.0135135135135136,0.8427477668075382,"[14, 17, 29, 5]",62,80,75,5,0,0
5226.0,1.927927927927928,0.8095774185289923,"[14, 5, 17]",75,82,63,2,0,1
5226.0,2.027027027027027,0.8011243169520794,"[17, 5, 26, 14]",62,86,72,2,0,0
5226.0,2.0855855855855854,0.7826566715314206,"[5, 14, 17]",56,88,77,1,0,1
5226.0,2.0225225225225225,0.7927482050973127,"[17, 14, 5]",61,89,70,2,0,0
5226.0,1.954954954954955,0.8335432453407353,"[5, 17, 14]",70,80,68,4,0,1
5226.0,2.063063063063063,0.7702532847718907,"[5, 17, 14]",56,93,72,1,0,0
5226.0,2.063063063063063,0.8323686887516281,"[17, 14, 5, 29]",58,80,80,4,0,0
,2.063063063063063,0.826914663226169,"[5, 14, 17, 26]",57,82,79,4,0,1
,1.954954954954955,0.8059438399013202,"[17, 5, 14]",74,81,66,1,0,1
,2.103603603603604,0.7687832459562145,"[14, 26, 17, 5]",55,89,78,0,0,2
,2.054054054054054,0.822069321843126,"[14, 5, 17]",66,75,80,1,0,0
,2.0315315315315314,0.7809359719041846,"[14, 17, 5]",64,87,71,0,0,0
,2.027027027027027,0.8011243169520794,"[17, 14, 5, 26]",65,83,73,1,0,1
,2.063063063063063,0.826914663226169,"[5, 14, 17, 26]",57,82,79,4,0,1
,1.954954954954955,0.8059438399013202,"[17, 5, 14]",74,81,66,1,0,1
,2.103603603603604,0.7687832459562145,"[14, 26, 17, 5]",55,89,78,0,0,2
,2.054054054054054,0.822069321843126,"[14, 5, 17]",66,75,80,1,0,0
,2.0315315315315314,0.7809359719041846,"[14, 17, 5]",64,87,71,0,0,0
,2.0225225225225225,0.7984356520350697,"[17, 14, 5, 26]",65,84,72,1,0,1
,2.09009009009009,0.8133451349760029,"[17, 14, 5, 26]",49,89,79,5,0,2
,2.036036036036036,0.8119907710498862,"[17, 26, 14, 5, 4]",63,82,75,2,0,1
,2.130630630630631,0.7993541276055077,"[17, 14, 26, 5]",52,83,85,2,0,2
,2.0765765765765765,0.8230233366445514,"[14, 17, 5]",61,77,82,2,0,1
,2.081081081081081,0.7802440172329329,"[17, 5, 14]",56,89,76,1,0,2
,2.0135135135135136,0.8042856346904997,"[14, 5, 17, 26]",67,82,72,1,0,1
,1.990990990990991,0.8015312889452847,"[14, 5]",66,86,68,2,0,1
,2.0,0.807207352795575,"[17, 5, 14]",66,84,70,2,0,0
,2.09009009009009,0.8243966618688144,"[17, 5, 14, 26]",57,79,83,3,0,0
,2.0495495495495497,0.7915131135022021,"[5, 14, 17]",64,83,75,0,0,0
,2.0045045045045047,0.8210893754172298,"[14, 5]",62,85,71,4,0,0
,2.0675675675675675,0.778635790667876,"[14, 17, 5]",57,90,74,1,0,2
,2.063063063063063,0.8377872091227943,"[5, 14, 17]",59,78,81,4,0,0
,2.0495495495495497,0.7915131135022022,"[5, 17, 26, 14]",61,86,74,1,0,0
,2.112612612612613,0.7733826641317794,"[17, 14, 5]",55,87,80,0,0,2
,2.054054054054054,0.822069321843126,"[14, 5, 17, 26, 29]",54,87,76,5,0,0
,2.0495495495495497,0.7915131135022021,"[17, 14, 5]",61,86,74,1,0,2
,2.045045045045045,0.7889208780403245,"[14, 17, 5, 26]",61,87,73,1,0,1
,2.027027027027027,0.8288842138623563,"[17, 5, 14]",61,82,75,4,1,1
,2.0,0.8401680504168059,"[14, 5, 17, 29, 26]",66,78,74,4,0,1
,2.0945945945945947,0.793108077841898,"[5, 14, 29]",57,84,80,1,0,1
,2.018018018018018,0.7957122877791637,"[14, 5, 17]",59,91,69,3,0,1
,2.063063063063063,0.8431709088467276,"[17, 5, 14, 29]",57,79,81,5,0,1
,2.0675675675675675,0.8347283582492867,"[14, 5, 17, 26]",61,76,82,3,0,1
,2.112612612612613,0.7907402016127275,"[14, 5]",58,81,83,0,0,1
,2.0765765765765765,0.8393549510954819,"[5, 14, 26, 17]",64,71,85,2,0,1
,2.0135135135135136,0.8209900751144731,"[5, 14, 17]",58,88,71,5,1,0
,2.1171171171171173,0.7814447547802414,"[5, 17, 14]",56,84,82,0,0,1
,2.0135135135135136,0.8209900751144731,"[17, 14, 5, 29]",67,79,74,2,0,1
,1.981981981981982,0.8291300787311287,"[17, 14, 5]",66,82,70,4,0,1
,2.1531531531531534,0.7751595742672911,"[17, 5, 14]",52,84,86,0,0,1
,2.063063063063063,0.826914663226169,"[5, 14, 17, 26]",57,82,79,4,0,1
,1.9864864864864864,0.8264831983725527,"[14, 5, 17]",74,74,73,1,0,0
,2.0855855855855854,0.7941353870744925,"[5, 14, 17]",55,87,78,2,0,1
,1.9324324324324325,0.8183044120610503,"[17, 5, 14]",73,82,64,3,0,1
,2.0135135135135136,0.809892064367318,"[5, 14]",68,80,73,1,0,0
,1.9774774774774773,0.8152599657211406,"[17, 14, 26, 5, 29]",67,84,68,3,0,1
,2.130630630630631,0.8161595080539898,"[5, 14, 17, 26]",52,80,87,3,0,1
,1.945945945945946,0.788352286342648,"[17, 14, 29, 5]",72,87,62,1,0,2
,2.0675675675675675,0.8071694761865497,"[17, 14, 5]",59,83,78,2,0,2
,2.054054054054054,0.8384195198005503,"[14, 17, 4, 5]",60,78,80,4,0,0
,2.0495495495495497,0.7799958085365829,"[17, 14, 5, 26]",56,93,71,2,0,0
,1.9774774774774773,0.809690705116453,"[5, 14, 17]",69,83,68,2,0,1
,1.9054054054054053,0.8100430509578107,"[14, 29, 5, 17]",75,84,60,3,0,1
,2.009009009009009,0.7844125737718137,"[14, 17, 5, 26]",64,89,68,1,1,0
,1.963963963963964,0.8007680467893786,"[14, 5, 17]",69,86,65,2,0,1
,2.0315315315315314,0.8149598976316995,"[5, 14, 29, 17]",64,81,75,2,0,0
,1.9774774774774773,0.804082871473036,"[14, 17, 5]",68,85,67,2,0,0
,2.0855855855855854,0.7998129698620862,"[14, 5, 29]",59,82,80,1,0,1
,2.081081081081081,0.8031063574959482,"[5, 14]",57,84,79,2,0,1
,2.054054054054054,0.7709409874398377,"[14, 26, 17, 29, 5]",54,96,70,2,1,1
,2.063063063063063,0.7934035654851268,"[5, 14, 17]",60,85,76,1,1,1
,2.0945945945945947,0.7699489126659286,"[14, 17, 26, 5]",56,89,77,0,0,1
,2.126126126126126,0.8029032964667868,"[17, 5, 14]",47,88,83,4,0,1
,2.054054054054054,0.788352286342648,"[17, 26, 14, 5]",57,90,73,2,0,1
,2.018018018018018,0.8181424936680499,"[17, 14, 5]",66,80,74,2,0,0
,2.054054054054054,0.8275552813385176,"[14, 5, 29, 17]",64,76,80,2,0,1
,2.0405405405405403,0.7920279690635249,"[5, 14]",59,89,72,2,0,0
,2.0855855855855854,0.7998129698620862,"[14, 5, 17]",53,88,78,3,0,0
,2.063063063063063,0.826914663226169,"[5, 14, 17, 26]",57,82,79,4,0,1
,1.9864864864864864,0.8264831983725527,"[14, 5, 17]",74,74,73,1,0,0
,2.0855855855855854,0.7941353870744925,"[5, 14, 17]",55,87,78,2,0,1
,1.936936936936937,0.8158972439879524,"[17, 5, 14]",72,83,64,3,0,1
,2.0765765765765765,0.8500683980950068,"[5, 14]",66,67,87,2,0,0
,2.0855855855855854,0.8166089076336228,"[5, 29, 17, 14, 26]",56,82,81,3,0,1
,1.9954954954954955,0.775750973172324,"[14, 5, 26, 17]",64,92,65,1,0,2
,2.103603603603604,0.8033220535980014,"[14, 26, 5]",55,83,82,2,0,1
,2.0225225225225225,0.8096907051164532,"[14, 17, 5, 29, 26]",64,83,73,2,0,1
,2.099099099099099,0.8010734309154447,"[17, 14, 5]",58,81,82,1,0,1
,1.9594594594594597,0.820095831325323,"[17, 5, 14]",70,82,67,3,0,0
,2.0225225225225225,0.8371665943707141,"[5, 29, 26, 14, 17]",63,79,76,4,0,1
,2.0,0.7844645405527362,"[5, 14, 17]",68,86,68,0,1,1
,2.058558558558558,0.7965955238903089,"[17, 5, 14]",61,84,76,1,0,1
,2.0135135135135136,0.7756458685451881,"[17, 14, 26, 5]",59,95,66,2,0,2
,2.054054054054054,0.8165465058157807,"[14, 17, 5]",59,83,77,3,0,0
,2.018018018018018,0.8291300787311285,"[17, 5, 14]",68,76,76,2,0,0
,2.103603603603604,0.8033220535980014,"[14, 17, 5]",52,86,81,3,1,2
,1.981981981981982,0.8013786986677441,"[5, 14, 17]",70,83,68,1,0,0
,2.189189189189189,0.7730004245491627,"[5, 14, 17]",49,82,91,0,0,1
,2.063063063063063,0.8103323632877316,"[5, 14]",63,79,79,1,0,1
,2.063063063063063,0.8323686887516281,"[5, 17, 26, 14]",61,77,81,3,0,0
,2.081081081081081,0.8031063574959483,"[5, 17, 14]",60,81,80,1,0,1
,2.0405405405405403,0.8310575913066944,"[14, 5, 17]",57,84,76,5,0,0
,1.9594594594594597,0.7862941752443776,"[5, 14, 17]",67,91,62,2,0,1
,2.171171171171171,0.7944818041237256,"[14, 5, 17, 29]",45,85,89,3,0,0
,2.0405405405405403,0.8033727972057582,"[17, 5, 26, 14]",61,85,74,2,0,1
,2.058558558558558,0.779368402884738,"[5, 17, 14]",61,87,74,0,0,1
,2.054054054054054,0.8165465058157807,"[17, 5, 14]",62,80,78,2,0,1
,1.972972972972973,0.8011243169520794,"[14, 5, 17]",71,83,67,1,0,1
,2.0135135135135136,0.7986398490019414,"[17, 5, 14]",63,87,70,2,0,1
,2.063063063063063,0.7990863479500622,"[5, 29, 14, 17, 26]",58,86,76,2,0,1
,2.027027027027027,0.817893325855459,"[14, 17, 5]",68,77,76,1,0,2
,2.135135135135135,0.8014295653216827,"[5, 17, 14]",52,82,86,2,0,0
,2.1171171171171173,0.7756327294653674,"[14, 5, 17]",52,89,80,1,0,1
,2.036036036036036,0.823060483671462,"[5, 17, 26, 14]",56,87,74,5,0,1
,2.063063063063063,0.804729001115173,"[14, 5, 17]",59,84,77,2,0,1
,2.058558558558558,0.7676689129460662,"[17, 5, 14]",56,94,71,1,0,1
,2.0855855855855854,0.7651157717794568,"[17, 14, 5]",56,91,75,0,0,1
,2.072072072072072,0.8095774185289925,"[14, 17, 5]",59,82,79,2,0,1
,2.0495495495495497,0.7623936909941408,"[14, 5]",59,93,70,0,1,1
,2.121621621621621,0.8120033218180283,"[5, 14, 17, 29]",55,79,86,2,0,1
,2.081081081081081,0.8523073302813456,"[26, 17, 5, 14]",57,75,85,5,0,0
,2.126126126126126,0.8029032964667868,"[14, 17, 5, 26]",53,82,85,2,0,0
,1.9954954954954955,0.7930566774479463,"[5, 14, 17]",67,86,68,1,0,1
,2.121621621621621,0.8120033218180284,"[5, 14, 17]",58,76,87,1,0,1
,2.045045045045045,0.817095478255875,"[14, 5, 17]",63,80,77,2,0,1
,2.171171171171171,0.7713638843380377,"[5, 14, 17]",50,84,88,0,0,2
,1.9954954954954955,0.8374587056625687,"[5, 17, 14, 29]",63,82,72,5,0,0
,2.045045045045045,0.8003097521080377,"[5, 17, 14]",66,80,76,0,0,2
,2.1171171171171173,0.8098794808808484,"[14, 17, 5]",46,89,82,5,0,1
,2.0855855855855854,0.8166089076336227,"[14, 17, 5]",53,85,80,4,0,1
,1.9684684684684688,0.8093885723138262,"[5, 17, 14]",73,80,68,1,0,0
,2.09009009009009,0.7792507080877089,"[5, 17, 14]",58,86,78,0,0,2
,2.0225225225225225,0.8152599657211407,"[5, 17, 14]",62,84,73,3,0,0
,2.0315315315315314,0.8037786307414235,"[5, 29, 14]",62,85,73,2,0,1
,2.054054054054054,0.7997492575132485,"[5, 17, 14]",59,86,75,2,0,0
,1.981981981981982,0.7667523564648956,"[17, 14, 5]",67,92,63,0,0,1
,2.135135135135135,0.8507275192284579,"[17, 5, 26, 14]",55,70,93,4,0,1
,2.063063063063063,0.7934035654851268,"[5, 14, 17]",54,91,74,3,1,2
,2.072072072072072,0.7983207682885088,"[14, 5, 26]",60,83,78,1,0,0
,2.135135135135135,0.7957635166404936,"[17, 14, 5]",54,81,86,1,0,2
,1.9504504504504503,0.8028652168061973,"[17, 14, 26, 5]",68,88,63,3,0,1
,2.0225225225225225,0.8152599657211406,"[5, 17, 14, 26]",68,78,75,1,1,1
,2.09009009009009,0.7734221953755526,"[14, 17, 5]",57,88,77,0,0,1
,1.9954954954954955,0.775750973172324,"[14, 17, 5]",67,89,66,0,0,1
,2.063063063063063,0.7643561662904483,"[17, 5, 26, 14]",58,92,72,0,0,1
,2.009009009009009,0.7958659644705466,"[17, 5, 14, 29]",66,85,70,1,0,1
,2.135135135135135,0.7900568338166495,"[17, 5, 14]",44,92,82,4,0,0
,2.063063063063063,0.826914663226169,"[5, 14, 17, 26]",57,82,79,4,0,1
,1.954954954954955,0.8059438399013202,"[17, 5, 14]",74,81,66,1,0,1
,2.1036036036036037,0.7687832459562145,"[14, 26, 17, 5]",55,89,78,0,0,2
,2.054054054054054,0.822069321843126,"[14, 5, 17]",66,75,80,1,0,0
,2.009009009009009,0.7958659644705466,"[17, 5, 14]",66,85,70,1,0,1
,2.027027027027027,0.7897471897389846,"[14, 17, 5, 26, 29]",63,87,71,1,0,0
,2.0495495495495497,0.7623936909941407,"[5, 17, 14]",56,96,69,1,0,0
,2.130630630630631,0.8049949037575448,"[17, 14, 5]",56,78,87,1,0,0
,2.063063063063063,0.7934035654851268,"[14, 5, 17]",60,85,76,1,0,0
,2.0315315315315314,0.8368743811173183,"[5, 14, 17, 26]",68,73,79,2,0,2
,2.0765765765765765,0.7541685007965111,"[14, 17, 5]",55,95,72,0,0,1
,2.0315315315315314,0.8093885723138262,"[5, 17, 14]",60,86,73,3,0,1
,2.0675675675675675,0.8508353268009726,"[14, 5]",61,73,84,4,0,1
,2.0495495495495497,0.7857755627978602,"[14, 26, 17, 5]",63,85,74,0,0,2
,1.954954954954955,0.8059438399013202,"[14, 17, 5]",71,84,65,2,0,0
,2.0945945945945947,0.8044376735641999,"[14, 5, 17]",59,80,82,1,0,0
,2.0225225225225225,0.7754356165524269,"[17, 14, 5, 29, 26]",61,92,68,1,0,0
,2.027027027027027,0.8397312590951516,"[5, 14, 17, 26]",69,72,79,2,0,0
,2.018018018018018,0.8236546082558096,"[5, 17, 26, 14]",61,84,73,4,0,1
,1.9954954954954955,0.8043869971326539,"[17, 5, 14]",63,88,68,3,0,0
,2.0495495495495497,0.7972093718726632,"[17, 5, 14]",62,84,75,1,0,0
,2.1171171171171173,0.7814447547802414,"[14, 5, 17]",56,84,82,0,0,1
,1.9684684684684686,0.7867088190490745,"[14, 5, 26]",66,91,63,2,0,1
,2.108108108108108,0.7532896344219971,"[14, 5, 17, 26]",49,97,75,1,0,0
,2.063063063063063,0.8158972439879524,"[17, 4, 14, 5]",61,80,79,2,0,1
,2.0765765765765765,0.8063610180276339,"[5, 14, 17]",58,83,79,2,0,1
,2.0765765765765765,0.7777976746020018,"[5, 17, 14]",56,90,75,1,0,0
