Mean,Std,Problems_nonattribue,Problems_pasassez,Problems_tropnombreux,TMnonouverts,NbEnvie1,NbEnvie2,NbEnvie3
2.310810810810811,0.771535619990595,2,2,2,"[14, 17, 5, 29]",36,75,109
2.324324324324324,0.732715301697939,3,1,1,"[14, 5]",26,89,104
2.31981981981982,0.7795253016387538,3,3,1,"[5, 14, 17]",34,74,111
2.3063063063063063,0.7404632620214789,3,1,1,"[5, 29, 14, 26]",28,89,102
2.3378378378378377,0.7834895898385308,5,2,1,"[17, 5, 14, 10, 21]",28,76,113
2.3378378378378377,0.7171530004630337,1,1,2,"[14, 5]",29,86,106
2.3063063063063063,0.799239375881876,3,0,1,"[5, 14]",38,69,112
2.315315315315315,0.7366548088258095,1,1,1,"[14, 17, 5, 10]",33,83,105
2.3783783783783785,0.7676025325890851,4,1,2,"[5, 17, 14]",27,72,119
2.2432432432432434,0.7695119945756327,4,0,1,"[14, 5, 28]",33,90,95
2.333333333333333,0.70976808822661,3,3,3,"[14, 5]",22,95,102
2.2927927927927927,0.7367793080197771,1,0,1,"[14, 5, 32]",34,86,101
2.2882882882882885,0.7889208780403245,5,3,2,"[14, 17, 5]",31,81,105
2.315315315315315,0.8013786986677441,5,1,3,"[14, 5, 29]",32,73,112
2.333333333333333,0.728642614957309,1,0,1,"[5, 14, 29, 17]",31,83,107
2.328828828828829,0.7639960895623062,2,1,2,"[17, 14, 5, 10]",34,75,111
2.310810810810811,0.777378277719366,6,0,1,"[1, 14, 5]",25,85,106
2.2882882882882885,0.7537224351669386,3,1,1,"[5, 14, 1]",31,87,101
2.2927927927927927,0.7668719694345218,1,2,2,"[14, 5]",39,76,106
2.279279279279279,0.7748439769518009,4,2,1,"[5, 14, 17, 1]",32,84,102
2.427927927927928,0.7255730980224996,4,2,1,"[14, 5, 8, 17]",19,77,122
2.391891891891892,0.7084027199263986,3,0,1,"[14, 32, 5]",20,86,113
2.2927927927927927,0.8014931440993858,4,0,2,"[14, 17, 1, 5, 29]",36,73,109
2.373873873873874,0.7489614784736355,6,0,1,"[5, 10, 26, 8, 14]",18,85,113
2.364864864864865,0.7227584976389123,3,0,2,"[14, 5, 17, 26]",23,86,110
2.3018018018018016,0.820493393333259,4,0,1,"[14, 5, 8, 17]",39,65,114
2.3423423423423424,0.8015312889452848,2,2,2,"[14, 17, 5]",40,60,120
2.2882882882882885,0.7293136597180636,2,0,3,"[14, 5, 8, 1]",30,92,98
2.2882882882882885,0.8389541796837426,5,0,1,"[14, 5]",40,63,114
2.283783783783784,0.7584266329473793,2,1,0,"[14, 5]",35,83,102
2.3378378378378377,0.7480356240523658,3,2,1,"[17, 14, 5]",28,82,109
2.31981981981982,0.666906116551033,0,1,2,"[14, 5, 17]",25,101,96
2.265765765765766,0.8108981106101061,1,0,3,"[5, 14, 26, 29]",48,64,109
2.324324324324324,0.751013338502899,1,1,1,"[29, 14, 5, 17]",35,77,109
2.283783783783784,0.8047416651380415,3,2,2,"[5, 14, 10, 17]",40,70,109
2.2972972972972974,0.8138461792759574,5,1,3,"[5, 14, 1]",35,71,111
2.2972972972972974,0.7501987018182961,4,0,1,"[14, 17, 5, 8, 26, 10]",27,90,101
2.265765765765766,0.7590176427397027,3,0,2,"[14, 5, 17]",33,88,98
2.40990990990991,0.7777976746020018,6,0,1,"[5, 14, 17, 29, 26, 8]",22,69,125
2.3513513513513518,0.6879525481985123,1,2,2,"[14, 5, 1, 17]",24,93,104
2.3018018018018016,0.7574047116247091,2,0,2,"[5, 17, 14]",34,81,105
2.2522522522522523,0.8068537686310826,3,1,3,"[5, 10, 14]",42,73,104
2.220720720720721,0.8077248217762689,5,2,1,"[14, 5, 17]",38,82,97
2.3018018018018016,0.7692603231043579,3,1,1,"[5, 14, 17]",33,80,106
2.328828828828829,0.7275928685278319,5,3,1,"[5, 14, 10]",19,96,102
2.328828828828829,0.6958035021141229,0,0,1,"[5, 8, 14, 17]",29,91,102
2.315315315315315,0.7667523564648956,3,0,2,"[14, 17, 5, 26, 10]",32,79,108
2.2882882882882885,0.7831643365554005,4,2,2,"[5, 14]",33,80,105
2.315315315315315,0.7784656213705153,3,1,2,"[5, 14]",34,75,110
2.45945945945946,0.7584669436988465,5,0,2,"[5, 14, 17]",21,63,133
2.445945945945946,0.6755301298542918,1,3,1,"[5, 14]",20,80,121
2.283783783783784,0.8047416651380414,4,1,2,"[5, 14, 17, 8]",37,73,108
2.315315315315315,0.8125929892570568,5,2,1,"[14, 5]",34,69,114
2.328828828828829,0.809992725221495,6,1,1,"[5, 14, 17]",30,71,115
2.2432432432432434,0.7516644121739436,1,1,1,"[14, 5, 17]",39,87,95
2.2927927927927927,0.7054040543885619,1,1,1,"[5, 14, 1]",29,96,96
2.315315315315315,0.7842566527683643,4,1,1,"[14, 5, 10, 26]",32,76,110
2.355855855855856,0.7517321999192386,2,3,2,"[14, 17, 29, 5]",31,75,114
2.40990990990991,0.7541685007965109,4,0,4,"[5, 14, 29, 8]",24,71,123
2.279279279279279,0.7012744851701147,0,0,1,"[5, 29, 14, 17, 8]",32,96,94
2.283783783783784,0.7217425545372547,1,2,1,"[14, 5, 29]",32,92,97
2.31981981981982,0.7191397349183459,2,1,1,"[5, 14, 17]",27,91,102
2.2882882882882885,0.7773651679208455,5,1,1,"[14, 5, 32]",29,85,103
2.333333333333333,0.7590579221048323,2,0,2,"[1, 5, 14, 26]",33,76,111
2.346846846846846,0.7499405490548631,4,2,2,"[14, 5, 8, 1]",25,83,110
2.436936936936937,0.7448681656778928,4,2,3,"[5, 14, 10, 8]",22,69,127
2.2927927927927927,0.8014931440993859,4,0,3,"[5, 14]",36,73,109
2.2882882882882885,0.7293136597180637,4,1,2,"[5, 14, 8]",24,98,96
2.373873873873874,0.6725667336179664,0,0,1,"[5, 32, 14, 26, 17]",24,91,107
2.2972972972972974,0.7855550488309482,5,1,1,"[5, 17, 14, 29]",30,81,106
2.333333333333333,0.7590579221048323,2,1,3,"[17, 5, 14]",33,76,111
2.414414414414414,0.7841007007595109,7,1,1,"[5, 8, 14, 29]",20,69,126
2.315315315315315,0.7667523564648956,1,0,1,"[14, 5]",38,73,110
2.2927927927927927,0.8014931440993859,6,0,1,"[14, 26, 5, 1, 8]",30,79,107
2.279279279279279,0.8035123256035115,4,0,1,"[5, 14, 17]",37,74,107
2.225225225225225,0.7980143307741971,4,1,1,"[14, 5, 28]",39,82,97
2.202702702702702,0.8012387987184894,6,1,1,"[5, 28, 14, 10, 17]",35,89,92
2.2927927927927927,0.8127058554911679,5,1,2,"[14, 5, 1, 17]",35,72,110
2.274774774774775,0.6998343008109691,1,1,1,"[14, 5, 1]",29,100,92
2.2432432432432434,0.7395267682900248,2,3,1,"[17, 14, 5, 25]",34,94,92
2.346846846846846,0.731615681795942,4,0,1,"[14, 5, 10, 17, 8]",22,89,107
2.36036036036036,0.799239375881876,7,0,1,"[5, 14, 10]",24,73,118
2.3378378378378377,0.7480356240523659,5,0,1,"[14, 17, 26, 1, 5]",22,88,107
2.256756756756757,0.8138086116539338,6,0,0,"[14, 17, 5, 8]",34,79,103
2.3423423423423424,0.724434502446398,2,0,1,"[14, 17, 5]",27,86,107
2.310810810810811,0.6976173219225555,0,2,1,"[5, 17, 14]",30,93,99
2.346846846846846,0.7064434944332892,1,0,1,"[14, 5, 26, 10]",27,88,106
2.373873873873874,0.7054040543885619,3,2,1,"[5, 14, 17, 8]",20,90,109
2.369369369369369,0.7836326585153965,6,0,1,"[14, 28, 5, 8]",24,74,118
2.4324324324324325,0.750524662599186,3,3,1,"[14, 5, 17, 4]",26,65,128
2.328828828828829,0.7520574960434763,1,1,2,"[5, 14]",35,76,110
2.2882882882882885,0.7831643365554004,2,1,2,"[17, 8, 14, 26, 5]",39,74,107
2.3873873873873874,0.7140626380520981,2,1,1,"[5, 14]",24,82,114
2.310810810810811,0.7168118645177177,3,1,1,"[5, 14, 29, 32]",24,96,99
2.2927927927927927,0.7489614784736354,3,2,1,"[14, 5]",30,88,101
2.328828828828829,0.7275928685278319,3,2,1,"[5, 14, 29, 1]",25,90,104
2.2927927927927927,0.7785834348454213,2,0,2,"[14, 5, 3, 17, 8]",38,75,107
2.274774774774775,0.819001540721811,4,1,2,"[29, 5, 14]",40,69,109
2.3423423423423424,0.790160021544356,7,3,1,"[5, 14, 26]",23,79,113
2.283783783783784,0.7584266329473793,3,1,1,"[14, 5]",32,86,101
2.2927927927927927,0.8071189712762147,4,1,1,"[14, 17, 15, 5, 26]",37,71,110
2.355855855855856,0.7517321999192387,2,0,2,"[14, 5, 8]",31,75,114
2.324324324324324,0.7202584021245357,2,2,2,"[5, 14]",27,90,103
2.2972972972972974,0.768080343113157,3,3,1,"[14, 5]",33,81,105
2.265765765765766,0.7825004006470281,3,2,1,"[5, 14]",37,80,102
2.3873873873873874,0.6947921486278852,0,1,1,"[14, 17, 10, 5]",27,82,113
2.2882882882882885,0.7040591731017579,1,1,1,"[5, 14, 26]",29,97,95
2.3378378378378377,0.6782402107949626,2,1,1,"[14, 5]",20,101,99
2.3063063063063063,0.6898461077358056,0,0,2,"[5, 14]",29,96,97
2.2432432432432434,0.7695119945756327,6,1,0,"[5, 14, 17, 26]",27,96,93
2.328828828828829,0.746016557188597,2,2,1,"[5, 14]",31,81,108
2.3513513513513518,0.7386994643412673,1,1,2,"[14, 5]",32,77,112
2.3828828828828827,0.7623936909941408,5,2,1,"[14, 17, 5]",23,76,118
2.2882882882882885,0.7293136597180637,3,2,1,"[14, 5, 26, 17]",27,95,97
2.22972972972973,0.7408072635554934,2,2,1,"[14, 5, 17]",35,95,90
2.3783783783783785,0.7965315541869374,4,0,2,"[14, 5, 8]",32,62,124
2.2882882882882885,0.741618474528964,3,2,1,"[14, 5]",29,91,99
2.3963963963963963,0.6896688073839196,2,0,2,"[1, 14, 8, 26, 5]",20,88,112
2.31981981981982,0.8516494318195249,5,2,3,"[5, 17, 14]",41,54,122
2.2387387387387387,0.7738569057772996,3,0,1,"[5, 14, 17]",37,86,96
2.3018018018018016,0.7924396126678963,4,0,3,"[5, 8, 17, 14]",34,75,109
2.355855855855856,0.7812491082706583,4,1,2,"[5, 14, 1, 29, 17]",30,71,117
2.3018018018018016,0.7514067629690677,3,2,1,"[14, 5]",30,86,103
2.2927927927927927,0.8014931440993858,3,1,2,"[14, 5]",39,70,110
2.324324324324324,0.8090233446358832,5,1,2,"[5, 14]",33,69,115
2.36036036036036,0.8325155989493453,8,0,1,"[5, 14]",27,64,123
2.144144144144144,0.8166463464355603,3,0,1,"[5, 17, 14, 28, 10]",51,79,89
2.27027027027027,0.783840711793592,2,2,2,"[14, 10, 5]",40,76,104
2.324324324324324,0.751013338502899,4,1,1,"[17, 5, 15, 14]",26,86,106
2.2387387387387387,0.8193001285636816,4,0,2,"[5, 10, 8, 17, 14, 1, 26]",42,73,103
2.2612612612612613,0.7516101775757871,3,0,1,"[5, 14]",32,91,96
2.3018018018018016,0.8582294709418448,7,0,1,"[14, 5, 17]",37,60,118
2.310810810810811,0.7597155160999145,4,1,1,"[14, 5, 17]",28,85,105
2.3423423423423424,0.7429365178813924,3,1,2,"[5, 14]",27,83,109
2.346846846846846,0.773698857527484,2,1,1,"[5, 14, 8, 17]",35,69,116
2.3783783783783785,0.8021921780789901,7,0,1,"[5, 26, 14, 10, 17]",24,69,122
2.315315315315315,0.760828103048786,1,1,3,"[5, 14, 26]",37,75,109
2.2432432432432434,0.6888408023427759,0,1,1,"[14, 5, 17, 10, 28]",32,104,86
2.274774774774775,0.7497774594083413,2,0,1,"[5, 14]",34,87,99
2.373873873873874,0.7367793080197771,2,0,2,"[5, 17, 8, 14, 1]",28,77,115
2.3828828828828827,0.8084814964567331,9,1,2,"[5, 14, 29, 17]",19,72,122
2.279279279279279,0.763075121535993,3,0,1,"[5, 14, 8, 10, 26]",33,85,101
2.2882882882882885,0.6910859365646351,0,0,1,"[5, 14, 8, 17]",30,98,94
2.2927927927927927,0.8127058554911679,5,1,2,"[5, 29, 14, 26, 8]",35,72,110
2.310810810810811,0.81155137188219,9,0,1,"[14, 5, 26, 8]",22,82,109
2.364864864864865,0.7653288588566685,3,1,2,"[14, 17, 5, 1]",30,72,117
2.328828828828829,0.7337854973275332,4,1,1,"[5, 17, 14, 8]",23,91,104
2.315315315315315,0.7304865047422393,0,0,1,"[14, 8, 5, 26]",35,82,105
2.36036036036036,0.7281389255438672,2,1,1,"[14, 5, 17, 29]",27,82,111
2.2972972972972974,0.7501987018182961,0,2,1,"[5, 14]",39,78,105
2.40990990990991,0.7719581911351321,6,0,1,"[5, 14]",21,71,124
2.328828828828829,0.7399263002785286,2,0,1,"[5, 14]",30,83,107
2.364864864864865,0.7943406894885411,4,0,1,"[5, 14, 17]",32,65,121
2.3378378378378377,0.7949562786069817,7,4,1,"[14, 5]",24,78,113
2.256756756756757,0.8026113062315975,6,0,1,"[5, 17, 8, 14]",32,83,101
2.324324324324324,0.7629682707167986,6,1,1,"[14, 5]",22,88,106
2.3873873873873874,0.7571220954056976,4,0,2,"[5, 1, 14, 8]",25,74,119
2.328828828828829,0.7930566774479464,3,1,1,"[14, 17, 5]",36,68,115
2.36036036036036,0.8048809562386892,7,1,1,"[5, 14, 10]",25,71,119
2.3783783783783785,0.7557209144425375,5,3,1,"[14, 5, 32]",22,79,116
2.283783783783784,0.7026827120137464,1,0,1,"[17, 5, 8, 14]",29,98,94
2.2927927927927927,0.8292406941392827,7,1,1,"[17, 5, 14]",32,72,111
2.3423423423423424,0.8182919579375431,3,1,2,"[14, 5]",40,57,122
2.283783783783784,0.7702665156134019,3,1,1,"[26, 14, 5]",34,82,103
2.2522522522522523,0.7783085089962077,4,1,2,"[17, 14, 1, 5]",34,86,98
2.31981981981982,0.773698857527484,3,1,2,"[14, 5, 17, 10, 29]",33,76,110
2.31981981981982,0.7377745452408868,2,1,3,"[5, 17, 14, 8]",30,85,105
2.328828828828829,0.6624904865550884,0,1,2,"[14, 5]",24,101,97
2.2882882882882885,0.7354918000950192,2,0,2,"[5, 17, 14]",31,90,99
2.2927927927927927,0.7243922978709737,2,0,0,"[5, 14, 26]",29,93,98
2.2882882882882885,0.7831643365554004,6,1,1,"[5, 17, 32, 14]",27,86,103
2.346846846846846,0.7910494569913453,5,0,1,"[5, 8, 28, 14, 17]",29,72,116
2.27027027027027,0.7423327051770603,3,0,1,"[5, 14, 8, 1, 17]",30,93,96
2.36036036036036,0.8104832678540396,3,2,2,"[26, 14, 5]",38,57,124
2.369369369369369,0.7950972839868216,3,0,2,"[14, 17, 8, 5, 26]",35,61,123
2.333333333333333,0.8220197323801436,7,1,1,"[14, 26, 5, 17, 10]",29,69,117
2.27027027027027,0.7780465845368315,4,0,2,"[14, 32, 17, 10, 5]",33,84,101
2.2927927927927927,0.8127058554911679,6,2,2,"[5, 17, 3, 29, 14]",32,75,109
2.31981981981982,0.7559501312073209,4,0,3,"[14, 5, 1, 8, 26]",27,85,106
2.2927927927927927,0.8400831365572765,7,1,2,"[14, 29, 5, 17]",34,68,113
2.265765765765766,0.7409173103141583,1,0,1,"[5, 1, 14]",36,88,97
2.40990990990991,0.8063610180276339,5,1,2,"[5, 14, 26, 29]",30,56,131
2.3063063063063063,0.7465491384759247,1,1,2,"[8, 29, 17, 14, 5]",35,81,105
2.31981981981982,0.7316156817959423,3,0,1,"[14, 5, 26, 17, 8, 10]",26,90,103
2.283783783783784,0.7702665156134018,5,1,2,"[14, 5, 10, 8]",28,88,101
2.31981981981982,0.7064434944332892,0,0,3,"[14, 5]",31,89,102
2.328828828828829,0.6826733963199139,1,1,1,"[14, 5, 26, 17]",24,98,99
2.346846846846846,0.731615681795942,3,0,1,"[14, 17, 5, 26]",25,86,108
2.2117117117117115,0.781718577630944,3,1,2,"[14, 17, 5]",40,86,93
2.3018018018018016,0.7206686163954776,3,2,2,"[5, 14, 17]",25,96,98
2.324324324324324,0.7075822343160385,1,0,1,"[5, 29, 26, 14, 8]",28,91,102
2.265765765765766,0.7882617907576236,4,0,2,"[5, 1, 14]",35,81,102
2.3828828828828827,0.7741729054797652,6,1,1,"[14, 17, 5]",22,75,119
2.355855855855856,0.7812491082706583,5,0,2,"[5, 26, 14]",27,74,116
2.2882882882882885,0.741618474528964,1,0,1,"[14, 5, 1]",35,85,101
2.4504504504504503,0.7519355264883228,4,2,1,"[14, 5, 8, 17]",23,64,131
2.3513513513513518,0.7137771386052166,2,2,2,"[14, 5]",25,88,107
2.3018018018018016,0.6951001076354022,2,1,1,"[14, 5, 25, 8]",24,101,95
2.310810810810811,0.7831773492802152,4,0,1,"[14, 5, 3, 29, 17, 1]",32,77,109
2.333333333333333,0.7883005758518677,4,2,1,"[5, 14, 17]",32,72,114
2.333333333333333,0.7286426149573089,1,0,2,"[5, 14]",31,83,107
2.3873873873873874,0.7921694956797131,7,3,1,"[14, 5, 32, 29, 17]",22,71,122
2.315315315315315,0.7900052348985384,2,3,2,"[14, 5, 17, 32]",39,68,113
2.2927927927927927,0.7054040543885619,2,1,1,"[5, 14, 17]",26,99,95
2.3513513513513518,0.8088721677038644,6,0,1,"[14, 5, 10]",29,68,119
2.265765765765766,0.8543734170936551,10,1,1,"[14, 17, 5, 26]",29,75,108
2.2387387387387387,0.7969025069867962,5,0,2,"[14, 5, 1, 17]",35,84,98
2.414414414414414,0.7898504179192488,7,1,1,"[14, 17, 5]",21,67,127
2.369369369369369,0.8119907710498862,5,1,1,"[17, 5, 1, 14]",32,61,124
2.400900900900901,0.7882617907576236,6,1,2,"[14, 5, 17]",24,67,125
2.274774774774775,0.7617517877551316,3,1,3,"[14, 17, 32, 5, 1, 29]",33,86,100
2.2882882882882885,0.7537224351669387,2,1,2,"[5, 14, 29]",34,84,102
2.333333333333333,0.7348263972446017,4,2,1,"[14, 5]",23,90,105
2.328828828828829,0.7337854973275331,4,1,1,"[17, 5, 1, 14, 29]",23,91,104
2.3378378378378377,0.7600373953712571,2,2,2,"[5, 14, 26]",33,75,112
2.2882882882882885,0.7230827341983069,1,0,1,"[5, 14, 17, 8]",32,91,98
2.3513513513513518,0.7687169618242827,4,2,2,"[5, 14, 17]",28,76,114
2.3783783783783785,0.7497094949180043,2,1,2,"[17, 5, 14, 8]",30,72,118
2.3423423423423424,0.7550193488335517,3,1,0,"[5, 17, 10, 26, 29, 14]",29,79,111
2.265765765765766,0.6837473926255673,1,1,1,"[10, 14, 17, 5]",27,106,88
2.2522522522522523,0.7783085089962077,3,1,1,"[14, 5, 29, 17]",37,83,99
2.256756756756757,0.7501579467618045,1,1,2,"[14, 17, 5]",38,86,97
2.391891891891892,0.7637292566086653,4,0,2,"[5, 14, 8, 10]",26,71,121
2.3378378378378377,0.7834895898385308,4,2,1,"[5, 17, 14]",31,73,114
2.310810810810811,0.7715356199905951,4,1,1,"[14, 5]",30,81,107
2.265765765765766,0.7469994876027846,4,1,1,"[14, 5]",28,95,95
2.247747747747748,0.7349512061677246,3,1,1,"[17, 5, 14]",30,98,91
2.279279279279279,0.7748439769518009,3,0,1,"[5, 17, 15, 14, 29]",35,81,103
2.328828828828829,0.7639960895623064,5,0,1,"[26, 14, 8, 5]",25,84,108
2.3423423423423424,0.7054473949684639,1,1,1,"[5, 14]",27,89,105
2.3018018018018016,0.7692603231043579,4,0,1,"[14, 5, 1, 28]",30,83,105
2.3783783783783785,0.6867070621550707,1,2,2,"[5, 14, 17, 26, 10]",23,89,109
2.247747747747748,0.8330662814527707,6,1,0,"[5, 17, 14, 32]",38,73,105
2.355855855855856,0.775435616552427,3,1,1,"[26, 14, 5]",32,70,117
2.3963963963963963,0.8485204507146973,10,3,2,"[5, 14, 26]",23,58,131
2.2882882882882885,0.7889208780403246,5,0,0,"[14, 17, 26, 5]",31,81,105
2.265765765765766,0.7469994876027846,3,0,2,"[10, 14, 29, 26, 5]",31,92,96
2.256756756756757,0.8303214905499385,8,1,2,"[14, 26, 5, 17]",31,79,104
2.3783783783783785,0.8189393212186618,6,1,1,"[5, 17, 14]",30,60,126
2.279279279279279,0.8366186107962815,4,2,3,"[5, 14, 8]",43,62,113
2.2522522522522523,0.7426072263599132,4,1,0,"[5, 14, 17, 26]",28,98,92
2.1981981981981984,0.7707294519749036,5,0,1,"[17, 5, 14, 8]",33,97,87
2.328828828828829,0.7275928685278319,0,1,2,"[14, 5]",34,81,107
2.3963963963963963,0.696198849204747,1,3,1,"[14, 5]",24,83,114
2.256756756756757,0.6871966294542816,2,0,1,"[14, 15, 28, 5]",25,109,86
2.36036036036036,0.6698793406959735,0,1,1,"[5, 14]",24,94,104
2.2117117117117115,0.8429895882664054,8,0,1,"[5, 14, 3]",36,79,99
2.3378378378378377,0.735838125772306,1,1,2,"[14, 5]",32,80,109
2.310810810810811,0.8003224860595586,6,2,2,"[5, 14, 17]",29,77,110
2.324324324324324,0.7805574311910369,3,0,1,"[14, 5, 10, 1]",34,73,112
2.477477477477477,0.7099403690062563,2,2,2,"[14, 5, 26]",22,66,132
2.283783783783784,0.7819271402033077,6,1,1,"[14, 5, 17, 21]",27,87,102
2.3513513513513518,0.7861775172715919,4,0,2,"[14, 5, 10, 17]",31,70,117
2.373873873873874,0.6658049544828308,1,2,2,"[14, 5, 17, 29]",20,96,105
2.2612612612612613,0.8151474531320841,6,2,1,"[5, 29, 14, 26]",34,78,104
2.31981981981982,0.7499405490548632,3,1,2,"[5, 14, 1]",29,84,106
2.2972972972972974,0.7621664120919847,2,1,3,"[5, 10, 14, 29]",35,80,105
2.2882882882882885,0.7293136597180636,1,2,2,"[5, 14, 17]",33,89,99
2.283783783783784,0.7643694992080432,2,0,2,"[5, 14]",36,81,103
2.3018018018018016,0.7692603231043579,2,1,2,"[14, 5, 17, 1, 26]",36,77,107
2.3018018018018016,0.7206686163954777,1,0,1,"[14, 1, 5]",31,90,100
2.2522522522522523,0.8715562454724617,8,1,2,"[14, 5, 29]",39,64,111
2.2432432432432434,0.7983718297723493,5,2,2,"[5, 10, 14, 29, 17]",35,83,99
2.265765765765766,0.7530325412852215,4,1,1,"[17, 5, 14]",29,93,96
2.333333333333333,0.7409585736349484,4,1,1,"[10, 5, 14]",24,88,106
2.400900900900901,0.728600654139052,2,2,2,"[5, 14]",26,75,119
2.279279279279279,0.6947921486278852,1,0,1,"[5, 14]",28,101,92
2.2612612612612613,0.7983207682885088,5,1,2,"[14, 8, 17, 10, 5]",34,81,102
2.355855855855856,0.8040828714730361,7,2,2,"[14, 5, 17]",25,72,118
2.3828828828828827,0.797209371872663,6,1,1,"[5, 1, 14]",26,67,123
2.3018018018018016,0.8476191817566463,8,1,2,"[14, 32, 5, 29]",32,67,115
2.463963963963964,0.7220249043464034,3,1,2,"[5, 14]",21,68,130
2.315315315315315,0.7548573564807843,3,0,1,"[5, 10, 14]",30,83,106
2.265765765765766,0.7882617907576236,6,1,1,"[14, 8, 17, 5]",29,87,100
2.414414414414414,0.7178205887402079,3,0,2,"[5, 14, 17, 8]",21,79,119
2.414414414414414,0.7486756750406809,3,2,3,"[17, 29, 4, 14, 8, 5]",26,69,124
2.328828828828829,0.7337854973275331,2,0,1,"[14, 17, 26, 5]",29,85,106
2.3018018018018016,0.745360550123225,3,0,1,"[3, 5, 14]",29,88,102
2.328828828828829,0.809992725221495,6,1,1,"[5, 14, 17]",30,71,115
2.324324324324324,0.7570144043312029,3,1,2,"[5, 14, 29, 26]",30,81,108
2.328828828828829,0.7150467361097781,1,1,1,"[14, 17, 29, 5]",29,88,104
2.333333333333333,0.716114874039433,3,2,1,"[32, 5, 14, 17]",23,93,103
2.27027027027027,0.8066011136167056,3,1,3,"[14, 5, 29, 28]",41,71,107
2.22972972972973,0.7408072635554934,2,0,2,"[5, 14, 1]",35,95,90
2.333333333333333,0.7940198811390319,5,0,2,"[1, 14, 5, 8, 17]",30,73,114
2.355855855855856,0.7517321999192387,2,2,1,"[14, 5, 17]",31,75,114
2.283783783783784,0.874789235434843,10,1,1,"[14, 5, 26]",32,65,115
2.31981981981982,0.8246562228833534,5,1,2,"[14, 5, 10]",36,64,117
2.3783783783783785,0.7375396797860417,1,1,1,"[14, 5, 17]",31,73,117
2.2927927927927927,0.7609486472481084,2,1,1,"[5, 14, 17]",35,81,104
2.2072072072072078,0.7196922056671501,2,1,1,"[14, 5, 10]",33,104,83
2.283783783783784,0.7217425545372547,4,1,1,"[14, 17, 8, 5]",23,101,94
2.36036036036036,0.7281389255438672,3,0,2,"[14, 5, 26, 8, 17, 1]",24,85,110
2.247747747747748,0.7884169196867213,4,0,2,"[1, 17, 5, 14]",36,83,99
2.527027027027027,0.6903924971863555,2,1,1,"[14, 5, 17, 26]",19,61,140
2.22972972972973,0.7346738242110726,1,1,1,"[5, 17, 14, 10]",37,94,90
2.333333333333333,0.7286426149573089,4,1,1,"[14, 17, 5]",22,92,104
2.220720720720721,0.81885220597176,7,1,1,"[14, 17, 5]",34,84,97
2.315315315315315,0.760828103048786,2,1,1,"[5, 8, 14, 17, 10]",34,78,108
2.324324324324324,0.8525942541508709,9,1,1,"[14, 5]",29,65,119
2.2072072072072078,0.8306037396108408,7,1,1,"[14, 5, 29]",37,81,97
2.2612612612612613,0.8151474531320841,4,1,1,"[5, 14]",40,72,106
2.256756756756757,0.7379955268011955,1,0,2,"[17, 5, 14, 10]",36,90,95
2.3063063063063063,0.7645161459551485,2,1,1,"[17, 5, 14, 10]",35,78,107
2.2387387387387387,0.8081789115988817,2,1,1,"[14, 5, 1]",46,71,103
2.4054054054054053,0.7415085318295934,2,2,2,"[5, 29, 14]",28,70,122
2.225225225225225,0.7329934248059614,1,1,2,"[14, 5, 29, 26]",37,95,89
2.1936936936936937,0.809086326687362,3,1,1,"[14, 17, 26, 1, 5]",46,78,95
2.369369369369369,0.8063989326099907,7,1,1,"[5, 14, 8]",25,69,121
2.310810810810811,0.7537359561857875,3,0,0,"[5, 14, 26]",30,84,105
2.315315315315315,0.8181424936680501,6,0,3,"[5, 14, 17]",32,70,114
2.346846846846846,0.7000090264214174,2,1,1,"[8, 14, 10, 29, 5, 17]",23,93,104
2.256756756756757,0.7318385230519898,2,3,2,"[14, 5]",32,95,93
2.364864864864865,0.7828649841868128,2,1,2,"[14, 5, 26]",36,63,121
2.279279279279279,0.7511218899724986,1,1,1,"[5, 14, 17, 29]",37,83,101
2.3513513513513518,0.7137771386052166,0,0,1,"[5, 14, 17, 8]",31,82,109
2.324324324324324,0.7863330573893015,4,2,2,"[17, 14, 5]",32,74,112
2.3063063063063063,0.7762631544376082,4,1,2,"[5, 14, 8, 17, 26]",31,80,107
2.2927927927927927,0.7117897538623869,0,1,1,"[5, 14]",33,91,98
2.333333333333333,0.7767356373806175,5,0,3,"[14, 8, 5]",27,79,111
2.3378378378378377,0.7296629177808367,1,1,2,"[5, 14, 17, 1]",31,82,108
2.3018018018018016,0.7574047116247091,1,1,1,"[14, 5, 26]",37,78,106
2.2387387387387387,0.8357045063486457,6,1,2,"[14, 5, 21]",39,73,104
2.2072072072072078,0.7133772474241039,2,2,1,"[5, 14, 17, 1]",32,106,82
2.2927927927927927,0.7901213277256895,4,1,1,"[5, 14, 29, 17]",34,77,107
2.468468468468469,0.7284747571823903,5,2,2,"[5, 14, 17]",16,71,130
2.346846846846846,0.7254045299652362,2,0,1,"[5, 14, 10, 8, 17]",27,85,108
2.418918918918919,0.7551948013368782,5,0,1,"[5, 17, 14, 26, 8, 1]",21,72,124
2.247747747747748,0.8545165442027272,7,0,2,"[17, 14, 8, 5, 3, 10]",39,68,108
2.265765765765766,0.8437146367848413,8,1,1,"[17, 14, 32, 5, 10]",33,73,108
2.265765765765766,0.7409173103141583,2,0,1,"[5, 14]",33,91,96
2.3018018018018016,0.8422639156025565,5,3,1,"[14, 5, 17]",40,60,117
2.279279279279279,0.8091241135650449,4,0,1,"[5, 14, 29, 8]",38,72,108
2.3378378378378377,0.7044209526709294,2,0,1,"[14, 17, 8, 5, 25, 26]",24,93,103
2.283783783783784,0.7217425545372547,1,1,0,"[5, 14]",32,92,97
2.2927927927927927,0.7843735964266967,7,0,1,"[5, 14, 1, 32]",24,88,103
2.274774774774775,0.7676689129460662,2,1,3,"[5, 14, 17]",37,81,102
2.2927927927927927,0.7117897538623869,2,0,0,"[14, 5, 26]",27,97,96
2.400900900900901,0.7590176427397027,6,1,1,"[14, 26, 8, 10, 5]",19,77,120
2.2972972972972974,0.7621664120919847,2,0,2,"[14, 5, 1, 17]",35,80,105
2.2972972972972974,0.8193871961885479,7,1,1,"[14, 17, 5, 8, 3]",30,75,110
2.3423423423423424,0.749002298632911,3,1,1,"[5, 17, 14, 1]",28,81,110
2.2882882882882885,0.7773651679208455,4,0,1,"[14, 5, 8, 17]",32,82,104
2.3513513513513518,0.7804007399456179,3,1,2,"[14, 17, 8, 5, 26]",33,69,117
2.279279279279279,0.7389753352342323,4,1,1,"[14, 17, 5]",26,96,96
2.315315315315315,0.7179909373378061,1,2,1,"[14, 5]",30,89,102
2.265765765765766,0.7649559175179907,3,0,2,"[5, 14, 32]",34,86,99
2.328828828828829,0.809992725221495,6,2,2,"[5, 14, 26, 17]",30,71,115
2.40990990990991,0.7835936423759048,7,0,2,"[14, 5, 8, 17, 26]",20,70,125
2.310810810810811,0.7355056562531217,3,0,2,"[5, 14, 17, 10, 26]",27,90,102
2.2612612612612613,0.7208807045948904,1,1,2,"[5, 14, 26, 17]",33,95,93
2.355855855855856,0.775435616552427,5,2,1,"[14, 3, 5, 29]",26,76,115
2.477477477477477,0.7162856282939059,3,1,2,"[17, 14, 29, 5, 26]",20,67,132
2.279279279279279,0.7630751215359931,4,1,1,"[5, 14, 1]",30,88,100
2.328828828828829,0.7399263002785286,5,1,1,"[14, 5, 8]",21,92,104
2.315315315315315,0.760828103048786,2,1,1,"[14, 17, 5]",34,78,108
2.3378378378378377,0.8062599037580708,4,0,1,"[5, 14, 28]",35,65,118
2.3783783783783785,0.8189393212186618,7,0,1,"[14, 8, 26, 5]",27,63,125
2.3513513513513518,0.7009837773330696,0,3,1,"[14, 5, 17]",29,86,107
2.2072072072072078,0.7383130719180149,2,0,2,"[5, 14, 17, 1, 10]",36,98,86
2.36036036036036,0.8215732925203174,7,1,2,"[14, 3, 5]",28,65,122
2.324324324324324,0.7977588762618181,4,0,1,"[17, 14, 5, 10]",34,70,114
2.328828828828829,0.8265818387665633,7,0,1,"[5, 14, 10, 26, 1]",30,68,117
2.328828828828829,0.8155599234068583,8,1,1,"[5, 8, 3, 10, 14]",25,75,114
2.369369369369369,0.6916166113946849,2,2,1,"[17, 14, 5]",21,92,107
2.315315315315315,0.7304865047422393,2,0,0,"[14, 5, 17]",29,88,103
2.225225225225225,0.8148473436098065,5,1,1,"[14, 5, 26]",39,79,99
2.3873873873873874,0.8202325150003087,8,2,1,"[5, 17, 14]",24,64,126
2.427927927927928,0.7912040393515347,7,0,1,"[5, 14, 26, 8, 17]",21,64,130
2.3018018018018016,0.8259898197067457,4,2,3,"[5, 17, 14, 26]",40,63,115
2.274774774774775,0.7376087656241042,2,1,1,"[14, 5]",32,91,97
2.31981981981982,0.7377745452408869,4,2,1,"[14, 5]",24,91,103
2.279279279279279,0.7921694956797133,2,1,2,"[14, 5, 32, 1]",41,72,107
2.400900900900901,0.8108981106101061,8,1,2,"[5, 14, 32]",22,65,127
2.31981981981982,0.7064434944332892,0,0,2,"[14, 26, 5, 8, 17]",31,89,102
2.346846846846846,0.7499405490548631,5,0,2,"[5, 14]",22,86,109
2.315315315315315,0.8236546082558097,4,0,1,"[14, 5, 28]",39,62,117
2.4054054054054053,0.7475858990990503,4,1,2,"[14, 5, 26, 17, 8]",23,74,121
2.3873873873873874,0.8311924724003723,9,1,2,"[5, 14]",23,63,127
2.2972972972972974,0.8082671772170498,5,0,1,"[14, 5, 8, 28, 10]",34,73,110
2.2882882882882885,0.7354918000950192,3,1,1,"[14, 5, 1]",28,93,98
2.328828828828829,0.6692857525240276,1,2,1,"[5, 14, 17]",22,102,97
2.40990990990991,0.7660741968667064,6,1,1,"[5, 14, 17, 29, 8]",20,73,123
2.3513513513513518,0.732548377148171,1,1,3,"[5, 14, 29]",31,79,111
2.283783783783784,0.7643694992080432,2,1,2,"[5, 14, 17, 25]",36,81,103
2.2882882882882885,0.8003097521080377,6,1,1,"[14, 10, 5]",30,80,106
2.3018018018018016,0.7867088190490744,2,1,2,"[5, 14, 17]",39,71,110
2.3063063063063063,0.7218978605983821,1,0,2,"[5, 8, 14]",31,89,101
2.3423423423423424,0.6859349136768178,1,2,2,"[5, 14, 17]",24,95,102
2.3063063063063063,0.7525858023606357,1,0,2,"[5, 17, 14]",36,79,106
2.2972972972972974,0.8026493979383288,4,0,2,"[17, 5, 14]",36,72,110
2.256756756756757,0.8138086116539338,3,2,1,"[5, 14, 17, 10, 26]",43,70,106
2.364864864864865,0.7164705661460221,1,1,2,"[15, 14, 5]",28,82,111
2.364864864864865,0.7593935003956738,2,0,2,"[32, 5, 17, 14]",32,71,117
2.3378378378378377,0.8229242697083018,7,1,1,"[5, 17, 32, 14]",29,68,118
2.2612612612612613,0.7516101775757871,4,2,1,"[5, 14]",29,94,95
2.283783783783784,0.8485324611671593,8,1,1,"[14, 5]",33,69,112
2.324324324324324,0.751013338502899,4,1,2,"[5, 10, 14]",26,86,106
2.355855855855856,0.8371665943707141,9,1,1,"[17, 5, 14, 1, 26, 28]",25,66,122
2.3378378378378377,0.7600373953712571,3,1,1,"[14, 5, 26]",30,78,111
2.3378378378378377,0.828404567485355,6,1,1,"[14, 5]",33,63,120
2.2882882882882885,0.8059438399013202,3,0,1,"[14, 17, 8, 5]",40,69,110
2.27027027027027,0.8287366599290356,4,1,2,"[14, 5, 29, 26]",42,66,110
2.279279279279279,0.7266257623930173,3,2,1,"[14, 5, 17]",27,97,95
2.265765765765766,0.7033205657374381,1,0,2,"[14, 5, 32]",30,100,91
2.2072072072072078,0.8306037396108408,6,1,2,"[5, 26, 3, 14, 17]",40,78,98
2.355855855855856,0.668920205683674,1,0,1,"[14, 8, 5]",21,98,102
2.247747747747748,0.8438595717326782,6,0,1,"[5, 17, 28, 14]",40,69,107
2.279279279279279,0.7630751215359931,4,1,1,"[5, 14, 1]",30,88,100
2.468468468468469,0.7284747571823902,5,0,1,"[14, 5, 26, 17, 10]",16,71,130
2.333333333333333,0.716114874039433,2,1,2,"[5, 17, 14]",26,90,104
2.3063063063063063,0.7820704947081704,3,0,2,"[14, 5]",35,75,109
2.369369369369369,0.7298165383786552,2,0,2,"[5, 14, 1, 26]",27,80,113
2.2882882882882885,0.765635067630325,3,2,1,"[14, 5]",33,83,103
2.328828828828829,0.7150467361097781,0,0,1,"[26, 14, 5]",32,85,105
2.27027027027027,0.8066011136167054,6,2,2,"[5, 17, 14]",32,80,104
2.324324324324324,0.7449639325857419,3,1,2,"[14, 5, 8, 29]",28,85,106
2.3063063063063063,0.77041203987332,6,1,2,"[17, 5, 14, 8]",24,88,104
2.2522522522522523,0.8012260793300006,4,0,1,"[14, 1, 5]",38,78,102
2.31981981981982,0.7678282023888403,2,0,3,"[5, 14, 1]",35,75,110
2.328828828828829,0.7337854973275331,3,1,2,"[5, 14]",26,88,105
2.310810810810811,0.7946485436574436,5,2,2,"[14, 5, 17]",31,76,110
2.3063063063063063,0.7465491384759247,1,1,2,"[5, 14, 17, 26]",35,81,105
2.315315315315315,0.7366548088258094,1,0,2,"[14, 1, 5, 29]",33,83,105
2.3423423423423424,0.7727894528136424,4,1,1,"[5, 14, 29, 17]",29,76,113
2.31981981981982,0.7559501312073209,2,1,1,"[14, 5]",33,79,108
2.4234234234234235,0.7435946634566837,3,0,3,"[5, 26, 14, 1, 17]",25,69,125
2.3513513513513518,0.7137771386052166,2,0,1,"[5, 32, 14]",25,88,107
2.283783783783784,0.8591314714091836,7,0,2,"[5, 8, 14, 26, 17]",38,62,115
2.328828828828829,0.702276503458527,0,0,2,"[5, 14, 17]",30,89,103
2.310810810810811,0.8389663270847914,8,1,1,"[14, 5, 17]",30,69,115
2.468468468468469,0.7588967918170579,5,1,1,"[5, 14, 17]",21,61,135
2.328828828828829,0.7873303753121176,2,1,4,"[5, 1, 10, 14]",38,67,115
2.333333333333333,0.7470404149701632,3,2,2,"[14, 5, 1]",28,83,108
2.256756756756757,0.7441015867032069,3,0,1,"[5, 14, 17]",31,94,94
2.2612612612612613,0.7926324970155456,5,3,1,"[5, 14, 17]",33,83,101
2.283783783783784,0.7341742725955972,1,0,1,"[5, 14, 17, 8]",34,88,99
2.333333333333333,0.7649958842149165,6,1,1,"[14, 5, 1]",22,86,108
2.3378378378378377,0.7540603879047543,2,0,2,"[5, 8, 3, 14, 26, 17, 29]",32,77,111
2.22972972972973,0.7648493294494039,4,0,0,"[5, 14, 17]",33,93,92
2.355855855855856,0.7334520973645449,3,1,2,"[5, 10, 14]",25,84,110
2.283783783783784,0.7341742725955973,1,0,1,"[5, 14, 17]",34,88,99
2.3423423423423424,0.8401195292622844,7,1,2,"[14, 5, 3, 29]",32,61,122
2.4054054054054053,0.800207873200858,7,1,2,"[14, 8, 5, 17]",23,65,127
2.2927927927927927,0.7243922978709737,1,2,1,"[5, 17, 14, 26]",32,90,99
2.315315315315315,0.7304865047422393,3,0,1,"[14, 26, 8, 5, 17]",26,91,102
2.3423423423423424,0.7429365178813923,2,0,2,"[5, 17, 14, 8]",30,80,110
2.328828828828829,0.8320380459656691,6,0,2,"[32, 5, 17, 29, 14]",34,63,119
2.3423423423423424,0.6859349136768178,0,1,1,"[5, 14, 29]",27,92,103
2.2612612612612613,0.7455656143357539,2,1,2,"[14, 5, 10]",34,90,96
2.355855855855856,0.68891477182512,1,0,1,"[14, 32, 5, 17]",24,92,105
2.346846846846846,0.6935148616401847,1,0,1,"[17, 14, 8, 5]",25,92,104
2.27027027027027,0.8066011136167056,6,0,1,"[5, 14, 1, 17, 8]",32,80,104
2.3063063063063063,0.7935576892730575,4,1,1,"[17, 5, 14, 10]",34,74,110
2.2432432432432434,0.8096277700804002,2,2,2,"[14, 17, 5]",46,70,104
2.3423423423423424,0.7054473949684639,1,1,1,"[5, 14, 17]",27,89,105
2.315315315315315,0.81814249366805,8,0,1,"[5, 14]",26,76,112
2.3873873873873874,0.7140626380520981,1,2,2,"[14, 26, 17, 5]",27,79,115
2.36036036036036,0.6963744869780172,1,0,1,"[14, 5, 26]",25,89,107
2.279279279279279,0.7266257623930173,2,0,1,"[14, 17, 5, 26, 1]",30,94,96
2.3423423423423424,0.7118327056432908,0,1,1,"[5, 17, 14, 26, 29]",31,84,107
2.324324324324324,0.751013338502899,2,1,2,"[14, 5]",32,80,108
2.333333333333333,0.722405901537473,2,0,1,"[5, 26, 17, 29, 14, 8]",27,88,105
2.283783783783784,0.7154456941475754,2,0,2,"[5, 8, 1, 14]",28,97,95
2.2882882882882885,0.7416184745289642,1,0,1,"[14, 5, 17, 29, 26]",35,85,101
2.373873873873874,0.7727498892009227,5,0,2,"[5, 14, 17, 26, 1]",25,74,118
2.3423423423423424,0.7669118362786903,4,1,2,"[14, 3, 5]",28,78,112
2.2387387387387387,0.7379402876149802,3,2,2,"[5, 14]",31,98,90
2.31981981981982,0.6935148616401847,1,0,1,"[5, 14]",26,96,99
2.225225225225225,0.7980143307741971,7,1,1,"[5, 14, 29, 28, 17]",30,91,94
2.324324324324324,0.7449639325857419,2,0,3,"[17, 5, 14, 29]",31,82,107
2.3063063063063063,0.816047119489444,4,2,1,"[14, 5]",38,66,114
2.2927927927927927,0.8821212311089449,10,1,2,"[14, 17, 5, 29]",33,61,118
2.2882882882882885,0.8170954782558751,5,0,2,"[5, 14, 8, 10]",36,71,110
2.3963963963963963,0.702668208608921,1,0,1,"[14, 5, 17, 8]",25,81,115
2.2972972972972974,0.7621664120919847,4,1,1,"[14, 17, 5]",29,86,103
2.2117117117117115,0.810143693051811,4,2,2,"[5, 14, 17, 29]",42,79,97
2.364864864864865,0.6708067201989024,1,1,1,"[5, 26, 8, 14]",21,96,104
2.2522522522522523,0.7783085089962077,3,0,1,"[17, 14, 5, 15]",37,83,99
2.400900900900901,0.7097250114973306,1,2,1,"[5, 14]",26,78,117
2.315315315315315,0.760828103048786,3,0,2,"[5, 14, 8]",31,81,107
2.40990990990991,0.7109301732969731,3,0,1,"[14, 5, 17, 8]",20,82,117
2.436936936936937,0.7448681656778928,4,1,1,"[14, 5, 1, 8]",22,69,127
2.36036036036036,0.6492988601748072,0,3,1,"[14, 5, 26, 17]",21,100,101
2.364864864864865,0.747381389206262,3,3,2,"[14, 5, 29]",27,78,114
2.36036036036036,0.7343269494222812,5,1,1,"[5, 26, 14, 17]",19,89,109
2.328828828828829,0.7275928685278319,1,1,2,"[14, 5, 17]",31,84,106
2.247747747747748,0.759178747377729,2,0,2,"[5, 14]",37,87,96
2.427927927927928,0.7129914256585808,3,1,1,"[14, 5, 32, 17, 1]",20,78,121
2.3873873873873874,0.7012744851701147,2,0,1,"[17, 5, 15, 14]",22,86,112
2.355855855855856,0.7019281375968407,2,2,2,"[5, 14]",23,91,106
2.265765765765766,0.7882617907576236,3,0,1,"[14, 5, 17, 8]",38,78,103
2.3378378378378377,0.7659677644120415,3,1,2,"[14, 5, 32]",31,76,112
2.373873873873874,0.7785834348454213,7,1,1,"[14, 32, 17, 5]",20,78,117
2.391891891891892,0.7577813692908847,2,0,3,"[14, 5, 8, 29]",31,67,122
2.333333333333333,0.7224059015374729,2,0,2,"[14, 17, 29, 8, 5]",27,88,105
2.220720720720721,0.8133075442101602,5,0,1,"[5, 17, 14]",39,80,98
2.468468468468469,0.6836132353621817,2,3,1,"[14, 26, 5, 17]",18,76,126
2.3513513513513518,0.7074093792421715,0,1,1,"[5, 14]",30,84,108
2.27027027027027,0.812191560066568,4,1,2,"[17, 5, 14, 26]",39,72,107
2.328828828828829,0.7873303753121176,5,2,3,"[17, 14, 5]",29,76,112
2.247747747747748,0.7651157717794568,2,1,2,"[5, 14]",38,85,97
2.3873873873873874,0.7450733654078652,2,1,2,"[5, 14, 8]",29,72,119
2.31981981981982,0.7064434944332892,1,1,1,"[14, 5, 26, 17]",28,92,101
2.3018018018018016,0.7809359719041845,5,0,1,"[5, 14]",29,82,106
2.355855855855856,0.7695782102310242,5,1,2,"[14, 8, 5, 1, 17]",25,78,114
2.40990990990991,0.748144607571291,5,1,1,"[14, 5, 17, 8]",20,76,121
2.31981981981982,0.8301250867766227,7,0,1,"[8, 5, 14, 10]",31,68,116
2.31981981981982,0.7967490302234189,7,1,1,"[5, 14, 32]",25,80,110
2.333333333333333,0.7286426149573089,2,1,1,"[14, 5]",28,86,106
2.265765765765766,0.7223635784396928,2,0,0,"[14, 5, 10]",30,97,93
2.2522522522522523,0.7426072263599132,3,1,2,"[5, 14, 17, 29]",31,95,93
2.225225225225225,0.7142338829415783,1,1,2,"[14, 5, 17]",34,101,86
2.427927927927928,0.7620728069600071,5,2,2,"[32, 14, 17, 5]",22,68,127
2.373873873873874,0.7428953644233875,3,0,2,"[14, 5, 8, 29]",26,78,115
2.3018018018018016,0.7331185457814339,1,0,2,"[14, 1, 17, 8, 29, 5, 26]",33,86,102
2.346846846846846,0.731615681795942,4,0,1,"[5, 14]",22,89,107
2.2882882882882885,0.7946357187816142,4,1,1,"[5, 14]",35,76,107
2.27027027027027,0.8066011136167054,5,2,2,"[17, 5, 10, 14, 26]",35,77,105
2.315315315315315,0.7304865047422393,0,0,1,"[5, 14, 17, 1, 26]",35,82,105
2.279279279279279,0.7571220954056979,3,0,0,"[14, 5]",32,87,100
2.373873873873874,0.7181186722674279,1,1,3,"[14, 17, 5]",28,80,113
2.274774774774775,0.7437180009124229,0,2,1,"[14, 5, 17, 26]",39,83,100
2.346846846846846,0.8136082217068156,8,0,2,"[5, 32, 14, 1]",24,73,117
2.40990990990991,0.8007298655844591,6,2,2,"[17, 5, 14, 26]",26,61,129
2.333333333333333,0.7033640346998138,0,2,2,"[17, 5, 14]",30,88,104
2.3873873873873874,0.7689820640709552,7,2,1,"[5, 17, 14, 29]",18,79,118
2.2612612612612613,0.8206796842272748,3,1,2,"[14, 10, 5]",44,67,108
2.265765765765766,0.854373417093655,8,0,2,"[14, 8, 3, 17, 5]",35,69,110
2.369369369369369,0.6916166113946848,0,1,2,"[5, 14, 17, 26]",27,86,109
2.364864864864865,0.7289921945157668,1,1,2,"[5, 3, 14, 17, 10, 26]",30,78,113
2.400900900900901,0.7590176427397027,4,0,1,"[14, 5, 8, 1]",25,71,122
2.346846846846846,0.7910494569913453,3,1,1,"[5, 14, 29, 17]",35,66,118
2.279279279279279,0.8473666546672769,5,0,2,"[14, 5, 26, 17]",42,61,114
2.472972972972973,0.7033785237569627,3,0,2,"[5, 17, 14, 8, 29, 10]",18,72,129
2.2522522522522523,0.8344230777803674,5,2,3,"[5, 14, 17, 28]",41,69,107
2.364864864864865,0.8056529516413647,8,0,1,"[14, 17, 26, 8, 5]",22,73,119
2.22972972972973,0.8328215786271848,7,0,2,"[14, 5, 17]",36,78,101
2.364864864864865,0.7101269593515975,3,2,2,"[14, 26, 8, 5]",21,90,108
2.391891891891892,0.7084027199263985,0,1,1,"[14, 5, 8, 26]",29,77,116
2.256756756756757,0.725629278672837,3,0,1,"[14, 5, 17]",28,100,91
2.3783783783783785,0.7497094949180043,2,2,2,"[14, 5, 17]",30,72,118
2.369369369369369,0.823060483671462,10,2,2,"[5, 17, 14, 26]",19,72,121
2.328828828828829,0.7399263002785286,3,1,1,"[5, 14, 1]",27,86,106
2.3018018018018016,0.7514067629690677,3,1,2,"[5, 14, 17, 25]",30,86,103
2.346846846846846,0.773698857527484,4,1,2,"[14, 5]",29,75,114
2.279279279279279,0.7748439769518009,2,2,2,"[14, 17, 5]",38,78,104
2.279279279279279,0.8091241135650449,6,2,2,"[14, 5, 17, 8]",32,78,106
2.27027027027027,0.7362119745153811,2,2,1,"[5, 14]",32,92,96
2.369369369369369,0.8063989326099907,6,1,1,"[14, 5, 17, 8]",28,66,122
2.234234234234234,0.772314555696292,5,3,2,"[5, 14, 17]",31,93,93
2.2882882882882885,0.765635067630325,3,0,1,"[14, 5]",33,83,103
2.256756756756757,0.7739095813546377,2,1,1,"[14, 15, 5]",39,81,100
2.40990990990991,0.811953117581439,8,2,2,"[14, 5, 29]",22,63,129
2.2972972972972974,0.7441426734532839,1,1,3,"[14, 5, 29]",35,83,103
2.274774774774775,0.731448506300928,1,2,1,"[5, 14, 17]",34,90,97
2.31981981981982,0.7967490302234189,3,2,1,"[5, 17, 14]",37,68,114
2.310810810810811,0.783177349280215,4,1,1,"[17, 5, 14]",32,77,109
2.310810810810811,0.8171079506157803,6,0,1,"[8, 5, 10, 14]",32,71,113
2.355855855855856,0.7210079275688566,3,0,2,"[17, 5, 8, 14, 10]",23,88,108
2.3378378378378377,0.7044209526709294,1,3,1,"[17, 14, 5]",27,90,104
2.346846846846846,0.7559501312073208,2,1,3,"[5, 17, 8, 14]",32,75,113
2.3513513513513518,0.7861775172715919,5,1,1,"[14, 5, 17, 26, 10]",28,73,116
2.373873873873874,0.7901213277256897,3,1,3,"[5, 14, 26, 10]",34,62,123
2.247747747747748,0.7826566715314206,2,1,2,"[14, 5, 17]",41,79,100
2.3018018018018016,0.7751201316301087,4,1,2,"[17, 14, 5, 1]",31,81,106
2.279279279279279,0.8420097824172569,9,1,2,"[5, 14, 17, 8]",29,75,109
2.274774774774775,0.725235922727358,1,0,2,"[5, 14, 17, 8]",33,92,96
2.3378378378378377,0.7480356240523659,3,2,2,"[14, 26, 8, 5, 29]",28,82,109
2.265765765765766,0.7409173103141582,2,1,1,"[5, 14, 17]",33,91,96
2.31981981981982,0.8409561268028239,4,2,1,"[5, 17, 14]",42,55,121
2.27027027027027,0.7484033798234401,3,1,2,"[14, 17, 32, 5, 1]",31,91,97
2.2882882882882885,0.7040591731017579,1,1,1,"[14, 5, 17, 1]",29,97,95
2.234234234234234,0.7954048453227988,2,0,2,"[5, 14]",44,76,100
2.324324324324324,0.7629682707167986,2,2,1,"[5, 14, 17]",34,76,110
2.36036036036036,0.7281389255438672,4,1,1,"[5, 14, 8]",21,88,109
2.2927927927927927,0.6792612052260874,0,1,1,"[5, 8, 14]",28,101,93
2.283783783783784,0.8047416651380414,4,1,2,"[14, 5, 28]",37,73,108
2.2927927927927927,0.7958275480797724,3,0,1,"[5, 8, 14, 17]",38,72,109
2.2972972972972974,0.8303583110856675,6,1,1,"[5, 29, 14]",35,68,113
2.3018018018018016,0.7331185457814339,4,1,1,"[5, 14, 17, 26]",24,95,99
2.27027027027027,0.7663269147029331,3,0,1,"[5, 26, 14, 17]",34,85,100
2.315315315315315,0.7957122877791639,4,2,2,"[14, 5]",34,72,112
2.2432432432432434,0.7516644121739436,3,1,1,"[5, 14, 17]",33,93,93
2.4054054054054053,0.7475858990990504,3,1,2,"[14, 5]",26,71,122
2.315315315315315,0.7116608829657319,1,1,1,"[5, 29, 14]",29,91,101
2.2432432432432434,0.8040194974810656,5,2,2,"[14, 17, 26, 5, 3]",36,81,100
2.3378378378378377,0.7108154840164048,2,0,1,"[14, 5, 1, 26, 8]",25,91,104
2.315315315315315,0.8506796003662671,7,2,1,"[3, 5, 14, 26]",35,61,119
2.346846846846846,0.7967490302234188,5,0,2,"[14, 5, 32]",30,70,117
2.283783783783784,0.7217425545372546,2,2,1,"[5, 14, 17]",29,95,96
2.391891891891892,0.8263352157037975,8,1,2,"[5, 17, 1, 14]",25,61,128
2.283783783783784,0.7934164102776268,3,2,2,"[14, 5, 29]",38,74,107
2.27027027027027,0.7048114660258838,1,1,0,"[17, 14, 5, 8]",30,99,92
2.283783783783784,0.7279849509334778,1,0,2,"[5, 10, 14, 1]",33,90,98
2.315315315315315,0.742771890368669,1,0,2,"[14, 8, 26, 5]",34,81,106
2.3063063063063063,0.77041203987332,3,1,1,"[5, 14]",33,79,107
2.315315315315315,0.7842566527683643,3,1,2,"[5, 17, 14]",35,73,111
2.324324324324324,0.7327153016979389,4,0,1,"[5, 14, 1, 17]",23,92,103
2.2882882882882885,0.7476949481695887,3,0,1,"[5, 8, 14]",30,89,100
2.3063063063063063,0.7525858023606355,3,2,2,"[14, 8, 5, 26]",30,85,104
2.3378378378378377,0.7776928465851368,5,0,2,"[14, 5]",27,78,112
2.445945945945946,0.7635691120783644,5,1,1,"[17, 14, 1, 5]",22,64,131
2.3378378378378377,0.6979678393781218,0,1,1,"[5, 14, 28]",29,89,104
2.315315315315315,0.7726311862073174,1,0,2,"[14, 5, 17, 8, 26]",39,71,111
2.315315315315315,0.7842566527683643,4,1,1,"[14, 5, 26]",32,76,110
2.3828828828828827,0.7005329417744096,1,0,3,"[5, 14, 32]",25,84,112
2.279279279279279,0.7864367337108529,5,0,2,"[14, 5, 8]",31,83,103
2.2117117117117115,0.7700547948698416,3,0,2,"[17, 5, 10, 14, 21]",38,90,91
2.2432432432432434,0.8151974606443627,5,2,2,"[5, 14, 15, 17]",38,77,102
2.355855855855856,0.7272566296520051,1,0,1,"[5, 14, 26, 8]",30,80,111
2.279279279279279,0.8035123256035114,4,1,1,"[5, 14, 26]",37,74,107
2.274774774774775,0.8078762134098193,5,0,1,"[17, 14, 5, 8]",35,76,106
2.27027027027027,0.7362119745153811,2,1,0,"[5, 14, 17]",32,92,96
2.27027027027027,0.8009716491437467,3,0,1,"[17, 5, 14]",40,73,106
2.2612612612612613,0.7082156753037265,0,1,2,"[14, 5, 17]",34,96,92
2.283783783783784,0.7934164102776269,4,1,2,"[5, 14, 17, 8, 1]",35,77,106
2.3378378378378377,0.6979678393781218,1,2,1,"[14, 5]",26,92,103
2.414414414414414,0.7841007007595109,6,2,1,"[17, 14, 5, 10]",23,66,127
2.3423423423423424,0.7669118362786903,4,1,1,"[5, 17, 14]",28,78,112
2.225225225225225,0.7865922225713127,2,0,2,"[14, 3, 29, 5, 26, 17, 10]",43,80,97
2.333333333333333,0.7940198811390318,4,0,2,"[5, 8, 14, 1, 29]",33,70,115
2.3063063063063063,0.816047119489444,4,1,3,"[14, 5, 17, 26]",38,66,114
2.283783783783784,0.752436830443754,1,0,0,"[26, 5, 14]",37,82,102
2.27027027027027,0.760399346687292,2,2,2,"[14, 17, 5]",36,84,100
2.3018018018018016,0.7206686163954776,1,1,2,"[17, 5, 14]",31,90,100
2.2972972972972974,0.7441426734532838,2,1,2,"[5, 14, 8, 17]",32,86,102
2.265765765765766,0.7590176427397027,3,0,2,"[14, 5, 17]",33,88,98
2.3513513513513518,0.732548377148171,3,1,4,"[14, 32, 1, 5]",25,85,109
2.36036036036036,0.6898461077358055,0,1,1,"[26, 14, 5]",27,88,107
2.4054054054054053,0.7415085318295934,4,3,1,"[5, 14, 17, 26]",22,76,120
2.3018018018018016,0.7392648888756591,1,0,2,"[5, 14, 17, 26]",34,84,103
2.2927927927927927,0.7843735964266968,3,2,2,"[14, 5, 26]",36,76,107
2.31981981981982,0.6869593070627608,0,0,2,"[14, 5, 1]",28,95,99
2.3828828828828827,0.6808796378539602,0,0,1,"[14, 5, 8]",25,87,110
2.2612612612612613,0.7145762496064151,1,1,3,"[29, 14, 17, 5]",32,97,92
2.4504504504504503,0.7756327294653673,5,0,2,"[5, 17, 8, 10, 26, 14]",24,59,134
2.3018018018018016,0.7692603231043579,3,2,1,"[14, 5, 17, 10]",33,80,106
2.364864864864865,0.747381389206262,4,0,1,"[14, 26, 5, 8, 17, 21]",24,81,113
2.418918918918919,0.7308352023155579,2,1,2,"[14, 17, 5, 29]",26,71,123
2.279279279279279,0.6947921486278852,0,1,1,"[17, 5, 14]",31,98,93
2.400900900900901,0.6837473926255673,2,1,2,"[14, 26, 8, 5]",19,89,112
2.2927927927927927,0.7243922978709737,1,0,3,"[26, 5, 14, 10]",32,90,99
2.3873873873873874,0.7203715880138373,2,2,2,"[14, 26, 17, 5]",25,80,115
2.3063063063063063,0.7281389255438672,3,2,1,"[14, 5, 17, 26]",26,93,100
2.31981981981982,0.7499405490548631,3,2,2,"[5, 29, 17, 14]",29,84,106
2.27027027027027,0.7048114660258837,1,1,1,"[14, 5, 8, 10, 17]",30,99,92
2.2612612612612613,0.8261748712343142,7,1,1,"[14, 17, 5]",33,77,105
2.3828828828828827,0.6808796378539602,1,0,1,"[14, 5, 26]",22,90,109
2.3378378378378377,0.7949562786069817,5,0,1,"[8, 14, 29, 5]",30,72,115
2.355855855855856,0.7272566296520051,2,0,1,"[5, 14]",27,83,110
2.234234234234234,0.772314555696292,2,2,2,"[1, 5, 14, 29, 17]",40,84,96
2.3018018018018016,0.8093885723138262,6,0,1,"[14, 5, 17, 10]",31,75,110
2.2927927927927927,0.8014931440993858,4,1,2,"[14, 5]",36,73,109
2.324324324324324,0.751013338502899,1,1,1,"[5, 14]",35,77,109
2.247747747747748,0.7410823498121172,2,0,2,"[14, 5, 8]",34,93,93
2.265765765765766,0.7160721791136297,1,0,0,"[14, 5, 8]",32,96,93
2.1936936936936937,0.8311556888183302,5,0,2,"[14, 17, 5, 15, 3]",44,76,97
2.2927927927927927,0.7549788540039184,3,0,1,"[5, 17, 8, 14]",31,86,102
2.220720720720721,0.8133075442101602,4,0,2,"[14, 17, 5]",42,77,99
2.3063063063063063,0.7878350287012746,2,1,2,"[5, 14, 8, 1]",39,70,111
2.3963963963963963,0.7702532847718906,2,1,2,"[5, 14, 8]",33,62,125
2.2882882882882885,0.8115388141244638,4,1,2,"[5, 26, 14]",38,70,110
2.355855855855856,0.7754356165524271,2,0,1,"[14, 17, 8, 26, 5]",35,67,118
2.265765765765766,0.7996600516967993,4,1,3,"[14, 5, 17, 8]",37,77,104
2.310810810810811,0.7230968281420013,0,2,1,"[5, 14]",34,85,103
2.2927927927927927,0.7428953644233875,3,2,1,"[5, 14, 17, 26, 10]",29,90,100
2.274774774774775,0.7793684028847381,2,2,3,"[14, 26, 10, 17, 5, 25]",39,77,104
2.265765765765766,0.7766962747799833,5,3,2,"[5, 14]",30,88,99
2.2927927927927927,0.7243922978709736,2,1,2,"[5, 14]",29,93,98
2.279279279279279,0.8146972473919841,4,1,2,"[5, 1, 14, 17]",39,70,109
2.369369369369369,0.7109731770074275,3,1,2,"[5, 14, 26]",21,89,109
2.3063063063063063,0.7281389255438672,3,0,2,"[5, 14, 32]",26,93,100
2.36036036036036,0.7878350287012748,5,1,1,"[5, 1, 14, 10]",28,71,118
2.2882882882882885,0.7476949481695887,2,1,2,"[5, 17, 14]",33,86,101
2.454954954954955,0.7461804688407555,4,3,1,"[14, 5]",22,65,131
2.333333333333333,0.8164965809277261,7,1,1,"[14, 5, 17]",28,71,116
2.391891891891892,0.7577813692908848,4,0,2,"[5, 14, 26, 1, 17, 8]",25,73,120
2.310810810810811,0.7416322162204062,3,1,1,"[14, 5]",28,88,103
2.256756756756757,0.8303214905499385,7,1,2,"[5, 14, 29]",34,76,105
2.256756756756757,0.7379955268011954,2,1,2,"[5, 14, 17, 15]",33,93,94
2.454954954954955,0.7400915607705262,3,1,1,"[17, 5, 26, 14]",24,64,131
2.247747747747748,0.7884169196867215,3,1,2,"[17, 5, 14, 10]",39,80,100
2.3378378378378377,0.7540603879047543,4,0,2,"[5, 32, 14, 17]",26,83,109
2.3063063063063063,0.6832553538777318,0,0,1,"[14, 5, 10]",28,98,96
2.3513513513513518,0.868229056757585,10,1,1,"[26, 14, 5]",28,58,126
2.355855855855856,0.775435616552427,3,0,3,"[17, 14, 5, 29]",32,70,117
2.31981981981982,0.653195392498958,0,0,2,"[5, 14, 26, 17]",23,105,94
2.274774774774775,0.6998343008109691,1,0,0,"[14, 5, 8, 17, 1]",29,100,92
2.2882882882882885,0.691085936564635,1,0,1,"[17, 14, 5]",27,101,93
2.175675675675676,0.8351677660836758,6,0,1,"[26, 5, 17, 14]",43,79,94
2.22972972972973,0.7765912980909038,3,1,1,"[17, 5, 14]",38,86,95
2.3378378378378377,0.8392578119635886,7,0,1,"[5, 14]",32,62,121
2.256756756756757,0.7739095813546377,4,1,1,"[5, 17, 14]",33,87,98
2.2927927927927927,0.7243922978709738,1,0,1,"[17, 14, 5, 32, 15]",32,90,99
2.247747747747748,0.697032734463351,2,1,1,"[5, 14, 17]",27,107,86
2.355855855855856,0.8040828714730361,6,2,1,"[14, 26, 10, 5]",28,69,119
2.3873873873873874,0.6816425619660507,1,1,1,"[5, 14]",22,89,110
2.274774774774775,0.7557883383543853,2,2,2,"[14, 17, 5, 10, 25]",35,85,100
2.3378378378378377,0.7834895898385307,3,1,3,"[14, 26, 5]",34,70,115
2.3828828828828827,0.7069626413515531,1,2,2,"[17, 14, 5, 29, 26]",26,82,113
2.247747747747748,0.7287684829160335,3,0,3,"[14, 5, 8, 17]",29,100,90
2.36036036036036,0.816047119489444,7,2,1,"[5, 14, 21]",27,67,121
2.324324324324324,0.6946747950000525,1,2,1,"[14, 5, 26, 29]",26,95,100
2.2387387387387387,0.7854642309682399,5,0,1,"[14, 17, 28, 5]",33,88,96
2.373873873873874,0.8182545944296844,5,2,1,"[5, 14]",33,58,126
2.346846846846846,0.6869593070627606,0,3,1,"[14, 5, 29]",27,91,104
2.27027027027027,0.8608734483327214,10,1,1,"[17, 26, 14, 5, 3]",30,72,110
2.3018018018018016,0.7633555337763426,2,1,3,"[14, 5, 17, 8]",35,79,106
2.31981981981982,0.7000090264214173,1,0,1,"[14, 17, 8, 5]",27,94,100
2.310810810810811,0.7537359561857876,4,1,1,"[29, 14, 17, 1, 5]",27,87,104
2.3378378378378377,0.7480356240523659,2,1,1,"[17, 5, 14, 26]",31,79,110
2.310810810810811,0.7293276332518047,2,0,2,"[17, 14, 5]",29,89,102
2.333333333333333,0.8220197323801436,8,2,1,"[14, 17, 5, 3, 26]",26,72,116
2.283783783783784,0.7279849509334777,1,0,2,"[14, 5, 17]",33,90,98
2.324324324324324,0.7388649992373152,1,1,2,"[5, 14, 8, 29]",33,81,107
2.31981981981982,0.7910494569913454,5,0,1,"[14, 17, 8, 5, 26]",30,76,111
2.310810810810811,0.7355056562531216,3,1,1,"[14, 5, 17, 26]",27,90,102
2.256756756756757,0.7193664409128395,2,0,0,"[5, 14]",30,99,91
2.247747747747748,0.7768537132156774,2,1,2,"[5, 14, 17]",40,81,99
2.283783783783784,0.7584266329473793,0,1,2,"[14, 5, 21]",41,77,104
2.369369369369369,0.7421130151144872,2,0,2,"[17, 14, 5]",29,76,115
2.256756756756757,0.7621262970146081,1,2,1,"[29, 5, 14]",40,82,99
2.27027027027027,0.717536584539679,2,2,1,"[14, 17, 5, 29]",29,98,93
2.2882882882882885,0.8003097521080377,5,1,2,"[28, 5, 14]",33,77,107
2.2522522522522523,0.7426072263599132,1,2,2,"[5, 14]",37,89,95
2.234234234234234,0.7049271321407227,1,2,0,"[5, 17, 26, 14]",32,103,86
2.4054054054054053,0.6434969280744374,2,1,1,"[14, 26, 17, 5, 8]",13,100,107
2.2972972972972974,0.7855550488309482,3,1,1,"[14, 17, 5, 26, 10]",36,75,108
2.2927927927927927,0.7785834348454211,3,2,1,"[5, 14, 17]",35,78,106
2.364864864864865,0.7770635815106526,3,2,2,"[5, 28, 17, 14, 26]",32,68,119
2.333333333333333,0.7590579221048323,4,3,2,"[14, 5, 17]",27,82,109
2.373873873873874,0.730612055040461,3,2,2,"[14, 5, 29]",24,82,113
2.454954954954955,0.6761935971060303,1,2,2,"[5, 14]",20,78,123
2.2522522522522523,0.772472887174847,2,1,2,"[14, 5, 8]",39,82,99
2.36036036036036,0.6766004026358012,0,2,2,"[5, 14, 26]",25,92,105
2.3423423423423424,0.8127434740861362,8,2,1,"[14, 17, 5, 10, 26]",24,74,116
2.324324324324324,0.751013338502899,3,1,1,"[17, 5, 14, 26]",29,83,107
2.315315315315315,0.760828103048786,4,3,1,"[5, 1, 14]",28,84,106
2.328828828828829,0.8265818387665632,8,0,1,"[5, 14, 17, 32, 29, 10, 28]",27,71,116
2.256756756756757,0.7561658011610564,2,2,2,"[17, 5, 14]",36,87,97
2.315315315315315,0.7667523564648956,2,2,1,"[5, 14, 17]",35,76,109
2.427927927927928,0.7379402876149803,2,1,2,"[5, 14, 26]",27,67,126
2.265765765765766,0.7882617907576236,4,2,3,"[14, 17, 26, 5]",35,81,102
2.27027027027027,0.717536584539679,1,0,2,"[14, 5, 17, 1, 29]",32,95,94
2.31981981981982,0.6935148616401847,1,0,0,"[14, 5, 10, 8]",26,96,99
2.3018018018018016,0.7633555337763426,4,0,1,"[14, 5]",29,85,104
2.27027027027027,0.8009716491437467,3,1,1,"[14, 5, 29]",40,73,106
2.414414414414414,0.7364887771624951,2,2,3,"[5, 14, 17, 26]",27,70,123
2.324324324324324,0.6946747950000525,1,0,1,"[14, 5, 1]",26,95,100
2.3423423423423424,0.7844125737718137,2,1,2,"[5, 32, 17, 14]",37,66,117
2.3063063063063063,0.8486645649259521,8,1,2,"[1, 29, 5, 17, 14]",32,66,116
2.3513513513513518,0.8524508042879644,7,1,1,"[14, 5, 17, 29]",34,55,126
2.3783783783783785,0.7616848917246039,6,3,1,"[5, 14, 17]",20,80,116
2.31981981981982,0.7254045299652362,2,2,2,"[14, 5, 17]",28,89,103
2.328828828828829,0.7337854973275331,2,1,2,"[14, 5, 8, 17, 29]",29,85,106
2.324324324324324,0.6881302907536544,0,1,2,"[5, 14, 26]",28,94,100
2.364864864864865,0.7770635815106526,3,1,3,"[14, 5, 17, 29]",32,68,119
2.364864864864865,0.7534113847610335,3,1,1,"[14, 5]",28,76,115
2.2972972972972974,0.7501987018182961,2,1,1,"[14, 5, 17]",33,84,103
2.4054054054054053,0.7166838966751344,2,2,2,"[1, 5, 10, 14]",24,78,118
2.3513513513513518,0.8088721677038644,5,2,1,"[14, 17, 5]",32,65,120
2.328828828828829,0.7698959661033117,3,1,2,"[5, 17, 14, 26]",32,76,111
2.324324324324324,0.6946747950000525,2,2,1,"[14, 17, 5]",23,98,99
2.274774774774775,0.7062703606603027,3,1,2,"[8, 5, 26, 14]",24,104,91
2.3423423423423424,0.730653900345722,3,2,1,"[1, 14, 17, 26, 5]",25,87,107
2.283783783783784,0.7463989617172485,4,1,0,"[5, 14, 26]",27,93,98
2.2882882882882885,0.7946357187816142,3,1,2,"[17, 26, 3, 5, 14]",38,73,108
2.274774774774775,0.7437180009124229,2,1,2,"[5, 17, 14]",33,89,98
2.369369369369369,0.6784054758370942,1,1,1,"[14, 5]",22,93,106
2.328828828828829,0.7213470791352127,1,0,2,"[14, 5]",30,86,105
2.333333333333333,0.7161148740394329,2,0,1,"[17, 8, 5, 14]",26,90,104
2.2927927927927927,0.7181186722674276,0,0,1,"[5, 14]",34,89,99
2.265765765765766,0.7409173103141583,0,1,1,"[5, 17, 14]",39,85,98
2.279279279279279,0.7689820640709554,3,0,2,"[5, 14]",34,83,102
2.328828828828829,0.7520574960434764,4,1,1,"[14, 32, 5]",26,85,107
2.274774774774775,0.7126482976215478,1,1,2,"[1, 14, 17, 5]",31,96,94
2.2612612612612613,0.7017974558163184,0,0,1,"[14, 17, 5, 8]",33,98,91
2.3018018018018016,0.7331185457814339,4,1,3,"[17, 5, 14]",24,95,99
2.373873873873874,0.8014931440993859,9,0,1,"[14, 5]",18,76,119
2.333333333333333,0.7286426149573089,5,2,1,"[5, 17, 26, 14, 8]",19,95,103
2.373873873873874,0.7668719694345218,4,0,1,"[14, 5, 8, 28]",27,73,118
2.3513513513513518,0.791912155746444,4,0,3,"[14, 5, 8, 17, 29, 10]",32,68,118
2.3783783783783785,0.6997614855970284,1,0,1,"[14, 10, 5, 8, 29]",25,85,111
2.3063063063063063,0.728138925543867,2,1,1,"[5, 14, 10]",29,90,101
2.22972972972973,0.8436179996529164,10,1,1,"[10, 14, 8, 5]",29,83,100
2.2117117117117115,0.8045390168512468,5,0,1,"[5, 15, 14]",38,84,95
2.31981981981982,0.719139734918346,2,1,0,"[5, 14, 26]",27,91,102
2.4864864864864864,0.7101700116999563,2,1,2,"[14, 5, 17, 26, 8]",22,64,134
2.274774774774775,0.7735407769855778,3,1,2,"[14, 5, 15, 1]",35,82,102
2.324324324324324,0.7805574311910369,7,0,1,"[5, 8, 14]",22,85,108
2.2522522522522523,0.772472887174847,3,1,0,"[14, 5]",36,85,98
2.2882882882882885,0.7946357187816142,4,1,1,"[5, 14]",35,76,107
2.256756756756757,0.7855161281754963,3,1,1,"[17, 10, 29, 5, 14]",38,80,101
2.36036036036036,0.746549138475925,3,1,1,"[5, 17, 14, 8]",27,79,113
2.346846846846846,0.7967490302234189,3,2,3,"[17, 5, 14, 1]",36,64,119
2.3783783783783785,0.7850878736193457,5,0,1,"[14, 5, 8, 17]",27,69,121
2.265765765765766,0.7347847895591678,4,1,1,"[14, 17, 5, 26]",26,99,93
2.36036036036036,0.6963744869780172,2,0,1,"[5, 8, 14, 17, 26, 29]",22,92,106
2.31981981981982,0.7736988575274841,3,1,3,"[17, 14, 29, 5]",33,76,110
2.2432432432432434,0.7869549104381628,3,0,1,"[14, 5, 17, 1, 29]",39,81,99
2.274774774774775,0.7617517877551316,3,1,1,"[14, 5, 17]",33,86,100
2.36036036036036,0.7343269494222812,2,0,1,"[14, 5, 8, 26]",28,80,112
2.3018018018018016,0.8149598976316993,5,1,3,"[14, 5, 32, 29, 10]",35,70,112
2.324324324324324,0.7688760341408999,4,1,1,"[5, 14]",29,80,109
2.31981981981982,0.8246562228833533,2,0,2,"[14, 5, 17, 10]",45,55,120
2.3063063063063063,0.7762631544376083,5,1,2,"[5, 14, 26]",28,83,106
2.3828828828828827,0.6742012366411708,2,0,1,"[14, 5, 8]",18,95,107
2.40990990990991,0.7045366828976389,3,0,1,"[26, 5, 14, 8, 17]",19,84,116
2.333333333333333,0.7940198811390319,4,1,1,"[17, 5, 26, 14, 29]",33,70,115
2.256756756756757,0.7441015867032068,2,1,3,"[14, 17, 29, 5]",34,91,95
2.315315315315315,0.8125929892570568,6,1,1,"[5, 10, 17, 14]",31,72,113
2.355855855855856,0.7334520973645449,2,1,1,"[5, 14]",28,81,111
2.324324324324324,0.7688760341408999,4,0,3,"[5, 17, 14]",29,80,109
2.216216216216216,0.7658480102203497,4,0,2,"[5, 17, 8, 1, 14]",34,94,90
2.355855855855856,0.787019658540595,7,2,1,"[14, 5, 26]",22,78,115
2.225225225225225,0.7329934248059614,1,1,1,"[5, 14]",37,95,89
2.283783783783784,0.7990991013969991,4,0,1,"[5, 14, 17]",36,75,107
2.315315315315315,0.7842566527683643,3,0,1,"[14, 5]",35,73,111
2.3513513513513518,0.7009837773330696,3,0,1,"[5, 14, 17, 8, 29]",20,95,104
2.31981981981982,0.7191397349183459,3,0,1,"[5, 14, 17, 8]",24,94,101
2.279279279279279,0.7748439769518006,4,0,0,"[14, 17, 5, 32, 26]",32,84,102
2.2927927927927927,0.7117897538623869,0,0,1,"[14, 5, 26]",33,91,98
2.324324324324324,0.7075822343160385,2,1,2,"[14, 5, 8]",25,94,101
2.256756756756757,0.762126297014608,2,0,1,"[5, 17, 14, 15]",37,85,98
2.3423423423423424,0.7181612455285401,2,1,1,"[14, 5, 17]",26,88,106
2.400900900900901,0.7825004006470281,6,2,1,"[5, 8, 14, 29, 17]",23,69,124
2.3378378378378377,0.7419619404630916,2,0,3,"[5, 14]",30,81,109
2.315315315315315,0.7726311862073174,2,1,2,"[5, 14, 8, 17, 26, 29]",36,74,110
2.45945945945946,0.7091360339445602,4,3,1,"[14, 5]",16,76,126
2.2432432432432434,0.7516644121739436,4,1,0,"[14, 5, 1]",30,96,92
2.315315315315315,0.7548573564807843,4,2,2,"[14, 5, 10]",27,86,105
2.2612612612612613,0.7811316968436159,3,1,2,"[5, 14, 17, 26]",37,81,101
2.283783783783784,0.7761187272775134,3,1,1,"[5, 10, 14]",35,80,104
2.324324324324324,0.8034108528083094,7,0,1,"[14, 5, 17, 8, 10]",26,77,112
2.247747747747748,0.7591787473777291,5,1,3,"[14, 5, 1]",28,96,93
2.3063063063063063,0.8104832678540396,6,1,1,"[17, 14, 5]",31,74,111
2.283783783783784,0.7934164102776268,3,2,2,"[5, 14, 10, 1]",38,74,107
2.324324324324324,0.7449639325857419,3,0,2,"[14, 29, 5]",28,85,106
2.3018018018018016,0.7392648888756591,3,1,2,"[14, 5, 8, 17, 26]",28,90,101
2.454954954954955,0.733952140516054,4,2,2,"[14, 17, 26, 5]",20,69,129
2.27027027027027,0.7780465845368315,4,0,2,"[14, 5, 17]",33,84,101
2.40990990990991,0.7481446075712909,5,2,2,"[5, 17, 14]",20,76,121
2.283783783783784,0.7761187272775134,1,1,1,"[17, 8, 14, 5]",41,74,106
2.315315315315315,0.7052740166686345,0,0,2,"[5, 14, 15, 26, 32]",31,90,101
2.31981981981982,0.7910494569913454,5,1,1,"[14, 5, 29, 28]",30,76,111
2.315315315315315,0.7784656213705153,4,3,2,"[14, 5]",31,78,109
2.274774774774775,0.7437180009124229,0,0,2,"[5, 17, 14]",39,83,100
2.2882882882882885,0.8115388141244638,6,2,1,"[8, 5, 26, 14]",32,76,108
2.355855855855856,0.8096907051164532,7,0,2,"[17, 14, 8, 5]",26,70,119
2.279279279279279,0.7921694956797132,3,1,1,"[5, 14, 26]",38,75,106
2.2882882882882885,0.7476949481695887,3,2,1,"[5, 14, 17]",30,89,100
2.4234234234234235,0.6932061983825663,1,2,3,"[5, 14, 17]",23,79,119
2.364864864864865,0.7828649841868127,5,0,2,"[14, 17, 26, 5, 8]",27,72,118
2.2927927927927927,0.6924560148027519,0,2,2,"[14, 17, 5]",30,97,95
2.333333333333333,0.7825394712937681,4,0,1,"[17, 14, 26, 5]",31,74,113
2.31981981981982,0.8024081199225332,5,1,2,"[14, 5, 1, 17]",32,72,113
2.346846846846846,0.6935148616401847,0,1,1,"[14, 5]",28,89,105
2.315315315315315,0.742771890368669,2,2,2,"[5, 14]",31,84,105
2.3018018018018016,0.745360550123225,1,1,2,"[14, 17, 5]",35,82,104
2.3378378378378377,0.7949562786069817,4,0,1,"[14, 5, 21]",33,69,116
2.31981981981982,0.731615681795942,1,1,2,"[8, 14, 5, 17, 29]",32,84,105
2.4234234234234235,0.7616313706697138,5,3,1,"[17, 14, 5, 26]",22,69,126
2.3783783783783785,0.7557209144425376,5,1,1,"[14, 5, 29]",22,79,116
2.369369369369369,0.8285398804747764,6,1,1,"[29, 28, 5, 14, 17]",32,58,126
2.283783783783784,0.8103449397415917,5,2,1,"[14, 5]",35,74,108
2.436936936936937,0.7687832459562144,6,2,1,"[14, 5, 8, 17]",20,67,129
2.247747747747748,0.7531949261076853,4,1,1,"[26, 14, 17, 10, 5]",30,95,93
2.3423423423423424,0.7118327056432907,3,0,2,"[17, 5, 32, 14]",22,93,104
2.310810810810811,0.805956484835384,3,0,2,"[5, 14]",39,66,114
2.391891891891892,0.7273126802593831,1,2,2,"[5, 14, 17]",29,74,118
2.2927927927927927,0.7958275480797724,4,0,1,"[14, 5]",35,75,108
2.315315315315315,0.724265669388573,1,1,2,"[5, 14]",31,87,103
2.328828828828829,0.781562119177653,3,1,1,"[5, 14, 17]",34,72,113
2.324324324324324,0.7202584021245357,3,1,1,"[14, 5, 8, 26, 17]",24,93,102
2.2612612612612613,0.6953199948474094,0,1,1,"[5, 14]",32,100,90
2.2522522522522523,0.7303190707702019,2,0,1,"[17, 5, 32, 14]",32,96,92
2.22972972972973,0.8218833459291919,8,0,1,"[5, 17, 29, 3, 14]",31,85,98
2.3018018018018016,0.7453605501232249,2,2,2,"[14, 5]",32,85,103
2.328828828828829,0.7460165571885969,2,0,1,"[14, 17, 5]",31,81,108
2.27027027027027,0.7663269147029333,5,0,1,"[5, 14, 21, 8]",28,91,98
2.315315315315315,0.7726311862073174,2,1,2,"[14, 15, 17, 26, 5]",36,74,110
2.2927927927927927,0.7054040543885619,2,1,1,"[14, 17, 5]",26,99,95
2.3828828828828827,0.8195986076270692,8,1,2,"[17, 26, 10, 5, 14, 29]",24,65,125
2.2972972972972974,0.7380369534776321,0,1,2,"[14, 17, 5]",37,82,103
2.333333333333333,0.728642614957309,3,1,2,"[14, 17, 5, 26]",25,89,105
2.391891891891892,0.769631178653568,4,1,1,"[14, 29, 17, 5]",27,69,122
2.31981981981982,0.7128198822863829,2,1,2,"[14, 5, 29, 17]",26,93,101
2.3063063063063063,0.6698793406959737,1,2,2,"[5, 17, 14]",23,105,93
2.3423423423423424,0.6726121901136726,0,1,1,"[5, 17, 29, 14]",25,96,101
2.256756756756757,0.7441015867032068,3,2,1,"[14, 17, 5]",31,94,94
2.1666666666666665,0.8315969844189677,6,2,2,"[5, 14, 26, 17, 10]",43,81,92
2.315315315315315,0.6988287807698343,1,1,1,"[14, 17, 5, 1]",27,95,99
2.391891891891892,0.7517864257145856,4,1,2,"[5, 14, 8, 26]",24,75,119
2.310810810810811,0.7889337958163791,6,1,2,"[5, 8, 26, 14]",27,81,108
2.36036036036036,0.7645161459551485,5,1,1,"[14, 5]",24,79,114
2.369369369369369,0.748185472298127,3,0,1,"[14, 5, 32]",27,77,115
2.27027027027027,0.8066011136167054,4,1,1,"[5, 17, 26, 14]",38,74,106
2.4054054054054053,0.710342195000268,1,2,1,"[17, 14, 5]",26,77,118
2.279279279279279,0.7389753352342323,0,0,1,"[14, 5, 26]",38,84,100
2.315315315315315,0.7179909373378062,3,0,1,"[14, 17, 10, 5, 26]",24,95,100
2.3423423423423424,0.8292775626631712,8,1,2,"[14, 5, 17, 26, 29, 3]",27,68,119
2.324324324324324,0.7863330573893015,7,2,1,"[14, 5]",23,83,109
2.2612612612612613,0.7271304999880571,2,0,1,"[5, 14, 17, 15, 28]",31,96,93
2.279279279279279,0.8091241135650447,5,2,2,"[5, 14, 17]",35,75,107
2.3423423423423424,0.7727894528136424,5,3,1,"[5, 29, 26, 14]",26,79,112
2.2972972972972974,0.7855550488309482,2,0,2,"[26, 14, 17, 5]",39,72,109
2.36036036036036,0.8048809562386892,6,1,2,"[17, 14, 5, 8]",28,68,120
2.3063063063063063,0.8325155989493453,7,2,2,"[14, 5]",32,69,114
2.274774774774775,0.8022556964196215,6,1,2,"[14, 5, 17]",31,81,104
2.3378378378378377,0.7234350004173062,3,1,1,"[5, 14, 17, 1]",24,90,105
2.3018018018018016,0.7751201316301087,3,1,2,"[5, 14]",34,78,107
2.3423423423423424,0.790160021544356,6,1,1,"[14, 5, 26]",26,76,114
2.355855855855856,0.8207914384685622,7,1,2,"[14, 1, 5]",28,66,121
2.283783783783784,0.6962134873782163,1,1,1,"[17, 29, 5, 14]",28,100,93
2.3378378378378377,0.7234350004173062,4,2,1,"[17, 5, 14]",21,93,104
2.3018018018018016,0.7809359719041845,2,1,1,"[14, 26, 5]",38,73,109
2.279279279279279,0.8420097824172568,4,1,1,"[14, 5, 17, 28]",44,60,114
2.265765765765766,0.7286006541390521,1,0,1,"[5, 14]",34,92,95
2.256756756756757,0.7969536593398232,3,1,1,"[5, 14, 17, 26]",40,76,103
2.3063063063063063,0.7878350287012748,5,1,2,"[17, 14, 21, 5]",30,79,108
2.3063063063063063,0.7992393758818759,3,3,3,"[14, 5, 17, 26, 29]",38,69,112
2.427927927927928,0.7379402876149803,5,2,1,"[14, 8, 5]",18,76,123
2.3018018018018016,0.8259898197067457,6,1,1,"[14, 5]",34,69,113
2.2882882882882885,0.7230827341983069,2,1,2,"[10, 5, 14]",29,94,97
2.328828828828829,0.7580502958978642,3,1,1,"[5, 14, 17]",30,80,109
2.274774774774775,0.8620682767333159,6,1,1,"[14, 5, 17]",42,59,115
2.3378378378378377,0.7540603879047543,3,0,1,"[5, 14, 17, 32, 29]",29,80,110
2.256756756756757,0.7379955268011954,4,1,3,"[14, 5, 8, 1]",27,99,92
2.274774774774775,0.7676689129460663,1,0,1,"[17, 5, 14]",40,78,103
2.3063063063063063,0.7404632620214789,2,1,2,"[14, 3, 5, 26]",31,86,103
2.369369369369369,0.7542090391354557,3,1,3,"[14, 5]",28,75,116
2.328828828828829,0.8155599234068582,7,2,1,"[14, 29, 5, 17, 1]",28,72,115
2.328828828828829,0.7399263002785286,2,1,3,"[5, 14]",30,83,107
2.2972972972972974,0.7621664120919847,5,2,0,"[5, 14, 17]",26,89,102
2.355855855855856,0.68891477182512,0,1,2,"[5, 14, 26, 29]",27,89,106
2.3018018018018016,0.798129258629767,4,1,1,"[14, 5, 29]",35,73,110
2.2432432432432434,0.7456202886008026,3,1,1,"[5, 28, 1, 14]",32,95,92
2.369369369369369,0.7601848778220227,2,2,3,"[5, 32, 14]",32,70,118
2.265765765765766,0.8274690731731358,8,0,1,"[14, 29, 3, 5, 10, 8]",30,79,105
2.2522522522522523,0.8068537686310826,4,0,2,"[3, 5, 17, 14]",39,76,103
2.3018018018018016,0.8149598976316993,5,0,1,"[14, 5, 10]",35,70,112
2.315315315315315,0.8013786986677441,5,0,2,"[5, 26, 17, 14, 8]",32,73,112
2.400900900900901,0.7708484478167204,3,2,1,"[14, 5]",30,64,125
2.279279279279279,0.7630751215359931,2,0,2,"[5, 14, 10]",36,82,102
2.31981981981982,0.8024081199225332,6,0,1,"[5, 14, 17, 8]",29,75,112
2.364864864864865,0.7413023453195234,3,1,1,"[14, 5]",26,80,113
2.315315315315315,0.7179909373378061,2,0,2,"[14, 5, 29, 8]",27,92,101
2.369369369369369,0.685042891650888,1,2,1,"[5, 14]",23,91,107
2.2927927927927927,0.7243922978709737,2,1,1,"[5, 17, 29, 25, 14, 26]",29,93,98
2.346846846846846,0.725404529965236,4,1,1,"[5, 17, 14, 26]",21,91,106
2.2972972972972974,0.7380369534776321,0,0,1,"[14, 5, 17]",37,82,103
2.3018018018018016,0.7331185457814339,3,1,1,"[17, 5, 14]",27,92,100
2.283783783783784,0.7643694992080432,2,0,1,"[14, 17, 5, 25]",36,81,103
2.2117117117117115,0.8157098608863833,4,2,1,"[14, 26, 5, 29]",43,77,98
2.2612612612612613,0.7694590179486329,3,2,1,"[5, 14, 17]",35,85,99
2.310810810810811,0.6976173219225555,1,1,1,"[14, 5, 17]",27,96,98
2.328828828828829,0.7337854973275331,3,1,2,"[17, 29, 5, 14]",26,88,105
2.3513513513513518,0.7861775172715918,2,1,2,"[5, 14]",37,64,119
2.3018018018018016,0.745360550123225,3,0,1,"[8, 5, 14, 29, 17]",29,88,102
2.328828828828829,0.7337854973275331,1,1,2,"[5, 14]",32,82,107
2.247747747747748,0.7998129698620862,5,1,0,"[5, 17, 14]",35,82,100
2.274774774774775,0.7126482976215477,1,1,1,"[14, 29, 8, 5]",31,96,94
2.225225225225225,0.7691410815596247,3,1,0,"[14, 17, 5]",37,89,93
2.3378378378378377,0.657921319210912,0,1,2,"[14, 5, 1]",23,101,98
2.2882882882882885,0.7831643365554004,3,1,1,"[5, 14, 17, 29]",36,77,106
2.265765765765766,0.6567430257716006,0,1,1,"[14, 5, 17, 28]",26,111,85
2.333333333333333,0.7348263972446017,0,1,2,"[14, 5, 17]",35,78,109
2.414414414414414,0.7724728871748469,5,1,2,"[5, 14, 17, 1]",24,67,126
2.3063063063063063,0.77041203987332,1,0,2,"[3, 5, 14, 17, 8]",39,73,109
2.315315315315315,0.7427718903686689,4,0,1,"[5, 1, 8, 14, 17]",25,90,103
2.373873873873874,0.6989600175919686,2,2,1,"[14, 5, 17]",22,89,109
2.256756756756757,0.7441015867032068,3,2,3,"[5, 14, 17]",31,94,94
2.265765765765766,0.7708484478167204,2,0,3,"[14, 26, 1, 5, 17, 29]",38,81,101
2.283783783783784,0.7584266329473792,0,0,2,"[14, 5, 29, 1]",41,77,104
2.4054054054054053,0.7415085318295935,4,1,1,"[5, 14, 17]",22,76,120
2.310810810810811,0.81155137188219,8,0,1,"[5, 14, 8, 3, 26]",25,79,110
2.36036036036036,0.7820704947081704,2,1,2,"[5, 14, 1, 26]",36,64,120
2.3423423423423424,0.760988824404601,4,1,1,"[14, 17, 5]",27,80,111
2.22972972972973,0.7765912980909038,3,1,2,"[14, 5, 10, 1]",38,86,95
2.333333333333333,0.722405901537473,3,1,2,"[14, 5, 17, 10]",24,91,104
2.27027027027027,0.8121915600665681,4,1,2,"[5, 14, 26, 17]",39,72,107
2.2072072072072078,0.7972477216785111,4,0,2,"[29, 10, 17, 5, 14, 32, 3]",40,84,94
2.27027027027027,0.8232585728400754,7,1,2,"[29, 14, 5]",32,77,106
2.2972972972972974,0.7380369534776322,3,1,2,"[17, 14, 5]",28,91,100
2.2882882882882885,0.741618474528964,1,0,1,"[17, 14, 5, 8]",35,85,101
2.283783783783784,0.7217425545372546,0,0,1,"[14, 5]",35,89,98
2.2882882882882885,0.8280969557349607,4,0,1,"[5, 14, 17]",41,64,113
2.333333333333333,0.7348263972446017,3,2,2,"[14, 5]",26,87,106
2.283783783783784,0.7819271402033078,3,0,1,"[14, 17, 5, 10]",36,78,105
2.4504504504504503,0.7458935998114041,5,0,1,"[14, 5, 17, 8]",19,69,129
2.3873873873873874,0.7511218899724985,5,0,1,"[14, 5]",21,79,117
2.36036036036036,0.816047119489444,6,2,1,"[5, 10, 14, 26]",30,64,122
2.279279279279279,0.7806618745488592,4,2,2,"[5, 14, 17]",33,82,103
2.2522522522522523,0.8715562454724617,10,1,1,"[5, 14, 29]",33,70,109
2.2927927927927927,0.8127058554911678,8,0,1,"[5, 17, 14, 8]",26,81,107
2.324324324324324,0.7011582164989733,3,1,1,"[14, 5, 26, 17, 8]",21,99,99
2.283783783783784,0.7026827120137464,1,2,1,"[5, 14]",29,98,94
2.391891891891892,0.8426026406196517,8,2,1,"[5, 14]",28,55,131
2.3378378378378377,0.7659677644120416,3,2,2,"[14, 5, 29]",31,76,112
2.27027027027027,0.7780465845368315,4,0,1,"[5, 14]",33,84,101
2.364864864864865,0.7828649841868128,5,1,2,"[14, 5]",27,72,118
2.2117117117117115,0.8045390168512467,5,1,2,"[5, 14]",38,84,95
2.427927927927928,0.7317828190997817,3,0,2,"[14, 5, 26, 8, 21]",23,72,124
2.324324324324324,0.7920665697394775,3,2,2,"[5, 29, 14]",36,69,114
2.3063063063063063,0.7762631544376082,3,1,1,"[17, 5, 26, 14]",34,77,108
2.4324324324324325,0.7260083843503446,1,1,2,"[5, 14, 29]",28,67,126
2.2612612612612613,0.7926324970155456,4,0,1,"[3, 17, 5, 14, 26, 8]",36,80,102
2.3063063063063063,0.8486645649259521,9,1,1,"[14, 5, 8]",29,69,115
2.225225225225225,0.7750017916742937,6,2,1,"[5, 14, 17]",29,96,91
2.414414414414414,0.6722484520843064,3,0,1,"[14, 5, 10, 26, 17, 8]",14,93,112
2.27027027027027,0.760399346687292,4,0,2,"[5, 26, 17, 14, 28, 1]",30,90,98
2.324324324324324,0.7805574311910369,3,1,3,"[14, 5, 17]",34,73,112
2.310810810810811,0.8707256402082585,9,1,2,"[14, 5, 29, 1, 17]",33,60,120
2.400900900900901,0.8052986849830216,6,0,2,"[14, 17, 5, 29, 8]",27,61,128
2.310810810810811,0.771535619990595,4,0,1,"[5, 14]",30,81,107
2.3018018018018016,0.7867088190490744,3,2,1,"[5, 14, 17]",36,74,109
2.333333333333333,0.7940198811390319,3,1,1,"[14, 5, 17, 28, 29]",36,67,116
2.31981981981982,0.7316156817959422,2,0,2,"[14, 5, 8]",29,87,104
2.283783783783784,0.7026827120137463,2,0,1,"[14, 5, 26, 10]",26,101,93
2.328828828828829,0.7213470791352127,1,0,1,"[5, 14, 8]",30,86,105
2.247747747747748,0.7768537132156773,2,2,2,"[5, 17, 14]",40,81,99
2.391891891891892,0.8208411021364522,7,2,2,"[14, 5]",27,60,128
2.40990990990991,0.7109301732969732,2,1,1,"[14, 5, 10]",23,79,118
2.3018018018018016,0.7206686163954776,2,0,1,"[14, 5, 17]",28,93,99
2.3018018018018016,0.7924396126678963,5,1,1,"[5, 26, 14]",31,78,108
2.225225225225225,0.8148473436098065,4,1,1,"[5, 14, 17, 26]",42,76,100
2.355855855855856,0.7272566296520052,0,1,1,"[14, 17, 5]",33,77,112
2.265765765765766,0.7825004006470281,4,2,2,"[5, 29, 14]",34,83,101
2.2927927927927927,0.8292406941392827,8,1,1,"[14, 5, 1, 17, 8, 3]",29,75,110
2.391891891891892,0.7813012854635483,3,2,2,"[17, 14, 5, 26]",32,62,125
2.2882882882882885,0.7537224351669387,3,1,1,"[14, 17, 5, 26]",31,87,101
2.355855855855856,0.8207914384685622,6,2,2,"[5, 29, 14]",31,63,122
2.4504504504504503,0.7149184523156012,3,1,1,"[14, 5, 17, 3]",20,73,126
2.3063063063063063,0.7092509948002956,0,2,2,"[14, 17, 5]",32,90,100
2.414414414414414,0.7665928434733706,5,1,2,"[14, 5, 8]",23,69,125
2.36036036036036,0.7762631544376083,4,0,4,"[5, 14, 10, 8]",29,72,117
2.315315315315315,0.8013786986677441,4,1,3,"[5, 14, 17, 32, 10]",35,70,113
2.328828828828829,0.702276503458527,1,1,1,"[5, 17, 14, 8]",27,92,102
2.346846846846846,0.6935148616401847,0,2,2,"[14, 32, 5]",28,89,105
2.225225225225225,0.8475109650747268,6,0,1,"[17, 26, 5, 14]",42,70,104
2.27027027027027,0.760399346687292,4,0,1,"[14, 5]",30,90,98
2.3018018018018016,0.7692603231043579,1,0,1,"[5, 8, 14, 17]",39,74,108
2.2882882882882885,0.7167976469967262,0,0,1,"[14, 5, 17, 28]",34,90,98
2.333333333333333,0.8220197323801436,7,0,1,"[14, 5, 8, 1]",29,69,117
2.328828828828829,0.7520574960434763,2,2,2,"[5, 17, 26, 1, 14]",32,79,109
2.283783783783784,0.7584266329473793,2,0,1,"[5, 14]",35,83,102
2.364864864864865,0.7037261716337465,2,0,1,"[5, 26, 14]",23,89,108
2.31981981981982,0.8569460475865301,9,1,2,"[5, 8, 14]",30,64,119
2.3828828828828827,0.779995808536583,6,1,1,"[17, 5, 8, 14]",23,73,120
2.2522522522522523,0.7665928434733706,2,3,1,"[14, 5]",38,84,98
2.391891891891892,0.7457432910412645,4,2,1,"[5, 32, 14]",23,77,118
2.355855855855856,0.8207914384685622,7,1,1,"[14, 8, 5]",28,66,121
2.3828828828828827,0.7915131135022022,5,1,1,"[14, 5]",28,66,123
2.4414414414414414,0.7512846877687185,5,2,2,"[14, 17, 8, 5]",20,69,128
2.31981981981982,0.7438824190428575,1,1,2,"[5, 14, 17]",34,80,107
2.3063063063063063,0.7762631544376083,3,2,2,"[5, 14, 17, 1, 29]",34,77,108
2.3873873873873874,0.7450733654078652,1,1,2,"[14, 5, 26]",32,69,120
2.27027027027027,0.7300399288149793,2,0,1,"[14, 5]",31,94,95
2.310810810810811,0.8171079506157803,4,2,3,"[14, 17, 5, 8, 10]",38,65,115
2.3783783783783785,0.773474900557758,5,3,1,"[14, 5, 1]",25,73,119
2.274774774774775,0.8022556964196215,4,2,1,"[14, 5, 26]",37,75,106
2.3423423423423424,0.6990037577239022,0,1,1,"[5, 26, 14, 10]",29,88,105
2.3513513513513518,0.7568528389885603,2,1,3,"[5, 14, 29]",32,74,114
2.2612612612612613,0.7208807045948904,1,0,2,"[14, 5, 17, 8]",33,95,93
2.31981981981982,0.731615681795942,2,0,2,"[5, 14, 8]",29,87,104
2.3513513513513518,0.8032586195804514,8,0,1,"[5, 14, 8, 17]",22,76,116
2.3423423423423424,0.7958659644705466,5,2,1,"[17, 26, 5, 14]",30,71,116
2.4324324324324325,0.7383682832153002,4,1,2,"[14, 3, 17, 26, 5]",21,72,125
2.2927927927927927,0.7609486472481084,6,1,1,"[14, 5, 1, 26, 8]",23,93,100
2.279279279279279,0.8146972473919841,5,0,1,"[14, 5, 1]",36,73,108
2.3063063063063063,0.7762631544376083,3,0,2,"[14, 5, 32, 17]",34,77,108
2.3873873873873874,0.8311924724003723,9,0,1,"[5, 14, 29, 8]",23,63,127
2.324324324324324,0.7265135508623672,2,0,1,"[17, 5, 14]",28,88,104
2.324324324324324,0.7570144043312029,2,0,2,"[14, 5]",33,78,109
2.36036036036036,0.6963744869780172,1,1,3,"[5, 14, 17]",25,89,107
2.2072072072072078,0.7742123963738583,1,1,1,"[14, 5]",45,83,93
2.234234234234234,0.7781513649001827,3,0,3,"[14, 1, 5, 8, 29, 17]",38,85,96
2.328828828828829,0.7757509731723241,3,2,1,"[17, 14, 10, 5]",33,74,112
2.283783783783784,0.752436830443754,3,1,2,"[5, 14, 29]",31,88,100
2.256756756756757,0.762126297014608,1,1,2,"[5, 1, 14]",40,82,99
2.369369369369369,0.6981284343963671,0,0,1,"[5, 17, 14, 1]",28,84,110
2.247747747747748,0.7410823498121172,3,1,3,"[14, 5]",31,96,92
2.265765765765766,0.8383344288345317,5,0,3,"[5, 28, 14]",41,66,110
2.333333333333333,0.722405901537473,1,0,2,"[14, 5, 17, 26]",30,85,106
2.3513513513513518,0.8144470255588171,7,1,1,"[14, 5, 8, 26]",27,69,119
2.328828828828829,0.7275928685278319,1,0,2,"[5, 26, 8, 14]",31,84,106
2.333333333333333,0.7530731407734906,4,1,2,"[5, 26, 14, 29]",26,84,108
2.2927927927927927,0.7181186722674279,0,1,1,"[14, 5, 17, 21]",34,89,99
2.2612612612612613,0.7082156753037265,1,1,2,"[5, 14, 17]",31,99,91
2.2432432432432434,0.7636091513595895,2,1,1,"[5, 14, 17]",38,86,96
2.27027027027027,0.7423327051770603,2,2,1,"[14, 5, 26]",33,90,97
2.328828828828829,0.708690384487888,2,0,1,"[14, 5]",25,93,102
2.247747747747748,0.8330662814527706,7,1,1,"[14, 5, 26, 17]",35,76,104
2.346846846846846,0.7678282023888403,5,0,1,"[32, 5, 14]",25,80,112
2.31981981981982,0.7128198822863828,1,1,1,"[14, 5]",29,90,102
2.2927927927927927,0.7428953644233875,3,0,2,"[5, 14, 21]",29,90,100
2.2972972972972974,0.7130914735683777,2,1,2,"[14, 5, 17, 29]",27,96,97
2.2882882882882885,0.7946357187816142,4,1,2,"[14, 5, 26]",35,76,107
2.324324324324324,0.7977588762618181,4,0,3,"[14, 5, 26]",34,70,114
2.279279279279279,0.8035123256035114,3,0,1,"[5, 14, 17]",40,71,108
2.4504504504504503,0.7519355264883228,5,0,1,"[14, 17, 8, 10, 5]",20,67,130
2.324324324324324,0.7629682707167986,5,0,1,"[14, 17, 8, 5]",25,85,107
2.2387387387387387,0.7854642309682399,3,1,1,"[5, 17, 14]",39,82,98
2.2882882882882885,0.8115388141244638,5,2,2,"[5, 26, 29, 14]",35,73,109
2.346846846846846,0.7064434944332892,3,1,1,"[5, 14]",21,94,104
2.3828828828828827,0.8028652168061973,6,1,3,"[5, 8, 14]",27,65,124
2.2882882882882885,0.7537224351669387,2,2,1,"[5, 17, 14]",34,84,102
2.2882882882882885,0.8115388141244639,4,2,2,"[26, 14, 5]",38,70,110
2.247747747747748,0.759178747377729,2,1,3,"[14, 5, 17]",37,87,96
2.283783783783784,0.8047416651380415,4,2,2,"[5, 14, 26]",37,73,108
2.369369369369369,0.7359904574426622,2,2,1,"[5, 14]",28,78,114
2.463963963963964,0.7466719879030266,4,2,1,"[5, 14, 1, 17]",22,63,133
2.2972972972972974,0.7621664120919847,3,1,2,"[14, 17, 5]",32,83,104
2.418918918918919,0.7056351733870684,2,0,2,"[14, 5, 17, 26]",22,79,119
2.40990990990991,0.8119531175814391,7,1,2,"[14, 5, 1]",25,60,130
2.2882882882882885,0.7104569606840285,4,1,1,"[14, 8, 5, 10]",21,104,93
2.373873873873874,0.6792612052260874,0,1,1,"[5, 17, 14, 29]",25,89,108
2.234234234234234,0.7113171130964023,2,2,1,"[17, 5, 26, 14]",30,104,86
2.3063063063063063,0.715602366807758,0,1,1,"[14, 5, 17, 26]",33,88,101
2.2522522522522523,0.772472887174847,3,1,1,"[5, 1, 17, 14]",36,85,98
2.3063063063063063,0.7878350287012746,4,1,2,"[14, 5, 26]",33,76,109
2.3963963963963963,0.8214244253142173,8,1,1,"[29, 5, 14]",24,62,128
2.27027027027027,0.8341787729653578,5,2,2,"[5, 26, 14]",40,67,110
2.2927927927927927,0.7958275480797726,4,0,2,"[3, 5, 14, 8, 29, 26]",35,75,108
2.2927927927927927,0.7054040543885619,1,1,2,"[17, 14, 29, 5]",29,96,96
2.373873873873874,0.7958275480797726,6,2,2,"[14, 17, 29, 26, 5, 8]",26,69,121
2.3018018018018016,0.7574047116247091,1,1,2,"[5, 14, 10]",37,78,106
2.333333333333333,0.7286426149573089,3,0,2,"[5, 26, 14, 8]",25,89,105
2.2387387387387387,0.7001837084303969,1,2,1,"[5, 14]",31,104,86
2.283783783783784,0.8047416651380414,4,1,2,"[5, 14, 10, 26]",37,73,108
2.369369369369369,0.78938578480206,4,1,2,"[14, 29, 5]",31,66,121
2.315315315315315,0.7548573564807844,5,2,1,"[14, 5, 8]",24,89,104
2.355855855855856,0.7395956685136182,3,2,1,"[5, 17, 14]",26,82,111
2.283783783783784,0.7876927233015292,4,0,2,"[14, 5, 8, 29]",34,79,105
2.279279279279279,0.786436733710853,5,2,1,"[14, 5, 17]",31,83,103
2.310810810810811,0.7946485436574436,2,3,1,"[17, 14, 5]",40,67,113
2.3063063063063063,0.7704120398733199,4,1,1,"[14, 5]",30,82,106
2.324324324324324,0.7688760341408999,3,3,1,"[17, 14, 5]",32,77,110
2.3828828828828827,0.7259101167043567,3,1,2,"[5, 8, 14, 26]",23,82,114
2.279279279279279,0.7450733654078652,3,1,1,"[1, 5, 14]",30,91,98
2.256756756756757,0.7855161281754963,4,1,2,"[5, 8, 14, 29]",35,83,100
2.3018018018018016,0.7392648888756591,2,1,1,"[5, 14, 17, 8, 1]",31,87,102
2.310810810810811,0.771535619990595,4,3,2,"[5, 14, 3, 17, 4, 26]",30,81,107
2.2522522522522523,0.8451990417906147,8,0,1,"[5, 14]",34,74,106
2.36036036036036,0.7218978605983821,0,0,2,"[5, 14, 29]",32,78,112
2.3063063063063063,0.8104832678540396,7,2,2,"[5, 17, 14]",28,77,110
2.31981981981982,0.7499405490548632,3,1,1,"[5, 14]",29,84,106
2.3828828828828827,0.7196497229750572,1,0,2,"[5, 14, 17, 8]",28,78,115
2.3378378378378377,0.7776928465851366,5,1,1,"[17, 5, 8, 14, 26, 10]",27,78,112
2.40990990990991,0.7297746450590296,2,1,1,"[5, 14]",26,73,121
2.283783783783784,0.8103449397415917,5,1,1,"[5, 14]",35,74,108
2.2387387387387387,0.7679874587931499,2,0,2,"[5, 14, 17, 28]",39,85,96
2.2882882882882885,0.7889208780403245,4,1,1,"[14, 5, 17, 26]",34,78,106
2.4054054054054053,0.7229699727575903,3,1,2,"[14, 5, 17]",22,79,118
2.3063063063063063,0.7218978605983821,1,0,1,"[5, 14]",31,89,101
2.310810810810811,0.771535619990595,3,1,2,"[5, 32, 17, 14, 10]",33,78,108
2.4054054054054053,0.7655285741229413,6,2,1,"[5, 14, 29]",20,74,122
2.3513513513513518,0.8144470255588171,9,3,1,"[5, 14, 8]",21,75,117
2.2882882882882885,0.8115388141244638,4,0,1,"[8, 5, 10, 26, 14]",38,70,110
2.2882882882882885,0.7416184745289641,3,1,1,"[5, 17, 14]",29,91,99
2.283783783783784,0.7761187272775134,3,3,3,"[5, 17, 14]",35,80,104
2.3513513513513518,0.7976055642826448,4,1,3,"[5, 14, 10]",33,66,119
2.36036036036036,0.715602366807758,2,2,3,"[14, 5, 17, 8]",25,86,109
2.216216216216216,0.7833725142136639,1,2,2,"[17, 5, 14, 1]",46,79,96
2.3783783783783785,0.7436494826291168,4,0,1,"[17, 8, 1, 5, 14, 26]",23,80,115
2.279279279279279,0.7921694956797133,5,1,1,"[14, 5, 8, 21]",32,81,104
2.36036036036036,0.6492988601748072,0,1,1,"[14, 5, 17, 1]",21,100,101
2.27027027027027,0.760399346687292,1,0,2,"[14, 17, 5]",39,81,101
2.3423423423423424,0.8071568502552311,4,0,1,"[17, 5, 14, 8, 26, 29]",35,64,119
2.328828828828829,0.7275928685278319,0,1,2,"[14, 17, 5]",34,81,107
2.2387387387387387,0.7255730980224996,2,2,0,"[5, 17, 14]",32,99,89
2.355855855855856,0.668920205683674,0,1,2,"[5, 8, 14, 10, 17]",24,95,103
2.31981981981982,0.7128198822863829,1,2,2,"[17, 10, 14, 29, 5, 26]",29,90,102
2.328828828828829,0.7987419279094045,7,0,1,"[14, 5, 17, 29]",25,78,112
2.2072072072072078,0.7858144706037581,3,1,1,"[14, 5, 10]",41,85,93
2.2612612612612613,0.7516101775757871,2,3,2,"[14, 5]",35,88,97
2.373873873873874,0.7181186722674278,2,1,2,"[14, 17, 5, 29, 15]",25,83,112
2.36036036036036,0.746549138475925,2,0,2,"[14, 5, 8, 17]",30,76,114
2.36036036036036,0.77041203987332,1,0,2,"[5, 14, 8, 17]",37,65,119
2.2882882882882885,0.7293136597180636,2,1,1,"[14, 17, 5]",30,92,98
2.2927927927927927,0.7367793080197771,1,0,1,"[14, 8, 5, 10, 29]",34,86,101
2.3063063063063063,0.8048809562386892,6,3,1,"[5, 29, 32, 14, 10]",30,76,110
2.3018018018018016,0.7015795987558389,0,0,1,"[14, 8, 5]",31,93,98
2.4324324324324325,0.7006347687093278,2,1,3,"[5, 14, 17, 26]",21,78,121
2.2117117117117115,0.7759086034177545,3,1,1,"[5, 17, 14]",39,88,92
2.3018018018018016,0.7867088190490744,5,1,2,"[5, 32, 14]",30,80,107
2.3423423423423424,0.7054473949684639,1,1,2,"[5, 17, 14]",27,89,105
2.256756756756757,0.7969536593398232,3,2,2,"[5, 14]",40,76,103
2.373873873873874,0.6792612052260874,2,2,2,"[5, 14, 17]",19,95,106
2.2972972972972974,0.8465484310162121,6,1,2,"[14, 5]",38,62,116
2.2882882882882885,0.7167976469967262,0,2,1,"[5, 14]",34,90,98
2.3873873873873874,0.7450733654078652,2,1,2,"[5, 14]",29,72,119
2.283783783783784,0.7761187272775134,3,2,3,"[5, 14]",35,80,104
2.2927927927927927,0.8292406941392827,4,1,2,"[14, 5, 17]",41,63,114
2.27027027027027,0.6918523362179558,1,1,2,"[5, 1, 14]",28,103,90
2.216216216216216,0.8498645663241353,6,1,2,"[5, 14]",43,70,103
2.328828828828829,0.7757509731723241,4,0,1,"[14, 5, 17, 26]",30,77,111
2.22972972972973,0.8328215786271848,5,1,1,"[5, 8, 26, 14, 29]",42,72,103
2.274774774774775,0.8245079123091277,4,1,2,"[17, 5, 14, 8]",41,67,110
2.40990990990991,0.7777976746020018,6,0,2,"[5, 14, 26, 8]",22,69,125
2.2927927927927927,0.730612055040461,1,3,1,"[14, 5, 1]",33,88,100
2.3378378378378377,0.7234350004173062,1,1,2,"[14, 5]",30,84,107
2.315315315315315,0.7667523564648956,3,1,1,"[5, 14]",32,79,108
2.454954954954955,0.7400915607705263,4,0,2,"[14, 17, 26, 8, 5]",21,67,130
2.2972972972972974,0.7067175361629737,1,1,1,"[14, 5, 32, 1]",29,95,97
2.324324324324324,0.7688760341408999,5,0,2,"[5, 14, 17, 26]",26,83,108
2.279279279279279,0.732826563607577,1,0,0,"[14, 5]",34,89,98
2.3513513513513518,0.7009837773330696,2,0,1,"[5, 14, 10]",23,92,105
2.414414414414414,0.7606673477341667,4,1,2,"[14, 8, 17, 5, 10]",25,68,125
2.3063063063063063,0.7585744285635113,4,2,1,"[14, 5, 29, 17]",28,86,104
2.369369369369369,0.7950972839868214,4,3,2,"[32, 14, 5]",32,64,122
2.3423423423423424,0.7118327056432907,3,2,2,"[5, 14, 26]",22,93,104
2.3018018018018016,0.8037786307414235,4,1,1,"[5, 17, 14, 26]",36,71,111
2.274774774774775,0.725235922727358,3,1,0,"[5, 14, 17, 10, 8]",27,98,94
2.2972972972972974,0.7318802982338632,1,0,1,"[14, 5, 1]",33,87,101
2.315315315315315,0.7366548088258094,1,0,2,"[14, 17, 5, 8, 29]",33,83,105
2.3063063063063063,0.77041203987332,5,0,1,"[8, 10, 5, 14, 26, 17]",27,85,105
2.315315315315315,0.6656671811453323,1,0,1,"[10, 5, 14]",22,105,94
2.225225225225225,0.7808185133909297,4,1,2,"[14, 5, 1]",36,88,94
2.1936936936936937,0.7863978566920337,5,2,1,"[14, 5, 17]",36,92,89
2.4054054054054053,0.7166838966751345,2,0,1,"[26, 17, 10, 5, 8, 14]",24,78,118
2.310810810810811,0.7537359561857875,2,1,1,"[5, 14, 26]",33,81,106
2.333333333333333,0.690377735589647,1,3,1,"[5, 14]",25,95,101
2.355855855855856,0.7083451729953593,1,0,1,"[5, 1, 26, 14]",27,86,108
2.346846846846846,0.712819882286383,1,1,2,"[14, 5, 17]",28,86,107
2.315315315315315,0.7548573564807846,3,1,1,"[17, 5, 14]",30,83,106
2.3018018018018016,0.7924396126678963,5,1,2,"[10, 14, 5, 29]",31,78,108
2.2882882882882885,0.7476949481695887,2,1,2,"[5, 14]",33,86,101
2.324324324324324,0.8145971678820686,7,3,2,"[5, 14]",28,73,114
2.2432432432432434,0.8040194974810656,4,1,2,"[5, 26, 28, 14, 17]",39,78,101
2.27027027027027,0.7238152553715097,2,0,1,"[14, 5, 1]",30,96,94
2.3783783783783785,0.7125767918170451,4,0,2,"[5, 14, 8]",18,90,110
2.3018018018018016,0.798129258629767,4,1,2,"[17, 14, 5]",35,73,110
2.256756756756757,0.706674273481279,1,1,1,"[5, 17, 26, 14]",31,100,90
2.3063063063063063,0.82706254221693,7,1,1,"[14, 29, 5]",31,71,113
2.3783783783783785,0.7793030190808257,6,2,1,"[5, 17, 14]",23,74,119
2.283783783783784,0.7934164102776269,4,0,2,"[14, 5, 8]",35,77,106
2.2972972972972974,0.8193871961885479,6,1,2,"[5, 14, 17]",33,72,111
2.279279279279279,0.7012744851701147,1,2,2,"[5, 14, 26, 29]",29,99,93
2.414414414414414,0.7364887771624948,2,0,2,"[5, 14, 17, 8]",27,70,123
2.2972972972972974,0.7067175361629737,2,2,1,"[14, 17, 5]",26,98,96
2.364864864864865,0.7828649841868127,4,1,1,"[14, 5, 17, 8, 29]",30,69,119
2.3828828828828827,0.6742012366411708,3,1,1,"[17, 5, 14]",15,98,106
2.265765765765766,0.7033205657374381,1,0,1,"[14, 5, 17, 10]",30,100,91
2.364864864864865,0.7653288588566685,4,0,3,"[14, 17, 5, 29]",27,75,116
2.36036036036036,0.7878350287012748,7,1,1,"[5, 14, 32]",22,77,116
2.2927927927927927,0.730612055040461,3,3,1,"[14, 17, 5]",27,94,98
2.2387387387387387,0.7501036032419736,1,1,2,"[14, 17, 5]",39,88,94
2.36036036036036,0.77041203987332,7,1,1,"[5, 14, 8]",19,83,113
2.346846846846846,0.7910494569913453,4,2,2,"[17, 5, 14, 26]",32,69,117
2.315315315315315,0.7548573564807843,3,0,1,"[14, 8, 5]",30,83,106
2.477477477477477,0.7162856282939059,4,1,1,"[5, 14, 29]",17,70,131
2.346846846846846,0.7377745452408868,2,2,1,"[14, 5]",29,81,110
2.310810810810811,0.7597155160999147,1,2,1,"[5, 29, 14]",37,76,108
2.265765765765766,0.7590176427397027,2,0,1,"[14, 17, 1, 5]",36,85,99
2.2972972972972974,0.7855550488309482,4,0,1,"[14, 5, 8, 17]",33,78,107
2.220720720720721,0.8133075442101602,5,1,1,"[5, 14, 17]",39,80,98
2.283783783783784,0.7463989617172485,0,1,2,"[5, 14]",39,81,102
2.310810810810811,0.7355056562531216,2,0,2,"[14, 5, 17]",30,87,103
2.40990990990991,0.754168500796511,4,0,1,"[5, 14, 26, 8]",24,71,123
2.171171171171171,0.8333965162953842,4,0,2,"[5, 32, 17, 14]",49,74,95
2.2882882882882885,0.741618474528964,2,1,2,"[14, 8, 5, 1]",32,88,100
2.3378378378378377,0.7600373953712573,2,1,2,"[14, 1, 5]",33,75,112
2.274774774774775,0.7965955238903089,4,0,1,"[5, 14, 8]",36,77,105
2.279279279279279,0.7571220954056977,5,1,1,"[14, 5, 26]",26,93,98
2.373873873873874,0.685890340127963,4,0,1,"[14, 5, 8]",14,99,105
2.3873873873873874,0.7921694956797132,6,1,1,"[14, 5]",25,68,123
2.324324324324324,0.6681122478938255,3,1,2,"[14, 5, 17]",16,109,94
2.3378378378378377,0.8605537577423822,9,0,1,"[5, 14, 32, 17, 29, 10]",30,60,123
2.369369369369369,0.7421130151144872,5,1,1,"[5, 14, 8]",20,85,112
2.2972972972972974,0.7969920214500931,6,1,1,"[5, 14, 17, 26, 10]",29,80,107
2.3378378378378377,0.6979678393781217,1,0,1,"[14, 5]",26,92,103
2.3783783783783785,0.7616848917246037,4,1,1,"[14, 5, 17]",26,74,118
2.2387387387387387,0.7969025069867962,2,0,1,"[14, 5, 3]",44,75,101
2.3378378378378377,0.7419619404630917,4,2,3,"[5, 14, 26]",24,87,107
2.265765765765766,0.728600654139052,1,1,1,"[5, 14]",34,92,95
2.315315315315315,0.7242656693885728,2,1,1,"[14, 17, 5, 26]",28,90,102
2.2927927927927927,0.7054040543885619,1,1,2,"[14, 5, 29]",29,96,96
2.315315315315315,0.8399739489817525,7,0,1,"[14, 5, 17]",33,65,117
2.2882882882882885,0.7167976469967262,0,2,3,"[5, 14, 17, 29]",34,90,98
2.3378378378378377,0.6848792282547714,1,2,1,"[5, 14, 15]",24,96,101
2.328828828828829,0.6556247943910768,0,2,1,"[14, 5, 17]",23,103,96
2.346846846846846,0.6869593070627608,2,0,1,"[14, 32, 26, 5]",21,97,102
2.454954954954955,0.7400915607705263,6,2,1,"[14, 5, 8, 26]",15,73,128
2.2882882882882885,0.7715224109129613,3,0,2,"[14, 5, 17]",34,81,104
2.3378378378378377,0.7949562786069818,6,1,2,"[5, 14, 10, 8]",27,75,114
2.3423423423423424,0.7844125737718137,3,0,2,"[17, 8, 5, 29, 14]",34,69,116
2.2387387387387387,0.762072806960007,3,2,1,"[5, 14]",35,90,94
2.346846846846846,0.7619123142645889,5,1,2,"[5, 32, 14]",24,82,111
2.283783783783784,0.8323809322584391,5,1,2,"[14, 5, 32, 29]",39,66,112
2.2522522522522523,0.8012260793300006,5,1,0,"[5, 26, 14]",35,81,101
2.2972972972972974,0.7562062324296943,2,1,2,"[14, 17, 1, 5]",34,82,104
2.256756756756757,0.7561658011610565,4,1,1,"[5, 8, 14]",30,93,95
2.454954954954955,0.7522200913529669,6,0,2,"[14, 8, 5, 17, 29, 26]",17,69,130
2.414414414414414,0.7783085089962076,5,1,2,"[5, 10, 26, 14]",25,65,127
2.315315315315315,0.7179909373378062,0,1,0,"[17, 5, 14]",33,86,103
2.333333333333333,0.7590579221048323,3,1,1,"[14, 17, 5]",30,79,110
2.324324324324324,0.8090233446358832,3,0,3,"[5, 14]",39,63,117
2.328828828828829,0.7757509731723241,3,0,1,"[17, 5, 8, 14]",33,74,112
2.256756756756757,0.7318385230519898,1,1,1,"[14, 1, 5]",35,92,94
2.3828828828828827,0.7623936909941407,4,1,2,"[14, 5]",26,73,119
2.2972972972972974,0.8082671772170498,6,0,2,"[14, 17, 5]",31,76,109
2.373873873873874,0.7181186722674279,3,2,1,"[14, 5, 8]",22,86,111
2.2882882882882885,0.7831643365554004,4,1,2,"[5, 17, 26, 14, 8]",33,80,105
2.3423423423423424,0.7054473949684639,1,0,1,"[5, 8, 14]",27,89,105
2.4054054054054053,0.7229699727575902,2,0,2,"[5, 14, 17, 8]",25,76,119
2.346846846846846,0.7559501312073208,3,1,1,"[14, 5]",29,78,112
2.333333333333333,0.7649958842149165,2,2,1,"[5, 14]",34,74,112
2.3423423423423424,0.7786227020423082,5,1,1,"[5, 14, 10]",27,77,113
2.283783783783784,0.7090929188185775,1,0,2,"[5, 14, 26]",30,96,95
2.216216216216216,0.7948408919631333,4,1,1,"[17, 10, 8, 5, 14]",39,84,95
2.36036036036036,0.6963744869780172,0,1,1,"[5, 8, 14]",28,86,108
2.3063063063063063,0.734326949422281,1,0,1,"[14, 5, 17]",33,85,103
2.364864864864865,0.7101269593515974,1,0,1,"[5, 14, 17, 32]",27,84,110
2.400900900900901,0.6968572625965621,1,0,2,"[5, 14, 26, 17]",24,82,115
2.3513513513513518,0.7137771386052166,1,1,2,"[14, 26, 5]",28,85,108
2.391891891891892,0.781301285463548,4,2,1,"[14, 17, 5]",29,65,124
2.3513513513513518,0.780400739945618,5,2,1,"[14, 5, 17, 8, 26]",27,75,115
2.391891891891892,0.7637292566086652,2,1,2,"[17, 14, 26, 5]",32,65,123
2.279279279279279,0.8632378401744102,10,2,1,"[5, 14, 3]",30,70,112
2.36036036036036,0.715602366807758,3,1,1,"[5, 14]",22,89,108
2.324324324324324,0.7449639325857419,1,1,3,"[5, 14, 26]",34,79,108
2.189189189189189,0.8349114729511165,5,2,2,"[5, 14, 29]",45,75,97
2.274774774774775,0.8461751547303789,6,2,1,"[14, 5]",39,65,112
2.216216216216216,0.7833725142136639,5,2,1,"[5, 14]",34,91,92
2.3828828828828827,0.7799958085365829,6,0,1,"[5, 17, 14, 8]",23,73,120
2.283783783783784,0.7643694992080433,2,1,2,"[5, 8, 1, 14]",36,81,103
2.274774774774775,0.7735407769855778,4,0,1,"[14, 8, 5, 17]",32,85,101
2.2072072072072078,0.7915517392855129,4,0,1,"[5, 14, 17, 1, 26]",39,86,93
2.2927927927927927,0.7428953644233875,2,0,1,"[5, 32, 17, 14]",32,87,101
2.481981981981982,0.6972081621677554,1,1,1,"[14, 17, 26, 5]",23,66,132
2.2387387387387387,0.7440468008404685,2,1,3,"[14, 5, 15, 29]",35,93,92
2.472972972972973,0.7097824465554078,1,2,4,"[14, 5]",25,64,132
2.256756756756757,0.7561658011610564,1,1,2,"[5, 14]",39,84,98
2.2387387387387387,0.7854642309682399,2,2,2,"[14, 5]",42,79,99
2.247747747747748,0.747163183621025,1,0,2,"[14, 29, 5]",38,88,95
2.3873873873873874,0.7012744851701147,0,1,2,"[5, 14, 8, 26]",28,80,114
2.2972972972972974,0.6806251397778661,1,0,0,"[5, 14, 32]",25,103,93
2.324324324324324,0.7863330573893015,7,3,1,"[14, 17, 5]",23,83,109
2.324324324324324,0.7688760341408999,2,1,2,"[5, 14]",35,74,111
2.31981981981982,0.7438824190428575,2,0,1,"[5, 14]",31,83,106
2.22972972972973,0.7881583545086782,4,0,2,"[5, 14, 17, 8]",37,85,96
2.3783783783783785,0.7375396797860416,2,2,1,"[5, 29, 17, 14]",28,76,116
2.310810810810811,0.7355056562531216,2,1,2,"[14, 5, 17, 26]",30,87,103
2.2972972972972974,0.725671411306269,1,0,2,"[14, 5, 26, 8, 17]",32,89,100
2.346846846846846,0.7377745452408867,2,2,2,"[5, 14, 17]",29,81,110
2.265765765765766,0.7347847895591678,2,0,2,"[14, 26, 5]",32,93,95
2.27027027027027,0.8009716491437467,3,1,2,"[5, 17, 14]",40,73,106
2.283783783783784,0.8159097346646011,4,2,2,"[26, 5, 14]",39,69,110
2.4054054054054053,0.6710345680096235,2,2,1,"[5, 14, 26, 29]",17,92,111
2.3378378378378377,0.789243759013022,3,2,3,"[5, 14, 10]",35,68,116
2.400900900900901,0.7286006541390521,3,1,1,"[14, 5, 29]",23,78,118
2.373873873873874,0.7367793080197771,6,0,1,"[10, 14, 8, 5, 17]",16,89,111
2.279279279279279,0.7450733654078653,2,0,0,"[5, 14, 8]",33,88,99
2.274774774774775,0.6867812614510284,1,1,1,"[5, 14]",27,104,90
2.436936936936937,0.6611970397822569,2,0,1,"[14, 8, 5, 17]",15,89,116
2.3513513513513518,0.7508504818733137,2,1,2,"[14, 26, 32, 10, 5]",31,76,113
2.283783783783784,0.7702665156134018,3,1,2,"[14, 5, 10, 26, 17]",34,82,103
2.27027027027027,0.7048114660258838,1,0,2,"[5, 14, 17, 8]",30,99,92
2.36036036036036,0.7935576892730575,4,2,2,"[17, 8, 26, 14, 10, 5]",32,66,120
2.4054054054054053,0.7536142582829702,3,0,2,"[8, 14, 5]",27,69,123
2.2882882882882885,0.8443304384922279,6,0,2,"[5, 14, 26]",38,64,114
2.324324324324324,0.7388649992373152,3,1,1,"[14, 5, 10]",27,87,105
2.315315315315315,0.711660882965732,1,1,3,"[14, 26, 17, 5]",29,91,101
2.36036036036036,0.746549138475925,5,1,1,"[5, 29, 8, 14]",21,85,111
2.279279279279279,0.7389753352342324,3,1,2,"[17, 5, 1, 14, 29]",29,93,97
2.2927927927927927,0.8400831365572764,7,1,1,"[14, 32, 15, 5]",34,68,113
2.2882882882882885,0.7597021015040277,1,0,3,"[3, 14, 5, 1]",38,79,104
2.400900900900901,0.7939813754264464,5,1,3,"[14, 5, 29, 17, 8]",28,62,127
2.216216216216216,0.8551722369493566,11,1,1,"[5, 14, 17, 26]",29,83,99
2.2072072072072078,0.7915517392855129,4,0,2,"[14, 28, 5, 17]",39,86,93
2.247747747747748,0.7410823498121172,2,1,1,"[5, 14, 1, 17]",34,93,93
2.463963963963964,0.7220249043464034,4,0,3,"[14, 17, 29, 8, 5, 10]",18,71,129
2.3063063063063063,0.7281389255438672,2,0,2,"[14, 5, 17]",29,90,101
2.2432432432432434,0.7869549104381628,3,1,2,"[17, 14, 29, 5, 1]",39,81,99
2.4054054054054053,0.7945331123225665,8,1,1,"[14, 5, 26, 29]",19,70,125
2.247747747747748,0.7768537132156774,4,1,1,"[17, 5, 1, 14, 8]",34,87,97
2.216216216216216,0.8445235386522121,6,0,2,"[5, 29, 28, 1, 14]",42,72,102
2.315315315315315,0.6988287807698343,2,2,1,"[14, 5, 1]",24,98,98
2.234234234234234,0.8067021851180879,4,1,2,"[5, 14, 17]",40,78,100
2.234234234234234,0.742442525830842,2,2,1,"[5, 14, 1]",35,94,91
2.31981981981982,0.7619123142645889,2,1,2,"[14, 5]",34,77,109
2.324324324324324,0.7449639325857419,4,1,2,"[17, 5, 14, 8]",25,88,105
2.274774774774775,0.7676689129460663,1,1,2,"[14, 5]",40,78,103
2.3063063063063063,0.7465491384759247,3,1,0,"[5, 14, 17, 26]",29,87,103
2.4054054054054053,0.7536142582829702,3,2,2,"[5, 14]",27,69,123
2.2882882882882885,0.7354918000950191,2,1,2,"[14, 5, 26]",31,90,99
2.364864864864865,0.6640270191101809,0,0,2,"[17, 14, 5]",23,95,104
2.279279279279279,0.8202325150003087,6,0,1,"[17, 8, 10, 5, 14]",34,74,108
2.3828828828828827,0.7382716607354267,2,3,1,"[14, 17, 5]",28,75,117
2.2972972972972974,0.7441426734532839,0,1,1,"[14, 5]",38,80,104
2.36036036036036,0.7585744285635114,6,1,1,"[17, 14, 5]",20,84,112
2.283783783783784,0.7341742725955973,2,0,2,"[14, 8, 5, 29]",31,91,98
2.27027027027027,0.736211974515381,2,1,2,"[14, 5]",32,92,96
2.328828828828829,0.7698959661033117,5,1,2,"[5, 32, 14, 17]",26,82,109
2.3513513513513518,0.6679291783608933,0,2,2,"[14, 5, 17]",24,96,102
2.391891891891892,0.739650784071375,4,0,2,"[14, 5, 17, 10, 8, 29]",22,79,117
2.27027027027027,0.7895923221642553,3,1,2,"[14, 5]",38,77,104
2.472972972972973,0.7286566013597549,4,1,2,"[14, 5, 17]",19,67,132
2.3378378378378377,0.6715355610714441,0,1,3,"[5, 14, 29, 17]",25,97,100
2.274774774774775,0.7908948444176505,4,1,2,"[14, 17, 5]",35,79,104
2.355855855855856,0.8040828714730361,4,1,2,"[14, 5, 32, 17]",34,63,121
2.4054054054054053,0.7039433643711279,2,0,1,"[5, 14, 17, 8]",22,82,116
2.2612612612612613,0.8151474531320841,5,0,1,"[14, 5]",37,75,105
2.355855855855856,0.7456886257948165,1,2,2,"[14, 5]",33,74,114
2.2927927927927927,0.8454522163218734,4,0,2,"[14, 5, 29, 17]",44,57,117
2.265765765765766,0.8274690731731358,7,1,2,"[5, 14, 1]",33,76,106
2.27027027027027,0.7048114660258838,1,2,1,"[5, 14, 17]",30,99,92
2.36036036036036,0.7343269494222812,2,0,1,"[14, 5, 29]",28,80,112
2.279279279279279,0.732826563607577,3,0,1,"[14, 8, 5]",28,95,96
2.391891891891892,0.7457432910412645,5,1,1,"[14, 5, 8]",20,80,117
2.256756756756757,0.7256292786728371,1,3,1,"[17, 5, 14]",34,94,93
2.414414414414414,0.7606673477341667,5,0,1,"[5, 14, 10, 17, 8, 21]",22,71,124
2.3423423423423424,0.7550193488335517,4,0,2,"[5, 26, 10, 14]",26,82,110
2.216216216216216,0.7948408919631333,4,2,1,"[5, 17, 10, 14]",39,84,95
2.31981981981982,0.7438824190428575,2,1,2,"[14, 5]",31,83,106
2.3828828828828827,0.7259101167043567,1,1,2,"[5, 14]",29,76,116
2.4324324324324325,0.756529604791034,4,2,3,"[14, 17, 1, 5]",24,66,128
2.400900900900901,0.7996600516967993,6,2,2,"[14, 5, 10]",26,63,127
2.2432432432432434,0.7456202886008024,2,1,2,"[17, 14, 5]",35,92,93
2.2927927927927927,0.8014931440993859,5,0,2,"[14, 5, 28]",33,76,108
2.2927927927927927,0.7609486472481084,3,1,2,"[26, 14, 5]",32,84,103
2.3423423423423424,0.71816124552854,1,0,1,"[14, 5, 29, 8]",29,85,107
2.2522522522522523,0.8451990417906147,10,1,1,"[5, 14, 1, 32, 3]",28,80,104
2.27027027027027,0.754425206820931,2,1,1,"[1, 14, 5]",35,86,99
2.400900900900901,0.7766962747799834,5,1,2,"[5, 26, 14]",25,68,124
2.333333333333333,0.7767356373806175,5,0,1,"[5, 8, 14, 17, 29]",27,79,111
2.216216216216216,0.8117397149355929,4,2,2,"[14, 1, 29, 5]",42,78,98
2.247747747747748,0.7826566715314206,3,0,1,"[5, 14, 29, 10]",38,82,99
2.265765765765766,0.7347847895591678,2,0,1,"[5, 14]",32,93,95
2.2882882882882885,0.7831643365554004,5,0,2,"[14, 26, 28, 5]",30,83,104
2.2927927927927927,0.7843735964266967,4,0,3,"[14, 5, 29, 28]",33,79,106
2.279279279279279,0.7140626380520981,0,1,2,"[17, 14, 5]",34,92,96
2.274774774774775,0.7676689129460663,3,1,2,"[14, 17, 5, 8]",34,84,101
2.3963963963963963,0.7990863479500621,4,0,1,"[1, 14, 5, 28]",32,58,128
2.2927927927927927,0.7367793080197771,2,3,1,"[14, 17, 5]",31,89,100
2.36036036036036,0.77041203987332,3,1,2,"[1, 8, 14, 17, 5]",31,71,117
2.2927927927927927,0.7117897538623869,1,0,1,"[5, 14, 8, 10]",30,94,97
2.2882882882882885,0.7104569606840285,2,1,1,"[14, 5, 17, 8, 26]",27,98,95
2.31981981981982,0.8246562228833535,8,2,1,"[17, 29, 1, 14, 5]",27,73,114
2.36036036036036,0.7281389255438669,2,2,1,"[14, 5, 17, 29]",27,82,111
2.355855855855856,0.7456886257948167,3,1,1,"[5, 26, 14, 17]",27,80,112
2.3513513513513518,0.7009837773330696,1,1,2,"[5, 8, 10, 17, 14]",26,89,106
2.3873873873873874,0.7450733654078652,2,0,2,"[17, 14, 5, 29]",29,72,119
2.391891891891892,0.781301285463548,6,0,1,"[17, 5, 14]",23,71,122
2.234234234234234,0.8010734309154447,4,1,1,"[29, 14, 1, 5, 26, 10]",39,80,99
2.328828828828829,0.727592868527832,1,2,1,"[14, 17, 5, 10]",31,84,106
2.333333333333333,0.7348263972446017,3,0,2,"[8, 17, 5, 14]",26,87,106
2.333333333333333,0.7767356373806175,4,0,2,"[5, 17, 29, 14]",30,76,112
2.364864864864865,0.7653288588566683,3,1,1,"[26, 17, 14, 10, 5]",30,72,117
2.328828828828829,0.7698959661033118,4,0,1,"[14, 17, 5, 8]",29,79,110
2.283783783783784,0.7702665156134019,3,0,2,"[5, 26, 14, 17]",34,82,103
2.310810810810811,0.8335554715953155,8,1,1,"[14, 5, 8, 26, 17]",29,71,114
2.355855855855856,0.7395956685136182,2,0,2,"[5, 14, 8, 29]",29,79,112
2.3783783783783785,0.7965315541869374,7,1,1,"[5, 14, 17, 26]",23,71,121
2.274774774774775,0.7793684028847381,4,1,1,"[14, 17, 3, 8, 5]",33,83,102
2.333333333333333,0.7996982839794634,8,0,1,"[14, 5, 26, 17, 29, 8]",22,80,112
2.31981981981982,0.7438824190428575,2,1,1,"[14, 5]",31,83,106
2.274774774774775,0.8078762134098192,6,1,1,"[14, 8, 5]",32,79,105
2.369369369369369,0.7235899432243009,2,0,1,"[14, 5, 8, 26]",26,82,112
2.355855855855856,0.787019658540595,6,2,1,"[14, 5, 26, 8, 17]",25,75,116
2.346846846846846,0.7254045299652362,2,2,1,"[14, 5, 10, 29, 17]",27,85,108
2.2972972972972974,0.7501987018182961,4,1,1,"[5, 17, 8, 14]",27,90,101
2.310810810810811,0.6711712395683936,1,0,1,"[14, 5, 8]",23,104,94
2.2972972972972974,0.7969920214500931,4,1,1,"[5, 10, 14]",35,74,109
2.324324324324324,0.6544267936709409,1,1,2,"[14, 5, 8]",20,107,94
2.4234234234234235,0.7251094415702296,4,0,1,"[14, 17, 5, 8]",19,78,121
2.220720720720721,0.731281292588547,3,2,1,"[5, 17, 14]",31,102,86
2.3378378378378377,0.8174072301608823,7,1,1,"[14, 5, 17, 10, 21]",28,70,117
2.3423423423423424,0.724434502446398,3,0,3,"[5, 8, 14, 17, 26, 28]",24,89,106
2.256756756756757,0.7739095813546377,1,1,2,"[14, 17, 5, 10, 15]",42,78,101
2.324324324324324,0.7139484519734834,1,0,2,"[5, 14]",29,89,103
2.364864864864865,0.7593935003956738,4,1,1,"[5, 8, 29, 17, 14]",26,77,115
2.274774774774775,0.7908948444176505,4,0,1,"[5, 14, 32]",35,79,104
2.2882882882882885,0.6845071204609655,0,0,1,"[5, 17, 14, 8, 26]",29,100,93
2.328828828828829,0.7757509731723241,4,1,2,"[14, 32, 5, 17]",30,77,111
2.2387387387387387,0.7912040393515345,4,1,0,"[5, 17, 14, 10]",37,83,98
2.346846846846846,0.7438824190428575,1,1,1,"[14, 5, 26, 15]",33,76,112
2.3513513513513518,0.7200885899325907,1,0,3,"[14, 8, 17, 5, 26]",29,83,109
2.391891891891892,0.6955105075322783,1,1,2,"[5, 14]",24,84,113
2.355855855855856,0.82628588225804,7,1,1,"[14, 5, 26]",29,64,122
2.2522522522522523,0.7303190707702019,2,1,2,"[14, 17, 5]",32,96,92
2.328828828828829,0.8099927252214951,5,1,1,"[5, 29, 14]",33,68,116
2.3513513513513518,0.7745808809620928,2,1,3,"[5, 3, 29, 14, 17]",35,68,117
2.315315315315315,0.7366548088258095,2,1,1,"[14, 5, 17, 10]",30,86,104
2.247747747747748,0.759178747377729,3,0,3,"[5, 14, 3, 8]",34,90,95
2.333333333333333,0.7649958842149164,5,1,1,"[5, 14, 8, 17, 10, 26]",25,83,109
2.3423423423423424,0.760988824404601,2,0,3,"[5, 10, 14, 26]",33,74,113
2.346846846846846,0.8136082217068156,5,2,2,"[14, 5, 29, 17, 10, 26]",33,64,120
2.2927927927927927,0.7727498892009226,3,2,2,"[14, 1, 26, 5]",34,80,105
2.2927927927927927,0.7901213277256897,5,1,1,"[5, 14, 26]",31,80,106
2.3783783783783785,0.7436494826291168,2,2,2,"[14, 5, 17]",29,74,117
2.3063063063063063,0.7092509948002956,1,1,1,"[14, 5]",29,93,99
2.2522522522522523,0.7665928434733706,3,0,1,"[14, 5]",35,87,97
2.3423423423423424,0.7550193488335517,3,0,1,"[5, 14, 17]",29,79,111
2.234234234234234,0.8342765034762625,6,1,1,"[14, 5, 17, 28]",39,74,103
2.4324324324324325,0.6675628886824767,1,2,2,"[29, 14, 5]",19,85,117
2.3063063063063063,0.6898461077358056,2,0,1,"[14, 5, 28]",23,102,95
2.202702702702702,0.8012387987184894,4,1,3,"[5, 14, 17]",41,83,94
2.373873873873874,0.7489614784736355,2,0,1,"[5, 14, 26, 8, 17]",30,73,117
2.3513513513513518,0.7386994643412672,4,2,1,"[14, 17, 5]",23,86,109
2.2927927927927927,0.8071189712762147,5,0,1,"[14, 5, 8]",34,74,109
2.2972972972972974,0.7256714113062691,2,2,1,"[14, 26, 5, 25, 17]",29,92,99
2.315315315315315,0.7957122877791639,2,1,2,"[14, 5, 17]",40,66,114
2.333333333333333,0.716114874039433,2,1,3,"[14, 29, 26, 5]",26,90,104
2.2432432432432434,0.7576603211759584,4,0,0,"[14, 5, 17, 10]",31,94,93
2.27027027027027,0.7722089833417978,3,0,1,"[5, 10, 14]",35,83,101
2.256756756756757,0.7256292786728371,2,1,2,"[5, 17, 14, 10, 8]",31,97,92
2.481981981981982,0.7351175851027343,3,2,1,"[5, 14, 8, 17]",23,60,136
2.2927927927927927,0.8292406941392827,8,1,1,"[14, 5, 28]",29,75,110
2.2972972972972974,0.7256714113062691,1,1,1,"[5, 14, 15, 32, 26]",32,89,100
2.364864864864865,0.8223296174621291,7,0,1,"[5, 14, 8, 17, 29, 26]",28,64,123
2.3963963963963963,0.7584131955540957,5,0,1,"[14, 32, 5, 29]",22,75,120
2.3423423423423424,0.790160021544356,5,1,2,"[5, 14]",29,73,115
2.3018018018018016,0.8037786307414235,6,0,2,"[1, 8, 5, 14, 10, 17]",30,77,109
2.36036036036036,0.6898461077358055,0,1,1,"[5, 14, 26, 1]",27,88,107
2.2927927927927927,0.8872359551600782,10,2,1,"[5, 26, 17, 14, 3]",34,59,119
2.3963963963963963,0.7819141066723374,4,0,2,"[14, 17, 8, 5, 26]",29,64,125
2.1936936936936937,0.7689423045605281,3,1,0,"[5, 14, 10]",39,92,88
2.2882882882882885,0.723082734198307,1,1,1,"[14, 5, 17]",32,91,98
2.283783783783784,0.7154456941475754,1,1,2,"[5, 8, 17, 14]",31,94,96
2.3873873873873874,0.7571220954056976,6,2,1,"[14, 5, 26, 17]",19,80,117
2.2387387387387387,0.7561118894398157,3,2,1,"[14, 5]",34,92,93
2.477477477477477,0.7349928044323726,6,1,1,"[14, 5, 17, 26, 8]",14,70,132
2.315315315315315,0.742771890368669,3,1,1,"[14, 5]",28,87,104
2.216216216216216,0.8391485169992248,9,0,0,"[14, 17, 5]",32,83,98
2.2432432432432434,0.7811838818787039,3,2,2,"[8, 17, 14, 5]",38,83,98
2.22972972972973,0.7648493294494039,2,0,1,"[5, 14, 15, 28, 17, 26]",39,87,94
2.3018018018018016,0.8093885723138262,6,1,1,"[14, 5, 17, 29]",31,75,110
2.315315315315315,0.7548573564807843,3,0,1,"[14, 5, 8, 10]",30,83,106
2.3018018018018016,0.7924396126678963,5,0,2,"[14, 8, 10, 25, 5, 17, 26]",31,78,108
2.324324324324324,0.751013338502899,2,0,1,"[14, 5, 1, 17, 8]",32,80,108
2.328828828828829,0.7275928685278319,3,0,3,"[14, 5, 26, 29, 17, 8]",25,90,104
2.202702702702702,0.8180054607634452,6,1,1,"[14, 17, 5]",38,83,95
2.324324324324324,0.7805574311910369,3,1,1,"[14, 5, 29]",34,73,112
2.328828828828829,0.7698959661033117,4,2,2,"[5, 14]",29,79,110
2.3513513513513518,0.732548377148171,1,0,2,"[14, 5, 8, 17, 26]",31,79,111
2.364864864864865,0.7593935003956738,4,2,1,"[29, 17, 14, 5]",26,77,115
2.333333333333333,0.7348263972446017,2,1,2,"[5, 8, 14]",29,84,107
2.3018018018018016,0.7867088190490744,3,0,4,"[17, 14, 5, 29, 8]",36,74,109
2.310810810810811,0.7477085781851425,3,0,1,"[17, 14, 5]",29,86,104
2.3783783783783785,0.7965315541869373,5,2,3,"[14, 5]",29,65,123
2.279279279279279,0.7864367337108529,2,2,3,"[14, 5, 29, 17]",40,74,106
2.279279279279279,0.7450733654078652,4,0,1,"[14, 5, 8, 17, 29]",27,94,97
2.3063063063063063,0.7645161459551485,2,1,1,"[14, 5, 17]",35,78,107
2.355855855855856,0.7984356520350697,7,1,2,"[17, 5, 32, 14]",24,74,117
2.220720720720721,0.807724821776269,4,3,1,"[5, 14, 17]",41,79,98
2.346846846846846,0.7795253016387538,3,2,2,"[14, 29, 5]",33,70,116
2.274774774774775,0.7062703606603027,2,2,1,"[14, 5]",27,101,92
2.220720720720721,0.8021032439517056,4,2,2,"[5, 14]",40,81,97
2.3513513513513518,0.8471260826910839,8,0,1,"[14, 5]",30,60,124
2.1981981981981984,0.7407935065612107,3,3,2,"[5, 17, 14]",34,101,84
2.328828828828829,0.8320380459656691,5,1,1,"[14, 5]",37,60,120
2.247747747747748,0.747163183621025,2,2,2,"[5, 14]",35,91,94
2.2387387387387387,0.8570887450865622,10,0,1,"[14, 3, 5]",31,77,104
2.346846846846846,0.7795253016387538,5,0,1,"[17, 14, 5, 8, 10]",27,76,114
2.247747747747748,0.8330662814527706,4,3,1,"[17, 5, 14, 26]",44,67,107
2.355855855855856,0.775435616552427,4,1,2,"[5, 14, 17, 8]",29,73,116
2.3423423423423424,0.724434502446398,3,2,2,"[5, 17, 26, 14]",24,89,106
2.27027027027027,0.754425206820931,1,0,2,"[14, 5, 17, 10]",38,83,100
2.2882882882882885,0.7230827341983069,3,3,1,"[5, 17, 14]",26,97,96
2.2927927927927927,0.823765958911233,6,1,1,"[5, 17, 14, 3]",34,71,111
2.265765765765766,0.7286006541390518,2,3,1,"[5, 26, 14, 17]",31,95,94
2.3423423423423424,0.7786227020423082,5,3,1,"[14, 5, 17, 26]",27,77,113
2.279279279279279,0.7978610678815625,4,0,1,"[14, 5, 8, 29]",36,76,106
2.333333333333333,0.816496580927726,6,0,1,"[5, 14, 4]",31,68,117
2.283783783783784,0.7279849509334778,1,1,1,"[17, 14, 5, 1]",33,90,98
2.274774774774775,0.7189696585103896,3,1,1,"[5, 29, 8, 17, 14]",26,100,93
2.2972972972972974,0.768080343113157,3,1,2,"[14, 5]",33,81,105
2.3018018018018016,0.7331185457814339,3,0,1,"[17, 14, 1, 26, 5]",27,92,100
2.2117117117117115,0.810143693051811,4,0,2,"[5, 14]",42,79,97
2.463963963963964,0.7093803034939163,4,1,1,"[8, 14, 5]",16,75,127
2.3063063063063063,0.7525858023606357,3,0,2,"[14, 8, 10, 5]",30,85,104
2.27027027027027,0.754425206820931,1,0,1,"[5, 17, 14]",38,83,100
2.2432432432432434,0.7636091513595894,3,1,1,"[17, 14, 5]",35,89,95
2.2432432432432434,0.7576603211759584,2,1,3,"[14, 5, 17]",37,88,95
2.400900900900901,0.6703811970893496,0,0,1,"[5, 14, 8, 17]",23,87,112
2.256756756756757,0.8082293502753085,3,0,2,"[5, 14, 8, 17]",42,72,105
2.346846846846846,0.8301250867766226,7,2,2,"[5, 14, 29, 26]",30,64,121
2.3018018018018016,0.7633555337763426,2,2,3,"[5, 14, 17]",35,79,106
2.310810810810811,0.8281092623988895,8,0,1,"[14, 5, 26, 17, 1, 28]",28,73,113
2.1981981981981984,0.8218709460386345,3,0,3,"[5, 29, 17, 14, 28]",48,73,98
2.2432432432432434,0.7811838818787039,3,0,1,"[5, 14, 17, 10]",38,83,98
2.315315315315315,0.7900052348985384,6,1,1,"[5, 14, 1]",27,80,109
2.3423423423423424,0.7786227020423082,3,2,3,"[5, 14]",33,71,115
2.315315315315315,0.7366548088258094,3,0,1,"[14, 32, 5]",27,89,103
2.3063063063063063,0.77041203987332,4,1,2,"[5, 14, 17, 1, 32, 26]",30,82,106
2.3378378378378377,0.6979678393781217,0,0,1,"[14, 5, 8, 17, 29]",29,89,104
2.27027027027027,0.717536584539679,2,0,1,"[14, 17, 5, 8, 1]",29,98,93
2.4234234234234235,0.7188420747971243,4,1,1,"[14, 5, 8, 17]",18,80,120
2.2927927927927927,0.7668719694345218,0,1,2,"[5, 14]",42,73,107
2.2927927927927927,0.8346795208774775,6,2,1,"[14, 17, 5]",36,67,113
2.3063063063063063,0.734326949422281,2,1,1,"[5, 14, 17]",30,88,102
2.2972972972972974,0.8465484310162122,9,0,1,"[5, 14]",29,71,113
2.3783783783783785,0.773474900557758,6,1,1,"[14, 17, 26, 5]",22,76,118
2.328828828828829,0.695803502114123,1,2,1,"[14, 5]",26,94,101
2.315315315315315,0.7726311862073174,4,0,2,"[14, 1, 29, 17, 5, 8]",30,80,108
2.40990990990991,0.7660741968667063,4,2,2,"[5, 10, 14]",26,67,125
2.3063063063063063,0.734326949422281,1,1,2,"[14, 5]",33,85,103
2.315315315315315,0.7957122877791639,5,2,1,"[5, 14, 17]",31,75,111
2.2612612612612613,0.798320768288509,5,0,1,"[8, 14, 10, 5, 29]",34,81,102
2.355855855855856,0.7334520973645449,3,1,1,"[8, 5, 14]",25,84,110
2.310810810810811,0.8003224860595586,8,2,1,"[5, 14, 8, 26, 29]",23,83,108
2.3378378378378377,0.6715355610714441,0,1,2,"[5, 14, 29]",25,97,100
2.2432432432432434,0.8151974606443627,5,0,1,"[5, 14]",38,77,102
2.445945945945946,0.7753304691752118,3,0,1,"[5, 14, 29, 17]",30,54,135
2.256756756756757,0.7193664409128395,1,1,2,"[17, 5, 1, 10, 14]",33,96,92
2.31981981981982,0.731615681795942,3,0,2,"[14, 29, 5]",26,90,103
2.247747747747748,0.8166089076336229,8,0,1,"[14, 8, 29, 5]",29,85,100
2.328828828828829,0.6892697148421815,0,1,1,"[5, 17, 14]",28,93,101
2.369369369369369,0.8007680467893785,8,0,1,"[14, 5]",21,74,119
2.265765765765766,0.7223635784396928,3,1,2,"[5, 14, 10, 8, 17, 29]",27,100,92
2.328828828828829,0.7757509731723241,4,3,3,"[5, 14, 29, 26, 17, 1]",30,77,111
2.2972972972972974,0.7441426734532838,3,0,2,"[14, 17, 5, 29]",29,89,101
2.283783783783784,0.7761187272775134,1,0,1,"[14, 5]",41,74,106
2.3378378378378377,0.8229242697083018,7,2,1,"[5, 17, 14, 32]",29,68,118
2.31981981981982,0.7967490302234189,6,0,1,"[5, 14, 10, 17, 8]",28,77,111
2.202702702702702,0.7606807453079479,2,0,1,"[5, 14]",40,91,89
2.328828828828829,0.7150467361097781,2,1,1,"[5, 14, 1, 17]",26,91,103
2.2882882882882885,0.7167976469967262,2,0,1,"[5, 26, 14]",28,96,96
2.3873873873873874,0.8091241135650447,7,2,2,"[14, 5, 3, 29, 17, 26]",25,65,125
2.3783783783783785,0.773474900557758,5,1,3,"[5, 14, 8]",25,73,119
2.283783783783784,0.7761187272775133,3,2,2,"[14, 5, 1]",35,80,104
2.31981981981982,0.7619123142645889,3,1,2,"[5, 17, 14]",31,80,108
2.274774774774775,0.7908948444176505,4,0,3,"[14, 17, 29, 5]",35,79,104
2.333333333333333,0.6771424298377531,1,0,1,"[17, 8, 10, 5, 14, 26]",23,99,99
2.3378378378378377,0.7718525700378517,5,0,1,"[5, 14, 8]",26,80,111
2.2612612612612613,0.727130499988057,3,2,2,"[5, 14, 17, 8]",28,99,92
2.4054054054054053,0.7772602815724061,6,1,1,"[5, 14]",22,70,124
2.3828828828828827,0.7915131135022021,6,1,1,"[5, 14, 29, 8]",25,69,122
2.328828828828829,0.8155599234068582,7,2,1,"[17, 5, 26, 1, 14]",28,72,115
2.2612612612612613,0.7869031081203345,3,2,1,"[5, 14]",38,79,102
2.373873873873874,0.7785834348454215,6,0,1,"[5, 14, 26, 29]",23,75,118
2.310810810810811,0.7040736478537274,1,2,1,"[5, 17, 14]",28,94,99
2.3783783783783785,0.7676025325890851,4,1,1,"[14, 17, 8, 5]",27,72,119
2.369369369369369,0.7298165383786552,3,1,1,"[14, 26, 1, 5]",24,83,112
2.279279279279279,0.7864367337108529,3,2,2,"[5, 14]",37,77,105
2.3783783783783785,0.8078131370105157,5,2,1,"[5, 14, 1, 29]",31,61,125
2.3783783783783785,0.7125767918170451,3,0,1,"[14, 5, 1, 26, 17]",21,87,111
2.315315315315315,0.8506796003662671,9,0,1,"[5, 17, 14, 8]",29,67,117
2.2882882882882885,0.7773651679208455,4,1,1,"[5, 26, 14, 17, 8, 10]",32,82,104
2.2522522522522523,0.8179930020883386,5,0,2,"[14, 26, 5, 17, 28]",38,75,104
2.3378378378378377,0.7600373953712571,3,1,2,"[14, 5, 17]",30,78,111
2.3513513513513518,0.7861775172715918,4,0,2,"[14, 26, 8, 5, 17]",31,70,117
2.22972972972973,0.8273705385565889,7,1,1,"[14, 5]",35,80,100
2.274774774774775,0.6801608099005776,0,1,1,"[17, 14, 5]",29,103,90
2.391891891891892,0.769631178653568,3,1,1,"[5, 17, 28, 14]",30,66,123
2.414414414414414,0.7841007007595109,5,2,1,"[5, 14, 10, 26, 29]",26,63,128
2.2927927927927927,0.7428953644233875,2,0,1,"[5, 17, 14]",32,87,101
2.234234234234234,0.8178434831834328,5,1,1,"[5, 17, 14]",39,77,101
2.3873873873873874,0.763075121535993,6,1,1,"[14, 32, 5]",20,78,118
2.283783783783784,0.821436831945169,8,1,1,"[5, 14, 8]",28,79,107
2.400900900900901,0.7882617907576235,5,1,2,"[5, 14]",27,64,126
2.2522522522522523,0.8344230777803674,6,1,1,"[14, 5, 17, 1]",38,72,106
2.355855855855856,0.8371665943707142,6,1,1,"[5, 17, 10, 14]",34,57,125
2.27027027027027,0.6983619612249078,1,1,1,"[5, 14, 8]",29,101,91
2.31981981981982,0.7438824190428575,1,1,2,"[5, 1, 14]",34,80,107
2.2972972972972974,0.8193871961885479,5,1,1,"[17, 14, 5]",36,69,112
2.3018018018018016,0.7924396126678963,4,1,2,"[14, 5]",34,75,109
2.324324324324324,0.8578850365676837,9,2,1,"[5, 3, 14, 1]",30,63,120
2.310810810810811,0.7597155160999145,3,0,1,"[8, 5, 26, 17, 14]",31,82,106
2.225225225225225,0.745237484510867,2,1,2,"[14, 3, 17, 5]",36,94,90
2.31981981981982,0.6736568429466416,1,2,1,"[5, 14, 10, 26]",23,102,96
2.355855855855856,0.7695782102310242,3,1,3,"[14, 5, 10]",31,72,116
2.256756756756757,0.8248539288343214,5,2,3,"[14, 5]",39,72,106
2.400900900900901,0.6498166111634736,0,0,1,"[14, 5]",20,93,109
2.2612612612612613,0.8206796842272748,5,1,1,"[5, 17, 14]",38,73,106
2.274774774774775,0.7851527756881226,6,1,1,"[14, 3, 5]",28,87,101
2.2972972972972974,0.7912941984492553,6,1,1,"[14, 8, 5]",28,82,106
2.2927927927927927,0.823765958911233,9,1,2,"[5, 10, 26, 14, 29]",25,80,108
2.369369369369369,0.7719977953210719,3,0,1,"[5, 14]",31,69,119
2.3963963963963963,0.7702532847718906,4,1,1,"[5, 14]",27,68,123
2.3063063063063063,0.7585744285635114,4,0,2,"[14, 5, 26, 8]",28,86,104
2.3063063063063063,0.82706254221693,4,0,2,"[14, 29, 17, 28, 5, 21]",40,62,116
2.355855855855856,0.7984356520350697,5,0,1,"[14, 1, 5, 17]",30,68,119
2.4054054054054053,0.7039433643711279,1,0,1,"[5, 17, 8, 14, 26, 29]",25,79,117
2.333333333333333,0.7224059015374729,3,1,1,"[14, 17, 10, 5]",24,91,104
2.2522522522522523,0.7240967969650156,2,2,1,"[17, 5, 14]",31,98,91
2.310810810810811,0.7168118645177177,2,2,1,"[1, 17, 14, 5]",27,93,100
2.2522522522522523,0.7783085089962078,3,1,2,"[5, 14, 1, 26]",37,83,99
2.36036036036036,0.8325155989493453,8,2,2,"[14, 26, 5, 32]",27,64,123
2.315315315315315,0.7900052348985382,3,1,2,"[14, 5, 29, 1]",36,71,112
2.315315315315315,0.7784656213705153,3,1,3,"[26, 14, 5, 10]",34,75,110
2.283783783783784,0.7341742725955972,0,0,2,"[14, 5]",37,85,100
2.315315315315315,0.711660882965732,2,1,1,"[14, 5, 26]",26,94,100
2.2612612612612613,0.7455656143357539,1,1,2,"[5, 14, 1]",37,87,97
2.328828828828829,0.7337854973275331,3,2,3,"[14, 5, 17]",26,88,105
2.400900900900901,0.6635971486190197,1,1,1,"[14, 5, 26]",19,92,110
2.328828828828829,0.7275928685278319,1,0,1,"[5, 14]",31,84,106
2.2522522522522523,0.8398283434655662,7,0,1,"[14, 5]",36,73,106
2.2972972972972974,0.7969920214500931,6,0,2,"[14, 5, 17, 8, 10]",29,80,107
2.3513513513513518,0.7263452010626648,2,0,1,"[5, 14, 17, 29]",27,84,109
2.274774774774775,0.7617517877551316,2,0,1,"[14, 5]",36,83,101
2.328828828828829,0.7150467361097782,1,1,1,"[17, 14, 5]",29,88,104
2.3828828828828827,0.6742012366411708,1,2,3,"[14, 8, 17, 5]",21,92,108
2.2972972972972974,0.7855550488309482,4,0,2,"[14, 5]",33,78,107
2.3018018018018016,0.7079997931822156,2,0,1,"[14, 5, 8, 17]",26,97,97
2.2927927927927927,0.7243922978709737,1,1,1,"[14, 17, 5]",32,90,99
2.2432432432432434,0.8040194974810656,4,2,1,"[17, 14, 5]",39,78,101
2.400900900900901,0.7530325412852215,2,1,2,"[5, 14, 17]",30,67,123
2.3063063063063063,0.7465491384759249,2,0,2,"[5, 14, 17]",32,84,104
2.373873873873874,0.6792612052260874,0,1,2,"[17, 5, 14]",25,89,108
2.373873873873874,0.7489614784736355,1,1,2,"[5, 14]",33,70,118
2.391891891891892,0.8097410496234418,8,1,1,"[17, 8, 14, 5]",22,67,125
2.333333333333333,0.7224059015374729,2,1,3,"[5, 17, 8, 14]",27,88,105
2.2882882882882885,0.7293136597180636,2,1,0,"[14, 26, 5, 17]",30,92,98
2.22972972972973,0.77074267464236,6,1,1,"[5, 14, 17]",28,97,91
2.391891891891892,0.7637292566086652,5,2,1,"[14, 5, 8]",23,74,120
2.2612612612612613,0.8039687946906964,4,1,2,"[14, 17, 5, 10]",38,76,104
2.364864864864865,0.7653288588566685,3,3,1,"[5, 14, 17]",30,72,117
2.315315315315315,0.7900052348985384,6,0,1,"[14, 10, 5, 32]",27,80,109
2.333333333333333,0.7033640346998137,2,2,1,"[5, 10, 14]",24,94,102
2.324324324324324,0.7011582164989733,1,1,1,"[5, 17, 14]",27,93,101
2.481981981981982,0.6707459477109904,1,3,1,"[5, 17, 14]",19,74,128
2.333333333333333,0.6837921058642257,1,0,2,"[5, 14, 17, 29]",24,97,100
2.2882882882882885,0.7293136597180636,2,1,0,"[14, 5, 17, 26]",30,92,98
2.2882882882882885,0.7715224109129614,2,2,2,"[5, 14]",37,78,105
2.315315315315315,0.6923235450832197,0,1,2,"[17, 5, 14, 32]",29,94,99
2.2972972972972974,0.7318802982338632,2,1,1,"[5, 14]",30,90,100
2.31981981981982,0.725404529965236,0,0,1,"[14, 5, 29]",34,83,105
2.2432432432432434,0.853167812408913,7,1,1,"[14, 5, 17, 1]",39,69,107
2.3018018018018016,0.7015795987558389,0,0,1,"[14, 17, 5, 29]",31,93,98
2.355855855855856,0.7083451729953593,0,1,2,"[14, 5, 17, 8]",30,83,109
2.324324324324324,0.7747387492773898,3,1,1,"[17, 14, 26, 10, 5]",33,75,111
2.216216216216216,0.7658480102203497,3,0,1,"[14, 1, 28, 5]",37,91,91
2.31981981981982,0.8191508482474903,8,1,1,"[5, 14, 17, 10]",26,75,113
2.3873873873873874,0.6947921486278853,2,0,1,"[5, 8, 17, 14, 26]",21,88,111
2.4054054054054053,0.7945331123225665,6,1,2,"[5, 14, 10, 8, 29]",25,64,127
2.2972972972972974,0.7562062324296943,4,2,2,"[17, 5, 14, 1]",28,88,102
2.274774774774775,0.7189696585103896,1,1,0,"[17, 14, 5, 26]",32,94,95
2.274774774774775,0.6867812614510284,0,3,1,"[14, 5, 17]",30,101,91
2.328828828828829,0.809992725221495,3,1,2,"[14, 26, 17, 29, 5]",39,62,118
2.2972972972972974,0.768080343113157,4,0,2,"[10, 5, 17, 29, 26, 14]",30,84,104
2.27027027027027,0.8121915600665681,5,1,2,"[14, 8, 17, 5, 10]",36,75,106
2.315315315315315,0.7900052348985384,4,0,2,"[8, 5, 14]",33,74,111
2.3378378378378377,0.8006280401361906,7,1,1,"[14, 5, 28, 17]",25,76,114
2.324324324324324,0.7139484519734834,2,2,1,"[5, 14]",26,92,102
2.279279279279279,0.7511218899724986,1,0,2,"[14, 5, 17, 26]",37,83,101
2.328828828828829,0.695803502114123,1,0,1,"[17, 32, 14, 5, 29]",26,94,101
2.2522522522522523,0.8663489569834996,8,2,2,"[5, 17, 1, 14]",38,66,110
2.364864864864865,0.7413023453195234,3,1,1,"[14, 5, 17]",26,80,113
2.225225225225225,0.8313395904532194,5,3,2,"[5, 14, 17]",42,73,102
2.279279279279279,0.8035123256035114,4,0,4,"[14, 5, 17, 29]",37,74,107
2.36036036036036,0.728138925543867,1,0,2,"[14, 1, 5, 17]",30,79,112
2.328828828828829,0.7275928685278319,1,0,2,"[5, 14, 26]",31,84,106
2.364864864864865,0.7828649841868127,5,1,2,"[14, 32, 5, 17]",27,72,118
2.2927927927927927,0.7243922978709737,1,1,1,"[5, 14, 8, 17]",32,90,99
2.2882882882882885,0.7773651679208455,4,2,1,"[17, 8, 5, 14]",32,82,104
2.279279279279279,0.7389753352342324,3,2,1,"[14, 17, 5]",29,93,97
2.27027027027027,0.8449578526632568,8,1,1,"[1, 5, 14]",33,72,109
2.2972972972972974,0.725671411306269,0,1,2,"[5, 17, 26, 14]",35,86,101
2.4414414414414414,0.7632353697170048,5,2,1,"[5, 14, 29]",22,65,130
2.283783783783784,0.740311850706802,3,1,1,"[14, 17, 5]",29,92,98
2.274774774774775,0.7126482976215478,2,0,2,"[5, 14, 17, 26]",28,99,93
2.2612612612612613,0.7926324970155456,5,0,2,"[14, 29, 15, 5, 17]",33,83,101
2.328828828828829,0.7580502958978642,3,1,3,"[14, 17, 5]",30,80,109
2.2882882882882885,0.8389541796837426,6,0,2,"[5, 14, 29]",37,66,113
2.256756756756757,0.7969536593398232,4,0,1,"[14, 5]",37,79,102
2.2882882882882885,0.817095478255875,4,2,1,"[14, 5, 26, 29, 8]",39,68,111
2.315315315315315,0.7608281030487861,2,2,1,"[5, 14, 17]",34,78,108
2.2612612612612613,0.8039687946906965,4,0,1,"[14, 5]",38,76,104
2.283783783783784,0.770266515613402,4,0,0,"[14, 5]",31,85,102
2.333333333333333,0.8164965809277261,9,1,1,"[17, 5, 14, 26]",22,77,114
2.3378378378378377,0.7659677644120415,4,1,1,"[14, 5, 17]",28,79,111
2.4324324324324325,0.7624872567334711,4,0,1,"[5, 14, 17, 8]",25,64,129
2.369369369369369,0.8175443633380667,8,2,2,"[5, 14]",24,68,122
2.22972972972973,0.7995580900054351,4,2,1,"[5, 17, 14]",39,81,98
2.27027027027027,0.8121915600665681,5,0,1,"[5, 8, 14, 3, 17]",36,75,106
2.3063063063063063,0.7028422297141463,0,0,0,"[14, 17, 5]",31,92,99
2.3423423423423424,0.6859349136768178,2,2,1,"[14, 17, 5]",21,98,101
2.247747747747748,0.7225328559561018,1,1,0,"[5, 14, 17, 8]",34,96,91
2.265765765765766,0.7708484478167205,1,0,2,"[14, 17, 5]",41,78,102
2.3783783783783785,0.7793030190808256,3,1,2,"[14, 17, 8, 5]",32,65,122
2.324324324324324,0.7388649992373152,1,2,1,"[5, 14, 17]",33,81,107
2.265765765765766,0.7649559175179907,3,0,1,"[5, 14, 8]",34,86,99
2.369369369369369,0.65809168690904,1,2,1,"[5, 14, 17, 29]",19,99,103
2.283783783783784,0.7463989617172485,2,2,1,"[5, 17, 14]",33,87,100
2.3063063063063063,0.7092509948002956,2,2,1,"[5, 14, 26, 17, 10]",26,96,98
2.27027027027027,0.760399346687292,3,2,1,"[5, 14]",33,87,99
2.373873873873874,0.7367793080197771,3,0,1,"[5, 17, 14, 8]",25,80,114
2.2612612612612613,0.7983207682885088,3,1,1,"[14, 5]",40,75,104
2.2387387387387387,0.7129914256585806,1,1,2,"[5, 14, 26]",33,100,88
2.364864864864865,0.7037261716337465,0,0,2,"[5, 17, 14, 8, 29, 26]",29,83,110
2.4054054054054053,0.7536142582829702,3,1,3,"[5, 14]",27,69,123
2.3783783783783785,0.7676025325890851,4,2,1,"[14, 5, 10, 28]",27,72,119
2.333333333333333,0.8109358130647646,6,1,1,"[5, 14]",30,70,116
2.274774774774775,0.7497774594083413,2,1,1,"[14, 5, 10]",34,87,99
2.328828828828829,0.7275928685278319,1,1,1,"[5, 26, 14]",31,84,106
2.22972972972973,0.7284887468075716,0,1,2,"[5, 14]",39,93,90
2.4504504504504503,0.7458935998114041,3,2,3,"[5, 17, 14, 29, 4]",25,63,131
2.3423423423423424,0.7118327056432907,4,1,1,"[5, 14, 8]",19,96,103
2.3513513513513518,0.7009837773330696,1,1,2,"[14, 32, 26, 17, 5, 10, 15]",26,89,106
2.328828828828829,0.7815621191776531,4,1,1,"[10, 14, 5]",31,75,112
2.373873873873874,0.7958275480797726,4,1,1,"[14, 5, 26]",32,63,123
2.3828828828828827,0.7741729054797654,7,1,1,"[17, 26, 14, 5]",19,78,118
2.369369369369369,0.7109731770074275,2,0,2,"[5, 14, 8]",24,86,110
2.3063063063063063,0.7281389255438672,3,0,0,"[5, 14, 8]",26,93,100
2.333333333333333,0.6969011347053071,0,1,2,"[5, 17, 14, 8, 10]",29,90,103
2.2432432432432434,0.7456202886008026,2,0,2,"[14, 1, 5]",35,92,93
2.3783783783783785,0.7125767918170451,2,1,1,"[5, 14]",24,84,112
2.3018018018018016,0.7453605501232249,2,1,1,"[29, 5, 14]",32,85,103
2.2882882882882885,0.8059438399013202,6,1,1,"[5, 29, 14]",31,78,107
2.315315315315315,0.7842566527683643,3,0,1,"[14, 17, 5]",35,73,111
2.2612612612612613,0.8039687946906965,2,1,0,"[5, 14]",44,70,106
2.27027027027027,0.8395856114903626,6,0,2,"[29, 8, 5, 14]",38,68,110
2.427927927927928,0.7066165857853886,1,2,1,"[17, 14, 5, 8]",25,74,122
2.346846846846846,0.8024081199225332,7,3,1,"[14, 5, 17]",25,74,116
2.2882882882882885,0.8115388141244639,6,0,3,"[14, 28, 17, 5, 8]",32,76,108
2.346846846846846,0.8191508482474902,7,0,1,"[5, 26, 17, 14]",28,68,119
2.3423423423423424,0.812743474086136,4,1,1,"[14, 8, 5]",36,62,120
2.2972972972972974,0.7501987018182961,3,1,1,"[5, 14, 1]",30,87,102
2.36036036036036,0.7343269494222812,5,3,2,"[14, 10, 5]",19,89,109
2.234234234234234,0.8178434831834329,7,2,1,"[5, 14, 17, 10]",33,83,99
2.324324324324324,0.751013338502899,0,1,1,"[5, 26, 15, 14]",38,74,110
2.4054054054054053,0.6843880032373261,1,1,2,"[5, 8, 17, 14]",22,85,114
2.2612612612612613,0.7333270332999717,1,1,2,"[17, 5, 14]",35,91,95
2.283783783783784,0.7584266329473793,2,2,1,"[14, 5, 26, 17]",35,83,102
2.27027027027027,0.7722089833417977,4,1,1,"[14, 5, 17, 10]",32,86,100
2.22972972972973,0.7032046353677154,1,1,2,"[5, 14]",32,104,85
2.3783783783783785,0.6867070621550707,1,0,1,"[14, 8, 26, 17, 5]",23,89,109
2.202702702702702,0.7783216029053951,3,1,0,"[5, 14, 17, 21]",40,88,91
2.2522522522522523,0.7783085089962077,4,1,1,"[17, 14, 5]",34,86,98
2.1981981981981984,0.7938658470825909,4,0,1,"[5, 26, 14, 17]",40,86,92
2.3828828828828827,0.7382716607354267,3,1,2,"[14, 5, 17]",25,78,116
2.247747747747748,0.7410823498121172,1,2,1,"[14, 5, 17, 1]",37,90,94
2.3513513513513518,0.7628079664245121,2,1,3,"[14, 5]",33,72,115
2.36036036036036,0.746549138475925,4,1,1,"[14, 5, 17, 32, 10]",24,82,112
2.27027027027027,0.7663269147029331,2,0,2,"[5, 14, 26, 1, 17]",37,82,101
2.369369369369369,0.7481854722981272,2,1,4,"[14, 5]",30,74,116
2.418918918918919,0.7611629009101161,4,0,2,"[26, 5, 14, 8, 10]",25,67,126
2.2387387387387387,0.762072806960007,4,1,1,"[17, 5, 14]",32,93,93
2.283783783783784,0.752436830443754,1,0,2,"[5, 14, 15, 29]",37,82,102
2.27027027027027,0.7238152553715099,1,0,2,"[5, 14, 26]",33,93,95
2.2522522522522523,0.7724728871748469,3,0,1,"[14, 26, 5, 17]",36,85,98
2.333333333333333,0.8329561740773852,9,1,1,"[1, 14, 29, 5, 26]",25,71,117
2.3378378378378377,0.7108154840164047,0,0,2,"[15, 26, 17, 14, 5]",31,85,106
2.3513513513513518,0.762807966424512,5,2,1,"[14, 17, 5]",24,81,112
2.346846846846846,0.8191508482474903,7,0,1,"[5, 17, 14, 3, 26]",28,68,119
2.31981981981982,0.7499405490548632,1,0,2,"[5, 14, 8]",35,78,108
2.31981981981982,0.719139734918346,1,3,2,"[5, 14]",30,88,103
2.364864864864865,0.8112499320456669,5,0,1,"[14, 17, 5]",32,62,123
2.279279279279279,0.6947921486278853,1,1,2,"[14, 29, 5]",28,101,92
2.36036036036036,0.7525858023606357,3,1,2,"[17, 5, 26, 14]",28,77,114
2.2612612612612613,0.7753173247504086,3,2,1,"[5, 14, 1, 17]",36,83,100
2.256756756756757,0.7739095813546377,2,0,2,"[14, 5, 15, 17, 28]",39,81,100
2.3018018018018016,0.7392648888756591,3,1,3,"[14, 5, 17, 8]",28,90,101
2.2882882882882885,0.7354918000950192,1,1,1,"[14, 5, 17]",34,87,100
2.3018018018018016,0.745360550123225,3,0,1,"[5, 14, 17]",29,88,102
2.391891891891892,0.7147616297443333,1,1,2,"[17, 5, 14]",27,78,116
2.333333333333333,0.7161148740394329,2,0,1,"[5, 14, 8, 17]",26,90,104
2.2522522522522523,0.6855782441421681,2,1,1,"[5, 17, 14]",25,110,85
2.315315315315315,0.7784656213705153,5,0,1,"[5, 3, 26, 8, 14]",28,81,108
2.333333333333333,0.8275060206294447,7,2,1,"[5, 10, 26, 14]",30,67,118
2.3423423423423424,0.7958659644705467,8,3,1,"[17, 14, 5, 26]",21,80,113
2.22972972972973,0.7468903369921414,1,0,1,"[5, 14, 17, 1, 28]",39,90,92
2.283783783783784,0.7584266329473793,4,0,3,"[8, 17, 14, 5, 10]",29,89,100
2.220720720720721,0.731281292588547,2,1,1,"[5, 17, 14]",34,99,87
2.3423423423423424,0.760988824404601,2,0,3,"[5, 15, 14, 17]",33,74,113
2.274774774774775,0.725235922727358,2,1,2,"[14, 5, 26]",30,95,95
2.3513513513513518,0.7745808809620928,4,0,1,"[5, 8, 14, 17]",29,74,115
2.247747747747748,0.8650422370193744,10,1,1,"[5, 14, 3, 1, 26]",32,73,107
2.3513513513513518,0.7976055642826448,4,0,1,"[26, 8, 5, 17, 14]",33,66,119
2.2612612612612613,0.727130499988057,1,0,1,"[5, 28, 14]",34,93,94
2.333333333333333,0.7530731407734906,1,0,2,"[14, 8, 5]",35,75,111
2.3873873873873874,0.8035123256035114,7,0,2,"[14, 5, 17, 32, 10]",24,67,124
2.3378378378378377,0.8006280401361905,6,0,3,"[5, 29, 14, 26, 8]",28,73,115
2.4054054054054053,0.7292018618083521,2,0,1,"[5, 14, 32, 17]",26,74,120
2.3783783783783785,0.7676025325890851,4,2,2,"[14, 5, 17, 26]",27,72,119
2.3828828828828827,0.768305872568553,5,0,1,"[14, 5, 8, 10]",24,74,119
2.265765765765766,0.7766962747799833,3,2,3,"[5, 14, 29, 17, 10]",36,82,101
2.3063063063063063,0.7935576892730574,4,0,1,"[5, 14, 21]",34,74,110
2.3018018018018016,0.7269202352480142,2,3,1,"[5, 14]",29,91,100
2.45945945945946,0.7154884264572534,3,0,2,"[5, 1, 14, 8]",20,71,128
2.3018018018018016,0.7269202352480142,2,2,1,"[5, 14]",29,91,100
2.31981981981982,0.8080275766787114,7,1,2,"[14, 26, 17, 10, 8, 5]",27,76,112
2.4504504504504503,0.702145886515062,3,0,1,"[5, 17, 14, 32, 26, 21]",18,77,124
2.3018018018018016,0.6819564591111631,1,3,1,"[14, 17, 5]",25,102,94
2.265765765765766,0.8108981106101061,6,0,3,"[14, 15, 5]",33,79,104
2.364864864864865,0.7227584976389122,2,0,1,"[14, 29, 10, 32, 5]",26,83,111
2.2387387387387387,0.7796821688193674,3,0,2,"[14, 5, 15]",38,84,97
2.427927927927928,0.7620728069600071,6,0,1,"[5, 10, 8, 26, 14]",19,71,126
2.3423423423423424,0.679306213754274,0,0,1,"[14, 5, 8, 10, 17, 1]",26,94,102
2.346846846846846,0.7000090264214175,3,0,1,"[17, 5, 14]",20,96,103
2.3063063063063063,0.7820704947081702,5,0,2,"[5, 29, 8, 14]",29,81,107
2.427927927927928,0.8081789115988818,7,3,2,"[5, 29, 14]",24,58,133
2.2882882882882885,0.7889208780403245,2,1,2,"[14, 5, 29]",40,72,108
2.2972972972972974,0.7912941984492553,6,3,1,"[14, 26, 17, 5]",28,82,106
2.418918918918919,0.7611629009101161,6,1,2,"[14, 5, 8]",19,73,124
2.369369369369369,0.771997795321072,6,1,1,"[5, 1, 14, 26, 17, 8]",22,78,116
2.2972972972972974,0.7739490856848925,5,1,0,"[14, 5]",28,85,104
2.315315315315315,0.8291300787311287,8,1,1,"[26, 5, 14]",28,72,114
2.27027027027027,0.7953023380931288,5,0,4,"[17, 26, 14, 5, 29]",33,81,103
2.3963963963963963,0.7819141066723374,4,1,3,"[14, 8, 5]",29,64,125
2.2927927927927927,0.7181186722674279,1,0,3,"[5, 17, 14, 1]",31,92,98
2.45945945945946,0.7342159148787535,3,0,2,"[14, 17, 5, 1, 8, 26]",23,65,131
2.2972972972972974,0.7739490856848925,5,2,2,"[5, 14, 26, 17]",28,85,104
2.2882882882882885,0.7476949481695887,3,1,3,"[14, 17, 1, 5]",30,89,100
2.265765765765766,0.8108981106101061,7,1,2,"[5, 17, 14, 1, 26]",30,82,103
2.2927927927927927,0.7843735964266968,2,1,3,"[14, 5]",39,73,108
2.2972972972972974,0.731880298233863,2,0,2,"[17, 5, 8, 14]",30,90,100
2.3063063063063063,0.82706254221693,6,1,1,"[14, 26, 29, 28, 10, 5]",34,68,114
2.3018018018018016,0.8093885723138262,6,3,4,"[5, 14, 10, 17]",31,75,110
2.22972972972973,0.8163592717425997,3,0,2,"[5, 14, 8, 29]",45,72,102
2.256756756756757,0.7379955268011954,1,0,1,"[5, 14, 29, 17]",36,90,95
2.36036036036036,0.7281389255438672,3,1,1,"[14, 17, 5]",24,85,110
2.274774774774775,0.813457896850872,7,2,1,"[5, 14, 3, 29]",30,80,105
2.3063063063063063,0.6963744869780173,1,0,1,"[14, 5, 17, 15]",27,97,97
2.279279279279279,0.732826563607577,2,0,1,"[5, 14, 21]",31,92,97
2.27027027027027,0.7300399288149793,1,1,1,"[14, 17, 29, 5]",34,91,96
2.373873873873874,0.7609486472481084,2,0,2,"[5, 14, 8]",32,69,119
2.328828828828829,0.7399263002785285,2,0,1,"[14, 5, 29]",30,83,107
2.2972972972972974,0.7194089403333659,0,0,2,"[14, 5, 17]",34,88,100
2.1936936936936937,0.8365820657955377,5,0,2,"[14, 5, 1]",45,74,98
2.454954954954955,0.7641561446107582,5,1,2,"[5, 14, 1, 17]",22,62,133
2.364864864864865,0.7289921945157668,1,1,2,"[5, 14, 26]",30,78,113
2.2882882882882885,0.8059438399013203,3,0,2,"[17, 14, 10, 5]",40,69,110
2.279279279279279,0.7140626380520981,1,0,1,"[5, 14, 32, 17]",31,95,95
2.256756756756757,0.7912555600938795,6,1,1,"[14, 5, 3, 26, 17]",30,87,99
2.202702702702702,0.7724860799998712,2,2,2,"[14, 5, 17]",42,87,91
2.3513513513513518,0.694498727377151,2,0,2,"[5, 14, 8, 26]",22,94,104
2.2972972972972974,0.7969920214500931,5,0,2,"[14, 5, 8]",32,77,108
2.3378378378378377,0.7718525700378517,3,1,2,"[14, 5]",32,74,113
2.31981981981982,0.8136082217068157,6,1,1,"[5, 10, 14, 1]",31,71,114
2.310810810810811,0.7416322162204062,0,1,2,"[5, 14]",37,79,106
2.2927927927927927,0.7843735964266967,3,2,1,"[14, 17, 5]",36,76,107
2.315315315315315,0.8345696263418311,8,0,1,"[5, 14, 3, 4, 26]",29,70,115
2.315315315315315,0.8125929892570568,5,1,1,"[17, 14, 10, 5]",34,69,114
2.3828828828828827,0.7623936909941407,2,1,2,"[5, 14, 17]",32,67,121
2.324324324324324,0.7449639325857419,2,0,1,"[14, 5, 32, 17]",31,82,107
2.274774774774775,0.7617517877551316,3,2,1,"[17, 5, 14, 26]",33,86,100
2.3018018018018016,0.7269202352480142,2,0,1,"[14, 17, 5]",29,91,100
2.3513513513513518,0.8144470255588172,4,0,3,"[14, 5, 26, 8]",36,60,122
2.427927927927928,0.7620728069600072,5,3,1,"[5, 14, 17]",22,68,127
2.283783783783784,0.7403118507068022,2,1,3,"[5, 14, 29]",32,89,99
2.328828828828829,0.7520574960434763,2,2,3,"[14, 17, 5]",32,79,109
2.3018018018018016,0.7514067629690677,3,2,2,"[14, 5, 29]",30,86,103
2.315315315315315,0.8070053236714508,3,2,2,"[14, 5, 26]",39,65,115
2.346846846846846,0.7619123142645889,6,0,1,"[5, 17, 14, 8, 28]",21,85,110
2.414414414414414,0.7051005957365422,2,1,2,"[14, 8, 5]",22,80,118
2.355855855855856,0.7395956685136181,3,0,1,"[5, 1, 14, 8]",26,82,111
2.2882882882882885,0.7537224351669386,2,1,2,"[17, 5, 14]",34,84,102
2.333333333333333,0.8544092011186791,8,1,1,"[5, 14, 17, 29]",32,60,122
2.283783783783784,0.7524368304437541,0,1,2,"[14, 5]",40,79,103
2.22972972972973,0.8107975621599091,5,0,2,"[5, 14]",38,80,99
2.27027027027027,0.754425206820931,3,2,2,"[5, 14]",32,89,98
2.283783783783784,0.727984950933478,5,1,2,"[5, 14, 17]",21,102,94
2.3423423423423424,0.7368208030763466,2,3,1,"[5, 17, 14]",29,82,109
2.4054054054054053,0.7888175282163348,5,0,1,"[5, 14, 32]",27,63,127
2.274774774774775,0.737608765624104,4,1,1,"[5, 14, 28]",26,97,95
2.1936936936936937,0.7748045182486432,2,0,1,"[14, 3, 17, 5]",43,87,90
2.3783783783783785,0.7850878736193457,5,1,2,"[5, 14, 32, 17]",27,69,121
2.2927927927927927,0.7243922978709736,3,0,3,"[5, 14, 8]",26,96,97
2.3423423423423424,0.7727894528136424,4,0,1,"[5, 17, 10, 14]",29,76,113
2.3423423423423424,0.7727894528136424,5,1,2,"[5, 14, 8, 29]",26,79,112
2.31981981981982,0.6803405880913561,0,0,1,"[17, 14, 3, 26, 8, 5]",27,97,98
2.256756756756757,0.7797344508665541,3,1,1,"[14, 5, 1]",37,82,100
2.315315315315315,0.724265669388573,1,0,1,"[14, 5, 8]",31,87,103
2.27027027027027,0.6983619612249078,1,1,1,"[17, 14, 5, 8]",29,101,91
2.265765765765766,0.7708484478167205,2,0,1,"[5, 10, 14]",38,81,101
2.373873873873874,0.7054040543885619,1,3,1,"[14, 5, 29]",26,84,111
2.283783783783784,0.7584266329473793,4,0,1,"[14, 5, 17]",29,89,100
2.2972972972972974,0.7318802982338632,1,0,1,"[14, 5, 29, 10]",33,87,101
2.310810810810811,0.7597155160999146,3,0,0,"[5, 14, 26]",31,82,106
2.36036036036036,0.715602366807758,1,0,2,"[14, 5, 1, 29, 26]",28,83,110
2.279279279279279,0.7806618745488593,2,1,2,"[14, 5, 17]",39,76,105
2.2612612612612613,0.7516101775757871,3,1,1,"[5, 26, 29, 14]",32,91,96
2.2432432432432434,0.8151974606443627,6,0,1,"[1, 14, 5]",35,80,101
2.2117117117117115,0.8376047231062558,6,1,1,"[5, 14, 17]",41,75,100
2.256756756756757,0.7969536593398232,5,1,1,"[17, 5, 14]",34,82,101
2.3018018018018016,0.7206686163954776,2,1,1,"[5, 17, 29, 14]",28,93,99
2.3018018018018016,0.7206686163954776,3,0,1,"[17, 14, 8, 29, 5]",25,96,98
2.3423423423423424,0.8238030724517321,7,1,1,"[29, 32, 14, 5, 17]",29,67,119
2.3378378378378377,0.7718525700378518,3,0,3,"[14, 8, 17, 26, 29, 5, 1]",32,74,113
2.274774774774775,0.8078762134098193,5,0,2,"[5, 14, 28, 10]",35,76,106
2.315315315315315,0.876872083748589,12,0,1,"[14, 5, 3, 26, 8, 10]",25,66,119
2.3963963963963963,0.7876797851721571,7,2,1,"[14, 10, 5]",21,71,123
2.234234234234234,0.8010734309154445,3,3,2,"[14, 5]",42,77,100
2.40990990990991,0.8063610180276337,8,0,2,"[5, 14, 8, 10, 17, 26]",21,65,128
2.333333333333333,0.7409585736349484,3,1,2,"[14, 5, 8]",27,85,107
2.2612612612612613,0.6755150434798866,0,1,2,"[5, 17, 14, 10]",29,106,87
2.2972972972972974,0.7739490856848925,4,1,3,"[14, 1, 5, 32, 17]",31,82,105
2.3423423423423424,0.749002298632911,2,1,2,"[5, 17, 14, 8, 26]",31,78,111
2.2972972972972974,0.8026493979383288,5,2,2,"[5, 14, 26, 17]",33,75,109
2.355855855855856,0.8152599657211406,9,0,1,"[14, 5, 17]",21,74,118
2.3873873873873874,0.7203715880138373,2,2,3,"[14, 5, 17]",25,80,115
2.310810810810811,0.7946485436574436,5,1,2,"[5, 14]",31,76,110
2.2882882882882885,0.7476949481695887,3,3,2,"[14, 5, 26, 29]",30,89,100
2.333333333333333,0.8437508728558136,9,1,1,"[14, 5]",27,67,119
2.310810810810811,0.7477085781851425,2,0,1,"[17, 5, 14, 32]",32,83,105
2.324324324324324,0.7688760341408999,3,2,2,"[14, 5, 29, 10, 26]",32,77,110
2.355855855855856,0.8040828714730361,8,2,1,"[5, 26, 17, 14, 4]",22,75,117
2.27027027027027,0.8066011136167056,7,1,1,"[14, 5, 17, 3]",29,83,103
2.346846846846846,0.8409561268028238,10,0,1,"[8, 14, 10, 26, 5, 29]",23,69,120
2.369369369369369,0.7045800768318522,0,1,1,"[17, 14, 5, 10]",29,82,111
2.40990990990991,0.7045366828976388,3,2,2,"[14, 5]",19,84,116
2.234234234234234,0.7954048453227988,4,0,2,"[14, 5, 32, 17]",38,82,98
2.463963963963964,0.7282648805565796,2,0,1,"[14, 15, 32, 5, 17]",25,63,132
2.3873873873873874,0.7571220954056976,5,1,1,"[5, 14, 29]",22,77,118
2.391891891891892,0.815309966332394,6,2,2,"[5, 14, 10, 17]",29,59,128
2.265765765765766,0.7708484478167205,3,0,2,"[5, 14, 1, 10, 17]",35,84,100
2.3018018018018016,0.6548782460128074,0,0,1,"[14, 5, 17, 26]",24,107,91
2.265765765765766,0.728600654139052,2,1,2,"[14, 17, 1, 26, 5]",31,95,94
2.3063063063063063,0.816047119489444,6,0,1,"[5, 14, 26, 1, 17, 8]",32,72,112
2.3513513513513518,0.8144470255588171,6,0,2,"[14, 5, 29, 17, 8]",30,66,120
2.36036036036036,0.7585744285635114,1,2,2,"[14, 5, 8, 17]",35,69,117
2.283783783783784,0.7026827120137464,3,0,2,"[5, 14, 8]",23,104,92
2.31981981981982,0.7499405490548632,1,1,1,"[14, 5]",35,78,108
2.328828828828829,0.7873303753121176,2,0,2,"[14, 1, 29, 8, 5]",38,67,115
2.3423423423423424,0.8182919579375431,9,1,1,"[14, 5, 17, 10]",22,75,116
2.3513513513513518,0.7508504818733137,3,0,2,"[14, 5, 32, 10]",28,79,112
2.3378378378378377,0.7480356240523659,4,1,1,"[14, 5, 1]",25,85,108
2.279279279279279,0.7328265636075768,2,0,2,"[5, 17, 8, 14]",31,92,97
2.369369369369369,0.8393913753717446,7,1,1,"[17, 14, 26, 5]",31,57,127
2.3513513513513518,0.6679291783608933,0,1,1,"[14, 17, 5]",24,96,102
2.346846846846846,0.7910494569913453,6,1,1,"[14, 10, 5]",26,75,115
2.315315315315315,0.711660882965732,1,1,1,"[5, 8, 14, 17]",29,91,101
2.31981981981982,0.8463196683067595,8,0,1,"[5, 3, 17, 26, 14, 10]",31,65,118
2.1936936936936937,0.7748045182486432,2,2,2,"[5, 14, 17, 10]",43,87,90
2.3018018018018016,0.745360550123225,2,2,1,"[14, 5]",32,85,103
2.256756756756757,0.7379955268011954,2,0,2,"[5, 14, 17]",33,93,94
2.3018018018018016,0.798129258629767,6,1,3,"[5, 29, 8, 14]",29,79,108
2.283783783783784,0.8323809322584391,9,0,1,"[5, 14, 3, 8, 26]",27,78,108
2.369369369369369,0.7950972839868216,4,0,2,"[5, 14, 1, 17, 8]",32,64,122
2.279279279279279,0.7806618745488594,3,1,1,"[5, 14, 1]",36,79,104
2.3018018018018016,0.7809359719041845,2,0,1,"[5, 14, 26]",38,73,109
2.3513513513513518,0.6879525481985123,0,2,1,"[14, 5, 26, 17]",27,90,105
2.333333333333333,0.716114874039433,1,0,2,"[14, 5, 8, 1, 26]",29,87,105
2.3018018018018016,0.7633555337763426,4,0,1,"[5, 17, 8, 14]",29,85,104
2.274774774774775,0.8078762134098193,3,1,2,"[5, 14, 1]",41,70,108
2.274774774774775,0.7126482976215478,0,2,1,"[14, 5, 17]",34,93,95
2.328828828828829,0.7150467361097782,2,2,1,"[5, 14, 17]",26,91,103
2.4414414414414414,0.7014488520416097,2,1,2,"[5, 14, 26]",21,76,123
2.283783783783784,0.7584266329473793,2,0,1,"[14, 26, 10, 17, 5]",35,83,102
2.2612612612612613,0.7082156753037266,0,0,1,"[5, 17, 14, 8, 10]",34,96,92
2.2882882882882885,0.7040591731017579,1,1,1,"[17, 5, 26, 14]",29,97,95
2.2882882882882885,0.7354918000950192,1,2,1,"[17, 5, 14]",34,87,100
2.324324324324324,0.7449639325857419,5,2,2,"[5, 26, 17, 14]",22,91,104
2.2612612612612613,0.7811316968436159,2,2,2,"[14, 5]",40,78,102
2.3378378378378377,0.7171530004630337,2,1,1,"[14, 5, 17]",26,89,105
2.279279279279279,0.7511218899724987,3,3,1,"[14, 29, 10, 5]",31,89,99
2.364864864864865,0.7653288588566683,4,1,1,"[5, 14, 17, 26]",27,75,116
2.265765765765766,0.7469994876027846,2,0,1,"[5, 29, 14, 1]",34,89,97
2.274774774774775,0.7908948444176505,5,0,1,"[5, 14, 8]",32,82,103
2.2927927927927927,0.7958275480797726,3,1,3,"[5, 14, 29, 17]",38,72,109
2.400900900900901,0.7708484478167205,7,2,2,"[5, 14, 17, 8, 1]",18,76,121
2.40990990990991,0.7541685007965111,2,2,3,"[5, 14, 26, 17]",30,65,125
2.364864864864865,0.7037261716337465,1,2,1,"[5, 14, 10, 17, 29]",26,86,109
2.274774774774775,0.8515058227861022,9,1,2,"[5, 14, 1, 17]",31,72,110
2.3378378378378377,0.6848792282547714,1,2,1,"[14, 17, 5]",24,96,101
2.27027027027027,0.7300399288149794,0,0,2,"[5, 17, 14]",37,88,97
2.225225225225225,0.7632353697170049,3,0,1,"[15, 5, 17, 14]",36,91,92
2.1666666666666665,0.8477634491777108,6,0,1,"[17, 5, 1, 3, 14]",46,75,95
2.400900900900901,0.7469994876027846,5,0,1,"[5, 14, 17, 32]",20,78,119
2.3378378378378377,0.6848792282547714,1,1,1,"[5, 32, 17, 14]",24,96,101
2.2072072072072078,0.7858144706037581,4,1,1,"[5, 14, 17]",38,88,92
2.310810810810811,0.7597155160999145,2,0,2,"[5, 14, 17]",34,79,107
2.27027027027027,0.8395856114903626,6,0,2,"[5, 17, 14]",38,68,110
2.2972972972972974,0.7739490856848925,4,2,2,"[26, 14, 5]",31,82,105
2.283783783783784,0.7990991013969991,4,3,1,"[5, 14, 17, 26]",36,75,107
2.414414414414414,0.7665928434733706,7,2,1,"[5, 14, 26, 8]",17,75,123
2.3828828828828827,0.8028652168061973,6,0,2,"[5, 14, 17, 10, 8]",27,65,124
2.315315315315315,0.7957122877791639,3,0,1,"[14, 5, 8, 26]",37,69,113
2.400900900900901,0.7649559175179907,4,1,2,"[5, 14, 32]",26,69,123
2.2612612612612613,0.7455656143357539,1,1,1,"[14, 5, 15, 17]",37,87,97
2.310810810810811,0.771535619990595,3,4,2,"[5, 14, 26]",33,78,108
2.3513513513513518,0.8524508042879644,9,1,1,"[14, 32, 5]",28,61,124
2.418918918918919,0.772960871734925,5,1,1,"[14, 5, 32]",24,66,127
2.310810810810811,0.6976173219225555,3,1,1,"[17, 14, 5, 8]",21,102,96
2.324324324324324,0.7688760341408999,1,2,2,"[14, 5]",38,71,112
2.274774774774775,0.7557883383543853,3,1,1,"[5, 14, 17]",32,88,99
2.315315315315315,0.7366548088258094,1,0,2,"[5, 32, 14]",33,83,105
2.2882882882882885,0.7230827341983069,0,1,1,"[14, 5, 17]",35,88,99
2.220720720720721,0.8077248217762689,4,1,1,"[5, 17, 29, 14, 28]",41,79,98
2.202702702702702,0.8715679384852206,11,0,1,"[14, 8, 5, 28, 17]",33,78,100
2.256756756756757,0.7912555600938794,3,0,3,"[5, 14, 1, 17]",39,78,102
2.225225225225225,0.745237484510867,2,2,1,"[5, 17, 14]",36,94,90
2.2927927927927927,0.7181186722674279,3,1,2,"[5, 14, 1]",25,98,96
2.3873873873873874,0.7571220954056976,2,2,2,"[17, 14, 5, 8, 1]",31,68,121
2.315315315315315,0.81814249366805,6,0,1,"[10, 8, 5, 14, 1]",32,70,114
2.27027027027027,0.8066011136167056,5,1,1,"[14, 5, 29, 10]",35,77,105
2.333333333333333,0.8329561740773852,7,1,1,"[5, 14]",31,65,119
2.36036036036036,0.7281389255438669,1,1,3,"[14, 5, 1]",30,79,112
2.274774774774775,0.7497774594083413,1,1,1,"[14, 5, 17]",37,84,100
2.3018018018018016,0.7751201316301087,3,0,2,"[14, 5, 29, 8]",34,78,107
2.3783783783783785,0.7251656581413551,4,0,1,"[14, 5, 8]",20,86,112
2.27027027027027,0.7953023380931288,3,1,1,"[17, 1, 14, 5]",39,75,105
2.315315315315315,0.8070053236714507,7,2,2,"[17, 14, 5, 8]",27,77,111
2.369369369369369,0.6784054758370943,2,1,2,"[14, 5, 32, 10, 17]",19,96,105
2.2927927927927927,0.7489614784736355,1,1,2,"[14, 5, 17, 1]",36,82,103
2.3063063063063063,0.734326949422281,0,0,1,"[14, 5, 29]",36,82,104
2.184684684684685,0.7711656802926414,2,1,1,"[5, 17, 14]",43,89,88
2.265765765765766,0.8108981106101061,4,0,2,"[14, 5, 26]",39,73,106
2.324324324324324,0.7449639325857419,5,2,1,"[14, 17, 5]",22,91,104
2.2927927927927927,0.6924560148027519,1,1,2,"[5, 14, 17]",27,100,94
2.202702702702702,0.8289948620770388,6,2,2,"[5, 17, 14]",40,79,97
2.31981981981982,0.7064434944332892,2,2,1,"[5, 14, 17]",25,95,100
2.315315315315315,0.8399739489817525,9,3,1,"[5, 14]",27,71,115
2.333333333333333,0.8220197323801435,7,2,1,"[5, 17, 8, 14]",29,69,117
2.22972972972973,0.8163592717425997,5,1,1,"[14, 5]",39,78,100
2.3378378378378377,0.7044209526709294,1,0,2,"[8, 5, 17, 14]",27,90,104
2.31981981981982,0.7795253016387538,3,2,2,"[5, 14]",34,74,111
2.2612612612612613,0.7869031081203345,3,1,1,"[14, 29, 8, 5, 17]",38,79,102
2.315315315315315,0.7304865047422393,1,1,2,"[5, 14]",32,85,104
2.279279279279279,0.7203715880138373,1,1,1,"[14, 5, 15]",32,93,96
2.36036036036036,0.740463262021479,2,2,2,"[5, 14, 29]",29,78,113
2.3828828828828827,0.8305669299554026,9,1,2,"[14, 8, 4, 5]",23,64,126
2.274774774774775,0.819001540721811,7,2,2,"[14, 5]",31,78,106
2.2882882882882885,0.7537224351669386,3,1,2,"[14, 5, 17]",31,87,101
2.310810810810811,0.6845220086564684,1,2,1,"[5, 14]",25,100,96
2.328828828828829,0.6760127160692393,0,1,0,"[5, 29, 14, 17]",26,97,99
2.400900900900901,0.7530325412852216,2,0,2,"[5, 14, 29, 26]",30,67,123
2.3873873873873874,0.7328265636075768,1,0,2,"[14, 17, 5, 10]",30,73,118
2.265765765765766,0.7882617907576236,5,0,1,"[5, 14, 17, 8]",32,84,101
2.328828828828829,0.7639960895623064,5,0,1,"[14, 5, 8]",25,84,108
2.3063063063063063,0.7028422297141463,2,0,1,"[17, 8, 5, 14, 26]",25,98,97
2.346846846846846,0.6736568429466416,0,2,1,"[5, 29, 10, 14]",25,95,102
2.31981981981982,0.7795253016387538,3,1,2,"[5, 14, 17, 1]",34,74,111
2.31981981981982,0.725404529965236,0,1,2,"[14, 5, 17, 26]",34,83,105
2.3378378378378377,0.7480356240523659,2,0,1,"[14, 5, 10, 17, 8]",31,79,110
2.31981981981982,0.6803405880913561,0,0,2,"[17, 5, 8, 10, 29, 14]",27,97,98
2.373873873873874,0.730612055040461,1,0,2,"[14, 5]",30,76,115
2.3018018018018016,0.7633555337763426,1,0,2,"[5, 14, 8, 17]",38,76,107
2.283783783783784,0.874789235434843,11,1,1,"[5, 14, 1, 10]",29,68,114
2.2972972972972974,0.7130914735683777,3,2,2,"[14, 1, 8, 17, 29, 5]",24,99,96
2.1981981981981984,0.8163467879441826,4,2,3,"[5, 14, 17]",44,78,96
2.3828828828828827,0.768305872568553,6,0,2,"[5, 14, 8, 17]",21,77,118
2.328828828828829,0.6892697148421815,1,0,0,"[14, 5, 8]",25,96,100
2.2432432432432434,0.7636091513595895,3,2,0,"[5, 17, 14]",35,89,95
2.373873873873874,0.8182545944296844,7,2,1,"[5, 14, 26]",27,64,124
2.279279279279279,0.8091241135650448,5,1,2,"[5, 14, 15, 17]",35,75,107
2.315315315315315,0.7052740166686344,1,0,3,"[14, 5]",28,93,100
2.328828828828829,0.7337854973275331,3,0,1,"[14, 5, 26]",26,88,105
2.328828828828829,0.7337854973275331,1,0,1,"[5, 14, 32]",32,82,107
2.418918918918919,0.7670845686608219,5,1,1,"[5, 14]",23,68,126
2.274774774774775,0.7376087656241042,3,1,1,"[14, 10, 17, 5]",29,94,96
2.3018018018018016,0.7206686163954776,0,0,2,"[17, 5, 14]",34,87,101
2.355855855855856,0.7147045948232609,2,1,2,"[5, 14, 10, 8]",25,87,108
2.364864864864865,0.6841646025448269,1,1,1,"[14, 5, 8]",23,92,106
2.2927927927927927,0.7727498892009226,5,1,1,"[8, 5, 14, 17]",28,86,103
2.468468468468469,0.7346599523640843,4,3,1,"[14, 5, 29]",20,66,132
2.2972972972972974,0.7562062324296944,1,0,0,"[5, 14]",37,79,105
2.2522522522522523,0.8398283434655662,8,1,1,"[14, 5, 8, 17, 10]",33,76,105
2.400900900900901,0.7160721791136297,4,1,1,"[5, 14]",18,85,115
2.310810810810811,0.7537359561857875,2,1,2,"[5, 17, 14]",33,81,106
2.3378378378378377,0.6647632932314201,1,1,1,"[5, 14, 26]",21,102,98
2.3513513513513518,0.7386994643412673,3,0,2,"[8, 14, 17, 5]",26,83,110
2.36036036036036,0.8215732925203174,7,0,1,"[14, 5, 8]",28,65,122
2.418918918918919,0.7670845686608219,5,2,1,"[5, 14, 26, 17]",23,68,126
2.31981981981982,0.6935148616401846,1,1,2,"[14, 5, 17, 26]",26,96,99
2.283783783783784,0.727984950933478,3,0,0,"[5, 8, 29, 14]",27,96,96
2.418918918918919,0.743114823196883,3,3,1,"[14, 5]",25,70,124
2.333333333333333,0.782539471293768,5,2,2,"[14, 5, 26]",28,77,112
2.256756756756757,0.7561658011610564,3,0,1,"[17, 14, 5, 1]",33,90,96
2.2927927927927927,0.7549788540039183,1,1,2,"[5, 14]",37,80,104
2.2522522522522523,0.7841007007595109,2,1,2,"[5, 14, 26]",41,78,101
2.328828828828829,0.7520574960434764,1,1,2,"[5, 14]",35,76,110
2.225225225225225,0.8421550107707242,6,1,2,"[14, 5, 29, 1]",41,72,103
2.3063063063063063,0.7585744285635113,2,0,1,"[14, 5, 17, 8]",34,80,106
2.2927927927927927,0.6989600175919686,0,1,1,"[14, 5, 17]",31,95,96
2.310810810810811,0.7889337958163791,4,2,1,"[14, 5]",33,75,110
2.274774774774775,0.7497774594083413,1,1,2,"[5, 14, 17]",37,84,100
2.3873873873873874,0.7511218899724985,5,1,1,"[5, 14]",21,79,117
2.274774774774775,0.7735407769855775,4,0,1,"[14, 5]",32,85,101
2.310810810810811,0.6711712395683936,0,2,1,"[14, 5, 26]",26,101,95
2.364864864864865,0.8168085614143349,6,1,2,"[17, 5, 29, 10, 8, 14]",30,63,123
2.324324324324324,0.7011582164989733,1,0,2,"[17, 5, 14]",27,93,101
2.36036036036036,0.7525858023606357,2,0,2,"[14, 5, 8, 29, 17]",31,74,115
2.355855855855856,0.7272566296520051,3,0,2,"[5, 8, 26, 14, 17]",24,86,109
2.283783783783784,0.7643694992080432,2,0,1,"[14, 17, 5, 8]",36,81,103
2.414414414414414,0.7783085089962077,7,2,1,"[5, 14]",19,71,125
2.324324324324324,0.7388649992373152,3,2,2,"[14, 5, 8]",27,87,105
2.2927927927927927,0.8292406941392827,3,0,2,"[5, 3, 29, 14]",44,60,115
2.2927927927927927,0.7843735964266967,3,1,2,"[14, 5]",36,76,107
2.4504504504504503,0.7274667971616622,3,1,2,"[14, 5, 8, 26, 17]",22,69,128
2.27027027027027,0.7895923221642552,3,1,2,"[14, 5]",38,77,104
2.315315315315315,0.7304865047422393,2,1,2,"[5, 17, 15, 14]",29,88,103
2.36036036036036,0.8104832678540396,7,1,1,"[14, 5]",26,69,120
2.2882882882882885,0.7597021015040278,3,1,1,"[5, 14, 17, 26]",32,85,102
2.2432432432432434,0.7516644121739436,2,0,1,"[14, 1, 5]",36,90,94
2.220720720720721,0.7556265108587712,4,2,1,"[29, 14, 17, 5, 26]",32,97,89
2.364864864864865,0.7770635815106525,4,0,2,"[14, 29, 5, 32]",29,71,118
2.40990990990991,0.7660741968667063,4,2,2,"[5, 14]",26,67,125
2.3783783783783785,0.7497094949180042,3,1,1,"[5, 14, 8]",27,75,117
2.2882882882882885,0.7476949481695887,1,0,1,"[5, 29, 14, 8, 1]",36,83,102
2.274774774774775,0.7617517877551316,2,2,1,"[14, 5]",36,83,101
2.171171171171171,0.8388083971497536,9,0,1,"[14, 5, 3, 17]",35,87,91
2.3018018018018016,0.7574047116247091,2,0,2,"[26, 5, 15, 14]",34,81,105
2.328828828828829,0.7460165571885969,1,1,2,"[5, 14]",34,78,109
2.234234234234234,0.7781513649001826,4,1,2,"[17, 5, 14, 29]",35,88,95
2.400900900900901,0.7590176427397027,6,1,1,"[14, 5, 8, 17]",19,77,120
2.333333333333333,0.70976808822661,2,0,2,"[14, 5, 32]",25,92,103
2.265765765765766,0.7347847895591678,1,0,2,"[14, 5]",35,90,96
2.3828828828828827,0.7799958085365829,6,1,1,"[14, 5, 32]",23,73,120
2.373873873873874,0.7785834348454213,6,1,1,"[5, 14, 26]",23,75,118
2.247747747747748,0.8166089076336228,5,3,1,"[17, 5, 14, 26]",38,76,103
2.3378378378378377,0.7296629177808368,3,0,1,"[5, 14, 32]",25,88,106
2.4324324324324325,0.756529604791034,6,1,1,"[5, 14, 8, 26, 17]",18,72,126
2.3423423423423424,0.7429365178813923,4,1,1,"[14, 5, 17, 26]",24,86,108
2.3063063063063063,0.7762631544376082,5,2,3,"[5, 14]",28,83,106
2.310810810810811,0.7416322162204061,1,0,2,"[14, 5]",34,82,105
2.310810810810811,0.7537359561857875,3,0,1,"[5, 14, 26]",30,84,105
2.2927927927927927,0.7367793080197771,2,1,2,"[14, 5]",31,89,100
2.4054054054054053,0.7655285741229413,4,0,1,"[14, 5, 28]",26,68,124
2.3018018018018016,0.7269202352480142,0,1,2,"[5, 29, 14]",35,85,102
2.2927927927927927,0.7367793080197771,3,1,2,"[14, 5]",28,92,99
2.2387387387387387,0.8248045067894096,6,3,2,"[14, 5]",37,77,102
2.3828828828828827,0.808481496456733,6,3,2,"[5, 14, 29, 26, 10, 17]",28,63,125
2.324324324324324,0.7327153016979389,1,1,1,"[5, 17, 14, 21, 26]",32,83,106
2.3828828828828827,0.7564353021323195,3,0,1,"[14, 8, 5, 17]",28,72,119
2.3423423423423424,0.6451418939015562,0,0,1,"[14, 5, 17, 8]",21,104,97
2.468468468468469,0.7031901427276395,2,2,2,"[5, 29, 14, 26]",21,70,129
2.3513513513513518,0.7628079664245122,4,2,2,"[14, 5, 8, 26]",27,78,113
2.2072072072072078,0.8029032964667868,4,1,2,"[28, 5, 26, 14]",41,82,95
2.283783783783784,0.7090929188185777,2,0,1,"[5, 14, 26, 10]",27,99,94
2.2972972972972974,0.7501987018182961,3,1,3,"[14, 5, 17, 29]",30,87,102
2.2612612612612613,0.6551116337698978,0,1,1,"[5, 14]",26,112,84
2.364864864864865,0.7653288588566685,5,1,1,"[14, 8, 5, 17]",24,78,115
2.283783783783784,0.7090929188185775,1,1,1,"[5, 14]",30,96,95
2.310810810810811,0.7597155160999145,2,1,2,"[14, 17, 10, 8, 5, 29, 26]",34,79,107
2.369369369369369,0.7109731770074275,0,0,1,"[14, 5, 1, 8]",30,80,112
2.2972972972972974,0.7739490856848925,6,0,1,"[5, 29, 14, 8]",25,88,103
2.2882882882882885,0.7831643365554005,5,1,1,"[14, 26, 8, 5]",30,83,104
2.234234234234234,0.845054336574809,5,0,2,"[14, 10, 26, 5]",44,67,106
2.346846846846846,0.7678282023888402,4,1,2,"[14, 5, 10]",28,77,113
2.234234234234234,0.845054336574809,5,1,2,"[14, 5, 29, 28, 26]",44,67,106
2.3783783783783785,0.7850878736193457,7,1,3,"[14, 5, 1]",21,75,119
2.3018018018018016,0.745360550123225,4,3,1,"[14, 29, 5, 10]",26,91,101
2.310810810810811,0.7831773492802152,4,1,1,"[5, 14]",32,77,109
2.445945945945946,0.7576199675064574,4,0,2,"[14, 5, 8, 26]",24,63,131
2.279279279279279,0.6816425619660506,0,0,1,"[5, 14, 17]",29,102,91
2.31981981981982,0.8463196683067595,9,0,1,"[14, 5, 8]",28,68,117
2.31981981981982,0.7619123142645889,2,0,2,"[14, 3, 5, 17, 26, 8]",34,77,109
2.310810810810811,0.7831773492802151,5,1,1,"[14, 5, 26, 17]",29,80,108
2.418918918918919,0.7491791602885058,5,0,1,"[5, 14, 8, 29, 17]",20,74,123
2.369369369369369,0.7045800768318521,4,0,3,"[17, 14, 8, 5]",17,94,107
2.418918918918919,0.7611629009101161,6,1,1,"[14, 5, 8, 26, 17]",19,73,124
2.3018018018018016,0.745360550123225,3,1,3,"[5, 14, 32]",29,88,102
2.364864864864865,0.7164705661460221,1,0,2,"[5, 17, 14]",28,82,111
2.1936936936936937,0.8365820657955376,7,1,2,"[5, 14, 28, 1]",39,80,96
2.3828828828828827,0.7443754555334969,2,2,1,"[5, 14, 17, 10]",29,73,118
2.2972972972972974,0.7912941984492553,5,1,1,"[29, 5, 10, 14, 26]",31,79,107
2.427927927927928,0.7738569057772997,5,2,2,"[1, 5, 14]",24,64,129
2.2882882882882885,0.8335432453407355,3,2,2,"[14, 5, 29]",45,59,115
2.315315315315315,0.7667523564648956,2,0,2,"[5, 14, 8, 26]",35,76,109
2.31981981981982,0.725404529965236,2,0,1,"[5, 14, 17]",28,89,103
2.2612612612612613,0.8151474531320841,5,0,2,"[5, 14, 17, 10, 26]",37,75,105
2.3018018018018016,0.7633555337763426,5,0,2,"[5, 14, 29]",26,88,103
2.328828828828829,0.7399263002785286,0,0,2,"[14, 5, 29, 17]",36,77,109
2.279279279279279,0.7689820640709552,4,0,1,"[14, 17, 8, 5]",31,86,101
2.333333333333333,0.696901134705307,0,0,3,"[14, 5, 26, 10]",29,90,103
2.3783783783783785,0.8189393212186618,6,0,3,"[14, 3, 5]",30,60,126
2.324324324324324,0.7629682707167986,3,2,1,"[5, 17, 14]",31,79,109
2.364864864864865,0.7164705661460221,2,1,3,"[5, 14]",25,85,110
2.283783783783784,0.8323809322584391,7,0,1,"[5, 14, 17]",33,72,110
2.346846846846846,0.7377745452408868,5,2,1,"[14, 5, 17]",20,90,107
2.3378378378378377,0.8006280401361905,5,1,1,"[14, 5, 26]",31,70,116
2.3963963963963963,0.7402980845062391,4,2,1,"[5, 14, 32, 10]",22,78,118
2.2432432432432434,0.7753699011126396,4,1,1,"[5, 17, 14]",34,88,96
2.31981981981982,0.7559501312073209,3,2,1,"[14, 5, 26]",30,82,107
2.31981981981982,0.7678282023888403,2,0,1,"[14, 5, 26]",35,75,110
2.328828828828829,0.6826733963199139,1,0,1,"[5, 14, 17, 26]",24,98,99
2.279279279279279,0.7748439769518009,5,1,2,"[3, 5, 14, 15]",29,87,101
2.283783783783784,0.7403118507068022,2,0,1,"[14, 5, 17]",32,89,99
2.2612612612612613,0.7333270332999718,1,0,1,"[14, 5, 10, 1]",35,91,95
2.2972972972972974,0.7318802982338632,2,2,2,"[17, 5, 14]",30,90,100
2.391891891891892,0.8532753116612023,10,2,1,"[5, 14, 26]",24,57,131
2.310810810810811,0.7597155160999145,3,2,2,"[14, 8, 26, 5, 1]",31,82,106
2.3963963963963963,0.7463853077863087,2,3,2,"[14, 5, 17, 26]",29,70,121
2.22972972972973,0.799558090005435,4,2,2,"[5, 14]",39,81,98
2.3513513513513518,0.674669668105447,0,3,2,"[14, 5]",25,94,103
2.3513513513513518,0.8199839822809105,7,1,2,"[14, 5, 17, 1, 3]",28,67,120
2.418918918918919,0.7903276728675162,8,0,3,"[14, 8, 5, 17, 29, 26]",18,69,127
2.324324324324324,0.780557431191037,3,1,2,"[17, 14, 5, 8]",34,73,112
2.3063063063063063,0.82706254221693,6,1,3,"[5, 14, 8]",34,68,114
2.2522522522522523,0.8012260793300007,5,1,1,"[5, 14, 3]",35,81,101
2.364864864864865,0.7534113847610335,4,1,2,"[8, 5, 14, 26]",25,79,114
2.373873873873874,0.8182545944296843,7,3,1,"[14, 5]",27,64,124
2.220720720720721,0.7849970017082111,4,3,1,"[5, 14, 17, 29]",37,87,94
2.279279279279279,0.7806618745488594,6,1,1,"[5, 14, 26]",27,88,101
2.3018018018018016,0.7453605501232249,1,0,1,"[17, 5, 26, 14]",35,82,104
2.454954954954955,0.7641561446107582,7,1,1,"[17, 14, 5, 29, 8]",16,68,131
2.328828828828829,0.781562119177653,4,3,2,"[5, 17, 26, 14]",31,75,112
2.369369369369369,0.6850428916508882,0,0,2,"[8, 14, 26, 29, 5]",26,88,108
2.2387387387387387,0.7379402876149802,4,2,1,"[17, 14, 5]",28,101,89
2.400900900900901,0.7649559175179907,4,0,2,"[14, 5, 3, 8]",26,69,123
2.436936936936937,0.7509183430946437,3,1,3,"[5, 14]",26,64,129
2.4504504504504503,0.7336604900962727,4,1,2,"[10, 8, 5, 14, 26]",20,70,128
2.3513513513513518,0.8032586195804514,6,1,1,"[5, 17, 14]",28,70,118
2.3783783783783785,0.7965315541869374,6,1,1,"[5, 32, 10, 14]",26,68,122
2.3063063063063063,0.7465491384759249,2,2,4,"[5, 17, 29, 14]",32,84,104
2.274774774774775,0.6734752805923567,0,0,1,"[14, 5, 17, 8]",28,105,89
2.3378378378378377,0.8118526997945068,6,0,1,"[14, 5, 8]",30,69,117
2.283783783783784,0.7990991013969992,3,1,2,"[14, 5, 17, 26]",39,72,108
2.391891891891892,0.7517864257145856,3,1,2,"[5, 14, 8, 10]",27,72,120
2.3963963963963963,0.7463853077863088,3,2,3,"[14, 8, 26, 5]",26,73,120
2.328828828828829,0.6486864398649671,0,1,1,"[5, 14, 10]",22,105,95
2.2972972972972974,0.7912941984492553,3,1,2,"[5, 17, 14]",37,73,109
2.369369369369369,0.8119907710498862,8,2,1,"[14, 5]",23,70,121
2.346846846846846,0.8463196683067594,10,3,2,"[17, 5, 29, 14]",24,67,121
2.31981981981982,0.731615681795942,1,0,1,"[17, 5, 14]",32,84,105
2.4054054054054053,0.7595947762083726,5,1,1,"[14, 5]",22,73,122
2.3513513513513518,0.744799753204666,1,0,2,"[5, 8, 14, 17]",33,75,113
2.22972972972973,0.7823962027171215,3,1,2,"[5, 14, 17]",39,84,96
2.279279279279279,0.7203715880138373,0,1,1,"[5, 14]",35,90,97
2.3828828828828827,0.768305872568553,5,2,1,"[14, 5]",24,74,119
2.2927927927927927,0.7428953644233875,2,0,1,"[5, 26, 14]",32,87,101
2.3513513513513518,0.7263452010626648,1,2,3,"[15, 5, 14]",30,81,110
2.256756756756757,0.7969536593398233,3,1,3,"[14, 5]",40,76,103
2.283783783783784,0.7217425545372546,1,1,2,"[14, 5, 17]",32,92,97
2.333333333333333,0.747040414970163,1,2,2,"[14, 5]",34,77,110
2.234234234234234,0.8450543365748089,6,0,1,"[14, 5]",41,70,105
2.283783783783784,0.8323809322584391,9,1,1,"[5, 17, 32, 14]",27,78,108
2.333333333333333,0.716114874039433,3,1,1,"[5, 26, 17, 14]",23,93,103
2.3873873873873874,0.763075121535993,4,0,1,"[17, 5, 8, 14, 29, 1]",26,72,120
2.2432432432432434,0.7869549104381628,3,1,1,"[5, 14, 17]",39,81,99
2.2927927927927927,0.7367793080197771,2,1,1,"[26, 1, 14, 5, 17]",31,89,100
2.3963963963963963,0.7990863479500622,7,0,1,"[5, 14, 8, 26]",23,67,125
2.2972972972972974,0.7797736601015305,1,1,1,"[14, 5]",41,71,109
2.279279279279279,0.8091241135650449,6,0,1,"[14, 5, 28]",32,78,106
2.3018018018018016,0.7453605501232249,2,0,2,"[3, 17, 14, 5, 29]",32,85,103
2.3063063063063063,0.7465491384759249,2,1,1,"[14, 5, 17]",32,84,104
2.3378378378378377,0.6979678393781218,2,1,2,"[14, 26, 5]",23,95,102
2.283783783783784,0.8103449397415917,4,0,3,"[5, 14, 28]",38,71,109
2.1981981981981984,0.8107849927268806,4,1,2,"[14, 1, 5]",43,80,95
2.27027027027027,0.783840711793592,2,0,1,"[5, 29, 14]",40,76,104
2.135135135135135,0.8014295653216826,3,2,2,"[14, 17, 5, 29]",49,85,85
2.1576576576576576,0.7595008541336756,2,1,1,"[14, 17, 5, 10, 26]",43,95,82
2.0765765765765765,0.8393549510954819,5,2,1,"[5, 14, 17]",55,80,82
2.081081081081081,0.7974522228289,6,4,1,"[14, 5]",44,98,74
2.1126126126126126,0.779211472538248,3,2,2,"[14, 5, 29]",47,94,78
2.18018018018018,0.8094263450816168,6,1,1,"[14, 26, 28, 5]",38,88,90
2.18018018018018,0.8038166671303404,4,1,1,"[5, 14, 17, 1]",43,84,91
2.1576576576576576,0.8600799236301198,6,1,1,"[5, 28, 14, 17]",49,71,96
2.126126126126126,0.7383130719180147,0,0,3,"[14, 5]",48,98,76
2.171171171171171,0.7830081669895772,3,1,2,"[14, 5, 17]",43,89,87
2.135135135135135,0.9221898636136658,12,1,1,"[5, 10, 17, 29, 14]",45,66,99
2.1486486486486487,0.8295847366421701,6,2,3,"[5, 17, 14, 29]",44,83,89
2.0405405405405403,0.8578493975324372,7,3,2,"[5, 14]",56,80,79
2.1621621621621623,0.790675758184048,3,1,1,"[29, 5, 14, 17]",45,87,87
2.18018018018018,0.8149974121847509,2,1,2,"[14, 17, 5, 1]",51,74,95
2.2117117117117115,0.821238303358373,5,1,1,"[5, 14, 26]",41,78,98
2.175675675675676,0.8512664205594896,6,1,2,"[32, 18, 14, 26, 5]",46,73,97
2.0675675675675675,0.8238154432603442,8,2,1,"[5, 1, 14]",44,95,75
2.1666666666666665,0.7868642541439228,3,2,1,"[14, 5, 17, 1]",44,88,87
2.1216216216216215,0.7951101014177496,3,1,1,"[14, 5, 17, 26]",49,88,82
2.1486486486486487,0.851122746900988,5,2,1,"[5, 29, 14]",51,72,94
2.1036036036036037,0.8200461225223118,3,0,3,"[14, 26, 18, 17, 5]",55,80,84
2.2387387387387387,0.7379402876149802,1,2,1,"[5, 26, 10, 14]",37,92,92
2.1531531531531534,0.7693000661787257,1,1,2,"[5, 17, 26, 14]",48,89,84
