Mean,Std,Problems_nonattribue,Problems_pasassez,Problems_tropnombreux,TMnonouverts,NbEnvie1,NbEnvie3,NbEnvie9,NbEnvie2
6.170403587443946,3.414017648321423,1.0,1.0,0.0,[23],35.0,57.0,130.0,
5.914798206278027,3.4349693245934043,2.0,0.0,0.0,[],35.0,65.0,121.0,
6.403587443946188,3.344807142425676,3.0,0.0,1.0,[22],27.0,56.0,137.0,
6.242152466367713,3.392442426377924,3.0,2.0,1.0,[22],30.0,58.0,132.0,
6.170403587443946,3.382203466208667,1.0,0.0,0.0,[23],32.0,61.0,129.0,
6.3408071748878925,3.3302454084750286,3.0,0.0,0.0,[23],25.0,61.0,134.0,
6.2152466367713,3.425966136789421,3.0,0.0,0.0,[29],33.0,55.0,132.0,
6.089686098654709,3.4171047475863325,1.0,0.0,0.0,"[15, 32]",35.0,60.0,127.0,
6.183856502242152,3.4624510166035134,2.0,1.0,1.0,[23],38.0,51.0,132.0,
6.41255605381166,3.32885612137244,1.0,2.0,1.0,[23],29.0,56.0,137.0,
6.278026905829597,3.3790306807744668,3.0,0.0,1.0,[15],29.0,58.0,133.0,
6.044843049327354,3.474198053493088,3.0,0.0,1.0,[22],37.0,56.0,127.0,
6.403587443946188,3.344807142425676,3.0,1.0,0.0,"[23, 12]",27.0,56.0,137.0,
5.852017937219731,3.44723194342198,4.0,1.0,0.0,[],33.0,67.0,119.0,
5.923766816143497,3.46000575161895,4.0,0.0,1.0,[],34.0,63.0,122.0,
5.923766816143497,3.46000575161895,4.0,0.0,1.0,[],34.0,63.0,122.0,
6.403587443946188,3.344807142425676,3.0,1.0,1.0,[],27.0,56.0,137.0,
6.426008968609866,3.345380806224897,2.0,2.0,0.0,[],29.0,54.0,138.0,
6.188340807174888,3.335645382465215,5.0,0.0,0.0,"[22, 29]",21.0,69.0,128.0,
6.174887892376682,3.3826394168329865,4.0,0.0,2.0,[],27.0,63.0,129.0,
6.098654708520179,3.4378848491612675,1.0,1.0,0.0,[22],37.0,57.0,128.0,
6.071748878923767,3.379090459435873,3.0,0.0,0.0,"[15, 23]",28.0,67.0,125.0,
6.130044843049327,3.365985592213528,0.0,1.0,0.0,[23],32.0,64.0,127.0,
6.260089686098655,3.305002213548398,3.0,0.0,1.0,[22],22.0,68.0,130.0,
6.179372197309417,3.338841245903982,1.0,2.0,1.0,[],28.0,66.0,128.0,
5.973094170403588,3.529692943426633,5.0,0.0,0.0,[22],39.0,53.0,126.0,
6.04932735426009,3.3399421416356305,2.0,1.0,0.0,[22],26.0,72.0,123.0,
6.224215246636772,3.3830454572873827,3.0,0.0,1.0,[22],29.0,60.0,131.0,
6.179372197309417,3.438536976829729,3.0,0.0,0.0,[],34.0,55.0,131.0,
6.246636771300448,3.352715033700349,2.0,0.0,0.0,[30],28.0,62.0,131.0,
5.811659192825112,3.5855626960480325,5.0,0.0,1.0,"[22, 28]",45.0,51.0,122.0,
5.937219730941704,3.477806777702344,5.0,0.0,0.0,[22],34.0,61.0,123.0,
6.04932735426009,3.435674920320933,2.0,0.0,0.0,[],35.0,60.0,126.0,
5.977578475336323,3.488002534026092,2.0,1.0,1.0,[22],40.0,56.0,125.0,
6.165919282511211,3.3897440617642727,2.0,0.0,1.0,[],31.0,61.0,129.0,
6.026905829596412,3.4287066908928026,1.0,0.0,1.0,[29],36.0,61.0,125.0,
6.2152466367713,3.390280331651733,1.0,0.0,0.0,[23],33.0,58.0,131.0,
6.004484304932736,3.4569394340773,2.0,1.0,0.0,[],37.0,59.0,125.0,
6.37219730941704,3.415721220531488,2.0,1.0,0.0,[],35.0,48.0,138.0,
6.1076233183856505,3.4310565181070385,3.0,0.0,0.0,"[23, 30]",33.0,59.0,128.0,
5.8923766816143495,3.528147460937605,5.0,1.0,0.0,[22],39.0,56.0,123.0,
6.192825112107624,3.455449098058956,4.0,1.0,0.0,[22],34.0,53.0,132.0,
5.852017937219731,3.474564326780852,2.0,0.0,0.0,[22],39.0,62.0,120.0,
6.327354260089686,3.377924584720713,2.0,0.0,0.0,[],31.0,55.0,135.0,
6.37219730941704,3.4472260837672573,2.0,0.0,0.0,[],38.0,44.0,139.0,
5.995515695067264,3.4983879915136584,2.0,2.0,0.0,[30],41.0,54.0,126.0,
6.403587443946188,3.27952776899196,3.0,2.0,1.0,[23],21.0,64.0,135.0,
6.139013452914798,3.390959485093848,2.0,0.0,0.0,[],31.0,62.0,128.0,
6.233183856502242,3.371765677113378,3.0,0.0,1.0,"[23, 15]",28.0,61.0,131.0,
6.103139013452915,3.4658097104510337,2.0,0.0,0.0,[31],38.0,54.0,129.0,
5.896860986547085,3.4553964862204465,2.0,2.0,0.0,[22],37.0,63.0,121.0,
6.443946188340807,3.3858804112451204,2.0,0.0,1.0,[],33.0,48.0,140.0,
5.878923766816143,3.4443653828475744,2.0,0.0,0.0,"[23, 31]",36.0,65.0,120.0,
6.493273542600897,3.354263060210044,3.0,0.0,0.0,[23],29.0,50.0,141.0,
6.121076233183857,3.4443653828475744,2.0,0.0,2.0,[23],36.0,56.0,129.0,
6.044843049327354,3.37555572302095,1.0,0.0,1.0,"[23, 16]",31.0,67.0,124.0,
6.322869955156951,3.417465318585235,3.0,0.0,0.0,[23],33.0,51.0,136.0,
6.026905829596412,3.460093320763082,1.0,0.0,0.0,[],39.0,57.0,126.0,
6.322869955156951,3.4135087778861584,1.0,0.0,0.0,[],36.0,50.0,136.0,
6.094170403587444,3.449129947429532,4.0,0.0,0.0,[23],33.0,58.0,128.0,
6.210762331838565,3.296936996725373,0.0,1.0,0.0,[22],26.0,69.0,128.0,
6.00896860986547,3.386500800262919,1.0,2.0,0.0,[16],32.0,67.0,123.0,
6.201793721973094,3.40899663087686,2.0,0.0,0.0,[30],33.0,57.0,131.0,
6.017937219730942,3.4392594603606925,1.0,1.0,0.0,[],37.0,60.0,125.0,
6.322869955156951,3.2884957562490507,3.0,1.0,1.0,[23],21.0,67.0,132.0,
6.143497757847534,3.387449059986579,3.0,0.0,1.0,[23],29.0,63.0,128.0,
6.125560538116592,3.437003398974442,1.0,0.0,0.0,[22],37.0,56.0,129.0,
6.112107623318385,3.455115876218159,2.0,0.0,0.0,[23],37.0,55.0,129.0,
6.376681614349776,3.407965460264253,1.0,0.0,1.0,[23],36.0,48.0,138.0,
6.210762331838565,3.361878342951892,0.0,0.0,1.0,[15],32.0,61.0,130.0,
5.973094170403588,3.460093320763081,1.0,0.0,0.0,[],39.0,59.0,124.0,
6.139013452914798,3.394942305338186,4.0,1.0,0.0,[],28.0,63.0,128.0,
6.062780269058296,3.353847512363302,1.0,0.0,0.0,[23],29.0,69.0,124.0,
6.062780269058296,3.417707648207778,1.0,0.0,0.0,"[23, 15]",35.0,61.0,126.0,
6.058295964125561,3.4289717895649545,4.0,1.0,0.0,"[22, 29]",31.0,62.0,126.0,
6.224215246636772,3.314443709978092,1.0,1.0,0.0,[22],26.0,67.0,129.0,
6.00896860986547,3.3220408242146813,1.0,0.0,0.0,[22],26.0,75.0,121.0,
6.197309417040358,3.348603571835178,1.0,0.0,2.0,[23],29.0,64.0,129.0,
6.5874439461883405,3.288010463263233,2.0,0.0,1.0,[23],26.0,52.0,143.0,
5.874439461883408,3.478689502219213,1.0,0.0,0.0,[30],41.0,60.0,121.0,
6.237668161434978,3.360075333939331,0.0,1.0,2.0,"[29, 23]",32.0,60.0,131.0,
6.390134529147982,3.3925317394892573,2.0,1.0,0.0,[],33.0,50.0,138.0,
5.973094170403588,3.460093320763081,1.0,0.0,0.0,[],39.0,59.0,124.0,
6.1524663677130045,3.340184048105004,1.0,0.0,0.0,[],28.0,67.0,127.0,
6.37219730941704,3.383923054706313,2.0,0.0,0.0,[30],32.0,52.0,137.0,
6.013452914798206,3.411004740393835,0.0,1.0,1.0,"[23, 31]",36.0,63.0,124.0,
6.121076233183857,3.408872195802517,0.0,0.0,0.0,[31],36.0,59.0,128.0,
5.816143497757848,3.416614073474408,0.0,0.0,0.0,[],37.0,69.0,117.0,
5.914798206278027,3.431032968927964,0.0,1.0,0.0,[],38.0,64.0,121.0,
6.192825112107624,3.388313593783343,2.0,0.0,1.0,"[22, 16]",31.0,60.0,130.0,
6.282511210762332,3.4387836955897555,4.0,1.0,0.0,[22],33.0,51.0,135.0,
5.887892376681615,3.4616283398337004,0.0,0.0,0.0,[29],41.0,61.0,121.0,
5.9192825112107625,3.396173711588875,1.0,0.0,0.0,[23],33.0,69.0,120.0,
6.058295964125561,3.393317593504776,2.0,1.0,0.0,[],31.0,65.0,125.0,
6.022421524663677,3.40037616650994,0.0,0.0,0.0,[],35.0,64.0,124.0,
6.251121076233184,3.344982271281033,1.0,1.0,0.0,[23],29.0,62.0,131.0,
5.820627802690583,3.445080780775739,1.0,0.0,0.0,[29],38.0,66.0,118.0,
6.147982062780269,3.3477951544372018,2.0,0.0,0.0,[23],27.0,67.0,127.0,
6.26457399103139,3.421836432378252,0.0,0.0,1.0,"[23, 29]",38.0,51.0,134.0,
6.201793721973094,3.373131302823318,0.0,0.0,1.0,[23],33.0,60.0,130.0,
6.085201793721973,3.420513873937448,0.0,0.0,0.0,[23],37.0,59.0,127.0,
5.928251121076233,3.452934525523912,3.0,0.0,0.0,[22],35.0,63.0,122.0,
5.780269058295964,3.4914523578191896,2.0,0.0,0.0,[23],41.0,62.0,118.0,
5.901345291479821,3.42080913220476,3.0,0.0,0.0,[],32.0,68.0,120.0,
5.681614349775785,3.4421830876875994,2.0,1.0,0.0,[],37.0,71.0,113.0,
5.874439461883408,3.3841737550252216,1.0,0.0,0.0,[23],32.0,72.0,118.0,
6.354260089686099,3.2776979485545263,2.0,0.0,0.0,[],22.0,66.0,133.0,
6.098654708520179,3.342215371193775,1.0,1.0,0.0,[23],28.0,69.0,125.0,
6.0,3.4641016151377544,3.0,0.0,0.0,"[23, 8]",36.0,59.0,125.0,
5.986547085201794,3.4149641822449963,2.0,0.0,1.0,[23],33.0,65.0,123.0,
5.789237668161435,3.383248459240482,0.0,3.0,0.0,[23],34.0,74.0,115.0,
6.15695067264574,3.4324279789806496,2.0,0.0,0.0,[],35.0,56.0,130.0,
6.040358744394619,3.38294395174272,2.0,0.0,0.0,"[23, 30]",30.0,67.0,124.0,
6.278026905829597,3.375029083517375,1.0,0.0,0.0,[23],32.0,57.0,133.0,
5.901345291479821,3.41685646346879,1.0,0.0,0.0,[],35.0,67.0,120.0,
5.869955156950673,3.450570327288755,0.0,0.0,0.0,[23],40.0,63.0,120.0,
6.044843049327354,3.4074319737062546,1.0,1.0,0.0,[],34.0,63.0,125.0,
5.914798206278027,3.462398511160559,0.0,0.0,0.0,[],41.0,60.0,122.0,
5.896860986547085,3.423966801937249,2.0,0.0,0.0,[22],34.0,67.0,120.0,
6.040358744394619,3.41475123498753,2.0,0.0,0.0,[23],33.0,63.0,125.0,
5.95067264573991,3.452677117142488,0.0,0.0,0.0,[],40.0,60.0,123.0,
6.143497757847534,3.4152599202978897,1.0,1.0,0.0,[23],35.0,58.0,129.0,
5.99103139013453,3.3758429463038304,1.0,0.0,0.0,[23],31.0,69.0,122.0,
5.816143497757848,3.384824295417293,0.0,0.0,0.0,[23],34.0,73.0,116.0,
6.067264573991031,3.414325300628825,2.0,0.0,0.0,[23],33.0,62.0,126.0,
5.914798206278027,3.3714361670459123,2.0,0.0,1.0,"[23, 29]",29.0,73.0,119.0,
5.973094170403588,3.428706690892802,1.0,0.0,0.0,[24],36.0,63.0,123.0,
5.977578475336323,3.421505840695436,0.0,0.0,0.0,[23],37.0,63.0,123.0,
6.076233183856503,3.431244905721248,0.0,0.0,1.0,[22],38.0,58.0,127.0,
6.183856502242152,3.39545395829766,0.0,0.0,0.0,[22],35.0,58.0,130.0,
6.322869955156951,3.4135087778861584,1.0,0.0,1.0,[],36.0,50.0,136.0,
5.937219730941704,3.4071474133864346,1.0,0.0,0.0,[23],34.0,67.0,121.0,
6.251121076233184,3.344982271281033,1.0,0.0,0.0,[22],29.0,62.0,131.0,
6.085201793721973,3.3284070574641182,2.0,0.0,0.0,[15],25.0,72.0,124.0,
5.847533632286996,3.4148695406588563,1.0,0.0,0.0,[],35.0,69.0,118.0,
5.910313901345291,3.4694329819636835,1.0,0.0,1.0,[22],40.0,60.0,122.0,
6.143497757847534,3.3513531432483683,1.0,0.0,0.0,[23],29.0,66.0,127.0,
5.766816143497758,3.476999353189551,3.0,1.0,1.0,[29],38.0,65.0,117.0,
6.017937219730942,3.505419389337028,3.0,0.0,1.0,"[22, 8, 30]",40.0,53.0,127.0,
6.273542600896861,3.2854538138309946,2.0,0.0,1.0,[23],22.0,69.0,130.0,
5.79372197309417,3.5057939242730685,1.0,0.0,0.0,[],44.0,59.0,119.0,
6.188340807174888,3.363884556097415,3.0,1.0,0.0,[22],27.0,64.0,129.0,
6.098654708520179,3.469188442893929,1.0,0.0,0.0,[],40.0,53.0,129.0,
5.932735426008969,3.4143253006288257,2.0,1.0,0.0,"[23, 31]",33.0,67.0,121.0,
5.937219730941704,3.438730828774199,1.0,0.0,0.0,[],37.0,63.0,122.0,
5.901345291479821,3.51433973423517,3.0,0.0,0.0,[],41.0,56.0,123.0,
6.313901345291479,3.296207830567648,1.0,0.0,1.0,[],25.0,65.0,132.0,
5.860986547085202,3.4292663196096616,0.0,0.0,1.0,[],38.0,66.0,119.0,
5.780269058295964,3.4914523578191896,2.0,1.0,1.0,[29],41.0,62.0,118.0,
6.026905829596412,3.397030078753625,1.0,0.0,0.0,[],33.0,65.0,124.0,
6.00896860986547,3.4182749869484765,1.0,0.0,0.0,[23],35.0,63.0,124.0,
6.219730941704036,3.350563475440693,0.0,0.0,0.0,[22],31.0,62.0,130.0,
5.995515695067264,3.3685051057219844,0.0,0.0,0.0,[23],32.0,69.0,122.0,
6.031390134529148,3.452887725427333,0.0,0.0,0.0,[],40.0,57.0,126.0,
6.076233183856503,3.3756574507286192,4.0,0.0,1.0,"[15, 22]",26.0,68.0,125.0,
6.255605381165919,3.2717948990718435,0.0,2.0,0.0,[22],24.0,70.0,129.0,
5.816143497757848,3.448110778858417,0.0,0.0,0.0,[],40.0,65.0,118.0,
5.932735426008969,3.441919006557724,0.0,0.0,0.0,[23],39.0,62.0,122.0,
5.860986547085202,3.495615389351159,2.0,1.0,0.0,[],41.0,59.0,121.0,
5.955156950672646,3.4845550916820414,3.0,1.0,0.0,[23],38.0,58.0,124.0,
5.802690582959642,3.4649586828849936,1.0,0.0,0.0,[23],40.0,64.0,118.0,
5.986547085201794,3.4464759657122888,2.0,0.0,0.0,[22],36.0,61.0,124.0,
6.233183856502242,3.367755447524777,1.0,0.0,1.0,[23],31.0,60.0,131.0,
6.04932735426009,3.439605963646021,4.0,0.0,0.0,[],32.0,61.0,126.0,
6.040358744394619,3.346799446843119,0.0,1.0,0.0,[22],30.0,70.0,123.0,
6.37219730941704,3.2825690494637323,0.0,0.0,0.0,[23],26.0,63.0,134.0,
6.165919282511211,3.288569465374036,0.0,0.0,0.0,"[23, 15]",25.0,72.0,126.0,
5.977578475336323,3.425453144467168,2.0,0.0,0.0,[23],34.0,64.0,123.0,
5.789237668161435,3.508736952497004,0.0,0.0,0.0,[],46.0,58.0,119.0,
6.071748878923767,3.406969551117199,1.0,0.0,0.0,[],34.0,62.0,126.0,
6.197309417040358,3.412561840280663,1.0,0.0,1.0,[23],35.0,56.0,131.0,
6.219730941704036,3.418440443011502,2.0,0.0,1.0,"[23, 8]",34.0,55.0,132.0,
5.874439461883408,3.3841737550252216,1.0,0.0,0.0,[29],32.0,72.0,118.0,
6.004484304932736,3.488072027222904,2.0,0.0,0.0,[23],40.0,55.0,126.0,
6.013452914798206,3.473814297198635,0.0,0.0,1.0,[15],42.0,55.0,126.0,
6.053811659192825,3.332446454149468,1.0,1.0,0.0,[23],27.0,72.0,123.0,
5.609865470852018,3.517689080675958,2.0,1.0,0.0,"[23, 30]",45.0,63.0,113.0,
6.1524663677130045,3.435910086696649,1.0,0.0,0.0,[],37.0,55.0,130.0,
6.017937219730942,3.4392594603606934,1.0,0.0,0.0,[22],37.0,60.0,125.0,
5.73542600896861,3.5357824258208974,0.0,0.0,0.0,[23],49.0,56.0,118.0,
5.923766816143497,3.4560979115483965,2.0,0.0,0.0,[],37.0,62.0,122.0,
5.968609865470852,3.404276767695807,2.0,1.0,0.0,[],32.0,67.0,122.0,
6.044843049327354,3.4390127757325826,1.0,0.0,0.0,[23],37.0,59.0,126.0,
6.00896860986547,3.4182749869484765,1.0,1.0,0.0,[23],35.0,63.0,124.0,
6.291479820627803,3.355816391896686,0.0,1.0,0.0,[22],32.0,58.0,133.0,
5.995515695067264,3.467348024492314,2.0,0.0,1.0,[],38.0,58.0,125.0,
6.237668161434978,3.427763951792329,2.0,0.0,0.0,[23],35.0,53.0,133.0,
6.143497757847534,3.508938439448859,1.0,1.0,2.0,[],44.0,46.0,132.0,
6.013452914798206,3.4464759657122896,2.0,0.0,0.0,"[23, 31]",36.0,60.0,125.0,
5.910313901345291,3.4733258187743403,3.0,0.0,0.0,[23],37.0,61.0,122.0,
5.856502242152466,3.471510868567249,3.0,0.0,0.0,[23],37.0,63.0,120.0,
6.058295964125561,3.389332864054816,0.0,0.0,1.0,"[23, 30]",34.0,64.0,125.0,
5.901345291479821,3.4483509549007136,1.0,0.0,0.0,[23],38.0,63.0,121.0,
6.035874439461884,3.449580862700232,1.0,0.0,0.0,[23],38.0,58.0,126.0,
5.874439461883408,3.4474721806903594,1.0,0.0,0.0,[31],38.0,64.0,120.0,
5.84304932735426,3.453361547106432,2.0,0.0,0.0,[23],37.0,65.0,119.0,
6.004484304932736,3.4569394340773,2.0,0.0,0.0,[28],37.0,59.0,125.0,
6.20627802690583,3.40145120775666,1.0,0.0,0.0,[],34.0,57.0,131.0,
5.8923766816143495,3.427115668228572,1.0,0.0,0.0,[],36.0,66.0,120.0,
6.201793721973094,3.40899663087686,2.0,0.0,1.0,"[23, 16, 8]",33.0,57.0,131.0,
6.112107623318385,3.3879737688824147,0.0,0.0,0.0,[],34.0,62.0,127.0,
5.986547085201794,3.4149641822449963,2.0,0.0,0.0,[23],33.0,65.0,123.0,
6.165919282511211,3.385755126591278,0.0,0.0,1.0,[23],34.0,60.0,129.0,
5.901345291479821,3.41685646346879,1.0,0.0,0.0,[22],35.0,67.0,120.0,
5.986547085201794,3.4425527672361724,0.0,0.0,0.0,[],39.0,60.0,124.0,
6.125560538116592,3.437003398974442,1.0,0.0,0.0,[23],37.0,56.0,129.0,
6.094170403587444,3.4725580709928248,0.0,0.0,0.0,[23],42.0,52.0,129.0,
5.771300448430493,3.3714062099882813,0.0,0.0,0.0,"[23, 29]",33.0,76.0,114.0,
5.780269058295964,3.397291703441512,2.0,0.0,0.0,[23],32.0,74.0,115.0,
5.856502242152466,3.3727899482334887,1.0,0.0,0.0,"[23, 15]",31.0,74.0,117.0,
5.852017937219731,3.4433096062831545,2.0,0.0,1.0,"[15, 31]",36.0,66.0,119.0,
5.816143497757848,3.42056702230645,2.0,0.0,0.0,[23],34.0,70.0,117.0,
6.282511210762332,3.3350458171292385,0.0,0.0,1.0,[23],30.0,61.0,132.0,
6.085201793721973,3.3607305390931246,2.0,0.0,0.0,[23],28.0,68.0,125.0,
6.04932735426009,3.3033271509540736,0.0,0.0,0.0,[23],26.0,75.0,122.0,
5.7847533632287,3.422019424755037,1.0,0.0,2.0,"[15, 23]",36.0,70.0,116.0,
5.753363228699552,3.427127456297015,2.0,1.0,0.0,[23],35.0,71.0,115.0,
5.721973094170403,3.396316454444768,1.0,0.0,0.0,[23],34.0,75.0,113.0,
5.798206278026906,3.405030249836666,0.0,1.0,1.0,[23],36.0,71.0,116.0,
5.748878923766816,3.4300849802535507,1.0,0.0,0.0,[23],37.0,70.0,115.0,
5.816143497757848,3.416614073474408,0.0,0.0,0.0,[23],37.0,69.0,117.0,
5.941704035874439,3.403920733868683,2.0,0.0,1.0,[23],32.0,68.0,121.0,
6.2152466367713,3.422019424755037,1.0,0.0,0.0,[23],36.0,54.0,132.0,
5.860986547085202,3.3333494929515783,0.0,1.0,0.0,[23],29.0,78.0,116.0,
5.973094170403588,3.397030078753624,1.0,1.0,0.0,[],33.0,67.0,122.0,
6.026905829596412,3.432645714197738,3.0,0.0,0.0,[],33.0,62.0,125.0,
5.973094170403588,3.36505529519808,1.0,0.0,0.0,"[23, 30]",30.0,71.0,121.0,
6.313901345291479,3.4874465385999502,1.0,0.0,1.0,[23],43.0,41.0,138.0,
5.896860986547085,3.3882599394859225,0.0,0.0,0.0,"[23, 15]",34.0,70.0,119.0,
5.941704035874439,3.5248424362372504,0.0,0.0,1.0,"[22, 30]",47.0,51.0,125.0,
6.04932735426009,3.335893655746024,0.0,0.0,0.0,[23],29.0,71.0,123.0,
5.941704035874439,3.4355338127687425,2.0,0.0,0.0,[23],35.0,64.0,122.0,
5.7309417040358746,3.480872122158541,1.0,0.0,1.0,"[23, 31]",42.0,64.0,116.0,
5.986547085201794,3.4777022296983207,2.0,0.0,1.0,[],39.0,57.0,125.0,
5.959641255605381,3.5045895078411804,0.0,1.0,0.0,[23],45.0,53.0,125.0,
6.147982062780269,3.343756176674097,0.0,0.0,1.0,"[15, 23]",30.0,66.0,127.0,
5.600896860986548,3.398118067287294,0.0,0.0,0.0,[29],37.0,77.0,109.0,
5.9192825112107625,3.459252565471303,1.0,0.0,1.0,[23],39.0,61.0,122.0,
5.802690582959642,3.4375499247154098,3.0,0.0,0.0,[23],34.0,69.0,117.0,
6.112107623318385,3.4197342696255704,0.0,0.0,0.0,[22],37.0,58.0,128.0,
5.973094170403588,3.397030078753624,1.0,0.0,1.0,[24],33.0,67.0,122.0,
5.883408071748879,3.3738318698299854,1.0,0.0,0.0,[23],31.0,73.0,118.0,
5.982062780269058,3.3543895210759214,1.0,0.0,0.0,"[29, 23]",29.0,72.0,121.0,
6.013452914798206,3.446475965712289,2.0,0.0,1.0,[23],36.0,60.0,125.0,
5.771300448430493,3.4033213261406514,0.0,0.0,0.0,[],36.0,72.0,115.0,
5.9192825112107625,3.427858237369739,1.0,0.0,0.0,[23],36.0,65.0,121.0,
6.053811659192825,3.2998459287604844,1.0,0.0,1.0,[15],24.0,76.0,122.0,
6.242152466367713,3.392442426377924,3.0,0.0,0.0,[15],30.0,58.0,132.0,
6.004484304932736,3.329499269561989,2.0,1.0,0.0,[],25.0,75.0,121.0,
5.986547085201794,3.3470167174002547,0.0,0.0,0.0,[23],30.0,72.0,121.0,
5.995515695067264,3.336256949196039,0.0,0.0,0.0,"[23, 30]",29.0,73.0,121.0,
5.757847533632287,3.4516765522995256,1.0,0.0,1.0,[22],39.0,67.0,116.0,
6.085201793721973,3.3927460813637937,2.0,0.0,1.0,"[23, 30]",31.0,64.0,126.0,
6.017937219730942,3.4431864112632,3.0,0.0,0.0,"[23, 29]",34.0,61.0,125.0,
6.085201793721973,3.392746081363794,2.0,0.0,0.0,"[23, 31]",31.0,64.0,126.0,
5.771300448430493,3.46627011085348,0.0,0.0,0.0,[],42.0,64.0,117.0,
5.811659192825112,3.455045720156583,1.0,0.0,0.0,[],39.0,65.0,118.0,
5.789237668161435,3.45048251646238,2.0,0.0,0.0,[22],37.0,67.0,117.0,
6.197309417040358,3.4125618402806634,1.0,0.0,1.0,[],35.0,56.0,131.0,
5.84304932735426,3.386184654677572,0.0,0.0,0.0,[23],34.0,72.0,117.0,
5.887892376681615,3.4341930018492888,2.0,0.0,0.0,"[23, 31]",35.0,66.0,120.0,
5.9641255605381165,3.3756634346159538,1.0,0.0,0.0,[23],31.0,70.0,121.0,
6.170403587443946,3.382203466208667,1.0,0.0,0.0,[23],32.0,61.0,129.0,
5.883408071748879,3.43732074708092,1.0,1.0,0.0,"[23, 29]",37.0,65.0,120.0,
6.013452914798206,3.508650597404206,2.0,0.0,2.0,[22],42.0,52.0,127.0,
5.825112107623318,3.3746400356568627,0.0,0.0,0.0,[23],33.0,74.0,116.0,
6.040358744394619,3.477493124260823,2.0,0.0,0.0,[23],39.0,55.0,127.0,
5.7309417040358746,3.5117925546701536,1.0,1.0,0.0,[22],45.0,60.0,117.0,
6.134529147982063,3.3944603291168938,1.0,0.0,0.0,[],33.0,61.0,128.0,
5.798206278026906,3.4718425168435,2.0,0.0,0.0,[23],39.0,64.0,118.0,
5.995515695067264,3.4634484687842155,0.0,1.0,0.0,[],41.0,57.0,125.0,
6.089686098654709,3.3532331299127747,1.0,0.0,0.0,[],29.0,68.0,125.0,
5.9641255605381165,3.505281089398548,3.0,0.0,1.0,[],40.0,55.0,125.0,
5.807174887892376,3.4266500070883006,0.0,1.0,2.0,[],38.0,68.0,117.0,
6.040358744394619,3.378946988871773,0.0,1.0,0.0,[23],33.0,66.0,124.0,
5.968609865470852,3.463308492825727,0.0,0.0,2.0,[],41.0,58.0,124.0,
6.165919282511211,3.417536246107032,0.0,0.0,1.0,"[23, 30]",37.0,56.0,130.0,
5.9058295964125564,3.3818690002416987,2.0,0.0,0.0,[],30.0,72.0,119.0,
6.201793721973094,3.340927800756897,0.0,0.0,2.0,"[23, 31]",30.0,64.0,129.0,
6.085201793721973,3.3567071259444328,0.0,0.0,1.0,[33],31.0,67.0,125.0,
5.726457399103139,3.3573329057890744,0.0,0.0,0.0,"[23, 29]",32.0,79.0,112.0,
5.860986547085202,3.397594925030495,0.0,0.0,0.0,[23],35.0,70.0,118.0,
6.161434977578475,3.393281876815985,1.0,0.0,1.0,[],33.0,60.0,129.0,
6.031390134529148,3.3896904301092614,0.0,0.0,0.0,"[22, 16]",34.0,65.0,124.0,
5.762331838565022,3.448725830412025,2.0,0.0,0.0,[],37.0,68.0,116.0,
5.941704035874439,3.335748327287545,0.0,0.0,0.0,"[23, 16]",29.0,75.0,119.0,
6.197309417040358,3.448017047084163,3.0,0.0,0.0,[23],35.0,53.0,132.0,
5.932735426008969,3.3785165406241355,0.0,0.0,0.0,[15],33.0,70.0,120.0,
5.79372197309417,3.412029072388058,1.0,0.0,0.0,"[29, 22]",35.0,71.0,116.0,
6.071748878923767,3.469852151702168,1.0,1.0,0.0,[22],40.0,54.0,128.0,
5.973094170403588,3.3970300787536245,1.0,0.0,0.0,[],33.0,67.0,122.0,
6.143497757847534,3.318938335453749,1.0,2.0,2.0,[23],26.0,70.0,126.0,
5.910313901345291,3.43813161471768,1.0,0.0,1.0,"[22, 29]",37.0,64.0,121.0,
6.04932735426009,3.404063151868078,2.0,0.0,1.0,[23],32.0,64.0,125.0,
5.887892376681615,3.4965860501899653,2.0,0.0,0.0,[],41.0,58.0,122.0,
5.591928251121076,3.4392183474847533,0.0,0.0,0.0,[22],41.0,72.0,110.0,
6.125560538116592,3.373508549289514,1.0,2.0,1.0,[22],31.0,64.0,127.0,
6.179372197309417,3.37106468071526,1.0,0.0,0.0,[23],31.0,62.0,129.0,
5.811659192825112,3.3918886325968733,1.0,0.0,0.0,"[29, 22]",33.0,73.0,116.0,
5.977578475336323,3.421505840695436,0.0,0.0,0.0,[22],37.0,63.0,123.0,
6.147982062780269,3.4117685778061846,2.0,0.0,0.0,[31],33.0,59.0,129.0,
5.932735426008969,3.441919006557724,0.0,0.0,0.0,[23],39.0,62.0,122.0,
6.026905829596412,3.460093320763082,1.0,0.0,1.0,[23],39.0,57.0,126.0,
6.089686098654709,3.3208366727872067,1.0,0.0,0.0,[],26.0,72.0,124.0,
5.771300448430493,3.531924113122429,2.0,0.0,1.0,[],45.0,57.0,119.0,
5.84304932735426,3.3541064830082026,0.0,0.0,0.0,"[23, 31]",31.0,76.0,116.0,
6.085201793721973,3.388760679892038,0.0,0.0,0.0,[31],34.0,63.0,126.0,
5.847533632286996,3.5085584829625223,1.0,0.0,0.0,[],44.0,57.0,121.0,
5.811659192825112,3.359864919862652,1.0,0.0,1.0,[23],30.0,77.0,115.0,
5.869955156950673,3.450570327288755,0.0,1.0,0.0,[],40.0,63.0,120.0,
6.013452914798206,3.379162192433651,0.0,0.0,0.0,"[23, 30]",33.0,67.0,123.0,
5.968609865470852,3.303547280636033,0.0,0.0,0.0,[23],26.0,78.0,119.0,
5.829596412556054,3.3715320278416234,1.0,0.0,1.0,[23],31.0,75.0,116.0,
6.251121076233184,3.316582157281082,3.0,1.0,0.0,[23],23.0,67.0,130.0,
5.869955156950673,3.423046361704212,2.0,0.0,1.0,[],34.0,68.0,119.0,
5.816143497757848,3.384824295417293,0.0,0.0,1.0,[],34.0,73.0,116.0,
5.79372197309417,3.3480606264506148,1.0,0.0,0.0,"[23, 15]",29.0,79.0,114.0,
6.035874439461884,3.418097703707643,1.0,1.0,0.0,[],35.0,62.0,125.0,
5.708520179372197,3.3772248667014506,0.0,0.0,0.0,"[23, 29]",34.0,77.0,112.0,
5.79372197309417,3.4748201137977985,1.0,0.0,1.0,"[23, 31]",41.0,63.0,118.0,
5.802690582959642,3.370057866780845,1.0,0.0,0.0,[22],31.0,76.0,115.0,
5.798206278026906,3.436633122478884,0.0,0.0,0.0,[22],39.0,67.0,117.0,
5.883408071748879,3.53041393705633,1.0,0.0,0.0,[23],46.0,53.0,123.0,
5.834080717488789,3.396381876248782,0.0,0.0,0.0,[15],35.0,71.0,117.0,
6.00896860986547,3.515718925351298,3.0,0.0,1.0,[23],41.0,52.0,127.0,
5.690582959641255,3.463874194222708,2.0,0.0,0.0,[23],39.0,68.0,114.0,
6.026905829596412,3.4287066908928026,1.0,0.0,0.0,"[23, 30]",36.0,61.0,125.0,
5.941704035874439,3.431598104622729,0.0,0.0,0.0,[31],38.0,63.0,122.0,
5.7757847533632285,3.43195715290942,1.0,0.0,1.0,[],37.0,69.0,116.0,
6.004484304932736,3.3898334459703507,0.0,0.0,1.0,[23],34.0,66.0,123.0,
5.878923766816143,3.444365382847575,2.0,0.0,0.0,"[23, 30]",36.0,65.0,120.0,
5.829596412556054,3.466392485482637,1.0,0.0,0.0,[22],40.0,63.0,119.0,
6.134529147982063,3.3944603291168938,1.0,0.0,0.0,"[23, 15]",33.0,61.0,128.0,
5.766816143497758,3.378438814956529,1.0,0.0,0.0,[30],32.0,76.0,114.0,
6.04932735426009,3.4000910156757578,0.0,0.0,0.0,"[23, 30]",35.0,63.0,125.0,
5.9058295964125564,3.377870765403668,0.0,0.0,0.0,[22],33.0,71.0,119.0,
5.860986547085202,3.460647873885092,0.0,0.0,0.0,"[23, 29]",41.0,62.0,120.0,
6.174887892376682,3.3424510698052017,0.0,1.0,0.0,[],30.0,65.0,128.0,
6.116591928251121,3.447788565208865,1.0,0.0,0.0,[],38.0,55.0,129.0,
5.820627802690583,3.445080780775739,1.0,0.0,2.0,[22],38.0,66.0,118.0,
5.766816143497758,3.346286390939764,1.0,0.0,1.0,[23],29.0,80.0,113.0,
6.076233183856503,3.4391126264040945,4.0,1.0,0.0,[15],32.0,60.0,127.0,
5.618834080717488,3.3829200676425235,2.0,0.0,0.0,"[23, 29]",32.0,80.0,109.0,
5.923766816143497,3.483360728290766,0.0,0.0,1.0,[],43.0,57.0,123.0,
5.771300448430493,3.403321326140652,0.0,0.0,0.0,[],36.0,72.0,115.0,
6.2152466367713,3.325893608453546,1.0,0.0,1.0,[23],27.0,66.0,129.0,
6.147982062780269,3.3759326985682625,0.0,1.0,1.0,[23],33.0,62.0,128.0,
6.116591928251121,3.384496056719903,1.0,0.0,0.0,[],32.0,63.0,127.0,
6.035874439461884,3.3542449939828534,1.0,0.0,0.0,[23],29.0,70.0,123.0,
5.883408071748879,3.4057242551470184,1.0,0.0,0.0,[23],34.0,69.0,119.0,
5.852017937219731,3.407805423066084,0.0,0.0,0.0,[],36.0,69.0,118.0,
6.192825112107624,3.319820710574222,0.0,0.0,1.0,[23],28.0,67.0,128.0,
6.1524663677130045,3.471126815186535,3.0,0.0,0.0,[23],37.0,52.0,131.0,
5.986547085201794,3.4738142971986345,0.0,0.0,0.0,[],42.0,56.0,125.0,
5.63677130044843,3.4625268563932754,4.0,0.0,0.0,[12],36.0,71.0,112.0,
6.1524663677130045,3.372394652384466,1.0,0.0,0.0,[22],31.0,63.0,128.0,
6.013452914798206,3.4425527672361724,0.0,0.0,0.0,[],39.0,59.0,125.0,
5.780269058295964,3.456442726804241,0.0,0.0,0.0,[22],41.0,65.0,117.0,
6.15695067264574,3.400786028945804,2.0,0.0,2.0,"[23, 15]",32.0,60.0,129.0,
5.874439461883408,3.5402984457927538,1.0,0.0,0.0,[30],47.0,52.0,123.0,
5.923766816143497,3.487238017461011,2.0,0.0,1.0,[],40.0,58.0,123.0,
5.726457399103139,3.421127982511987,0.0,0.0,0.0,"[29, 23]",38.0,71.0,114.0,
6.309417040358745,3.332646477127468,0.0,0.0,1.0,"[15, 23]",30.0,60.0,133.0,
5.654708520179372,3.528782907895186,0.0,0.0,0.0,[23],49.0,59.0,115.0,
5.798206278026906,3.4718425168435,2.0,0.0,0.0,[22],39.0,64.0,118.0,
5.937219730941704,3.4387308287741987,1.0,0.0,0.0,"[23, 16]",37.0,63.0,122.0,
5.762331838565022,3.54151923642944,2.0,0.0,1.0,[],46.0,56.0,119.0,
5.618834080717488,3.3508106433879967,2.0,0.0,0.0,"[29, 23]",29.0,84.0,108.0,
5.959641255605381,3.4423415266411403,0.0,0.0,2.0,[23],39.0,61.0,123.0,
5.973094170403588,3.3970300787536245,1.0,0.0,0.0,[],33.0,67.0,122.0,
5.941704035874439,3.3999484312904054,0.0,0.0,0.0,[],35.0,67.0,121.0,
5.838565022421525,3.36528939414408,3.0,0.0,1.0,[23],27.0,77.0,116.0,
6.031390134529148,3.452887725427333,0.0,0.0,1.0,[],40.0,57.0,126.0,
5.789237668161435,3.4190076601546746,2.0,0.0,0.0,[23],34.0,71.0,116.0,
6.0807174887892375,3.396173711588875,1.0,0.0,0.0,[],33.0,63.0,126.0,
5.681614349775785,3.4695552450352656,0.0,0.0,0.0,[23],43.0,66.0,114.0,
5.73542600896861,3.4779810173919152,2.0,0.0,0.0,[29],40.0,65.0,116.0,
5.986547085201794,3.4425527672361724,0.0,0.0,0.0,"[23, 15]",39.0,60.0,124.0,
5.623318385650224,3.439541363985954,1.0,0.0,1.0,[],39.0,72.0,111.0,
6.201793721973094,3.373131302823318,0.0,0.0,0.0,[23],33.0,60.0,130.0,
5.645739910313901,3.4452039080560493,0.0,0.0,1.0,"[29, 23]",41.0,70.0,112.0,
5.834080717488789,3.432004238423146,2.0,0.0,0.0,"[23, 15]",35.0,68.0,118.0,
5.883408071748879,3.405724255147019,1.0,0.0,1.0,[23],34.0,69.0,119.0,
5.811659192825112,3.427557693049547,3.0,0.0,1.0,[],33.0,70.0,117.0,
5.762331838565022,3.444805194248884,0.0,0.0,0.0,[23],40.0,67.0,116.0,
6.053811659192825,3.3647311313074595,1.0,0.0,0.0,[23],30.0,68.0,124.0,
5.856502242152466,3.4046920934382707,1.0,0.0,1.0,"[23, 30]",34.0,70.0,118.0,
5.84304932735426,3.386184654677572,0.0,0.0,0.0,[22],34.0,72.0,117.0,
6.426008968609866,3.316984104494436,4.0,2.0,1.0,[22],23.0,59.0,137.0,
6.2152466367713,3.325893608453547,1.0,0.0,0.0,[22],27.0,66.0,129.0,
5.73542600896861,3.442834401201322,0.0,0.0,0.0,[],40.0,68.0,115.0,
6.00896860986547,3.354425651876216,1.0,0.0,0.0,[22],29.0,71.0,122.0,
5.856502242152466,3.4676159942464087,1.0,0.0,1.0,[23],40.0,62.0,120.0,
5.865470852017937,3.426160699991258,1.0,1.0,0.0,[],36.0,67.0,119.0,
6.031390134529148,3.3896904301092614,0.0,0.0,0.0,[23],34.0,65.0,124.0,
5.847533632286996,3.4148695406588567,1.0,0.0,0.0,[23],35.0,69.0,118.0,
5.896860986547085,3.3602256216414927,2.0,0.0,1.0,[29],28.0,75.0,118.0,
5.986547085201794,3.3791621924336503,0.0,0.0,0.0,[23],33.0,68.0,122.0,
5.896860986547085,3.356201603198016,0.0,0.0,0.0,"[22, 31]",31.0,74.0,118.0,
5.941704035874439,3.4039207338686834,2.0,0.0,1.0,"[23, 31]",32.0,68.0,121.0,
6.134529147982063,3.3944603291168938,1.0,0.0,0.0,"[23, 30]",33.0,61.0,128.0,
6.130044843049327,3.42961972227556,0.0,0.0,0.0,[22],38.0,56.0,129.0,
6.026905829596412,3.3970300787536245,1.0,0.0,0.0,[23],33.0,65.0,124.0,
6.053811659192825,3.396708966368151,1.0,0.0,0.0,"[15, 23]",33.0,64.0,125.0,
5.977578475336323,3.452957925334335,0.0,0.0,0.0,[23],40.0,59.0,124.0,
5.807174887892376,3.4266500070883006,0.0,0.0,0.0,"[23, 15]",38.0,68.0,117.0,
5.506726457399103,3.497579542922738,1.0,1.0,1.0,[],46.0,67.0,109.0,
5.869955156950673,3.423046361704212,2.0,0.0,0.0,"[15, 16, 31]",34.0,68.0,119.0,
5.748878923766816,3.461459112567592,1.0,0.0,1.0,[23],40.0,66.0,116.0,
5.780269058295964,3.36531940565176,2.0,0.0,0.0,[23],29.0,78.0,114.0,
6.560538116591928,3.22220109386524,0.0,0.0,1.0,"[22, 15]",23.0,60.0,140.0,
5.807174887892376,3.4266500070883006,0.0,0.0,0.0,"[23, 30]",38.0,68.0,117.0,
6.031390134529148,3.357645751975347,0.0,0.0,1.0,"[23, 30]",31.0,69.0,123.0,
5.865470852017937,3.4614766192201607,3.0,0.0,0.0,[23],36.0,64.0,120.0,
6.273542600896861,3.3465821621801,0.0,0.0,1.0,[23],31.0,60.0,132.0,
6.112107623318385,3.4512024992845247,0.0,0.0,0.0,[22],40.0,54.0,129.0,
5.820627802690583,3.3817375938469776,1.0,0.0,0.0,[],32.0,74.0,116.0,
6.130044843049327,3.460998072180581,0.0,0.0,1.0,[],41.0,52.0,130.0,
6.094170403587444,3.377870765403668,0.0,0.0,0.0,[23],33.0,64.0,126.0,
5.7757847533632285,3.463314325270282,1.0,0.0,2.0,[23],40.0,65.0,117.0,
5.780269058295964,3.456442726804241,0.0,0.0,0.0,[22],41.0,65.0,117.0,
6.058295964125561,3.4210807473046048,0.0,0.0,0.0,[23],37.0,60.0,126.0,
5.825112107623318,3.406524854815295,0.0,1.0,1.0,[23],36.0,70.0,117.0,
6.017937219730942,3.4392594603606925,1.0,0.0,0.0,[23],37.0,60.0,125.0,
5.901345291479821,3.4483509549007136,1.0,0.0,0.0,[23],38.0,63.0,121.0,
5.995515695067264,3.40441917080114,2.0,0.0,2.0,"[23, 15]",32.0,66.0,123.0,
5.829596412556054,3.466392485482637,1.0,0.0,0.0,"[22, 31]",40.0,63.0,119.0,
5.690582959641255,3.463874194222708,2.0,0.0,0.0,[],39.0,68.0,114.0,
5.623318385650224,3.439541363985954,1.0,1.0,0.0,[23],39.0,72.0,111.0,
6.130044843049327,3.365985592213528,0.0,0.0,0.0,[22],32.0,64.0,127.0,
5.825112107623318,3.406524854815295,0.0,0.0,0.0,[],36.0,70.0,117.0,
5.596412556053812,3.43647442033888,1.0,0.0,0.0,[],39.0,73.0,110.0,
6.233183856502242,3.302929657425416,1.0,0.0,1.0,"[12, 23]",25.0,68.0,129.0,
5.757847533632287,3.4516765522995256,1.0,0.0,0.0,[],39.0,67.0,116.0,
5.995515695067264,3.4004474504822584,0.0,0.0,0.0,[23],35.0,65.0,123.0,
6.125560538116592,3.373508549289514,1.0,0.0,0.0,[23],31.0,64.0,127.0,
5.802690582959642,3.4649586828849936,1.0,0.0,0.0,[],40.0,64.0,118.0,
6.0,3.332882852442928,1.0,0.0,0.0,"[22, 30]",27.0,74.0,121.0,
5.878923766816143,3.34484337673426,0.0,0.0,0.0,[23],30.0,76.0,117.0,
5.865470852017937,3.45757044156454,1.0,0.0,1.0,[29],39.0,63.0,120.0,
5.869955156950673,3.4190962793330946,0.0,0.0,0.0,[30],37.0,67.0,119.0,
5.883408071748879,3.341635119169099,1.0,0.0,0.0,"[23, 31]",28.0,77.0,117.0,
5.807174887892376,3.4930487729972666,2.0,0.0,1.0,[],41.0,61.0,119.0,
5.986547085201794,3.411004740393835,0.0,0.0,0.0,[15],36.0,64.0,123.0,
5.955156950672646,3.480674813874489,1.0,0.0,0.0,[23],41.0,57.0,124.0,
5.825112107623318,3.43811398919387,0.0,0.0,0.0,[23],39.0,66.0,118.0,
5.690582959641255,3.494945013818991,2.0,0.0,0.0,[],42.0,64.0,115.0,
6.044843049327354,3.470306195117102,1.0,0.0,0.0,"[23, 15]",40.0,55.0,127.0,
5.614349775784754,3.480210514962731,1.0,0.0,0.0,"[29, 23]",43.0,67.0,112.0,
5.9058295964125564,3.507406848322653,2.0,0.0,0.0,[23],42.0,56.0,123.0,
5.8923766816143495,3.427115668228572,1.0,0.0,0.0,[23],36.0,66.0,120.0,
5.605381165919282,3.4270213622213035,1.0,0.0,0.0,"[23, 31]",38.0,74.0,110.0,
5.878923766816143,3.5677048301987626,2.0,0.0,1.0,[],48.0,49.0,124.0,
5.7040358744394615,3.384161817335932,1.0,0.0,0.0,[23],33.0,77.0,112.0,
5.802690582959642,3.4960198641192424,1.0,0.0,0.0,[30],43.0,60.0,119.0,
5.802690582959642,3.433616527494574,1.0,0.0,1.0,[23],37.0,68.0,117.0,
5.896860986547085,3.420017782664494,0.0,0.0,0.0,[],37.0,66.0,120.0,
5.959641255605381,3.378946988871773,0.0,0.0,0.0,"[22, 30]",33.0,69.0,121.0,
5.699551569506727,3.48540712988703,2.0,0.0,0.0,[],41.0,65.0,115.0,
5.690582959641255,3.4599707233407315,0.0,0.0,0.0,[],42.0,67.0,114.0,
5.941704035874439,3.3999484312904054,0.0,0.0,1.0,[23],35.0,67.0,121.0,
5.955156950672646,3.480674813874489,1.0,0.0,0.0,[23],41.0,57.0,124.0,
5.829596412556054,3.4663924854826376,1.0,0.0,0.0,[30],40.0,63.0,119.0,
5.9058295964125564,3.4725580709928248,0.0,0.0,0.0,[],42.0,59.0,122.0,
6.246636771300448,3.448093204344828,2.0,0.0,1.0,[30],37.0,50.0,134.0,
5.798206278026906,3.4366331224788844,0.0,0.0,0.0,[23],39.0,67.0,117.0,
5.937219730941704,3.470026790815642,1.0,0.0,1.0,[29],40.0,59.0,123.0,
5.95067264573991,3.357429169258931,0.0,0.0,1.0,[15],31.0,72.0,120.0,
5.878923766816143,3.412834111752651,2.0,0.0,0.0,[23],33.0,69.0,119.0,
5.856502242152466,3.467615994246408,1.0,0.0,0.0,[],40.0,62.0,120.0,
5.95067264573991,3.425170081331754,2.0,0.0,0.0,[23],34.0,65.0,122.0,
5.901345291479821,3.41685646346879,1.0,0.0,0.0,"[23, 30]",35.0,67.0,120.0,
5.883408071748879,3.468629431710621,1.0,0.0,0.0,[22],40.0,61.0,121.0,
5.614349775784754,3.480210514962731,1.0,0.0,0.0,[29],43.0,67.0,112.0,
6.0,3.4288127328211955,1.0,0.0,0.0,[23],36.0,62.0,124.0,
5.726457399103139,3.4250757217547125,2.0,0.0,0.0,[22],35.0,72.0,114.0,
6.022421524663677,3.40037616650994,0.0,0.0,0.0,"[23, 30]",35.0,64.0,124.0,
6.040358744394619,3.410791545935025,0.0,0.0,0.0,[22],36.0,62.0,125.0,
5.923766816143497,3.4560979115483965,2.0,1.0,1.0,[],37.0,62.0,122.0,
5.829596412556054,3.4350634123978385,1.0,0.0,0.0,[],37.0,67.0,118.0,
5.798206278026906,3.502842656754429,2.0,0.0,0.0,[23],42.0,60.0,119.0,
5.896860986547085,3.3882599394859225,0.0,0.0,1.0,[22],34.0,70.0,119.0,
5.811659192825112,3.4861952246809897,1.0,0.0,0.0,[22],42.0,61.0,119.0,
5.995515695067264,3.432092522020277,0.0,0.0,0.0,[22],38.0,61.0,124.0,
5.910313901345291,3.40654264378196,1.0,0.0,2.0,[23],34.0,68.0,120.0,
6.098654708520179,3.441813368432347,3.0,1.0,0.0,[24],34.0,58.0,128.0,
5.538116591928251,3.529429686829449,2.0,0.0,0.0,[],47.0,63.0,111.0,
6.031390134529148,3.421434995464699,0.0,0.0,0.0,"[23, 31]",37.0,61.0,125.0,
5.982062780269058,3.386465011678131,1.0,0.0,0.0,[23],32.0,68.0,122.0,
6.233183856502242,3.335500043189416,1.0,0.0,1.0,[23],28.0,64.0,130.0,
5.856502242152466,3.4046920934382707,1.0,0.0,0.0,[],34.0,70.0,118.0,
5.708520179372197,3.377224866701451,0.0,0.0,1.0,[],34.0,77.0,112.0,
5.79372197309417,3.4748201137977985,1.0,1.0,0.0,[],41.0,63.0,118.0,
5.632286995515695,3.492493580918661,1.0,0.0,0.0,[30],44.0,65.0,113.0,
5.946188340807175,3.459778061471317,1.0,0.0,0.0,[23],39.0,60.0,123.0,
5.932735426008969,3.441919006557724,0.0,0.0,0.0,[30],39.0,62.0,122.0,
5.748878923766816,3.461459112567592,1.0,0.0,0.0,[],40.0,66.0,116.0,
5.860986547085202,3.369638272189433,2.0,0.0,0.0,[23],29.0,75.0,117.0,
5.766816143497758,3.441842712681292,1.0,0.0,0.0,[22],38.0,68.0,116.0,
5.869955156950673,3.4190962793330946,0.0,0.0,0.0,[],37.0,67.0,119.0,
5.834080717488789,3.4280644780294627,0.0,0.0,0.0,[23],38.0,67.0,118.0,
6.0807174887892375,3.459252565471303,1.0,0.0,1.0,[15],39.0,55.0,128.0,
5.84304932735426,3.4494461798970426,0.0,0.0,0.0,"[22, 29]",40.0,64.0,119.0,
6.165919282511211,3.3857551265912784,0.0,0.0,1.0,[],34.0,60.0,129.0,
5.811659192825112,3.455045720156583,1.0,0.0,0.0,[],39.0,65.0,118.0,
5.739910313901345,3.5367534854927896,3.0,0.0,0.0,[],44.0,58.0,118.0,
5.807174887892376,3.458055304256204,0.0,0.0,0.0,[],41.0,64.0,118.0,
5.99103139013453,3.470585576924732,1.0,0.0,1.0,[23],40.0,57.0,125.0,
5.932735426008969,3.4103651170346985,0.0,1.0,0.0,[],36.0,66.0,121.0,
5.959641255605381,3.378946988871773,0.0,0.0,0.0,"[23, 30]",33.0,69.0,121.0,
5.739910313901345,3.502196735465065,1.0,0.0,0.0,[],44.0,61.0,117.0,
5.668161434977579,3.5166553175524617,1.0,1.0,1.0,[30],46.0,61.0,115.0,
6.058295964125561,3.4210807473046048,0.0,0.0,0.0,[],37.0,60.0,126.0,
5.928251121076233,3.514994917490988,3.0,0.0,0.0,[23],41.0,55.0,124.0,
5.946188340807175,3.459778061471317,1.0,0.0,0.0,[],39.0,60.0,123.0,
6.255605381165919,3.3046721588999945,0.0,0.0,0.0,"[23, 30]",27.0,66.0,130.0,
6.1076233183856505,3.427115668228572,1.0,0.0,1.0,[],36.0,58.0,128.0,
5.771300448430493,3.528095933195217,0.0,0.0,0.0,[],48.0,56.0,119.0,
5.847533632286996,3.477609295500584,1.0,0.0,0.0,[],41.0,61.0,120.0,
6.094170403587444,3.345712882414231,0.0,0.0,0.0,[23],30.0,68.0,125.0,
5.869955156950673,3.485638940970345,2.0,0.0,0.0,[],40.0,60.0,121.0,
6.0,3.401112695511216,3.0,0.0,1.0,[],30.0,67.0,123.0,
6.076233183856503,3.435181018529452,2.0,0.0,2.0,[23],35.0,59.0,127.0,
5.995515695067264,3.463448468784214,0.0,0.0,0.0,[],41.0,57.0,125.0,
5.695067264573991,3.4571147254878345,1.0,0.0,0.0,"[23, 31]",40.0,68.0,114.0,
5.995515695067264,3.336256949196039,0.0,0.0,0.0,[15],29.0,73.0,121.0,
5.623318385650224,3.501839120662568,1.0,0.0,0.0,[23],45.0,64.0,113.0,
5.780269058295964,3.397291703441512,2.0,0.0,0.0,[23],32.0,74.0,115.0,
5.995515695067264,3.368505105721984,0.0,0.0,0.0,[23],32.0,69.0,122.0,
5.7174887892376685,3.430915220608034,0.0,0.0,0.0,[22],39.0,70.0,114.0,
5.762331838565022,3.3854508445580294,2.0,0.0,0.0,[15],31.0,76.0,114.0,
6.076233183856503,3.399591944163564,0.0,0.0,0.0,[31],35.0,62.0,126.0,
5.726457399103139,3.389380541708223,0.0,0.0,0.0,[31],35.0,75.0,113.0,
5.811659192825112,3.455045720156583,1.0,0.0,1.0,[30],39.0,65.0,118.0,
5.937219730941704,3.375268475296396,1.0,1.0,1.0,[23],31.0,71.0,120.0,
6.219730941704036,3.4538353037833054,4.0,0.0,1.0,[15],34.0,52.0,133.0,
5.910313901345291,3.40654264378196,1.0,1.0,0.0,[],34.0,68.0,120.0,
5.856502242152466,3.436298076031428,1.0,1.0,0.0,[],37.0,66.0,119.0,
6.130044843049327,3.397951621669336,0.0,0.0,0.0,[30],35.0,60.0,128.0,
5.820627802690583,3.4763195771227067,1.0,0.0,0.0,[22],41.0,62.0,119.0,
5.932735426008969,3.3785165406241355,0.0,0.0,1.0,"[23, 30]",33.0,70.0,120.0,
6.103139013452915,3.334658161965749,0.0,1.0,1.0,[22],29.0,69.0,125.0,
5.829596412556054,3.4350634123978376,1.0,0.0,0.0,[23],37.0,67.0,118.0,
6.224215246636772,3.3509372345444763,3.0,0.0,0.0,"[23, 15]",26.0,64.0,130.0,
5.932735426008969,3.5041744933915235,0.0,0.0,1.0,[23],45.0,54.0,124.0,
6.076233183856503,3.3676414848682428,0.0,0.0,0.0,[],32.0,66.0,125.0,
5.95067264573991,3.38947589500308,0.0,0.0,0.0,[23],34.0,68.0,121.0,
5.874439461883408,3.4159695871622926,1.0,0.0,0.0,[23],35.0,68.0,119.0,
5.973094170403588,3.4911977893848265,1.0,0.0,0.0,[22],42.0,55.0,125.0,
6.103139013452915,3.3988788577407734,0.0,0.0,0.0,[],35.0,61.0,127.0,
5.686098654708521,3.403778309910356,1.0,0.0,0.0,[23],35.0,75.0,112.0,
6.067264573991031,3.410365117034698,0.0,0.0,0.0,[],36.0,61.0,126.0,
6.026905829596412,3.401005789907433,3.0,1.0,1.0,[15],30.0,66.0,124.0,
5.721973094170403,3.4593927055430846,1.0,0.0,0.0,"[22, 31]",40.0,67.0,115.0,
6.170403587443946,3.414017648321423,1.0,0.0,0.0,[],35.0,57.0,130.0,
6.076233183856503,3.4626085281553607,0.0,0.0,0.0,[],41.0,54.0,128.0,
6.053811659192825,3.36473113130746,1.0,0.0,0.0,[23],30.0,68.0,124.0,
5.959641255605381,3.4107915459350253,0.0,0.0,0.0,[],36.0,65.0,122.0,
5.887892376681615,3.366633647204752,0.0,0.0,0.0,"[29, 22, 31]",32.0,73.0,118.0,
5.968609865470852,3.435886570783387,2.0,1.0,2.0,[],35.0,63.0,123.0,
5.829596412556054,3.403445964163096,1.0,0.0,0.0,[],34.0,71.0,117.0,
6.1524663677130045,3.4672315094438084,1.0,0.0,1.0,[22],40.0,51.0,131.0,
5.986547085201794,3.508650597404205,2.0,1.0,0.0,[23],42.0,53.0,126.0,
5.802690582959642,3.4649586828849936,1.0,0.0,1.0,"[23, 31]",40.0,64.0,118.0,
5.829596412556054,3.403445964163096,1.0,1.0,0.0,[22],34.0,71.0,117.0,
5.901345291479821,3.479560392403167,1.0,0.0,0.0,[22],41.0,59.0,122.0,
6.174887892376682,3.3424510698052017,0.0,0.0,0.0,[23],30.0,65.0,128.0,
6.062780269058296,3.484276830000366,3.0,0.0,0.0,[],38.0,54.0,128.0,
6.031390134529148,3.3293536619843955,2.0,1.0,1.0,[22],25.0,74.0,122.0,
5.9058295964125564,3.4136862994440484,2.0,0.0,1.0,[],33.0,68.0,120.0,
6.103139013452915,3.4305383988250937,0.0,0.0,1.0,[],38.0,57.0,128.0,
5.973094170403588,3.36505529519808,1.0,0.0,0.0,"[23, 31]",30.0,71.0,121.0,
5.959641255605381,3.346799446843119,0.0,0.0,0.0,[23],30.0,73.0,120.0,
6.183856502242152,3.39545395829766,0.0,0.0,0.0,"[22, 31]",35.0,58.0,130.0,
5.932735426008969,3.4103651170346985,0.0,0.0,0.0,[30],36.0,66.0,121.0,
5.860986547085202,3.460647873885092,0.0,0.0,1.0,[31],41.0,62.0,120.0,
6.291479820627803,3.419639760055864,0.0,1.0,2.0,"[23, 15]",38.0,50.0,135.0,
5.955156950672646,3.4494754592146326,1.0,0.0,0.0,[23],38.0,61.0,123.0,
5.95067264573991,3.452677117142488,0.0,0.0,0.0,[],40.0,60.0,123.0,
5.84304932735426,3.358133012014962,2.0,0.0,0.0,[],28.0,77.0,116.0,
5.7847533632287,3.358241282422746,1.0,0.0,0.0,"[23, 30]",30.0,78.0,114.0,
5.744394618834081,3.4330340724603388,0.0,0.0,1.0,[30],39.0,69.0,115.0,
6.026905829596412,3.397030078753625,1.0,0.0,1.0,[23],33.0,65.0,124.0,
5.739910313901345,3.408332924650041,1.0,0.0,0.0,[22],35.0,73.0,114.0,
6.076233183856503,3.4626085281553607,0.0,0.0,0.0,[],41.0,54.0,128.0,
5.807174887892376,3.4891779409354697,0.0,1.0,0.0,[],44.0,60.0,119.0,
5.686098654708521,3.46671879670801,1.0,0.0,0.0,"[22, 30]",41.0,67.0,114.0,
5.932735426008969,3.441919006557724,0.0,0.0,0.0,[22],39.0,62.0,122.0,
5.95067264573991,3.35742916925893,0.0,1.0,1.0,[31],31.0,72.0,120.0,
6.031390134529148,3.456799194548878,2.0,0.0,0.0,[23],37.0,58.0,126.0,
6.04932735426009,3.270436369968714,0.0,0.0,1.0,"[23, 15]",23.0,79.0,121.0,
5.79372197309417,3.412029072388058,1.0,1.0,0.0,[],35.0,71.0,116.0,
5.977578475336323,3.421505840695436,0.0,0.0,0.0,[30],37.0,63.0,123.0,
5.780269058295964,3.425022643350219,0.0,0.0,0.0,"[23, 31]",38.0,69.0,116.0,
5.84304932735426,3.4494461798970426,0.0,0.0,0.0,[31],40.0,64.0,119.0,
6.044843049327354,3.3755557230209496,1.0,0.0,0.0,[],31.0,67.0,124.0,
5.865470852017937,3.45757044156454,1.0,0.0,1.0,[],39.0,63.0,120.0,
5.798206278026906,3.4718425168435,2.0,0.0,0.0,[23],39.0,64.0,118.0,
5.569506726457399,3.464538921092584,1.0,0.0,0.0,[31],42.0,70.0,110.0,
5.632286995515695,3.430026090327248,1.0,1.0,0.0,[30],38.0,73.0,111.0,
6.04932735426009,3.463098518279756,0.0,0.0,0.0,[],41.0,55.0,127.0,
6.179372197309417,3.3388412459039825,1.0,0.0,1.0,[23],28.0,66.0,128.0,
6.089686098654709,3.4171047475863325,1.0,0.0,0.0,"[22, 30]",35.0,60.0,127.0,
5.878923766816143,3.440439777634785,0.0,0.0,0.0,"[22, 30]",39.0,64.0,120.0,
5.914798206278027,3.434969324593404,2.0,0.0,0.0,[24],35.0,65.0,121.0,
6.062780269058296,3.353847512363302,1.0,0.0,0.0,[23],29.0,69.0,124.0,
5.973094170403588,3.460093320763081,1.0,0.0,1.0,[22],39.0,59.0,124.0,
5.986547085201794,3.5355081959817425,0.0,1.0,1.0,[22],48.0,48.0,127.0,
5.726457399103139,3.45258350933656,0.0,0.0,0.0,[],41.0,67.0,115.0,
5.713004484304933,3.406163125676534,1.0,0.0,0.0,"[22, 30]",35.0,74.0,113.0,
6.062780269058296,3.51132086504019,1.0,0.0,1.0,[],44.0,49.0,129.0,
5.847533632286996,3.477609295500584,1.0,0.0,1.0,"[23, 31]",41.0,61.0,120.0,
5.62780269058296,3.526034206038689,0.0,0.0,0.0,"[22, 31]",49.0,60.0,114.0,
5.766816143497758,3.441842712681292,1.0,0.0,0.0,[22],38.0,68.0,116.0,
5.726457399103139,3.45258350933656,0.0,0.0,0.0,[],41.0,67.0,115.0,
5.959641255605381,3.346799446843119,0.0,0.0,0.0,[23],30.0,73.0,120.0,
5.802690582959642,3.433616527494573,1.0,1.0,2.0,[23],37.0,68.0,117.0,
5.860986547085202,3.464550581829112,2.0,1.0,1.0,"[23, 15]",38.0,63.0,120.0,
5.84304932735426,3.453361547106432,2.0,0.0,0.0,[23],37.0,65.0,119.0,
6.0,3.460198400810707,1.0,0.0,1.0,[23],39.0,58.0,125.0,
5.941704035874439,3.3999484312904054,0.0,0.0,0.0,[22],35.0,67.0,121.0,
6.067264573991031,3.441919006557724,0.0,0.0,1.0,"[23, 30]",39.0,57.0,127.0,
6.089686098654709,3.4171047475863325,1.0,0.0,1.0,[23],35.0,60.0,127.0,
5.798206278026906,3.405030249836666,0.0,0.0,0.0,[22],36.0,71.0,116.0,
6.067264573991031,3.3785165406241355,0.0,1.0,0.0,[22],33.0,65.0,125.0,
5.753363228699552,3.485772225362732,0.0,0.0,0.0,"[22, 30]",44.0,62.0,117.0,
5.524663677130045,3.384925744575104,1.0,0.0,0.0,[22],35.0,81.0,106.0,
5.57847533632287,3.423801612936901,1.0,0.0,0.0,[31],38.0,75.0,109.0,
5.946188340807175,3.396708966368151,1.0,0.0,1.0,"[15, 23]",33.0,68.0,121.0,
5.887892376681615,3.4616283398337004,0.0,0.0,0.0,[],41.0,61.0,121.0,
6.0807174887892375,3.459252565471303,1.0,0.0,1.0,[23],39.0,55.0,128.0,
6.053811659192825,3.3647311313074595,1.0,1.0,1.0,[23],30.0,68.0,124.0,
5.887892376681615,3.4302557553225683,0.0,0.0,0.0,[23],38.0,65.0,120.0,
5.699551569506727,3.5430873918762926,0.0,0.0,0.0,[30],50.0,56.0,117.0,
5.690582959641255,3.463874194222708,2.0,0.0,0.0,"[23, 31]",39.0,68.0,114.0,
5.8923766816143495,3.4896352582827626,1.0,0.0,1.0,[],42.0,58.0,122.0,
5.959641255605381,3.473604957713855,0.0,0.0,0.0,"[23, 30]",42.0,57.0,124.0,
5.650224215246637,3.4463177168329864,3.0,0.0,0.0,[29],36.0,72.0,112.0,
5.618834080717488,3.410767856839232,0.0,0.0,0.0,[23],38.0,75.0,110.0,
5.9058295964125564,3.503551879540764,0.0,0.0,0.0,[30],45.0,55.0,123.0,
6.0807174887892375,3.3319008759047626,1.0,0.0,1.0,[23],27.0,71.0,124.0,
6.1524663677130045,3.40430050196036,1.0,0.0,1.0,"[23, 15]",34.0,59.0,129.0,
5.7757847533632285,3.400310821555864,1.0,0.0,0.0,"[23, 29]",34.0,73.0,115.0,
5.887892376681615,3.398593581278495,0.0,0.0,0.0,"[23, 30]",35.0,69.0,119.0,
5.663677130044843,3.4299789776582177,2.0,1.0,0.0,[23],36.0,73.0,112.0,
6.147982062780269,3.343756176674097,0.0,0.0,0.0,[23],30.0,66.0,127.0,
5.874439461883408,3.415969587162293,1.0,0.0,0.0,[22],35.0,68.0,119.0,
5.941704035874439,3.462958528175947,0.0,0.0,2.0,[30],41.0,59.0,123.0,
5.914798206278027,3.431032968927964,0.0,0.0,0.0,[23],38.0,64.0,121.0,
5.452914798206278,3.3953171284311376,1.0,0.0,0.0,[31],37.0,81.0,104.0,
5.798206278026906,3.4405630710024764,2.0,0.0,0.0,[23],36.0,68.0,117.0,
5.605381165919282,3.3953290268992986,1.0,0.0,0.0,[29],35.0,78.0,109.0,
5.789237668161435,3.4150529063499606,0.0,0.0,0.0,[],37.0,70.0,116.0,
6.139013452914798,3.418741788836519,0.0,1.0,1.0,"[22, 30]",37.0,57.0,129.0,
5.7174887892376685,3.466182697758894,2.0,0.0,0.0,[23],39.0,67.0,115.0,
5.9058295964125564,3.441285129163405,0.0,0.0,1.0,[],39.0,63.0,121.0,
5.7847533632287,3.3902803316517325,1.0,0.0,0.0,"[22, 31]",33.0,74.0,115.0,
5.699551569506727,3.4542505185425,2.0,0.0,0.0,[],38.0,69.0,114.0,
5.766816143497758,3.4102881172448027,1.0,0.0,1.0,[23],35.0,72.0,115.0,
5.959641255605381,3.477493124260823,2.0,0.0,1.0,"[15, 22, 31]",39.0,58.0,124.0,
6.103139013452915,3.492996727488572,0.0,0.0,0.0,[31],44.0,49.0,130.0,
5.852017937219731,3.5016833737685733,0.0,0.0,0.0,[],45.0,57.0,121.0,
6.165919282511211,3.361722120443176,4.0,0.0,0.0,"[15, 24]",25.0,66.0,128.0,
5.7847533632287,3.4846304503968897,1.0,0.0,0.0,[],42.0,62.0,118.0,
5.9192825112107625,3.364190788744173,1.0,1.0,0.0,[23],30.0,73.0,119.0,
6.04932735426009,3.431739374004853,0.0,0.0,0.0,[22],38.0,59.0,126.0,
5.941704035874439,3.431598104622729,0.0,1.0,0.0,[],38.0,63.0,122.0,
6.0,3.432751634444849,3.0,1.0,0.0,[],33.0,63.0,124.0,
5.847533632286996,3.4148695406588567,1.0,0.0,0.0,"[15, 23]",35.0,69.0,118.0,
5.910313901345291,3.40654264378196,1.0,0.0,1.0,[15],34.0,68.0,120.0,
5.659192825112108,3.4011780250593304,1.0,0.0,0.0,[23],35.0,76.0,111.0,
5.798206278026906,3.4405630710024764,2.0,1.0,0.0,[],36.0,68.0,117.0,
5.73542600896861,3.4112889789460885,0.0,0.0,0.0,[23],37.0,72.0,114.0,
5.8923766816143495,3.4585167369313083,1.0,0.0,0.0,[30],39.0,62.0,121.0,
6.121076233183857,3.4756106091987538,2.0,0.0,1.0,[22],39.0,52.0,130.0,
6.103139013452915,3.461908421958856,0.0,0.0,0.0,"[22, 30]",41.0,53.0,129.0,
5.973094170403588,3.397030078753624,1.0,0.0,1.0,[23],33.0,67.0,122.0,
5.695067264573991,3.522939352961429,3.0,0.0,0.0,[],43.0,61.0,116.0,
5.973094170403588,3.3970300787536245,1.0,0.0,1.0,[],33.0,67.0,122.0,
5.816143497757848,3.42056702230645,2.0,0.0,0.0,[30],34.0,70.0,117.0,
5.73542600896861,3.474093396889536,0.0,0.0,1.0,[],43.0,64.0,116.0,
5.748878923766816,3.366459644690334,1.0,1.0,0.0,"[23, 30]",31.0,78.0,113.0,
5.95067264573991,3.393460456500703,2.0,0.0,0.0,"[23, 15]",31.0,69.0,121.0,
5.852017937219731,3.407805423066084,0.0,0.0,0.0,[30],36.0,69.0,118.0,
5.802690582959642,3.433616527494574,1.0,0.0,0.0,[22],37.0,68.0,117.0,
5.95067264573991,3.393460456500703,2.0,0.0,0.0,[24],31.0,69.0,121.0,
5.847533632286996,3.350955318605009,1.0,0.0,1.0,[22],29.0,77.0,116.0,
5.99103139013453,3.4392946995774807,1.0,0.0,0.0,[],37.0,61.0,124.0,
5.713004484304933,3.406163125676534,1.0,0.0,0.0,[],35.0,74.0,113.0,
6.026905829596412,3.3970300787536245,1.0,0.0,0.0,"[23, 30]",33.0,65.0,124.0,
5.807174887892376,3.4305913918893456,2.0,0.0,0.0,[23],35.0,69.0,117.0,
5.757847533632287,3.4828561896682664,1.0,0.0,0.0,[],42.0,63.0,117.0,
5.609865470852018,3.578626678034369,2.0,0.0,0.0,"[22, 30]",51.0,55.0,115.0,
5.7757847533632285,3.400310821555864,1.0,0.0,0.0,[23],34.0,73.0,115.0,
5.708520179372197,3.440651134988705,0.0,0.0,0.0,[],40.0,69.0,114.0,
6.224215246636772,3.3830454572873827,3.0,0.0,1.0,[24],29.0,60.0,131.0,
5.955156950672646,3.417991329349415,1.0,0.0,0.0,[23],35.0,65.0,122.0,
5.780269058295964,3.3933116407494177,0.0,0.0,1.0,[23],35.0,73.0,115.0,
5.816143497757848,3.4832041551598505,2.0,0.0,1.0,"[23, 29]",40.0,62.0,119.0,
5.865470852017937,3.362461109028944,1.0,0.0,0.0,"[23, 15]",30.0,75.0,117.0,
6.094170403587444,3.4725580709928248,0.0,0.0,1.0,"[23, 30]",42.0,52.0,129.0,
5.605381165919282,3.458423287184114,1.0,0.0,0.0,[23],41.0,70.0,111.0,
6.0807174887892375,3.4317982345310747,3.0,0.0,0.0,"[23, 30]",33.0,60.0,127.0,
6.116591928251121,3.416288889155715,1.0,0.0,0.0,"[23, 15]",35.0,59.0,128.0,
5.739910313901345,3.376465179597931,1.0,0.0,0.0,[30],32.0,77.0,113.0,
6.026905829596412,3.428706690892803,1.0,0.0,0.0,[],36.0,61.0,125.0,
5.57847533632287,3.3920791954984053,1.0,0.0,0.0,[23],35.0,79.0,108.0,
5.672645739910314,3.47909013877972,0.0,0.0,0.0,[],44.0,65.0,114.0,
5.816143497757848,3.416614073474408,0.0,0.0,0.0,[30],37.0,69.0,117.0,
5.95067264573991,3.38947589500308,0.0,0.0,0.0,[23],34.0,68.0,121.0,
5.9192825112107625,3.427858237369739,1.0,0.0,0.0,[23],36.0,65.0,121.0,
5.869955156950673,3.450570327288756,0.0,0.0,0.0,[23],40.0,63.0,120.0,
5.9058295964125564,3.4725580709928243,0.0,1.0,1.0,[23],42.0,59.0,122.0,
5.937219730941704,3.4700267908156417,1.0,0.0,0.0,[],40.0,59.0,123.0,
5.932735426008969,3.4103651170346985,0.0,0.0,0.0,[23],36.0,66.0,121.0,
5.84304932735426,3.488402101002201,4.0,0.0,0.0,"[22, 16]",37.0,62.0,120.0,
5.8923766816143495,3.4896352582827626,1.0,0.0,1.0,[30],42.0,58.0,122.0,
5.748878923766816,3.366459644690333,1.0,0.0,1.0,"[23, 12, 30]",31.0,78.0,113.0,
6.130044843049327,3.42961972227556,0.0,0.0,0.0,[23],38.0,56.0,129.0,
5.959641255605381,3.4423415266411403,0.0,0.0,0.0,"[15, 23]",39.0,61.0,123.0,
5.596412556053812,3.529589932313963,1.0,0.0,0.0,[],48.0,61.0,113.0,
5.896860986547085,3.45148342744936,0.0,0.0,0.0,"[23, 29, 30]",40.0,62.0,121.0,
6.210762331838565,3.457003708626533,0.0,0.0,1.0,[23],41.0,49.0,133.0,
6.174887892376682,3.43811398919387,0.0,0.0,0.0,[30],39.0,53.0,131.0,
5.847533632286996,3.383063369714409,1.0,2.0,0.0,[22],32.0,73.0,117.0,
5.654708520179372,3.404033481942905,0.0,0.0,0.0,[15],37.0,75.0,111.0,
6.130044843049327,3.3337130636533248,0.0,0.0,1.0,"[23, 15]",29.0,68.0,126.0,
5.780269058295964,3.456442726804241,0.0,0.0,0.0,[],41.0,65.0,117.0,
5.739910313901345,3.4083329246500416,1.0,0.0,1.0,[29],35.0,73.0,114.0,
5.744394618834081,3.433034072460338,0.0,0.0,0.0,[],39.0,69.0,115.0,
5.780269058295964,3.4914523578191896,2.0,0.0,0.0,[],41.0,62.0,118.0,
6.071748878923767,3.3750889330539886,1.0,0.0,0.0,[23],31.0,66.0,125.0,
6.053811659192825,3.332446454149468,1.0,0.0,0.0,"[12, 23]",27.0,72.0,123.0,
5.73542600896861,3.411288978946088,0.0,0.0,0.0,[],37.0,72.0,114.0,
5.825112107623318,3.410489497638337,2.0,0.0,0.0,[22],33.0,71.0,117.0,
5.686098654708521,3.403778309910356,1.0,0.0,0.0,[23],35.0,75.0,112.0,
5.816143497757848,3.3888143262613544,2.0,0.0,0.0,"[22, 30]",31.0,74.0,116.0,
5.923766816143497,3.420726462458807,0.0,0.0,1.0,[23],37.0,65.0,121.0,
5.7757847533632285,3.43195715290942,1.0,0.0,0.0,"[23, 30]",37.0,69.0,116.0,
5.708520179372197,3.475819827888423,2.0,0.0,0.0,[22],40.0,66.0,115.0,
5.887892376681615,3.402567465566909,2.0,0.0,1.0,"[22, 15]",32.0,70.0,119.0,
5.618834080717488,3.3789230765188294,0.0,0.0,0.0,"[22, 30]",35.0,79.0,109.0,
6.058295964125561,3.4210807473046048,0.0,0.0,0.0,[23],37.0,60.0,126.0,
5.726457399103139,3.495372682024058,6.0,0.0,0.0,[23],35.0,66.0,116.0,
6.0,3.4288127328211955,1.0,0.0,1.0,[],36.0,62.0,124.0,
5.542600896860987,3.4610739438075715,1.0,0.0,0.0,[23],42.0,71.0,109.0,
5.838565022421525,3.424993154992289,1.0,0.0,0.0,[23],36.0,68.0,118.0,
5.829596412556054,3.403445964163096,1.0,0.0,0.0,[],34.0,71.0,117.0,
5.744394618834081,3.405368372655802,2.0,0.0,0.0,[],33.0,74.0,114.0,
5.681614349775785,3.3425961068437293,0.0,0.0,0.0,[23],31.0,82.0,110.0,
5.802690582959642,3.4649586828849936,1.0,0.0,0.0,[22],40.0,64.0,118.0,
5.946188340807175,3.3647311313074595,1.0,0.0,0.0,[23],30.0,72.0,120.0,
6.15695067264574,3.3648331862708627,0.0,0.0,1.0,"[23, 15]",32.0,63.0,128.0,
5.959641255605381,3.378946988871773,0.0,0.0,0.0,[23],33.0,69.0,121.0,
5.896860986547085,3.513569450343911,0.0,0.0,0.0,"[22, 30]",46.0,54.0,123.0,
5.887892376681615,3.3343673910166163,0.0,0.0,0.0,[23],29.0,77.0,117.0,
6.15695067264574,3.4324279789806496,2.0,0.0,1.0,[23],35.0,56.0,130.0,
6.071748878923767,3.375088933053989,1.0,0.0,1.0,[],31.0,66.0,125.0,
5.757847533632287,3.482856189668267,1.0,0.0,1.0,[],42.0,63.0,117.0,
5.829596412556054,3.4350634123978385,1.0,0.0,0.0,[],37.0,67.0,118.0,
5.914798206278027,3.403351002274295,2.0,0.0,1.0,"[23, 16]",32.0,69.0,120.0,
6.026905829596412,3.365055295198081,1.0,0.0,0.0,[22],30.0,69.0,123.0,
6.022421524663677,3.40037616650994,0.0,1.0,2.0,[22],35.0,64.0,124.0,
6.031390134529148,3.514948943703048,0.0,0.0,1.0,[],46.0,49.0,128.0,
6.004484304932736,3.4215766844592914,0.0,0.0,0.0,[],37.0,62.0,124.0,
5.9058295964125564,3.409725373689936,0.0,0.0,0.0,[],36.0,67.0,120.0,
5.699551569506727,3.4503361601189098,0.0,0.0,0.0,"[22, 30]",41.0,68.0,114.0,
6.040358744394619,3.4423415266411403,0.0,0.0,0.0,"[23, 31]",39.0,58.0,126.0,
5.695067264573991,3.425700805524121,1.0,0.0,0.0,[29],37.0,72.0,113.0,
5.547085201793722,3.520375444108588,2.0,0.0,1.0,[],46.0,64.0,111.0,
5.910313901345291,3.43813161471768,1.0,0.0,0.0,[23],37.0,64.0,121.0,
6.022421524663677,3.432021895324249,0.0,0.0,0.0,"[23, 12]",38.0,60.0,125.0,
5.439461883408072,3.438607469710346,0.0,0.0,1.0,[],43.0,75.0,105.0,
5.914798206278027,3.3993780339430364,0.0,0.0,0.0,[22],35.0,68.0,120.0,
5.780269058295964,3.4289658987060148,2.0,0.0,0.0,[22],35.0,70.0,116.0,
5.847533632286996,3.350955318605009,1.0,1.0,0.0,[23],29.0,77.0,116.0,
5.753363228699552,3.3914538709028026,0.0,0.0,0.0,[23],35.0,74.0,114.0,
5.560538116591928,3.383140989135601,3.0,0.0,0.0,"[29, 23, 30]",31.0,82.0,107.0,
5.852017937219731,3.5016833737685733,0.0,0.0,1.0,"[23, 30]",45.0,57.0,121.0,
5.802690582959642,3.433616527494573,1.0,0.0,0.0,[23],37.0,68.0,117.0,
6.044843049327354,3.501319937407085,1.0,0.0,0.0,"[22, 30]",43.0,51.0,128.0,
6.031390134529148,3.3896904301092614,0.0,0.0,0.0,[23],34.0,65.0,124.0,
5.802690582959642,3.5268074949637582,1.0,0.0,0.0,[23],46.0,56.0,120.0,
6.004484304932736,3.453028123814177,0.0,0.0,0.0,"[23, 30]",40.0,58.0,125.0,
5.7847533632287,3.519359688789492,3.0,0.0,0.0,[],42.0,59.0,119.0,
5.73542600896861,3.442834401201321,0.0,0.0,0.0,"[29, 23]",40.0,68.0,115.0,
5.9192825112107625,3.364190788744173,1.0,0.0,0.0,[23],30.0,73.0,119.0,
6.0,3.4288127328211955,1.0,0.0,1.0,[23],36.0,62.0,124.0,
5.910313901345291,3.40654264378196,1.0,0.0,0.0,[],34.0,68.0,120.0,
5.7847533632287,3.4846304503968897,1.0,0.0,1.0,[24],42.0,62.0,118.0,
6.309417040358745,3.332646477127468,0.0,0.0,1.0,"[23, 15]",30.0,60.0,133.0,
5.955156950672646,3.38621448099372,1.0,0.0,0.0,"[23, 15]",32.0,69.0,121.0,
6.013452914798206,3.4149641822449968,2.0,0.0,1.0,[22],33.0,64.0,124.0,
5.780269058295964,3.3613014852924588,0.0,0.0,0.0,[23],32.0,77.0,114.0,
6.15695067264574,3.4324279789806496,2.0,0.0,1.0,[23],35.0,56.0,130.0,
6.1076233183856505,3.395424213143558,1.0,0.0,2.0,[],33.0,62.0,127.0,
5.937219730941704,3.4071474133864346,1.0,1.0,0.0,[],34.0,67.0,121.0,
5.923766816143497,3.456097911548396,2.0,0.0,0.0,[],37.0,62.0,122.0,
5.8923766816143495,3.3954242131435586,1.0,0.0,0.0,[23],33.0,70.0,119.0,
5.79372197309417,3.443567714890696,1.0,0.0,0.0,[],38.0,67.0,117.0,
6.085201793721973,3.420513873937448,0.0,0.0,0.0,[22],37.0,59.0,127.0,
6.040358744394619,3.346799446843119,0.0,0.0,1.0,"[23, 15]",30.0,70.0,123.0,
6.125560538116592,3.341308683123009,1.0,0.0,0.0,[],28.0,68.0,126.0,
5.928251121076233,3.4175303355364384,1.0,0.0,0.0,[12],35.0,66.0,121.0,
5.860986547085202,3.4292663196096616,0.0,0.0,0.0,[],38.0,66.0,119.0,
5.968609865470852,3.4319512671747825,0.0,0.0,1.0,[23],38.0,62.0,123.0,
5.811659192825112,3.4236128157483146,1.0,0.0,0.0,"[29, 23]",36.0,69.0,117.0,
6.031390134529148,3.484056523741106,0.0,0.0,0.0,[],43.0,53.0,127.0,
6.103139013452915,3.398878857740773,0.0,0.0,0.0,[],35.0,61.0,127.0,
5.860986547085202,3.460647873885092,0.0,0.0,0.0,[23],41.0,62.0,120.0,
5.955156950672646,3.3541365945762176,1.0,0.0,0.0,[15],29.0,73.0,120.0,
6.071748878923767,3.4109336770548264,3.0,0.0,0.0,"[23, 30]",31.0,63.0,126.0,
5.7309417040358746,3.4496745519837506,1.0,0.0,0.0,[23],39.0,68.0,115.0,
5.869955156950673,3.5126724891452747,0.0,0.0,0.0,[31],46.0,55.0,122.0,
5.807174887892376,3.3629596843622465,0.0,0.0,0.0,[31],32.0,76.0,115.0,
5.816143497757848,3.416614073474408,0.0,1.0,0.0,[22],37.0,69.0,117.0,
6.04932735426009,3.494176235327527,0.0,0.0,0.0,[],44.0,51.0,128.0,
5.982062780269058,3.5424887235390385,1.0,0.0,0.0,[],47.0,48.0,127.0,
5.910313901345291,3.374657992699226,1.0,0.0,0.0,[23],31.0,72.0,119.0,
5.9058295964125564,3.317319023302304,2.0,0.0,0.0,"[23, 15]",24.0,80.0,117.0,
6.246636771300448,3.352715033700349,2.0,0.0,0.0,[23],28.0,62.0,131.0,
6.031390134529148,3.452887725427333,0.0,0.0,0.0,"[23, 15]",40.0,57.0,126.0,
5.995515695067264,3.400447450482259,0.0,0.0,0.0,[22],35.0,65.0,123.0,
5.771300448430493,3.470166495778441,2.0,0.0,0.0,[22],39.0,65.0,117.0,
5.681614349775785,3.4421830876875985,2.0,0.0,0.0,[24],37.0,71.0,113.0,
5.941704035874439,3.466858634973966,2.0,0.0,1.0,[22],38.0,60.0,123.0,
6.004484304932736,3.361812249699562,2.0,1.0,0.0,"[23, 31]",28.0,71.0,122.0,
5.95067264573991,3.425170081331754,2.0,0.0,1.0,[23],34.0,65.0,122.0,
5.7757847533632285,3.43195715290942,1.0,0.0,1.0,[],37.0,69.0,116.0,
6.062780269058296,3.385928137512922,1.0,0.0,2.0,"[22, 30]",32.0,65.0,125.0,
6.040358744394619,3.44234152664114,0.0,0.0,1.0,[23],39.0,58.0,126.0,
5.699551569506727,3.387091257316766,0.0,0.0,0.0,"[29, 23]",35.0,76.0,112.0,
5.834080717488789,3.428064478029463,0.0,0.0,0.0,[23],38.0,67.0,118.0,
5.910313901345291,3.43813161471768,1.0,0.0,0.0,[23],37.0,64.0,121.0,
5.820627802690583,3.4763195771227067,1.0,0.0,1.0,[23],41.0,62.0,119.0,
5.838565022421525,3.4564135065064554,1.0,0.0,0.0,[23],39.0,64.0,119.0,
6.085201793721973,3.388760679892038,0.0,0.0,0.0,[22],34.0,63.0,126.0,
6.197309417040358,3.380733958406596,1.0,1.0,0.0,[22],32.0,60.0,130.0,
5.538116591928251,3.4007325714294456,0.0,1.0,0.0,[],38.0,78.0,107.0,
6.013452914798206,3.442552767236173,0.0,0.0,0.0,[],39.0,59.0,125.0,
6.15695067264574,3.3968100605782983,0.0,0.0,0.0,[],35.0,59.0,129.0,
5.910313901345291,3.43813161471768,1.0,0.0,0.0,[],37.0,64.0,121.0,
5.986547085201794,3.3470167174002547,0.0,0.0,0.0,[15],30.0,72.0,121.0,
5.807174887892376,3.430591391889346,2.0,0.0,1.0,[29],35.0,69.0,117.0,
6.013452914798206,3.442552767236173,0.0,0.0,0.0,"[23, 30]",39.0,59.0,125.0,
5.847533632286996,3.446382189475776,1.0,0.0,0.0,[23],38.0,65.0,119.0,
5.874439461883408,3.415969587162293,1.0,0.0,0.0,[22],35.0,68.0,119.0,
6.103139013452915,3.496863332369868,2.0,0.0,2.0,[],41.0,50.0,130.0,
5.84304932735426,3.417961780329043,0.0,0.0,1.0,"[23, 15]",37.0,68.0,118.0,
6.058295964125561,3.452536704481858,0.0,0.0,1.0,[22],40.0,56.0,127.0,
5.84304932735426,3.549842482520739,4.0,0.0,1.0,[],43.0,54.0,122.0,
5.9192825112107625,3.427858237369739,1.0,0.0,0.0,[23],36.0,65.0,121.0,
5.798206278026906,3.4089966308768584,2.0,0.0,0.0,[23],33.0,72.0,116.0,
6.121076233183857,3.440439777634785,0.0,0.0,1.0,[],39.0,55.0,129.0,
5.838565022421525,3.3612714379103035,1.0,0.0,0.0,[23],30.0,76.0,116.0,
5.834080717488789,3.4594569345120667,0.0,0.0,1.0,[],41.0,63.0,119.0,
5.744394618834081,3.4330340724603383,0.0,1.0,1.0,[],39.0,69.0,115.0,
5.811659192825112,3.3918886325968733,1.0,0.0,0.0,[15],33.0,73.0,116.0,
5.941704035874439,3.4039207338686834,2.0,0.0,0.0,[23],32.0,68.0,121.0,
6.2152466367713,3.422019424755038,1.0,0.0,1.0,"[22, 16]",36.0,54.0,132.0,
6.094170403587444,3.409725373689936,0.0,0.0,0.0,[23],36.0,60.0,127.0,
6.035874439461884,3.453496077214321,3.0,0.0,0.0,[],35.0,59.0,126.0,
5.820627802690583,3.3817375938469776,1.0,0.0,0.0,[],32.0,74.0,116.0,
6.116591928251121,3.447788565208865,1.0,0.0,2.0,"[23, 15]",38.0,55.0,129.0,
6.076233183856503,3.431244905721248,0.0,0.0,0.0,"[22, 30]",38.0,58.0,127.0,
5.874439461883408,3.5134774648620417,3.0,0.0,0.0,"[23, 30]",41.0,57.0,122.0,
5.932735426008969,3.44584292659,2.0,0.0,1.0,[22],36.0,63.0,122.0,
5.982062780269058,3.3864650116781307,1.0,0.0,0.0,[],32.0,68.0,122.0,
5.968609865470852,3.404276767695806,2.0,0.0,1.0,[],32.0,67.0,122.0,
6.219730941704036,3.354594257132186,2.0,0.0,0.0,[23],28.0,63.0,130.0,
5.506726457399103,3.435204539272617,1.0,0.0,0.0,[],40.0,75.0,107.0,
6.0807174887892375,3.299294959629816,1.0,0.0,0.0,"[15, 23]",24.0,75.0,123.0,
6.130044843049327,3.42961972227556,0.0,0.0,1.0,[30],38.0,56.0,129.0,
5.9192825112107625,3.525037272310642,3.0,0.0,1.0,"[23, 30]",42.0,54.0,124.0,
5.946188340807175,3.3647311313074595,1.0,0.0,0.0,"[22, 15]",30.0,72.0,120.0,
5.7847533632287,3.422019424755037,1.0,0.0,0.0,[29],36.0,70.0,116.0,
5.986547085201794,3.3831589010568246,2.0,0.0,0.0,[23],30.0,69.0,122.0,
5.511210762331839,3.428630103015937,0.0,0.0,0.0,[],41.0,75.0,107.0,
6.076233183856503,3.435181018529452,2.0,0.0,1.0,[23],35.0,59.0,127.0,
5.834080717488789,3.494436367282551,2.0,0.0,1.0,[22],41.0,60.0,120.0,
6.0807174887892375,3.364190788744173,1.0,0.0,1.0,[],30.0,67.0,125.0,
5.923766816143497,3.356923755245792,0.0,0.0,0.0,[23],31.0,73.0,119.0,
5.9641255605381165,3.4115021423188963,3.0,0.0,0.0,[23],31.0,67.0,122.0,
5.811659192825112,3.4236128157483146,1.0,1.0,0.0,[],36.0,69.0,117.0,
5.941704035874439,3.431598104622729,0.0,0.0,0.0,[15],38.0,63.0,122.0,
6.017937219730942,3.562775673620975,1.0,0.0,1.0,[22],49.0,44.0,129.0,
6.161434977578475,3.424993154992289,1.0,0.0,1.0,[23],36.0,56.0,130.0,
5.869955156950673,3.387329796629374,0.0,0.0,0.0,[22],34.0,71.0,118.0,
5.802690582959642,3.4649586828849936,1.0,0.0,0.0,[15],40.0,64.0,118.0,
5.874439461883408,3.352076339820633,1.0,0.0,0.0,[30],29.0,76.0,117.0,
5.847533632286996,3.450301033672696,3.0,0.0,0.0,[15],35.0,66.0,119.0,
5.672645739910314,3.47909013877972,0.0,0.0,0.0,"[23, 30]",44.0,65.0,114.0,
6.121076233183857,3.408872195802517,0.0,0.0,1.0,[23],36.0,59.0,128.0,
6.197309417040358,3.3486035718351785,1.0,0.0,0.0,[23],29.0,64.0,129.0,
5.896860986547085,3.420017782664494,0.0,0.0,1.0,"[15, 22]",37.0,66.0,120.0,
5.932735426008969,3.3785165406241355,0.0,0.0,0.0,[23],33.0,70.0,120.0,
5.7309417040358746,3.4181922559136546,1.0,1.0,0.0,[],36.0,72.0,114.0,
5.7847533632287,3.3582412824227457,1.0,0.0,0.0,[],30.0,78.0,114.0,
5.565022421524664,3.4359042077334223,0.0,0.0,0.0,[],41.0,73.0,109.0,
5.941704035874439,3.3031803896828644,0.0,1.0,1.0,[23],26.0,79.0,118.0,
5.9641255605381165,3.407538677699696,1.0,0.0,0.0,[15],34.0,66.0,122.0,
5.860986547085202,3.365625507743956,0.0,0.0,0.0,[23],32.0,74.0,117.0,
5.9058295964125564,3.4725580709928243,0.0,0.0,0.0,[],42.0,59.0,122.0,
5.901345291479821,3.479560392403167,1.0,0.0,0.0,[],41.0,59.0,122.0,
6.147982062780269,3.4117685778061846,2.0,0.0,0.0,[23],33.0,59.0,129.0,
5.618834080717488,3.5122699321023707,4.0,1.0,0.0,[23],41.0,65.0,113.0,
5.748878923766816,3.5272026660565845,3.0,0.0,0.0,[23],43.0,59.0,118.0,
5.690582959641255,3.463874194222708,2.0,0.0,1.0,[30],39.0,68.0,114.0,
5.668161434977579,3.359432026606421,1.0,0.0,1.0,"[23, 15]",31.0,81.0,110.0,
6.094170403587444,3.377870765403668,0.0,0.0,0.0,[23],33.0,64.0,126.0,
5.708520179372197,3.4090855102919977,0.0,1.0,0.0,[29],37.0,73.0,113.0,
5.8923766816143495,3.458516736931309,1.0,0.0,0.0,[15],39.0,62.0,121.0,
5.789237668161435,3.45048251646238,2.0,0.0,1.0,[],37.0,67.0,117.0,
5.941704035874439,3.462958528175947,0.0,0.0,2.0,[],41.0,59.0,123.0,
5.591928251121076,3.375765159077764,0.0,0.0,0.0,"[23, 29]",35.0,80.0,108.0,
6.085201793721973,3.451974996725032,0.0,0.0,0.0,"[22, 30]",40.0,55.0,128.0,
5.865470852017937,3.426160699991258,1.0,0.0,0.0,[],36.0,67.0,119.0,
5.654708520179372,3.501873730142767,2.0,0.0,1.0,[23],43.0,64.0,114.0,
5.699551569506727,3.5162876840900776,2.0,0.0,2.0,[],44.0,61.0,116.0,
5.739910313901345,3.4711908270341376,1.0,0.0,0.0,[15],41.0,65.0,116.0,
5.847533632286996,3.450301033672696,3.0,0.0,0.0,[30],35.0,66.0,119.0,
6.112107623318385,3.482386381101896,0.0,1.0,2.0,[15],43.0,50.0,130.0,
6.121076233183857,3.408872195802517,0.0,1.0,0.0,[30],36.0,59.0,128.0,
5.7847533632287,3.3902803316517325,1.0,0.0,0.0,"[29, 23]",33.0,74.0,115.0,
5.7174887892376685,3.434851711213587,2.0,0.0,0.0,"[23, 31]",36.0,71.0,114.0,
5.816143497757848,3.384824295417293,0.0,0.0,0.0,[23],34.0,73.0,116.0,
6.228699551569507,3.3714062099882813,0.0,0.0,2.0,"[23, 15]",33.0,59.0,131.0,
6.125560538116592,3.468314948325496,1.0,0.0,0.0,[],40.0,52.0,130.0,
5.511210762331839,3.4911225724313235,0.0,0.0,1.0,[],47.0,67.0,109.0,
6.125560538116592,3.4054039625785446,1.0,0.0,1.0,[15],34.0,60.0,128.0,
5.9192825112107625,3.427858237369739,1.0,0.0,1.0,[23],36.0,65.0,121.0,
5.79372197309417,3.4748201137977985,1.0,0.0,0.0,"[29, 30]",41.0,63.0,118.0,
5.852017937219731,3.411768577806185,2.0,1.0,0.0,[],33.0,70.0,118.0,
5.7847533632287,3.546136180163653,1.0,0.0,1.0,"[15, 22]",48.0,54.0,120.0,
5.7847533632287,3.4534668319844943,1.0,0.0,0.0,[29],39.0,66.0,117.0,
5.820627802690583,3.4135561178709457,1.0,0.0,0.0,[],35.0,70.0,117.0,
6.179372197309417,3.402982999925519,1.0,0.0,2.0,"[29, 23]",34.0,58.0,130.0,
5.7757847533632285,3.467214031848824,3.0,0.0,0.0,[24],37.0,66.0,117.0,
5.829596412556054,3.403445964163096,1.0,0.0,0.0,[23],34.0,71.0,117.0,
5.7757847533632285,3.400310821555864,1.0,0.0,0.0,[],34.0,73.0,115.0,
5.860986547085202,3.369638272189433,2.0,0.0,1.0,"[23, 15]",29.0,75.0,117.0,
6.161434977578475,3.4875507944941053,1.0,0.0,1.0,[],42.0,48.0,132.0,
5.515695067264574,3.457395173259004,1.0,0.0,0.0,[30],42.0,72.0,108.0,
5.874439461883408,3.447472180690359,1.0,0.0,0.0,[23],38.0,64.0,120.0,
5.932735426008969,3.4103651170346985,0.0,0.0,1.0,[22],36.0,66.0,121.0,
6.228699551569507,3.306651992622616,0.0,0.0,0.0,[23],27.0,67.0,129.0,
5.7040358744394615,3.509617653075517,1.0,0.0,1.0,"[23, 30]",45.0,61.0,116.0,
6.291479820627803,3.4235892153676897,2.0,0.0,0.0,[22],35.0,51.0,135.0,
5.757847533632287,3.517602945352673,3.0,0.0,0.0,[23],42.0,60.0,118.0,
5.95067264573991,3.38947589500308,0.0,0.0,1.0,[],34.0,68.0,121.0,
6.040358744394619,3.450183942935812,4.0,0.0,0.0,[23],33.0,60.0,126.0,
6.076233183856503,3.3676414848682428,0.0,1.0,1.0,[23],32.0,66.0,125.0,
5.946188340807175,3.459778061471317,1.0,0.0,0.0,[23],39.0,60.0,123.0,
5.99103139013453,3.470585576924732,1.0,0.0,1.0,[],40.0,57.0,125.0,
5.838565022421525,3.424993154992289,1.0,0.0,1.0,[15],36.0,68.0,118.0,
5.695067264573991,3.425700805524121,1.0,0.0,0.0,[],37.0,72.0,113.0,
5.9058295964125564,3.4452097711501133,2.0,0.0,0.0,"[22, 30]",36.0,64.0,121.0,
5.928251121076233,3.4175303355364384,1.0,0.0,0.0,[],35.0,66.0,121.0,
6.143497757847534,3.477992633060856,1.0,0.0,0.0,[],41.0,50.0,131.0,
5.959641255605381,3.378946988871773,0.0,0.0,0.0,[],33.0,69.0,121.0,
5.739910313901345,3.4438316695937314,3.0,0.0,1.0,[],35.0,70.0,115.0,
5.659192825112108,3.432816361875873,1.0,0.0,0.0,[23],38.0,72.0,112.0,
5.798206278026906,3.408996630876859,2.0,0.0,0.0,[],33.0,72.0,116.0,
5.721973094170403,3.396316454444768,1.0,0.0,1.0,[15],34.0,75.0,113.0,
5.79372197309417,3.443567714890696,1.0,0.0,0.0,[],38.0,67.0,117.0,
5.762331838565022,3.448725830412025,2.0,0.0,0.0,[],37.0,68.0,116.0,
5.816143497757848,3.4832041551598505,2.0,0.0,0.0,[23],40.0,62.0,119.0,
5.699551569506727,3.391078620795852,2.0,0.0,0.0,[],32.0,77.0,112.0,
5.959641255605381,3.4462649655917463,2.0,0.0,0.0,[23],36.0,62.0,123.0,
5.959641255605381,3.473604957713855,0.0,0.0,0.0,[22],42.0,57.0,124.0,
5.865470852017937,3.362461109028944,1.0,0.0,0.0,"[23, 30]",30.0,75.0,117.0,
5.9058295964125564,3.4136862994440484,2.0,1.0,0.0,[23],33.0,68.0,120.0,
5.659192825112108,3.5260284773398176,1.0,0.0,0.0,[23],47.0,60.0,115.0,
6.161434977578475,3.328953208306687,1.0,0.0,0.0,[23],27.0,68.0,127.0,
5.699551569506727,3.359047185766,2.0,0.0,1.0,"[29, 23]",29.0,81.0,111.0,
6.242152466367713,3.388456667756268,1.0,1.0,1.0,[15],33.0,57.0,132.0,
5.825112107623318,3.410489497638337,2.0,0.0,0.0,[23],33.0,71.0,117.0,
6.37219730941704,3.411762657243627,0.0,0.0,1.0,[23],38.0,47.0,138.0,
5.726457399103139,3.45258350933656,0.0,0.0,0.0,[22],41.0,67.0,115.0,
5.982062780269058,3.3864650116781307,1.0,0.0,0.0,[22],32.0,68.0,122.0,
5.883408071748879,3.468629431710621,1.0,0.0,0.0,[],40.0,61.0,121.0,
5.9192825112107625,3.459252565471303,1.0,0.0,0.0,[],39.0,61.0,122.0,
5.914798206278027,3.399378033943037,0.0,0.0,0.0,[],35.0,68.0,120.0,
5.556053811659193,3.4764648395856166,0.0,0.0,0.0,[8],45.0,68.0,110.0,
5.5874439461883405,3.5080633263987684,1.0,0.0,0.0,[],46.0,64.0,112.0,
5.62780269058296,3.4367565524100288,2.0,0.0,0.0,[29],37.0,73.0,111.0,
5.865470852017937,3.394460329116894,1.0,0.0,0.0,[22],33.0,71.0,118.0,
5.623318385650224,3.443467993403944,3.0,1.0,0.0,[23],36.0,73.0,111.0,
5.686098654708521,3.4353926994206083,1.0,0.0,0.0,[],38.0,71.0,113.0,
5.923766816143497,3.420726462458807,0.0,0.0,1.0,[23],37.0,65.0,121.0,
6.094170403587444,3.476447408410551,2.0,1.0,0.0,[23],39.0,53.0,129.0,
5.609865470852018,3.4203012722026687,0.0,0.0,1.0,[],39.0,74.0,110.0,
5.771300448430493,3.5011814755364283,2.0,0.0,1.0,"[23, 29]",42.0,61.0,118.0,
5.757847533632287,3.420212684246131,1.0,0.0,0.0,[31],36.0,71.0,115.0,
5.757847533632287,3.420212684246131,1.0,0.0,0.0,"[15, 22]",36.0,71.0,115.0,
6.031390134529148,3.357645751975347,0.0,0.0,0.0,[],31.0,69.0,123.0,
5.820627802690583,3.385731262322066,3.0,0.0,1.0,"[23, 15]",29.0,75.0,116.0,
6.022421524663677,3.4398878388748533,4.0,0.0,0.0,[23],32.0,62.0,125.0,
5.457399103139013,3.4597722230653694,4.0,0.0,0.0,"[29, 22]",38.0,75.0,106.0,
5.9058295964125564,3.476447408410551,2.0,0.0,0.0,[],39.0,60.0,122.0,
5.986547085201794,3.4464759657122888,2.0,0.0,0.0,[],36.0,61.0,124.0,
6.103139013452915,3.4028524088805625,2.0,0.0,0.0,"[23, 30]",32.0,62.0,127.0,
5.932735426008969,3.4143253006288257,2.0,0.0,1.0,[22],33.0,67.0,121.0,
5.591928251121076,3.5665269848366,2.0,0.0,1.0,[24],50.0,57.0,114.0,
6.147982062780269,3.4433096062831545,2.0,0.0,0.0,[23],36.0,55.0,130.0,
5.838565022421525,3.3932818768159856,1.0,0.0,0.0,[23],33.0,72.0,117.0,
5.63677130044843,3.427221759384918,2.0,0.0,0.0,[31],36.0,74.0,111.0,
5.959641255605381,3.477493124260823,2.0,0.0,1.0,[23],39.0,58.0,124.0,
6.00896860986547,3.38650080026292,1.0,0.0,1.0,"[23, 15]",32.0,67.0,123.0,
5.502242152466367,3.473029209068648,2.0,0.0,0.0,[],42.0,71.0,108.0,
5.923766816143497,3.4560979115483965,2.0,0.0,0.0,[24],37.0,62.0,122.0,
6.017937219730942,3.3758070447299104,1.0,0.0,0.0,[23],31.0,68.0,123.0,
6.026905829596412,3.365055295198081,1.0,0.0,0.0,"[23, 30]",30.0,69.0,123.0,
5.986547085201794,3.4149641822449963,2.0,0.0,0.0,"[23, 15]",33.0,65.0,123.0,
6.103139013452915,3.3387081460037527,2.0,0.0,0.0,[],26.0,70.0,125.0,
5.8923766816143495,3.458516736931309,1.0,0.0,0.0,[],39.0,62.0,121.0,
5.668161434977579,3.489652623583158,3.0,0.0,0.0,[23],40.0,66.0,114.0,
5.538116591928251,3.559928388393401,2.0,0.0,1.0,[],50.0,59.0,112.0,
6.040358744394619,3.378946988871773,0.0,0.0,0.0,"[15, 22]",33.0,66.0,124.0,
5.618834080717488,3.4774698895471614,2.0,0.0,0.0,[22],41.0,68.0,112.0,
5.748878923766816,3.4964185148835463,3.0,0.0,0.0,[],40.0,63.0,117.0,
6.143497757847534,3.3513531432483683,1.0,0.0,1.0,[23],29.0,66.0,127.0,
5.762331838565022,3.510860618962756,2.0,0.0,0.0,[23],43.0,60.0,118.0,
5.726457399103139,3.552891159555195,4.0,0.0,1.0,[22],44.0,57.0,118.0,
5.9058295964125564,3.377870765403668,0.0,1.0,0.0,[23],33.0,71.0,119.0,
6.246636771300448,3.416596336945992,2.0,0.0,0.0,[15],34.0,54.0,133.0,
6.170403587443946,3.417973599967848,3.0,0.0,0.0,"[23, 15]",32.0,58.0,130.0,
5.591928251121076,3.443145345277016,2.0,1.0,1.0,[22],38.0,73.0,110.0,
5.766816143497758,3.410288117244802,1.0,1.0,0.0,[],35.0,72.0,115.0,
6.058295964125561,3.3972976492229923,4.0,0.0,0.0,"[22, 15]",28.0,66.0,125.0,
5.847533632286996,3.5392370427232613,1.0,0.0,0.0,[23],47.0,53.0,122.0,
5.7174887892376685,3.462281829547689,0.0,0.0,1.0,[30],42.0,66.0,115.0,
5.690582959641255,3.463874194222708,2.0,0.0,2.0,[29],39.0,68.0,114.0,
5.860986547085202,3.4332047008350988,2.0,0.0,0.0,[23],35.0,67.0,119.0,
5.7174887892376685,3.5280100519521698,2.0,0.0,0.0,[29],45.0,59.0,117.0,
5.946188340807175,3.490885339115916,1.0,0.0,0.0,[23],42.0,56.0,124.0,
6.143497757847534,3.477992633060856,1.0,1.0,2.0,[23],41.0,50.0,131.0,
5.766816143497758,3.4731106338631843,1.0,0.0,0.0,[],41.0,64.0,117.0,
5.632286995515695,3.496360742226848,3.0,0.0,0.0,"[22, 30]",41.0,66.0,113.0,
5.623318385650224,3.443467993403944,3.0,0.0,0.0,[23],36.0,73.0,111.0,
5.623318385650224,3.4747212892279,3.0,0.0,0.0,[22],39.0,69.0,112.0,
5.632286995515695,3.33413112094845,1.0,0.0,0.0,"[23, 15]",29.0,85.0,108.0,
5.632286995515695,3.33413112094845,1.0,0.0,0.0,"[23, 15]",29.0,85.0,108.0,
5.84304932735426,3.39017308446057,2.0,0.0,0.0,[23],31.0,73.0,117.0,
5.681614349775785,3.473447944820643,2.0,0.0,1.0,[33],40.0,67.0,114.0,
6.035874439461884,3.418097703707643,1.0,0.0,0.0,[12],35.0,62.0,125.0,
5.878923766816143,3.377009539681412,0.0,2.0,0.0,[],33.0,72.0,118.0,
5.838565022421525,3.4875507944941053,1.0,0.0,1.0,"[22, 15]",42.0,60.0,120.0,
5.860986547085202,3.365625507743956,0.0,1.0,0.0,"[22, 30]",32.0,74.0,117.0,
5.641255605381166,3.4204607247426075,1.0,0.0,0.0,[24],37.0,74.0,111.0,
5.479820627802691,3.4936616950919497,1.0,0.0,1.0,"[22, 30]",46.0,68.0,108.0,
5.63677130044843,3.4625268563932754,4.0,0.0,0.0,[],36.0,71.0,112.0,
5.713004484304933,3.46906034412072,1.0,0.0,0.0,"[23, 30]",41.0,66.0,115.0,
6.017937219730942,3.4392594603606925,1.0,0.0,0.0,"[22, 15]",37.0,60.0,125.0,
6.067264573991031,3.382514012136225,2.0,0.0,0.0,"[22, 24]",30.0,66.0,125.0,
5.488789237668161,3.519394125973632,3.0,0.0,2.0,"[23, 29]",45.0,66.0,109.0,
5.609865470852018,3.451764332750342,0.0,0.0,1.0,"[23, 31]",42.0,70.0,111.0,
5.690582959641255,3.5524704157844345,0.0,0.0,1.0,[],51.0,55.0,117.0,
6.233183856502242,3.33954900624974,3.0,0.0,1.0,[23],25.0,65.0,130.0,
5.484304932735426,3.45609206692554,0.0,0.0,0.0,[23],44.0,72.0,107.0,
5.721973094170403,3.5519074509076605,1.0,0.0,2.0,[15],49.0,55.0,118.0,
6.067264573991031,3.3785165406241355,0.0,0.0,1.0,[15],33.0,65.0,125.0,
5.345291479820628,3.5326103433693663,1.0,0.0,1.0,[22],52.0,65.0,105.0,
5.825112107623318,3.531186266871125,0.0,1.0,0.0,[30],48.0,54.0,121.0,
6.071748878923767,3.3104067534958728,1.0,0.0,0.0,[23],25.0,74.0,123.0,
5.977578475336323,3.421505840695436,0.0,0.0,1.0,[31],37.0,63.0,123.0,
5.62780269058296,3.4367565524100288,2.0,0.0,1.0,[22],37.0,73.0,111.0,
5.847533632286996,3.383063369714409,1.0,1.0,2.0,"[22, 12]",32.0,73.0,117.0,
5.874439461883408,3.415969587162293,1.0,0.0,1.0,"[15, 23]",35.0,68.0,119.0,
5.834080717488789,3.432004238423146,2.0,0.0,0.0,[23],35.0,68.0,118.0,
5.7309417040358746,3.4221433817733447,3.0,0.0,2.0,"[22, 16]",33.0,73.0,114.0,
5.757847533632287,3.548203305529436,3.0,0.0,0.0,"[15, 23]",45.0,56.0,119.0,
5.641255605381166,3.483099769162399,1.0,0.0,1.0,"[23, 30]",43.0,66.0,113.0,
5.9192825112107625,3.364190788744173,1.0,1.0,1.0,"[15, 23]",30.0,73.0,119.0,
6.0,3.460198400810707,1.0,0.0,0.0,"[23, 30]",39.0,58.0,125.0,
5.883408071748879,3.341635119169099,1.0,0.0,0.0,[23],28.0,77.0,117.0,
5.878923766816143,3.4756106091987538,2.0,0.0,2.0,[23],39.0,61.0,121.0,
5.995515695067264,3.5291549633564103,2.0,0.0,2.0,[15],44.0,50.0,127.0,
5.551569506726457,3.420366235245886,1.0,0.0,0.0,"[23, 15]",38.0,76.0,108.0,
6.053811659192825,3.4597780614713174,1.0,0.0,0.0,[],39.0,56.0,127.0,
5.677130044843049,3.381689808437439,1.0,0.0,0.0,[],33.0,78.0,111.0,
6.00896860986547,3.449756528019597,1.0,0.0,0.0,[23],38.0,59.0,125.0,
5.632286995515695,3.465302616449083,3.0,0.0,1.0,[29],38.0,70.0,112.0,
5.946188340807175,3.4283885454280134,1.0,0.0,0.0,[],36.0,64.0,122.0,
5.699551569506727,3.4542505185425,2.0,0.0,0.0,[23],38.0,69.0,114.0,
5.762331838565022,3.4172347939722982,2.0,0.0,1.0,[24],34.0,72.0,115.0,
5.618834080717488,3.414727573361412,2.0,0.0,0.0,"[22, 30]",35.0,76.0,110.0,
5.591928251121076,3.4116027981707613,2.0,0.0,0.0,[23],35.0,77.0,109.0,
5.847533632286996,3.446382189475776,1.0,1.0,0.0,[],38.0,65.0,119.0,
5.659192825112108,3.5029579873086103,5.0,0.0,0.0,[],38.0,66.0,114.0,
6.170403587443946,3.350087173584846,1.0,0.0,0.0,"[23, 15]",29.0,65.0,128.0,
5.959641255605381,3.4462649655917468,2.0,0.0,0.0,"[22, 15]",36.0,62.0,123.0,
5.520179372197309,3.4859170939221578,2.0,0.0,0.0,[],43.0,69.0,109.0,
5.677130044843049,3.507234070511192,1.0,0.0,1.0,[22],45.0,62.0,115.0,
5.914798206278027,3.399378033943037,0.0,0.0,1.0,"[23, 15]",35.0,68.0,120.0,
5.95067264573991,3.421222450970288,0.0,0.0,0.0,[23],37.0,64.0,122.0,
5.713004484304933,3.437755583943505,1.0,0.0,1.0,[23],38.0,70.0,114.0,
6.242152466367713,3.420212684246131,1.0,0.0,0.0,[],36.0,53.0,133.0,
5.771300448430493,3.470166495778441,2.0,0.0,0.0,"[23, 30]",39.0,65.0,117.0,
5.614349775784754,3.449006960306247,1.0,0.0,0.0,[22],40.0,71.0,111.0,
5.977578475336323,3.4841260956437,0.0,0.0,2.0,"[23, 15, 31]",43.0,55.0,125.0,
5.744394618834081,3.530070625122009,2.0,0.0,0.0,[30],45.0,58.0,118.0,
5.713004484304933,3.378277379009804,3.0,0.0,0.0,"[29, 23, 30]",29.0,79.0,112.0,
5.946188340807175,3.396708966368151,1.0,0.0,0.0,"[23, 30]",33.0,68.0,121.0,
5.901345291479821,3.483441911588007,3.0,0.0,1.0,[15],38.0,60.0,122.0,
5.686098654708521,3.52853675733739,1.0,0.0,2.0,[29],47.0,59.0,116.0,
5.73542600896861,3.442834401201321,0.0,0.0,0.0,[23],40.0,68.0,115.0,
5.63677130044843,3.391549165906078,0.0,0.0,1.0,[],36.0,77.0,110.0,
5.896860986547085,3.45148342744936,0.0,0.0,0.0,[],40.0,62.0,121.0,
5.923766816143497,3.487238017461012,2.0,0.0,0.0,"[23, 30]",40.0,58.0,123.0,
5.84304932735426,3.421913172308309,2.0,0.0,0.0,"[22, 30]",34.0,69.0,118.0,
5.928251121076233,3.4175303355364384,1.0,1.0,0.0,"[23, 15]",35.0,66.0,121.0,
5.766816143497758,3.4731106338631847,1.0,0.0,0.0,[30],41.0,64.0,117.0,
5.645739910313901,3.417636724243156,2.0,0.0,0.0,[],35.0,75.0,111.0,
5.973094170403588,3.401005789907433,3.0,0.0,0.0,[15],30.0,68.0,122.0,
5.977578475336323,3.456869315024249,2.0,0.0,1.0,[22],37.0,60.0,124.0,
5.757847533632287,3.420212684246131,1.0,0.0,1.0,[23],36.0,71.0,115.0,
5.914798206278027,3.493482455416525,0.0,0.0,1.0,[],44.0,56.0,123.0,
5.955156950672646,3.417991329349414,1.0,0.0,0.0,"[23, 15]",35.0,65.0,122.0,
6.0,3.491301933260598,1.0,0.0,0.0,[22],42.0,54.0,126.0,
6.094170403587444,3.5342738983912723,0.0,0.0,2.0,[],48.0,44.0,131.0,
6.0,3.369176657783226,3.0,0.0,1.0,"[23, 15]",27.0,71.0,122.0,
5.538116591928251,3.463728403731095,0.0,0.0,0.0,[8],44.0,70.0,109.0,
5.533632286995516,3.470271270809663,1.0,0.0,1.0,[22],43.0,70.0,109.0,
5.591928251121076,3.443145345277016,2.0,1.0,0.0,[],38.0,73.0,110.0,
5.834080717488789,3.368415155547488,2.0,0.0,0.0,"[23, 31]",29.0,76.0,116.0,
5.672645739910314,3.416377578857739,0.0,0.0,0.0,[23],38.0,73.0,112.0,
5.932735426008969,3.3785165406241355,0.0,0.0,1.0,[15],33.0,70.0,120.0,
5.699551569506727,3.48540712988703,2.0,0.0,0.0,"[23, 30]",41.0,65.0,115.0,
5.62780269058296,3.4367565524100288,2.0,1.0,0.0,[],37.0,73.0,111.0,
5.452914798206278,3.427009573787923,1.0,0.0,1.0,[],40.0,77.0,105.0,
5.834080717488789,3.494436367282551,2.0,0.0,0.0,[22],41.0,60.0,120.0,
5.560538116591928,3.473796852723405,1.0,0.0,0.0,[23],43.0,69.0,110.0,
5.695067264573991,3.4921176195008194,3.0,0.0,2.0,"[15, 22]",40.0,65.0,115.0,
5.923766816143497,3.514259264712066,0.0,0.0,1.0,[],46.0,53.0,124.0,
5.838565022421525,3.4564135065064554,1.0,0.0,0.0,[],39.0,64.0,119.0,
5.533632286995516,3.4702712708096626,1.0,0.0,1.0,[23],43.0,70.0,109.0,
5.605381165919282,3.4584232871841136,1.0,0.0,1.0,"[29, 23, 31]",41.0,70.0,111.0,
5.573991031390134,3.461844238473293,2.0,0.0,1.0,[23],40.0,71.0,110.0,
5.887892376681615,3.4302557553225683,0.0,0.0,0.0,[30],38.0,65.0,120.0,
5.7847533632287,3.576492419184176,1.0,0.0,0.0,"[22, 30]",51.0,50.0,121.0,
5.7757847533632285,3.616023672033057,1.0,0.0,1.0,[],55.0,45.0,122.0,
5.84304932735426,3.542220715406502,0.0,0.0,1.0,[],49.0,52.0,122.0,
5.982062780269058,3.4809185460117864,1.0,0.0,0.0,[30],41.0,56.0,125.0,
6.013452914798206,3.414964182244997,2.0,0.0,2.0,[23],33.0,64.0,124.0,
5.869955156950673,3.423046361704212,2.0,0.0,1.0,"[15, 22]",34.0,68.0,119.0,
5.771300448430493,3.434939921625993,0.0,0.0,0.0,[30],39.0,68.0,116.0,
5.977578475336323,3.5188603117470656,2.0,0.0,1.0,[],43.0,52.0,126.0,
5.8923766816143495,3.431056518107039,3.0,0.0,1.0,[23],33.0,67.0,120.0,
5.8923766816143495,3.431056518107039,3.0,0.0,1.0,[23],33.0,67.0,120.0,
5.686098654708521,3.403778309910356,1.0,1.0,0.0,[],35.0,75.0,112.0,
5.63677130044843,3.4858649419343344,0.0,0.0,1.0,[],45.0,65.0,113.0,
5.901345291479821,3.41685646346879,1.0,0.0,0.0,"[15, 22]",35.0,67.0,120.0,
5.9192825112107625,3.427858237369739,1.0,0.0,0.0,"[23, 29]",36.0,65.0,121.0,
5.7174887892376685,3.4972330077447427,2.0,0.0,0.0,[],42.0,63.0,116.0,
5.713004484304933,3.5308373091355256,1.0,1.0,1.0,[23],47.0,58.0,117.0,
5.573991031390134,3.4618442384732933,2.0,1.0,0.0,[22],40.0,71.0,110.0,
5.762331838565022,3.514707571450372,4.0,0.0,1.0,[],40.0,61.0,118.0,
5.829596412556054,3.407414189382484,3.0,0.0,0.0,"[23, 30]",31.0,72.0,117.0,
5.7174887892376685,3.466182697758893,2.0,0.0,0.0,[22],39.0,67.0,115.0,
5.699551569506727,3.4542505185425,2.0,0.0,0.0,"[22, 15]",38.0,69.0,114.0,
5.686098654708521,3.4077461481224254,3.0,0.0,0.0,[24],32.0,76.0,112.0,
5.982062780269058,3.3260697331707822,3.0,0.0,0.0,[22],23.0,77.0,120.0,
5.569506726457399,3.337388960085488,1.0,0.0,1.0,[23],30.0,86.0,106.0,
5.762331838565022,3.4487258304120245,2.0,0.0,0.0,[],37.0,68.0,116.0,
5.865470852017937,3.394460329116894,1.0,0.0,0.0,[23],33.0,71.0,118.0,
5.699551569506727,3.422810311518141,2.0,1.0,0.0,[23],35.0,73.0,113.0,
5.681614349775785,3.469555245035265,0.0,0.0,2.0,[],43.0,66.0,114.0,
5.84304932735426,3.386184654677572,0.0,0.0,0.0,[23],34.0,72.0,117.0,
5.748878923766816,3.4925514175446914,1.0,1.0,0.0,[23],43.0,62.0,117.0,
5.417040358744394,3.497885620439747,3.0,0.0,0.0,[],44.0,70.0,106.0,
5.493273542600897,3.4820905431886056,2.0,0.0,0.0,[],43.0,70.0,108.0,
5.896860986547085,3.3962272408628964,4.0,0.0,0.0,"[15, 22]",28.0,72.0,119.0,
5.973094170403588,3.460093320763081,1.0,0.0,1.0,[],39.0,59.0,124.0,
5.699551569506727,3.4542505185425,2.0,0.0,0.0,[22],38.0,69.0,114.0,
5.739910313901345,3.439905455309742,1.0,0.0,0.0,[23],38.0,69.0,115.0,
5.57847533632287,3.423801612936901,1.0,0.0,0.0,[],38.0,75.0,109.0,
5.475336322869955,3.4377438323190512,2.0,0.0,0.0,[],39.0,76.0,106.0,
5.829596412556054,3.466392485482637,1.0,0.0,0.0,[23],40.0,63.0,119.0,
5.807174887892376,3.4266500070883006,0.0,0.0,0.0,[],38.0,68.0,117.0,
5.829596412556054,3.438995154724896,3.0,0.0,0.0,[24],34.0,68.0,118.0,
5.591928251121076,3.47440154341996,2.0,0.0,0.0,[29],41.0,69.0,111.0,
5.825112107623318,3.561669926811782,0.0,0.0,3.0,[30],51.0,50.0,122.0,
5.766816143497758,3.4731106338631843,1.0,0.0,0.0,[22],41.0,64.0,117.0,
5.475336322869955,3.437743832319051,2.0,0.0,0.0,[],39.0,76.0,106.0,
5.699551569506727,3.5468993915108133,2.0,0.0,0.0,[24],47.0,57.0,117.0,
5.73542600896861,3.3794491091985432,0.0,0.0,0.0,"[15, 24]",34.0,76.0,113.0,
5.896860986547085,3.3882599394859225,0.0,0.0,1.0,[23],34.0,70.0,119.0,
5.802690582959642,3.4688565408686385,3.0,0.0,1.0,[23],37.0,65.0,118.0,
5.668161434977579,3.359432026606421,1.0,1.0,1.0,[],31.0,81.0,110.0,
6.089686098654709,3.4485969715513685,1.0,0.0,1.0,[22],38.0,56.0,128.0,
5.681614349775785,3.4421830876875985,2.0,0.0,0.0,[],37.0,71.0,113.0,
5.995515695067264,3.432092522020277,0.0,0.0,1.0,[23],38.0,61.0,124.0,
5.63677130044843,3.489739448788962,2.0,0.0,0.0,[23],42.0,66.0,113.0,
5.8923766816143495,3.395424213143558,1.0,1.0,1.0,[22],33.0,70.0,119.0,
5.739910313901345,3.376465179597931,1.0,0.0,1.0,[15],32.0,77.0,113.0,
5.955156950672646,3.4219426872077805,3.0,0.0,1.0,[23],32.0,66.0,122.0,
5.645739910313901,3.480326595497601,2.0,0.0,1.0,[23],41.0,67.0,113.0,
5.699551569506727,3.422810311518141,2.0,0.0,0.0,[23],35.0,73.0,113.0,
5.573991031390134,3.366855637356922,2.0,0.0,0.0,"[15, 23]",31.0,83.0,107.0,
5.551569506726457,3.424314852673034,3.0,0.0,0.0,"[22, 24]",35.0,77.0,108.0,
5.959641255605381,3.41475123498753,2.0,0.0,0.0,[23],33.0,66.0,122.0,
5.461883408071749,3.4805935660359246,1.0,0.0,1.0,[],45.0,70.0,107.0,
5.672645739910314,3.482972182028062,2.0,0.0,0.0,[23],41.0,66.0,114.0,
5.766816143497758,3.534816813851315,1.0,0.0,0.0,[22],47.0,56.0,119.0,
5.995515695067264,3.336256949196039,0.0,0.0,1.0,"[15, 23]",29.0,73.0,121.0,
5.677130044843049,3.4135087778861584,1.0,1.0,1.0,[8],36.0,74.0,112.0,
6.112107623318385,3.482386381101896,0.0,0.0,0.0,[],43.0,50.0,130.0,
5.789237668161435,3.44656387861672,0.0,0.0,1.0,[22],40.0,66.0,117.0,
5.690582959641255,3.463874194222708,2.0,0.0,0.0,[23],39.0,68.0,114.0,
5.573991031390134,3.489062154883447,0.0,0.0,0.0,"[29, 23]",46.0,66.0,111.0,
5.757847533632287,3.482856189668267,1.0,1.0,0.0,[23],42.0,63.0,117.0,
5.600896860986548,3.465063615387717,2.0,0.0,2.0,[22],40.0,70.0,111.0,
5.63677130044843,3.5473492675291074,0.0,0.0,0.0,[],51.0,57.0,115.0,
5.726457399103139,3.456495322717765,2.0,0.0,0.0,[],38.0,68.0,115.0,
5.834080717488789,3.396381876248782,0.0,0.0,0.0,[],35.0,71.0,117.0,
5.780269058295964,3.456442726804241,0.0,0.0,0.0,[23],41.0,65.0,117.0,
5.695067264573991,3.457114725487835,1.0,0.0,1.0,"[23, 30]",40.0,68.0,114.0,
5.834080717488789,3.400358345283365,2.0,0.0,0.0,[15],32.0,72.0,117.0,
5.542600896860987,3.433634176104744,3.0,0.0,0.0,[22],36.0,76.0,108.0,
5.582959641255606,3.4210630339336947,2.0,0.0,0.0,[],36.0,76.0,109.0,
6.300448430493273,3.439876094534806,0.0,0.0,0.0,[15],40.0,47.0,136.0,
5.7309417040358746,3.4221433817733447,3.0,0.0,0.0,[23],33.0,73.0,114.0,
5.739910313901345,3.471190827034137,1.0,0.0,2.0,[22],41.0,65.0,116.0,
5.573991031390134,3.4027871114786667,4.0,0.0,1.0,[29],31.0,80.0,108.0,
5.869955156950673,3.423046361704212,2.0,0.0,2.0,[23],34.0,68.0,119.0,
5.7174887892376685,3.399259189115132,0.0,1.0,0.0,[],36.0,74.0,113.0,
5.811659192825112,3.455045720156583,1.0,1.0,0.0,[23],39.0,65.0,118.0,
5.591928251121076,3.4392183474847533,0.0,0.0,0.0,[],41.0,72.0,110.0,
5.632286995515695,3.492493580918661,1.0,0.0,0.0,[23],44.0,65.0,113.0,
5.744394618834081,3.464381497307973,0.0,0.0,0.0,[22],42.0,65.0,116.0,
5.533632286995516,3.50128532245276,1.0,0.0,1.0,[23],46.0,66.0,110.0,
5.663677130044843,3.3623349517437804,0.0,0.0,0.0,[],33.0,80.0,110.0,
5.506726457399103,3.4352045392726174,1.0,0.0,0.0,[],40.0,75.0,107.0,
5.62780269058296,3.468070330421441,2.0,0.0,0.0,[],40.0,69.0,112.0,
5.663677130044843,3.457447754683576,0.0,0.0,0.0,[23],42.0,68.0,113.0,
5.461883408071749,3.5115164513564348,1.0,0.0,0.0,[22],48.0,66.0,108.0,
5.811659192825112,3.3918886325968733,1.0,0.0,1.0,[23],33.0,73.0,116.0,
5.789237668161435,3.383248459240482,0.0,0.0,0.0,"[29, 24]",34.0,74.0,115.0,
5.663677130044843,3.4924473109282186,2.0,0.0,0.0,"[23, 29, 31]",42.0,65.0,114.0,
5.901345291479821,3.385068961739514,1.0,0.0,0.0,[24],32.0,71.0,119.0,
5.394618834080718,3.486959969878572,2.0,0.0,1.0,[],45.0,71.0,105.0,
5.780269058295964,3.4289658987060148,2.0,0.0,0.0,[22],35.0,70.0,116.0,
5.461883408071749,3.4179085914486134,1.0,0.0,0.0,[],39.0,78.0,105.0,
5.7757847533632285,3.43195715290942,1.0,0.0,1.0,[29],37.0,69.0,116.0,
5.771300448430493,3.46627011085348,0.0,0.0,0.0,[],42.0,64.0,117.0,
5.973094170403588,3.5258623410236463,3.0,0.0,1.0,"[22, 30]",42.0,52.0,126.0,
5.591928251121076,3.4076394506255414,0.0,1.0,0.0,"[29, 30]",38.0,76.0,109.0,
5.605381165919282,3.3953290268992986,1.0,1.0,0.0,[],35.0,78.0,109.0,
5.322869955156951,3.494367000654684,2.0,0.0,0.0,[22],47.0,71.0,103.0,
5.381165919282512,3.501994860629912,3.0,0.0,0.0,[29],45.0,70.0,105.0,
5.645739910313901,3.4491240909992937,2.0,0.0,0.0,[23],38.0,71.0,112.0,
5.542600896860987,3.49216967811129,1.0,0.0,1.0,[],45.0,67.0,110.0,
5.663677130044843,3.4260368883230496,0.0,0.0,0.0,[23],39.0,72.0,112.0,
5.789237668161435,3.481672846869558,2.0,1.0,0.0,[],40.0,63.0,118.0,
5.79372197309417,3.443567714890696,1.0,0.0,1.0,"[23, 15]",38.0,67.0,117.0,
5.609865470852018,3.459585388872699,4.0,0.0,0.0,[],36.0,72.0,111.0,
5.466367713004484,3.474163168308872,0.0,0.0,0.0,"[22, 30]",46.0,70.0,107.0,
5.744394618834081,3.530070625122009,2.0,0.0,0.0,[22],45.0,58.0,118.0,
5.663677130044843,3.4299789776582177,2.0,0.0,0.0,[24],36.0,73.0,112.0,
5.7040358744394615,3.4513780820672046,3.0,0.0,0.0,[23],36.0,70.0,114.0,
5.434977578475336,3.541775891196248,3.0,0.0,0.0,[23],48.0,64.0,108.0,
6.00896860986547,3.449756528019597,1.0,0.0,0.0,[22],38.0,59.0,125.0,
5.641255605381166,3.483099769162399,1.0,0.0,0.0,[],43.0,66.0,113.0,
5.677130044843049,3.507234070511192,1.0,0.0,0.0,[],45.0,62.0,115.0,
5.551569506726457,3.45182870366221,1.0,0.0,1.0,[22],41.0,72.0,109.0,
5.941704035874439,3.431598104622729,0.0,0.0,1.0,[22],38.0,63.0,122.0,
5.910313901345291,3.43813161471768,1.0,0.0,1.0,[],37.0,64.0,121.0,
5.659192825112108,3.432816361875873,1.0,0.0,0.0,[],38.0,72.0,112.0,
5.99103139013453,3.4392946995774807,1.0,0.0,0.0,[],37.0,61.0,124.0,
6.004484304932736,3.4215766844592914,0.0,0.0,0.0,[22],37.0,62.0,124.0,
6.0,3.332882852442928,1.0,0.0,1.0,[23],27.0,74.0,121.0,
5.869955156950673,3.387329796629374,0.0,0.0,1.0,[22],34.0,71.0,118.0,
5.408071748878924,3.440527844776839,1.0,0.0,0.0,[23],42.0,76.0,104.0,
5.744394618834081,3.436968136264961,2.0,0.0,1.0,[23],36.0,70.0,115.0,
5.618834080717488,3.446241520336456,2.0,0.0,0.0,[],38.0,72.0,111.0,
5.62780269058296,3.4367565524100288,2.0,0.0,0.0,"[15, 22]",37.0,73.0,111.0,
5.42152466367713,3.393406883582061,0.0,1.0,0.0,[],39.0,81.0,103.0,
6.062780269058296,3.417707648207778,1.0,0.0,0.0,"[15, 22]",35.0,61.0,126.0,
5.632286995515695,3.496360742226849,3.0,0.0,0.0,[],41.0,66.0,113.0,
5.645739910313901,3.381863027334526,0.0,0.0,0.0,[23],35.0,78.0,110.0,
5.986547085201794,3.3186340137724724,2.0,0.0,1.0,"[23, 15]",24.0,77.0,120.0,
5.726457399103139,3.45258350933656,0.0,1.0,0.0,[],41.0,67.0,115.0,
5.448430493273543,3.433510633928517,2.0,0.0,0.0,[],39.0,77.0,105.0,
5.9058295964125564,3.3818690002416987,2.0,0.0,0.0,[24],30.0,72.0,119.0,
5.551569506726457,3.420366235245886,1.0,0.0,0.0,[23],38.0,76.0,108.0,
5.556053811659193,3.5151213423074483,4.0,0.0,1.0,[23],42.0,66.0,111.0,
5.968609865470852,3.494384342440744,0.0,0.0,2.0,[],44.0,54.0,125.0,
5.771300448430493,3.4072896965169823,2.0,0.0,0.0,[23],33.0,73.0,115.0,
5.726457399103139,3.456495322717765,2.0,0.0,0.0,[22],38.0,68.0,115.0,
6.071748878923767,3.473744518772097,3.0,0.0,2.0,[23],37.0,55.0,128.0,
5.650224215246637,3.442394338005148,1.0,0.0,0.0,[30],39.0,71.0,112.0,
5.506726457399103,3.4352045392726174,1.0,0.0,0.0,[23],40.0,75.0,107.0,
5.721973094170403,3.364334888579919,1.0,0.0,1.0,[23],31.0,79.0,112.0,
5.461883408071749,3.386130966646451,1.0,0.0,0.0,[],36.0,82.0,104.0,
5.609865470852018,3.4242499645408806,2.0,0.0,1.0,[],36.0,75.0,110.0,
5.860986547085202,3.405540387170152,4.0,0.0,0.0,[],29.0,72.0,118.0,
5.650224215246637,3.414804473046841,3.0,0.0,1.0,[23],33.0,76.0,111.0,
5.816143497757848,3.452027660709953,2.0,0.0,1.0,[22],37.0,66.0,118.0,
6.022421524663677,3.3684331457745484,0.0,0.0,0.0,[23],32.0,68.0,123.0,
5.937219730941704,3.535611034663989,3.0,0.0,2.0,[],43.0,52.0,125.0,
5.914798206278027,3.403351002274295,2.0,0.0,0.0,"[15, 22]",32.0,69.0,120.0,
5.524663677130045,3.448210366076837,1.0,1.0,0.0,[],41.0,73.0,108.0,
5.708520179372197,3.440651134988706,0.0,0.0,0.0,[],40.0,69.0,114.0,
5.762331838565022,3.448725830412025,2.0,0.0,0.0,"[15, 24]",37.0,68.0,116.0,
5.807174887892376,3.523862362061539,2.0,0.0,0.0,[],44.0,57.0,120.0,
5.42152466367713,3.3973868346965057,2.0,0.0,1.0,[23],36.0,82.0,103.0,
5.520179372197309,3.4547650816636555,2.0,0.0,1.0,"[23, 29]",40.0,73.0,108.0,
5.771300448430493,3.375412102214273,2.0,0.0,0.0,[22],30.0,77.0,114.0,
5.932735426008969,3.346364863408451,0.0,0.0,0.0,[23],30.0,74.0,119.0,
5.860986547085202,3.560728353824272,4.0,0.0,2.0,[],44.0,52.0,123.0,
5.820627802690583,3.4135561178709457,1.0,0.0,1.0,[],35.0,70.0,117.0,
5.376681614349776,3.504410827089313,2.0,0.0,0.0,[],47.0,69.0,105.0,
5.914798206278027,3.462398511160558,0.0,0.0,0.0,[30],41.0,60.0,122.0,
5.887892376681615,3.4616283398337004,0.0,0.0,1.0,"[23, 30]",41.0,61.0,121.0,
6.0,3.4288127328211955,1.0,0.0,0.0,[23],36.0,62.0,124.0,
5.780269058295964,3.456442726804241,0.0,0.0,1.0,[23],41.0,65.0,117.0,
6.0807174887892375,3.459252565471303,1.0,0.0,1.0,[],39.0,55.0,128.0,
5.699551569506727,3.422810311518141,2.0,0.0,0.0,"[23, 15]",35.0,73.0,113.0,
5.838565022421525,3.428936444259511,3.0,0.0,1.0,[22],33.0,69.0,118.0,
5.84304932735426,3.453361547106432,2.0,0.0,0.0,[22],37.0,65.0,119.0,
5.654708520179372,3.404033481942905,0.0,1.0,0.0,[],37.0,75.0,111.0,
5.632286995515695,3.430026090327248,1.0,0.0,0.0,[],38.0,73.0,111.0,
5.896860986547085,3.420017782664494,0.0,0.0,0.0,[],37.0,66.0,120.0,
5.659192825112108,3.4680645059753354,3.0,0.0,1.0,[23],38.0,69.0,113.0,
5.663677130044843,3.461354070792748,2.0,1.0,1.0,[23],39.0,69.0,113.0,
5.5874439461883405,3.382549842523998,1.0,0.0,0.0,[15],34.0,80.0,108.0,
5.596412556053812,3.471685424240894,3.0,1.0,1.0,[31],39.0,70.0,111.0,
5.847533632286996,3.446382189475776,1.0,0.0,0.0,[],38.0,65.0,119.0,
5.484304932735426,3.491105214442684,2.0,0.0,1.0,[],44.0,69.0,108.0,
5.766816143497758,3.382436378327301,3.0,0.0,0.0,[],29.0,77.0,114.0,
6.098654708520179,3.469188442893929,1.0,0.0,0.0,[],40.0,53.0,129.0,
5.659192825112108,3.5565563455718747,1.0,0.0,1.0,[],50.0,56.0,116.0,
5.565022421524664,3.5021275225467865,2.0,0.0,1.0,[22],44.0,66.0,111.0,
5.780269058295964,3.425022643350219,0.0,0.0,0.0,[22],38.0,69.0,116.0,
5.757847533632287,3.4516765522995256,1.0,0.0,1.0,[23],39.0,67.0,116.0,
5.9192825112107625,3.459252565471303,1.0,0.0,1.0,"[23, 29]",39.0,61.0,122.0,
5.686098654708521,3.4353926994206083,1.0,0.0,1.0,"[22, 15]",38.0,71.0,113.0,
5.466367713004484,3.4429048060929195,0.0,0.0,0.0,[30],43.0,74.0,106.0,
5.309417040358745,3.4114606949284423,1.0,0.0,0.0,[22],41.0,81.0,100.0,
5.417040358744394,3.466841155499187,3.0,0.0,2.0,"[23, 29]",41.0,74.0,105.0,
5.63677130044843,3.5244183440217665,4.0,0.0,0.0,[],42.0,63.0,114.0,
5.600896860986548,3.465063615387717,2.0,0.0,0.0,"[23, 15]",40.0,70.0,111.0,
5.7174887892376685,3.462281829547689,0.0,0.0,0.0,"[29, 22]",42.0,66.0,115.0,
5.713004484304933,3.500085125731542,1.0,0.0,1.0,[],44.0,62.0,116.0,
5.475336322869955,3.370255657541163,0.0,0.0,0.0,[23],36.0,83.0,104.0,
5.789237668161435,3.512586230805585,2.0,0.0,0.0,"[23, 8]",43.0,59.0,119.0,
5.672645739910314,3.482972182028062,2.0,0.0,2.0,[22],41.0,66.0,114.0,
6.20627802690583,3.4644339726976576,1.0,0.0,2.0,"[23, 30]",40.0,49.0,133.0,
5.506726457399103,3.470428427425415,3.0,0.0,0.0,[22],40.0,72.0,108.0,
5.475336322869955,3.441672512554718,4.0,0.0,0.0,[],36.0,77.0,106.0,
5.7174887892376685,3.466182697758893,2.0,1.0,0.0,[],39.0,67.0,115.0,
5.650224215246637,3.442394338005148,1.0,0.0,0.0,[],39.0,71.0,112.0,
5.62780269058296,3.3692486018508347,0.0,0.0,0.0,[23],34.0,80.0,109.0,
5.9641255605381165,3.5359880842433964,3.0,0.0,1.0,[],43.0,51.0,126.0,
5.865470852017937,3.4261606999912586,1.0,0.0,0.0,[],36.0,67.0,119.0,
5.713004484304933,3.5346625200449373,3.0,0.0,1.0,[22],44.0,59.0,117.0,
5.556053811659193,3.507424125635687,0.0,0.0,1.0,[23],48.0,64.0,111.0,
5.726457399103139,3.3933652151717104,2.0,0.0,0.0,[24],32.0,76.0,113.0,
5.726457399103139,3.3933652151717104,2.0,0.0,0.0,[24],32.0,76.0,113.0,
5.726457399103139,3.3933652151717104,2.0,0.0,0.0,[24],32.0,76.0,113.0,
5.726457399103139,3.3933652151717104,2.0,0.0,0.0,[24],32.0,76.0,113.0,
5.726457399103139,3.3933652151717104,2.0,0.0,0.0,[24],32.0,76.0,113.0,
5.726457399103139,3.3933652151717104,2.0,0.0,0.0,[24],32.0,76.0,113.0,
5.726457399103139,3.3933652151717104,2.0,0.0,0.0,[24],32.0,76.0,113.0,
5.726457399103139,3.3933652151717104,2.0,0.0,0.0,[24],32.0,76.0,113.0,
5.7757847533632285,3.368367181138912,1.0,0.0,0.0,[24],31.0,77.0,114.0,
5.7757847533632285,3.368367181138912,1.0,0.0,0.0,[24],31.0,77.0,114.0,
5.7757847533632285,3.368367181138912,1.0,0.0,0.0,[24],31.0,77.0,114.0,
5.7757847533632285,3.368367181138912,1.0,0.0,0.0,[24],31.0,77.0,114.0,
5.7757847533632285,3.368367181138912,1.0,0.0,0.0,[24],31.0,77.0,114.0,
5.7757847533632285,3.368367181138912,1.0,0.0,0.0,[24],31.0,77.0,114.0,
5.7757847533632285,3.368367181138912,1.0,0.0,0.0,[24],31.0,77.0,114.0,
5.7757847533632285,3.368367181138912,1.0,0.0,0.0,[24],31.0,77.0,114.0,
5.7757847533632285,3.368367181138912,1.0,0.0,0.0,[24],31.0,77.0,114.0,
5.7757847533632285,3.368367181138912,1.0,0.0,0.0,[24],31.0,77.0,114.0,
5.7757847533632285,3.368367181138912,1.0,0.0,0.0,[24],31.0,77.0,114.0,
5.7757847533632285,3.368367181138912,1.0,0.0,0.0,[24],31.0,77.0,114.0,
5.7757847533632285,3.368367181138912,1.0,0.0,0.0,[24],31.0,77.0,114.0,
5.7757847533632285,3.368367181138912,1.0,0.0,0.0,[24],31.0,77.0,114.0,
5.7757847533632285,3.368367181138912,1.0,0.0,0.0,[24],31.0,77.0,114.0,
5.7757847533632285,3.368367181138912,1.0,0.0,0.0,[24],31.0,77.0,114.0,
5.7757847533632285,3.368367181138912,1.0,0.0,0.0,[24],31.0,77.0,114.0,
5.7757847533632285,3.368367181138912,1.0,0.0,0.0,[24],31.0,77.0,114.0,
5.7757847533632285,3.368367181138912,1.0,0.0,0.0,[24],31.0,77.0,114.0,
5.7757847533632285,3.368367181138912,1.0,0.0,0.0,[24],31.0,77.0,114.0,
5.7757847533632285,3.368367181138912,1.0,0.0,0.0,[24],31.0,77.0,114.0,
5.7757847533632285,3.368367181138912,1.0,0.0,0.0,[24],31.0,77.0,114.0,
5.7757847533632285,3.368367181138912,1.0,0.0,0.0,[24],31.0,77.0,114.0,
5.7757847533632285,3.368367181138912,1.0,0.0,0.0,[24],31.0,77.0,114.0,
5.7757847533632285,3.368367181138912,1.0,0.0,0.0,[24],31.0,77.0,114.0,
5.7757847533632285,3.368367181138912,1.0,0.0,0.0,[24],31.0,77.0,114.0,
5.7757847533632285,3.368367181138912,1.0,0.0,0.0,[24],31.0,77.0,114.0,
5.7757847533632285,3.368367181138912,1.0,0.0,0.0,[24],31.0,77.0,114.0,
5.7757847533632285,3.368367181138912,1.0,0.0,0.0,[24],31.0,77.0,114.0,
5.7757847533632285,3.368367181138912,1.0,0.0,0.0,[24],31.0,77.0,114.0,
5.7757847533632285,3.368367181138912,1.0,0.0,0.0,[24],31.0,77.0,114.0,
5.7757847533632285,3.368367181138912,1.0,0.0,0.0,[24],31.0,77.0,114.0,
5.7757847533632285,3.368367181138912,1.0,0.0,0.0,[24],31.0,77.0,114.0,
5.7757847533632285,3.368367181138912,1.0,0.0,0.0,[24],31.0,77.0,114.0,
5.7757847533632285,3.368367181138912,1.0,0.0,0.0,[24],31.0,77.0,114.0,
5.7757847533632285,3.368367181138912,1.0,0.0,0.0,[24],31.0,77.0,114.0,
5.7757847533632285,3.368367181138912,1.0,0.0,0.0,[24],31.0,77.0,114.0,
5.7757847533632285,3.368367181138912,1.0,0.0,0.0,[24],31.0,77.0,114.0,
5.7757847533632285,3.368367181138912,1.0,0.0,0.0,[24],31.0,77.0,114.0,
5.7757847533632285,3.368367181138912,1.0,0.0,0.0,[24],31.0,77.0,114.0,
5.7757847533632285,3.368367181138912,1.0,0.0,0.0,[24],31.0,77.0,114.0,
5.7757847533632285,3.368367181138912,1.0,0.0,0.0,[24],31.0,77.0,114.0,
5.7757847533632285,3.368367181138912,1.0,0.0,0.0,[24],31.0,77.0,114.0,
5.7757847533632285,3.368367181138912,1.0,0.0,0.0,[24],31.0,77.0,114.0,
5.7757847533632285,3.368367181138912,1.0,0.0,0.0,[24],31.0,77.0,114.0,
5.7757847533632285,3.368367181138912,1.0,0.0,0.0,[24],31.0,77.0,114.0,
5.7757847533632285,3.368367181138912,1.0,0.0,0.0,[24],31.0,77.0,114.0,
5.7757847533632285,3.368367181138912,1.0,0.0,0.0,[24],31.0,77.0,114.0,
5.7757847533632285,3.368367181138912,1.0,0.0,0.0,[24],31.0,77.0,114.0,
5.7757847533632285,3.368367181138912,1.0,0.0,0.0,[24],31.0,77.0,114.0,
5.7757847533632285,3.368367181138912,1.0,0.0,0.0,[24],31.0,77.0,114.0,
5.7757847533632285,3.368367181138912,1.0,0.0,0.0,[24],31.0,77.0,114.0,
5.7757847533632285,3.368367181138912,1.0,0.0,0.0,[24],31.0,77.0,114.0,
5.7757847533632285,3.368367181138912,1.0,0.0,0.0,[24],31.0,77.0,114.0,
5.7757847533632285,3.368367181138912,1.0,0.0,0.0,[24],31.0,77.0,114.0,
5.7757847533632285,3.368367181138912,1.0,0.0,0.0,[24],31.0,77.0,114.0,
5.7757847533632285,3.368367181138912,1.0,0.0,0.0,[24],31.0,77.0,114.0,
5.7757847533632285,3.368367181138912,1.0,0.0,0.0,[24],31.0,77.0,114.0,
5.7757847533632285,3.368367181138912,1.0,0.0,0.0,[24],31.0,77.0,114.0,
5.7757847533632285,3.368367181138912,1.0,0.0,0.0,[24],31.0,77.0,114.0,
5.7757847533632285,3.368367181138912,1.0,0.0,0.0,[24],31.0,77.0,114.0,
5.7757847533632285,3.368367181138912,1.0,0.0,0.0,[24],31.0,77.0,114.0,
5.7757847533632285,3.368367181138912,1.0,0.0,0.0,[24],31.0,77.0,114.0,
5.7757847533632285,3.368367181138912,1.0,0.0,0.0,[24],31.0,77.0,114.0,
5.7757847533632285,3.368367181138912,1.0,0.0,0.0,[24],31.0,77.0,114.0,
5.7757847533632285,3.368367181138912,1.0,0.0,0.0,[24],31.0,77.0,114.0,
5.7757847533632285,3.368367181138912,1.0,0.0,0.0,[24],31.0,77.0,114.0,
5.7757847533632285,3.368367181138912,1.0,0.0,0.0,[24],31.0,77.0,114.0,
5.7757847533632285,3.368367181138912,1.0,0.0,0.0,[24],31.0,77.0,114.0,
5.7757847533632285,3.368367181138912,1.0,0.0,0.0,[24],31.0,77.0,114.0,
5.7757847533632285,3.368367181138912,1.0,0.0,0.0,[24],31.0,77.0,114.0,
5.7757847533632285,3.368367181138912,1.0,0.0,0.0,[24],31.0,77.0,114.0,
5.7757847533632285,3.368367181138912,1.0,0.0,0.0,[24],31.0,77.0,114.0,
5.7757847533632285,3.368367181138912,1.0,0.0,0.0,[24],31.0,77.0,114.0,
5.7757847533632285,3.368367181138912,1.0,0.0,0.0,[24],31.0,77.0,114.0,
5.7757847533632285,3.368367181138912,1.0,0.0,0.0,[24],31.0,77.0,114.0,
5.7757847533632285,3.368367181138912,1.0,0.0,0.0,[24],31.0,77.0,114.0,
5.7757847533632285,3.368367181138912,1.0,0.0,0.0,[24],31.0,77.0,114.0,
5.7757847533632285,3.368367181138912,1.0,0.0,0.0,[24],31.0,77.0,114.0,
5.7757847533632285,3.368367181138912,1.0,0.0,0.0,[24],31.0,77.0,114.0,
5.7757847533632285,3.368367181138912,1.0,0.0,0.0,[24],31.0,77.0,114.0,
5.7757847533632285,3.368367181138912,1.0,0.0,0.0,[24],31.0,77.0,114.0,
5.7757847533632285,3.368367181138912,1.0,0.0,0.0,[24],31.0,77.0,114.0,
5.7757847533632285,3.368367181138912,1.0,0.0,0.0,[24],31.0,77.0,114.0,
6.623318385650224,3.199351528040605,0.0,0.0,2.0,"[12, 23]",22.0,59.0,142.0,
6.376681614349776,3.311431703916825,1.0,1.0,0.0,"[23, 31]",27.0,60.0,135.0,
6.475336322869955,3.3095645924778103,1.0,1.0,0.0,[23],28.0,55.0,139.0,
6.452914798206278,3.309320447771912,2.0,0.0,0.0,"[15, 23]",26.0,57.0,138.0,
6.452914798206278,3.309320447771912,2.0,0.0,0.0,"[15, 23]",26.0,57.0,138.0,
6.452914798206278,3.309320447771912,2.0,0.0,0.0,"[15, 23]",26.0,57.0,138.0,
6.439461883408072,3.3253955501537,1.0,1.0,0.0,[15],29.0,55.0,138.0,
6.515695067264574,3.251953721333728,0.0,0.0,0.0,"[23, 15]",25.0,59.0,139.0,
6.515695067264574,3.251953721333728,0.0,0.0,0.0,"[23, 15]",25.0,59.0,139.0,
6.515695067264574,3.251953721333728,0.0,0.0,0.0,"[23, 15]",25.0,59.0,139.0,
6.515695067264574,3.251953721333728,0.0,0.0,0.0,"[23, 15]",25.0,59.0,139.0,
6.515695067264574,3.251953721333728,0.0,0.0,0.0,"[23, 15]",25.0,59.0,139.0,
6.515695067264574,3.251953721333728,0.0,0.0,0.0,"[23, 15]",25.0,59.0,139.0,
6.515695067264574,3.251953721333728,0.0,0.0,0.0,"[23, 15]",25.0,59.0,139.0,
6.515695067264574,3.251953721333728,0.0,0.0,0.0,"[23, 15]",25.0,59.0,139.0,
6.515695067264574,3.251953721333728,0.0,0.0,0.0,"[23, 15]",25.0,59.0,139.0,
6.515695067264574,3.251953721333728,0.0,0.0,0.0,"[23, 15]",25.0,59.0,139.0,
6.515695067264574,3.251953721333728,0.0,0.0,0.0,"[23, 15]",25.0,59.0,139.0,
6.515695067264574,3.251953721333728,0.0,0.0,0.0,"[23, 15]",25.0,59.0,139.0,
6.515695067264574,3.251953721333728,0.0,0.0,0.0,"[23, 15]",25.0,59.0,139.0,
6.515695067264574,3.251953721333728,0.0,0.0,0.0,"[23, 15]",25.0,59.0,139.0,
6.515695067264574,3.251953721333728,0.0,0.0,0.0,"[23, 15]",25.0,59.0,139.0,
6.515695067264574,3.251953721333728,0.0,0.0,0.0,"[23, 15]",25.0,59.0,139.0,
6.515695067264574,3.251953721333728,0.0,0.0,0.0,"[23, 15]",25.0,59.0,139.0,
6.515695067264574,3.251953721333728,0.0,0.0,0.0,"[23, 15]",25.0,59.0,139.0,
6.515695067264574,3.251953721333728,0.0,0.0,0.0,"[23, 15]",25.0,59.0,139.0,
6.515695067264574,3.251953721333728,0.0,0.0,0.0,"[23, 15]",25.0,59.0,139.0,
6.515695067264574,3.251953721333728,0.0,0.0,0.0,"[23, 15]",25.0,59.0,139.0,
6.515695067264574,3.251953721333728,0.0,0.0,0.0,"[23, 15]",25.0,59.0,139.0,
6.515695067264574,3.251953721333728,0.0,0.0,0.0,"[23, 15]",25.0,59.0,139.0,
6.515695067264574,3.251953721333728,0.0,0.0,0.0,"[23, 15]",25.0,59.0,139.0,
6.515695067264574,3.251953721333728,0.0,0.0,0.0,"[23, 15]",25.0,59.0,139.0,
6.515695067264574,3.251953721333728,0.0,0.0,0.0,"[23, 15]",25.0,59.0,139.0,
6.515695067264574,3.251953721333728,0.0,0.0,0.0,"[23, 15]",25.0,59.0,139.0,
6.515695067264574,3.251953721333728,0.0,0.0,0.0,"[23, 15]",25.0,59.0,139.0,
6.515695067264574,3.251953721333728,0.0,0.0,0.0,"[23, 15]",25.0,59.0,139.0,
6.515695067264574,3.251953721333728,0.0,0.0,0.0,"[23, 15]",25.0,59.0,139.0,
6.515695067264574,3.251953721333728,0.0,0.0,0.0,"[23, 15]",25.0,59.0,139.0,
6.515695067264574,3.251953721333728,0.0,0.0,0.0,"[23, 15]",25.0,59.0,139.0,
6.515695067264574,3.251953721333728,0.0,0.0,0.0,"[23, 15]",25.0,59.0,139.0,
6.515695067264574,3.251953721333728,0.0,0.0,0.0,"[23, 15]",25.0,59.0,139.0,
6.515695067264574,3.251953721333728,0.0,0.0,0.0,"[23, 15]",25.0,59.0,139.0,
6.515695067264574,3.251953721333728,0.0,0.0,0.0,"[23, 15]",25.0,59.0,139.0,
6.515695067264574,3.251953721333728,0.0,0.0,0.0,"[23, 15]",25.0,59.0,139.0,
6.515695067264574,3.251953721333728,0.0,0.0,0.0,"[23, 15]",25.0,59.0,139.0,
6.515695067264574,3.251953721333728,0.0,0.0,0.0,"[23, 15]",25.0,59.0,139.0,
6.515695067264574,3.251953721333728,0.0,0.0,0.0,"[23, 15]",25.0,59.0,139.0,
6.515695067264574,3.251953721333728,0.0,0.0,0.0,"[23, 15]",25.0,59.0,139.0,
6.515695067264574,3.251953721333728,0.0,0.0,0.0,"[23, 15]",25.0,59.0,139.0,
6.515695067264574,3.251953721333728,0.0,0.0,0.0,"[23, 15]",25.0,59.0,139.0,
6.515695067264574,3.251953721333728,0.0,0.0,0.0,"[23, 15]",25.0,59.0,139.0,
6.515695067264574,3.251953721333728,0.0,0.0,0.0,"[23, 15]",25.0,59.0,139.0,
6.515695067264574,3.251953721333728,0.0,0.0,0.0,"[23, 15]",25.0,59.0,139.0,
6.515695067264574,3.251953721333728,0.0,0.0,0.0,"[23, 15]",25.0,59.0,139.0,
6.515695067264574,3.251953721333728,0.0,0.0,0.0,"[23, 15]",25.0,59.0,139.0,
6.515695067264574,3.251953721333728,0.0,0.0,0.0,"[23, 15]",25.0,59.0,139.0,
6.515695067264574,3.251953721333728,0.0,0.0,0.0,"[23, 15]",25.0,59.0,139.0,
6.515695067264574,3.251953721333728,0.0,0.0,0.0,"[23, 15]",25.0,59.0,139.0,
6.515695067264574,3.251953721333728,0.0,0.0,0.0,"[23, 15]",25.0,59.0,139.0,
6.515695067264574,3.251953721333728,0.0,0.0,0.0,"[23, 15]",25.0,59.0,139.0,
6.515695067264574,3.251953721333728,0.0,0.0,0.0,"[23, 15]",25.0,59.0,139.0,
6.515695067264574,3.251953721333728,0.0,0.0,0.0,"[23, 15]",25.0,59.0,139.0,
6.515695067264574,3.251953721333728,0.0,0.0,0.0,"[23, 15]",25.0,59.0,139.0,
6.515695067264574,3.251953721333728,0.0,0.0,0.0,"[23, 15]",25.0,59.0,139.0,
6.515695067264574,3.251953721333728,0.0,0.0,0.0,"[23, 15]",25.0,59.0,139.0,
6.515695067264574,3.251953721333728,0.0,0.0,0.0,"[23, 15]",25.0,59.0,139.0,
6.515695067264574,3.251953721333728,0.0,0.0,0.0,"[23, 15]",25.0,59.0,139.0,
6.515695067264574,3.251953721333728,0.0,0.0,0.0,"[23, 15]",25.0,59.0,139.0,
6.515695067264574,3.251953721333728,0.0,0.0,0.0,"[23, 15]",25.0,59.0,139.0,
6.515695067264574,3.251953721333728,0.0,0.0,0.0,"[23, 15]",25.0,59.0,139.0,
6.515695067264574,3.251953721333728,0.0,0.0,0.0,"[23, 15]",25.0,59.0,139.0,
6.515695067264574,3.251953721333728,0.0,0.0,0.0,"[23, 15]",25.0,59.0,139.0,
6.515695067264574,3.251953721333728,0.0,0.0,0.0,"[23, 15]",25.0,59.0,139.0,
6.515695067264574,3.251953721333728,0.0,0.0,0.0,"[23, 15]",25.0,59.0,139.0,
6.515695067264574,3.251953721333728,0.0,0.0,0.0,"[23, 15]",25.0,59.0,139.0,
6.515695067264574,3.251953721333728,0.0,0.0,0.0,"[23, 15]",25.0,59.0,139.0,
6.515695067264574,3.251953721333728,0.0,0.0,0.0,"[23, 15]",25.0,59.0,139.0,
6.515695067264574,3.251953721333728,0.0,0.0,0.0,"[23, 15]",25.0,59.0,139.0,
6.515695067264574,3.251953721333728,0.0,0.0,0.0,"[23, 15]",25.0,59.0,139.0,
6.515695067264574,3.251953721333728,0.0,0.0,0.0,"[23, 15]",25.0,59.0,139.0,
6.515695067264574,3.251953721333728,0.0,0.0,0.0,"[23, 15]",25.0,59.0,139.0,
6.515695067264574,3.251953721333728,0.0,0.0,0.0,"[23, 15]",25.0,59.0,139.0,
6.515695067264574,3.251953721333728,0.0,0.0,0.0,"[23, 15]",25.0,59.0,139.0,
6.515695067264574,3.251953721333728,0.0,0.0,0.0,"[23, 15]",25.0,59.0,139.0,
6.515695067264574,3.251953721333728,0.0,0.0,0.0,"[23, 15]",25.0,59.0,139.0,
6.515695067264574,3.251953721333728,0.0,0.0,0.0,"[23, 15]",25.0,59.0,139.0,
6.515695067264574,3.251953721333728,0.0,0.0,0.0,"[23, 15]",25.0,59.0,139.0,
6.515695067264574,3.251953721333728,0.0,0.0,0.0,"[23, 15]",25.0,59.0,139.0,
6.515695067264574,3.251953721333728,0.0,0.0,0.0,"[23, 15]",25.0,59.0,139.0,
6.515695067264574,3.251953721333728,0.0,0.0,0.0,"[23, 15]",25.0,59.0,139.0,
6.515695067264574,3.251953721333728,0.0,0.0,0.0,"[23, 15]",25.0,59.0,139.0,
6.515695067264574,3.251953721333728,0.0,0.0,0.0,"[23, 15]",25.0,59.0,139.0,
6.515695067264574,3.251953721333728,0.0,0.0,0.0,"[23, 15]",25.0,59.0,139.0,
6.515695067264574,3.251953721333728,0.0,0.0,0.0,"[23, 15]",25.0,59.0,139.0,
6.515695067264574,3.251953721333728,0.0,0.0,0.0,"[23, 15]",25.0,59.0,139.0,
6.515695067264574,3.251953721333728,0.0,0.0,0.0,"[23, 15]",25.0,59.0,139.0,
6.515695067264574,3.251953721333728,0.0,0.0,0.0,"[23, 15]",25.0,59.0,139.0,
6.515695067264574,3.251953721333728,0.0,0.0,0.0,"[23, 15]",25.0,59.0,139.0,
6.515695067264574,3.251953721333728,0.0,0.0,0.0,"[23, 15]",25.0,59.0,139.0,
6.515695067264574,3.251953721333728,0.0,0.0,0.0,"[23, 15]",25.0,59.0,139.0,
6.515695067264574,3.251953721333728,0.0,0.0,0.0,"[23, 15]",25.0,59.0,139.0,
6.515695067264574,3.251953721333728,0.0,0.0,0.0,"[23, 15]",25.0,59.0,139.0,
6.515695067264574,3.251953721333728,0.0,0.0,0.0,"[23, 15]",25.0,59.0,139.0,
6.515695067264574,3.251953721333728,0.0,0.0,0.0,"[23, 15]",25.0,59.0,139.0,
6.515695067264574,3.251953721333728,0.0,0.0,0.0,"[23, 15]",25.0,59.0,139.0,
6.515695067264574,3.251953721333728,0.0,0.0,0.0,"[23, 15]",25.0,59.0,139.0,
6.515695067264574,3.251953721333728,0.0,0.0,0.0,"[23, 15]",25.0,59.0,139.0,
6.515695067264574,3.251953721333728,0.0,0.0,0.0,"[23, 15]",25.0,59.0,139.0,
6.515695067264574,3.251953721333728,0.0,0.0,0.0,"[23, 15]",25.0,59.0,139.0,
6.515695067264574,3.251953721333728,0.0,0.0,0.0,"[23, 15]",25.0,59.0,139.0,
6.515695067264574,3.251953721333728,0.0,0.0,0.0,"[23, 15]",25.0,59.0,139.0,
6.515695067264574,3.251953721333728,0.0,0.0,0.0,"[23, 15]",25.0,59.0,139.0,
6.515695067264574,3.251953721333728,0.0,0.0,0.0,"[23, 15]",25.0,59.0,139.0,
6.515695067264574,3.251953721333728,0.0,0.0,0.0,"[23, 15]",25.0,59.0,139.0,
6.515695067264574,3.251953721333728,0.0,0.0,0.0,"[23, 15]",25.0,59.0,139.0,
6.515695067264574,3.251953721333728,0.0,0.0,0.0,"[23, 15]",25.0,59.0,139.0,
6.515695067264574,3.251953721333728,0.0,0.0,0.0,"[23, 15]",25.0,59.0,139.0,
6.515695067264574,3.251953721333728,0.0,0.0,0.0,"[23, 15]",25.0,59.0,139.0,
6.515695067264574,3.251953721333728,0.0,0.0,0.0,"[23, 15]",25.0,59.0,139.0,
6.515695067264574,3.251953721333728,0.0,0.0,0.0,"[23, 15]",25.0,59.0,139.0,
6.515695067264574,3.251953721333728,0.0,0.0,0.0,"[23, 15]",25.0,59.0,139.0,
6.515695067264574,3.251953721333728,0.0,0.0,0.0,"[23, 15]",25.0,59.0,139.0,
6.515695067264574,3.251953721333728,0.0,0.0,0.0,"[23, 15]",25.0,59.0,139.0,
6.515695067264574,3.251953721333728,0.0,0.0,0.0,"[23, 15]",25.0,59.0,139.0,
6.515695067264574,3.251953721333728,0.0,0.0,0.0,"[23, 15]",25.0,59.0,139.0,
6.515695067264574,3.251953721333728,0.0,0.0,0.0,"[23, 15]",25.0,59.0,139.0,
6.515695067264574,3.251953721333728,0.0,0.0,0.0,"[23, 15]",25.0,59.0,139.0,
5.8923766816143495,3.4585167369313083,1.0,2.0,0.0,"[23, 15]",39.0,62.0,121.0,
6.076233183856503,3.435181018529452,2.0,0.0,1.0,[23],35.0,59.0,127.0,
5.79372197309417,3.412029072388058,1.0,1.0,0.0,"[22, 6]",35.0,71.0,116.0,
6.147982062780269,3.379933226010452,2.0,0.0,0.0,"[23, 29, 30]",30.0,63.0,128.0,
6.403587443946188,3.3407645521638885,1.0,1.0,0.0,[],30.0,55.0,137.0,
6.201793721973094,3.4444885357006227,4.0,0.0,0.0,"[22, 15]",33.0,54.0,132.0,
6.044843049327354,3.4113955622974497,3.0,2.0,0.0,[22],31.0,64.0,125.0,
6.197309417040358,3.416519477592185,3.0,1.0,1.0,"[23, 16]",32.0,57.0,131.0,
6.394618834080718,3.320204014273887,1.0,0.0,0.0,[23],28.0,58.0,136.0,
6.085201793721973,3.3927460813637937,2.0,0.0,0.0,[22],31.0,64.0,126.0,
6.035874439461884,3.3903101219360856,3.0,0.0,0.0,[23],29.0,67.0,124.0,
5.982062780269058,3.390453111657377,3.0,0.0,0.0,[15],29.0,69.0,122.0,
6.291479820627803,3.359840871700551,2.0,1.0,0.0,[23],29.0,59.0,133.0,
6.098654708520179,3.4378848491612675,1.0,0.0,1.0,"[29, 23]",37.0,57.0,128.0,
6.309417040358745,3.4008810624556665,2.0,0.0,0.0,[23],33.0,53.0,135.0,
6.031390134529148,3.421434995464699,0.0,0.0,0.0,[23],37.0,61.0,125.0,
6.121076233183857,3.506577437187314,2.0,0.0,0.0,[],42.0,48.0,131.0,
6.582959641255606,3.2592316887675445,1.0,1.0,0.0,[22],25.0,55.0,142.0,
6.170403587443946,3.386196585235557,3.0,1.0,0.0,[23],29.0,62.0,129.0,
6.26457399103139,3.4883268237667435,2.0,0.0,0.0,[],41.0,44.0,136.0,
6.013452914798206,3.4738142971986345,0.0,1.0,1.0,[22],42.0,55.0,126.0,
6.174887892376682,3.4184049888150247,6.0,0.0,1.0,"[22, 12]",27.0,60.0,130.0,
6.197309417040358,3.4440956040673387,1.0,0.0,0.0,[22],38.0,52.0,132.0,
6.345291479820628,3.3827946733498613,0.0,0.0,0.0,[],35.0,52.0,136.0,
6.0,3.4288127328211955,1.0,1.0,0.0,[23],36.0,62.0,124.0,
6.1076233183856505,3.458516736931308,1.0,0.0,1.0,[],39.0,54.0,129.0,
6.067264573991031,3.4770748756600787,2.0,1.0,0.0,[],39.0,54.0,128.0,
6.309417040358745,3.332646477127468,0.0,1.0,0.0,[],30.0,60.0,133.0,
6.174887892376682,3.3424510698052017,0.0,0.0,0.0,[22],30.0,65.0,128.0,
,,,,,,,,,
,,,,,,,,,
,,,,,,,,,
,,,,,,,,,
,,,,,,,,,
,,,,,,,,,
,,,,,,,,,
,,,,,,,,,
,,,,,,,,,
,,,,,,,,,
,,,,,,,,,
,,,,,,,,,
,,,,,,,,,
,,,,,,,,,
,,,,,,,,,
,,,,,,,,,
,,,,,,,,,
,,,,,,,,,
2.457399103139013,0.8091406059390248,4.0,0.0,4.0,[23],33.0,143.0,,43.0
2.502242152466368,0.7282859023161599,3.0,0.0,2.0,[22],22.0,140.0,,58.0
2.5739910313901344,0.7245040179262456,1.0,0.0,2.0,[23],28.0,158.0,,36.0
2.457399103139013,0.7393242942520313,1.0,0.0,1.0,[],30.0,134.0,,58.0
2.4887892376681613,0.7030242684614897,1.0,0.0,2.0,"[22, 30]",24.0,135.0,,63.0
2.4887892376681613,0.7465294268204541,4.0,0.0,2.0,[23],22.0,139.0,,58.0
2.57847533632287,0.7302248253518461,3.0,0.0,3.0,[23],23.0,158.0,,39.0
2.533632286995516,0.7637560039354512,4.0,0.0,2.0,[],25.0,152.0,,42.0
2.551569506726457,0.7202256611853924,1.0,0.0,4.0,[23],27.0,152.0,,43.0
2.57847533632287,0.6588848127412219,1.0,1.0,3.0,[23],18.0,149.0,,55.0
2.493273542600897,0.752592846368447,4.0,1.0,4.0,[23],23.0,141.0,,55.0
2.57847533632287,0.7302248253518462,5.0,0.0,3.0,[23],17.0,156.0,,45.0
2.5426008968609866,0.7453921257165741,2.0,0.0,4.0,[],28.0,153.0,,40.0
2.457399103139013,0.7979288828970625,6.0,0.0,2.0,[23],25.0,139.0,,53.0
2.475336322869955,0.7581816493456142,5.0,1.0,2.0,[],21.0,137.0,,60.0
2.533632286995516,0.7397886167760441,0.0,1.0,4.0,[],33.0,152.0,,38.0
2.5201793721973096,0.7817144268581476,4.0,1.0,1.0,[22],28.0,152.0,,39.0
2.4798206278026904,0.7523512478311692,1.0,0.0,2.0,[],32.0,141.0,,49.0
2.4798206278026904,0.7523512478311692,1.0,0.0,2.0,[],32.0,141.0,,49.0
2.5605381165919283,0.7620879788479445,4.0,1.0,3.0,[22],25.0,158.0,,36.0
2.538116591928252,0.76354439320785,2.0,0.0,3.0,[23],31.0,155.0,,35.0
2.591928251121076,0.6707044530174062,2.0,0.0,2.0,[23],17.0,153.0,,51.0
2.286995515695067,0.8264552739257099,4.0,1.0,1.0,[],41.0,113.0,,65.0
2.430493273542601,0.7730617894838396,4.0,0.0,2.0,"[23, 22, 29]",27.0,131.0,,61.0
2.497757847533632,0.7405527486482519,3.0,1.0,4.0,[23],24.0,141.0,,55.0
2.515695067264574,0.7524586345356602,3.0,0.0,5.0,[23],26.0,147.0,,47.0
2.5112107623318387,0.7094026579135587,3.0,0.0,2.0,[23],19.0,139.0,,62.0
2.62780269058296,0.6510823397588674,1.0,0.0,3.0,[23],18.0,160.0,,44.0
2.533632286995516,0.7578352225506808,3.0,0.0,3.0,[23],27.0,152.0,,41.0
2.390134529147982,0.8138948068363382,5.0,1.0,2.0,[23],32.0,129.0,,57.0
2.506726457399103,0.7344174326484454,2.0,0.0,2.0,"[23, 22]",26.0,143.0,,52.0
2.551569506726457,0.732627477677403,1.0,0.0,2.0,[22],29.0,154.0,,39.0
2.551569506726457,0.732627477677403,1.0,0.0,2.0,[22],29.0,154.0,,39.0
2.596412556053812,0.7155830799747432,2.0,0.0,2.0,[23],24.0,161.0,,36.0
2.596412556053812,0.7155830799747432,2.0,0.0,2.0,[23],24.0,161.0,,36.0
2.493273542600897,0.7282581660159567,1.0,0.0,2.0,[],28.0,140.0,,54.0
2.506726457399103,0.7157806496063629,2.0,1.0,3.0,[23],23.0,140.0,,58.0
2.475336322869955,0.764099746377032,3.0,0.0,2.0,[23],28.0,140.0,,52.0
2.4529147982062782,0.8254281045439498,5.0,1.0,4.0,[],33.0,144.0,,41.0
2.600896860986547,0.6277366056485659,0.0,1.0,1.0,[],17.0,151.0,,55.0
2.5605381165919283,0.6742788454181393,1.0,2.0,2.0,[],20.0,147.0,,55.0
2.4887892376681613,0.7525391645076585,4.0,2.0,1.0,[23],23.0,140.0,,56.0
2.399103139013453,0.8205684160083562,4.0,0.0,2.0,[],36.0,133.0,,50.0
2.5605381165919283,0.7441445158552996,2.0,0.0,2.0,[23],28.0,157.0,,36.0
2.439461883408072,0.7738191684900053,3.0,1.0,3.0,[],30.0,134.0,,56.0
2.569506726457399,0.653033964804883,0.0,0.0,3.0,[23],20.0,147.0,,56.0
2.497757847533632,0.7094880749423743,1.0,1.0,3.0,[],25.0,138.0,,59.0
2.5201793721973096,0.7155266214887211,2.0,0.0,5.0,[23],23.0,143.0,,55.0
2.443946188340808,0.8083163665561977,5.0,0.0,4.0,[23],30.0,139.0,,49.0
2.596412556053812,0.6767607334147614,1.0,0.0,4.0,"[23, 12]",21.0,156.0,,45.0
2.4618834080717487,0.7694212431484801,4.0,0.0,3.0,"[23, 22]",26.0,137.0,,56.0
2.62780269058296,0.6848016195884223,3.0,0.0,2.0,[23],17.0,163.0,,40.0
2.551569506726457,0.7448228239426955,3.0,0.0,2.0,[],25.0,154.0,,41.0
2.4708520179372195,0.8370920765777997,6.0,1.0,4.0,[],32.0,149.0,,36.0
2.5560538116591927,0.6944092289647668,2.0,0.0,3.0,[23],20.0,148.0,,53.0
2.4260089686098656,0.7608942936080727,2.0,0.0,3.0,[23],31.0,130.0,,60.0
2.457399103139013,0.8091406059390248,4.0,0.0,4.0,[23],33.0,143.0,,43.0
2.502242152466368,0.7282859023161599,3.0,0.0,2.0,[22],22.0,140.0,,58.0
2.5739910313901344,0.7245040179262456,1.0,0.0,2.0,[23],28.0,158.0,,36.0
2.457399103139013,0.7393242942520313,1.0,0.0,1.0,[],30.0,134.0,,58.0
2.4484304932735426,0.8196817407891241,4.0,0.0,4.0,[23],35.0,143.0,,41.0
2.502242152466368,0.7282859023161599,3.0,0.0,2.0,[22],22.0,140.0,,58.0
2.5739910313901344,0.7245040179262456,1.0,0.0,2.0,[23],28.0,158.0,,36.0
2.4529147982062782,0.7451210838816007,1.0,0.0,1.0,[],31.0,134.0,,57.0
2.5201793721973096,0.6898857224374393,1.0,0.0,2.0,"[22, 30]",22.0,140.0,,60.0
2.5112107623318387,0.7343624221669146,4.0,0.0,1.0,[23],20.0,142.0,,57.0
2.569506726457399,0.7311371056764203,3.0,0.0,3.0,[23],23.0,156.0,,41.0
2.5426008968609866,0.7514109595216735,4.0,0.0,2.0,[],23.0,152.0,,44.0
2.569506726457399,0.737272321673547,3.0,0.0,3.0,[23],24.0,157.0,,39.0
2.5739910313901344,0.6594057793962559,1.0,1.0,3.0,[23],18.0,148.0,,56.0
2.5739910313901344,0.6594057793962559,1.0,1.0,3.0,[23],18.0,148.0,,56.0
2.4484304932735426,0.8196817407891241,4.0,0.0,4.0,[23],35.0,143.0,,41.0
2.502242152466368,0.7282859023161599,3.0,0.0,2.0,[22],22.0,140.0,,58.0
2.5739910313901344,0.7245040179262456,1.0,0.0,2.0,[23],28.0,158.0,,36.0
2.4529147982062782,0.7451210838816007,1.0,0.0,1.0,[],31.0,134.0,,57.0
2.5201793721973096,0.6898857224374393,1.0,0.0,2.0,"[22, 30]",22.0,140.0,,60.0
2.5112107623318387,0.7343624221669146,4.0,0.0,1.0,[23],20.0,142.0,,57.0
2.569506726457399,0.7311371056764203,3.0,0.0,3.0,[23],23.0,156.0,,41.0
2.5426008968609866,0.7514109595216735,4.0,0.0,2.0,[],23.0,152.0,,44.0
2.569506726457399,0.737272321673547,3.0,0.0,3.0,[23],24.0,157.0,,39.0
2.5739910313901344,0.6594057793962559,1.0,1.0,3.0,[23],18.0,148.0,,56.0
2.5739910313901344,0.6594057793962559,1.0,1.0,3.0,[23],18.0,148.0,,56.0
2.591928251121076,0.7161756253604568,5.0,0.0,3.0,[23],15.0,157.0,,46.0
2.533632286995516,0.7518678178572553,2.0,0.0,4.0,[],29.0,152.0,,40.0
2.457399103139013,0.7979288828970625,6.0,0.0,2.0,[23],25.0,139.0,,53.0
2.4798206278026904,0.7583148482801365,5.0,1.0,2.0,[],21.0,138.0,,59.0
2.5560538116591927,0.7136043751957165,0.0,1.0,4.0,[],29.0,153.0,,41.0
2.502242152466368,0.7934100167073531,4.0,1.0,1.0,[22],30.0,150.0,,39.0
2.4708520179372195,0.7580217797287929,1.0,0.0,3.0,[],33.0,140.0,,49.0
2.4708520179372195,0.7580217797287929,1.0,0.0,3.0,[],33.0,140.0,,49.0
2.569506726457399,0.7493920831740353,4.0,1.0,3.0,[22],23.0,158.0,,38.0
2.42152466367713,0.8284814112056391,6.0,2.0,2.0,[23],31.0,137.0,,49.0
2.42152466367713,0.8175349721542616,5.0,0.0,2.0,[23],32.0,136.0,,50.0
2.4260089686098656,0.7784517666961486,1.0,1.0,0.0,[23],37.0,134.0,,51.0
2.5829596412556053,0.6785492162727588,1.0,1.0,4.0,[23],21.0,153.0,,48.0
2.533632286995516,0.7637560039354511,5.0,0.0,4.0,[23],22.0,151.0,,45.0
2.5112107623318387,0.7761128978144357,5.0,0.0,2.0,[23],24.0,148.0,,46.0
2.5112107623318387,0.7989914055795323,4.0,1.0,3.0,[],31.0,153.0,,35.0
2.484304932735426,0.7464482484929958,3.0,0.0,1.0,[22],25.0,139.0,,56.0
2.391891891891892,0.8097410496234417,3.0,1.0,3.0,[29],0.1666666666666666,0.5855855855855856,,0.2342342342342342
2.391891891891892,0.8097410496234417,3.0,1.0,3.0,[29],0.1666666666666666,0.5855855855855856,,0.2342342342342342
2.391891891891892,0.8097410496234417,3.0,1.0,3.0,[29],0.1666666666666666,0.5855855855855856,,0.2342342342342342
2.391891891891892,0.8097410496234417,3.0,1.0,3.0,[29],0.1666666666666666,0.5855855855855856,,0.2342342342342342
2.391891891891892,0.8097410496234417,3.0,1.0,3.0,[29],0.1666666666666666,0.5855855855855856,,0.2342342342342342
2.391891891891892,0.8097410496234417,3.0,1.0,3.0,[29],0.1666666666666666,0.5855855855855856,,0.2342342342342342
2.391891891891892,0.8097410496234417,3.0,1.0,3.0,[29],0.1666666666666666,0.5855855855855856,,0.2342342342342342
2.391891891891892,0.8097410496234417,3.0,1.0,3.0,[29],0.1666666666666666,0.5855855855855856,,0.2342342342342342
2.391891891891892,0.8097410496234417,3.0,1.0,3.0,[29],0.1666666666666666,0.5855855855855856,,0.2342342342342342
2.391891891891892,0.8097410496234417,3.0,1.0,3.0,[29],0.1666666666666666,0.5855855855855856,,0.2342342342342342
2.391891891891892,0.8097410496234417,3.0,1.0,3.0,[29],0.1666666666666666,0.5855855855855856,,0.2342342342342342
2.391891891891892,0.8097410496234417,3.0,1.0,3.0,[29],0.1666666666666666,0.5855855855855856,,0.2342342342342342
2.391891891891892,0.8097410496234417,3.0,1.0,3.0,[29],0.1666666666666666,0.5855855855855856,,0.2342342342342342
2.391891891891892,0.8097410496234417,3.0,1.0,3.0,[29],0.1666666666666666,0.5855855855855856,,0.2342342342342342
2.391891891891892,0.8097410496234417,3.0,1.0,3.0,[29],0.1666666666666666,0.5855855855855856,,0.2342342342342342
2.391891891891892,0.8097410496234417,3.0,1.0,3.0,[29],0.1666666666666666,0.5855855855855856,,0.2342342342342342
2.391891891891892,0.8097410496234417,3.0,1.0,3.0,[29],0.1666666666666666,0.5855855855855856,,0.2342342342342342
2.391891891891892,0.8097410496234417,3.0,1.0,3.0,[29],0.1666666666666666,0.5855855855855856,,0.2342342342342342
2.391891891891892,0.8097410496234417,3.0,1.0,3.0,[29],0.1666666666666666,0.5855855855855856,,0.2342342342342342
2.391891891891892,0.8097410496234417,3.0,1.0,3.0,[29],0.1666666666666666,0.5855855855855856,,0.2342342342342342
2.391891891891892,0.8097410496234417,3.0,1.0,3.0,[29],0.1666666666666666,0.5855855855855856,,0.2342342342342342
2.391891891891892,0.8097410496234417,3.0,1.0,3.0,[29],0.1666666666666666,0.5855855855855856,,0.2342342342342342
2.391891891891892,0.8097410496234417,3.0,1.0,3.0,[29],0.1666666666666666,0.5855855855855856,,0.2342342342342342
2.391891891891892,0.8097410496234417,3.0,1.0,3.0,[29],0.1666666666666666,0.5855855855855856,,0.2342342342342342
2.391891891891892,0.8097410496234417,3.0,1.0,3.0,[29],0.1666666666666666,0.5855855855855856,,0.2342342342342342
2.391891891891892,0.8097410496234417,3.0,1.0,3.0,[29],0.1666666666666666,0.5855855855855856,,0.2342342342342342
2.391891891891892,0.8097410496234417,3.0,1.0,3.0,[29],0.1666666666666666,0.5855855855855856,,0.2342342342342342
2.391891891891892,0.8097410496234417,3.0,1.0,3.0,[29],0.1666666666666666,0.5855855855855856,,0.2342342342342342
2.391891891891892,0.8097410496234417,3.0,1.0,3.0,[29],0.1666666666666666,0.5855855855855856,,0.2342342342342342
2.391891891891892,0.8097410496234417,3.0,1.0,3.0,[29],0.1666666666666666,0.5855855855855856,,0.2342342342342342
2.391891891891892,0.8097410496234417,3.0,1.0,3.0,[29],0.1666666666666666,0.5855855855855856,,0.2342342342342342
2.391891891891892,0.8097410496234417,3.0,1.0,3.0,[29],0.1666666666666666,0.5855855855855856,,0.2342342342342342
2.391891891891892,0.8097410496234417,3.0,1.0,3.0,[29],0.1666666666666666,0.5855855855855856,,0.2342342342342342
2.333333333333333,0.8109358130647645,1.0,3.0,4.0,[8],0.2027027027027027,0.545045045045045,,0.2477477477477477
2.3828828828828827,0.7915131135022023,3.0,0.0,4.0,"[23, 29]",0.1531531531531531,0.5630630630630631,,0.2702702702702703
2.31981981981982,0.8355581568338324,3.0,0.0,4.0,"[8, 23]",0.1981981981981982,0.545045045045045,,0.2432432432432432
2.2927927927927927,0.8454522163218734,4.0,0.0,3.0,"[23, 8]",0.1981981981981982,0.527027027027027,,0.2567567567567567
2.265765765765766,0.8383344288345317,3.0,1.0,3.0,"[23, 8]",0.2117117117117117,0.5045045045045045,,0.2702702702702703
2.3783783783783785,0.8189393212186619,4.0,1.0,5.0,[],0.1621621621621621,0.5765765765765766,,0.2432432432432432
2.436936936936937,0.7746466633366657,3.0,1.0,4.0,"[22, 23, 8]",0.1351351351351351,0.5990990990990991,,0.2522522522522522
2.369369369369369,0.8119907710498862,2.0,0.0,5.0,"[23, 8]",0.1846846846846846,0.5720720720720721,,0.2342342342342342
2.2927927927927927,0.8127058554911679,2.0,0.0,4.0,"[8, 23]",0.1981981981981982,0.509009009009009,,0.2837837837837837
2.3963963963963963,0.7819141066723373,2.0,0.0,4.0,"[8, 23]",0.1576576576576576,0.5720720720720721,,0.2612612612612612
2.315315315315315,0.8399739489817525,6.0,1.0,5.0,"[23, 8]",0.1621621621621621,0.5315315315315315,,0.2792792792792792
2.3513513513513518,0.7861775172715918,2.0,0.0,2.0,"[23, 8]",0.1666666666666666,0.536036036036036,,0.2882882882882883
2.3018018018018016,0.8093885723138262,3.0,1.0,3.0,[23],0.1801801801801801,0.509009009009009,,0.2972972972972973
2.355855855855856,0.858514415576631,5.0,2.0,4.0,[],0.1846846846846846,0.5855855855855856,,0.2072072072072072
2.2927927927927927,0.8507874140108231,5.0,0.0,4.0,"[23, 8, 28]",0.1891891891891892,0.527027027027027,,0.2612612612612612
2.333333333333333,0.7996982839794633,3.0,1.0,5.0,[8],0.1666666666666666,0.527027027027027,,0.2927927927927928
2.274774774774775,0.8673012668649833,5.0,0.0,5.0,[23],0.2072072072072072,0.527027027027027,,0.2432432432432432
2.3513513513513518,0.8032586195804515,2.0,1.0,5.0,"[8, 23]",0.1801801801801801,0.5495495495495496,,0.2612612612612612
2.3423423423423424,0.7727894528136424,1.0,2.0,4.0,"[23, 8]",0.1711711711711711,0.5225225225225225,,0.3018018018018018
2.3873873873873874,0.8146972473919839,5.0,1.0,4.0,"[23, 8]",0.1441441441441441,0.5765765765765766,,0.2567567567567567
2.324324324324324,0.8034108528083094,2.0,2.0,3.0,[8],0.1846846846846846,0.527027027027027,,0.2792792792792792
2.3828828828828827,0.825100994654525,3.0,1.0,6.0,[8],0.1801801801801801,0.5900900900900901,,0.2162162162162162
2.369369369369369,0.8285398804747764,4.0,2.0,2.0,[],0.1711711711711711,0.5765765765765766,,0.2342342342342342
2.355855855855856,0.8262858822580401,3.0,0.0,4.0,"[23, 8]",0.1846846846846846,0.5675675675675675,,0.2342342342342342
2.310810810810811,0.8281092623988895,5.0,0.0,4.0,"[23, 8]",0.1666666666666666,0.5225225225225225,,0.2882882882882883
2.274774774774775,0.8022556964196215,2.0,2.0,1.0,[8],0.1936936936936936,0.4864864864864865,,0.3108108108108108
2.355855855855856,0.8207914384685622,5.0,0.0,5.0,"[8, 22]",0.1531531531531531,0.5540540540540541,,0.2702702702702703
2.2432432432432434,0.8996350815366836,4.0,2.0,5.0,[8],0.2567567567567567,0.536036036036036,,0.1891891891891892
2.414414414414414,0.8012260793300006,3.0,2.0,5.0,[8],0.1576576576576576,0.5990990990990991,,0.2297297297297297
2.36036036036036,0.8215732925203174,2.0,1.0,6.0,[8],0.1936936936936936,0.5720720720720721,,0.2252252252252252
2.4234234234234235,0.8460667533493256,7.0,1.0,7.0,"[8, 22]",0.1396396396396396,0.6261261261261262,,0.2027027027027027
2.391891891891892,0.8426026406196517,6.0,1.0,6.0,"[8, 23]",0.1531531531531531,0.5990990990990991,,0.2207207207207207
2.3873873873873874,0.7921694956797132,3.0,1.0,3.0,[],0.1531531531531531,0.5675675675675675,,0.2657657657657657
2.2522522522522523,0.8344230777803675,4.0,0.0,3.0,[8],0.1981981981981982,0.4864864864864865,,0.2972972972972973
2.2972972972972974,0.8357898650645976,3.0,2.0,3.0,[],0.2027027027027027,0.527027027027027,,0.2567567567567567
2.391891891891892,0.7927996254907699,5.0,0.0,2.0,"[23, 22]",0.1261261261261261,0.5630630630630631,,0.2882882882882883
2.364864864864865,0.8056529516413647,2.0,0.0,2.0,"[8, 22]",0.1801801801801801,0.5630630630630631,,0.2477477477477477
2.324324324324324,0.8090233446358832,2.0,0.0,2.0,"[8, 23]",0.1891891891891892,0.5315315315315315,,0.2702702702702703
2.346846846846846,0.8246562228833533,4.0,1.0,4.0,"[23, 8]",0.1711711711711711,0.5540540540540541,,0.2567567567567567
2.36036036036036,0.8433159372413754,7.0,0.0,3.0,[23],0.1441441441441441,0.5675675675675675,,0.2567567567567567
2.3828828828828827,0.8140590297199426,3.0,1.0,3.0,[8],0.1711711711711711,0.581081081081081,,0.2342342342342342
2.400900900900901,0.7882617907576235,2.0,1.0,4.0,"[8, 23]",0.1621621621621621,0.581081081081081,,0.2477477477477477
2.3063063063063063,0.82706254221693,4.0,0.0,2.0,[8],0.1801801801801801,0.5225225225225225,,0.2792792792792792
2.3063063063063063,0.8379331693217802,4.0,0.0,2.0,"[23, 8]",0.1891891891891892,0.5315315315315315,,0.2612612612612612
2.414414414414414,0.8124424765543937,5.0,1.0,4.0,[23],0.1396396396396396,0.5990990990990991,,0.2387387387387387
2.324324324324324,0.825631935812078,4.0,2.0,3.0,"[8, 29]",0.1756756756756756,0.536036036036036,,0.2702702702702703
2.3423423423423424,0.7669118362786903,2.0,0.0,2.0,"[8, 23]",0.1531531531531531,0.5135135135135135,,0.3243243243243243
2.346846846846846,0.8080275766787112,1.0,1.0,4.0,[8],0.1981981981981982,0.5540540540540541,,0.2432432432432432
2.31981981981982,0.8246562228833534,3.0,1.0,6.0,[8],0.1891891891891892,0.536036036036036,,0.2612612612612612
2.355855855855856,0.858514415576631,6.0,2.0,6.0,[23],0.1711711711711711,0.581081081081081,,0.2207207207207207
2.3513513513513518,0.8144470255588171,3.0,0.0,4.0,"[8, 23]",0.1756756756756756,0.5540540540540541,,0.2567567567567567
2.4414414414414414,0.7808185133909296,1.0,1.0,6.0,[8],0.1666666666666666,0.6171171171171171,,0.2117117117117117
2.364864864864865,0.7828649841868127,2.0,0.0,3.0,"[23, 8]",0.1621621621621621,0.545045045045045,,0.2837837837837837
2.355855855855856,0.8793441287547831,6.0,2.0,3.0,[8],0.1891891891891892,0.5990990990990991,,0.1846846846846846
2.3963963963963963,0.8214244253142173,2.0,2.0,3.0,"[8, 22]",0.1891891891891892,0.6036036036036037,,0.1981981981981982
2.414414414414414,0.8235061172943093,5.0,3.0,6.0,[],0.1486486486486486,0.6081081081081081,,0.2207207207207207
2.2927927927927927,0.8454522163218733,5.0,1.0,3.0,[23],0.1846846846846846,0.5225225225225225,,0.2702702702702703
2.4954954954954958,0.7772078330901727,5.0,1.0,7.0,"[8, 23]",0.1081081081081081,0.6486486486486487,,0.2207207207207207
2.310810810810811,0.822626997317239,3.0,0.0,2.0,"[23, 8]",0.1891891891891892,0.527027027027027,,0.2702702702702703
2.3513513513513518,0.8144470255588172,5.0,0.0,4.0,"[23, 8]",0.1486486486486486,0.545045045045045,,0.2837837837837837
2.328828828828829,0.7987419279094043,1.0,1.0,3.0,[8],0.1936936936936936,0.5315315315315315,,0.2702702702702703
2.283783783783784,0.8159097346646011,3.0,0.0,1.0,"[23, 8]",0.1891891891891892,0.5,,0.2972972972972973
2.315315315315315,0.8399739489817525,4.0,0.0,3.0,[23],0.1891891891891892,0.5405405405405406,,0.2522522522522522
2.4414414414414414,0.8258787688875833,4.0,2.0,6.0,[23],0.1621621621621621,0.6396396396396397,,0.1801801801801801
2.2882882882882885,0.8115388141244638,3.0,0.0,3.0,"[23, 8]",0.1846846846846846,0.5,,0.3018018018018018
2.373873873873874,0.8454522163218734,3.0,1.0,5.0,"[8, 22]",0.1981981981981982,0.5990990990990991,,0.1891891891891892
2.3423423423423424,0.8292775626631712,4.0,0.0,6.0,[23],0.1756756756756756,0.5540540540540541,,0.2522522522522522
2.315315315315315,0.8559822172422555,5.0,1.0,4.0,[8],0.1891891891891892,0.5495495495495496,,0.2387387387387387
2.315315315315315,0.7900052348985384,1.0,3.0,4.0,[8],0.1891891891891892,0.5135135135135135,,0.2927927927927928
2.3513513513513518,0.8254838005393667,5.0,0.0,3.0,"[23, 8]",0.1576576576576576,0.5540540540540541,,0.2657657657657657
2.315315315315315,0.8013786986677441,3.0,0.0,4.0,"[8, 23]",0.1711711711711711,0.5135135135135135,,0.3018018018018018
2.3828828828828827,0.8195986076270692,2.0,1.0,7.0,[8],0.1891891891891892,0.5900900900900901,,0.2117117117117117
2.391891891891892,0.7813012854635483,3.0,2.0,4.0,[8],0.1441441441441441,0.5630630630630631,,0.2792792792792792
2.355855855855856,0.8152599657211406,3.0,0.0,6.0,[8],0.1756756756756756,0.5585585585585585,,0.2522522522522522
2.40990990990991,0.8285029791239055,3.0,1.0,6.0,"[23, 8]",0.1801801801801801,0.6171171171171171,,0.1891891891891892
2.400900900900901,0.8164591352582785,3.0,1.0,5.0,"[8, 23]",0.1711711711711711,0.5990990990990991,,0.2162162162162162
2.328828828828829,0.809992725221495,2.0,1.0,3.0,"[8, 23]",0.1891891891891892,0.536036036036036,,0.2657657657657657
2.3828828828828827,0.808481496456733,5.0,2.0,5.0,[23],0.1396396396396396,0.5675675675675675,,0.2702702702702703
2.2882882882882885,0.8549815418333836,7.0,1.0,4.0,"[8, 23]",0.1666666666666666,0.5180180180180181,,0.2837837837837837
2.310810810810811,0.8602694885934113,6.0,1.0,4.0,"[8, 23]",0.1801801801801801,0.545045045045045,,0.2477477477477477
2.315315315315315,0.8291300787311285,5,2,5,[],0.16666666666666666,0.527027027027027,,0.28378378378378377
2.3513513513513513,0.8309472177633023,3,0,4,"[22, 8]",0.1891891891891892,0.5675675675675675,,0.22972972972972974
2.2882882882882885,0.8226146086363002,1,1,2,"[8, 23]",0.22072072072072071,0.5180180180180181,,0.25675675675675674
2.265765765765766,0.8543734170936551,3,1,3,[8],0.22522522522522523,0.5180180180180181,,0.24324324324324326
2.4234234234234235,0.8298672362830697,4,2,3,"[8, 23]",0.16666666666666666,0.6261261261261262,,0.1891891891891892
2.364864864864865,0.7770635815106526,2,1,4,[8],0.15765765765765766,0.5405405405405406,,0.2927927927927928
2.3018018018018016,0.7867088190490744,3,1,4,[23],0.16216216216216217,0.49099099099099097,,0.3333333333333333
2.3423423423423424,0.8821558895643847,7,1,7,"[23, 8]",0.18018018018018017,0.5855855855855856,,0.20270270270270271
2.3468468468468466,0.7795253016387538,1,2,4,[8],0.17567567567567569,0.5315315315315315,,0.2882882882882883
2.3423423423423424,0.7958659644705466,1,0,3,[8],0.1891891891891892,0.5405405405405406,,0.26576576576576577
2.3963963963963963,0.7876797851721571,1,1,4,[8],0.17567567567567569,0.581081081081081,,0.23873873873873874
2.2612612612612613,0.8316337484822821,2,1,1,[22],0.22072072072072071,0.5,,0.2702702702702703
2.3018018018018016,0.8476191817566463,3,1,4,[8],0.21171171171171171,0.5405405405405406,,0.23423423423423423
2.472972972972973,0.8109483801601273,7,1,4,"[8, 23]",0.10810810810810811,0.6441441441441441,,0.21621621621621623
2.373873873873874,0.8071189712762147,3,1,5,[23],0.16666666666666666,0.5675675675675675,,0.25225225225225223
2.364864864864865,0.7828649841868128,1,2,6,"[8, 23]",0.17567567567567569,0.5495495495495496,,0.2702702702702703
2.31981981981982,0.8301250867766226,3,1,5,[8],0.19369369369369369,0.5405405405405406,,0.25225225225225223
2.2882882882882885,0.8335432453407354,3,1,3,[29],0.20270270270270271,0.5180180180180181,,0.26576576576576577
2.3468468468468466,0.8024081199225332,4,0,3,"[23, 8]",0.15315315315315314,0.536036036036036,,0.2927927927927928
2.4774774774774775,0.805488490069993,5,3,7,[],0.13063063063063063,0.6531531531531531,,0.19369369369369369
2.3378378378378377,0.8006280401361905,3,0,5,"[23, 8]",0.16666666666666666,0.5315315315315315,,0.2882882882882883
2.328828828828829,0.7815621191776531,3,0,4,"[23, 8]",0.15315315315315314,0.509009009009009,,0.32432432432432434
2.355855855855856,0.8371665943707142,5,0,4,"[23, 8]",0.16666666666666666,0.5675675675675675,,0.24324324324324326
2.2432432432432434,0.8478475938368607,4,1,5,"[8, 23]",0.21171171171171171,0.49099099099099097,,0.27927927927927926
2.4144144144144146,0.8012260793300006,3,2,5,[8],0.15765765765765766,0.5990990990990991,,0.22972972972972974
2.3603603603603602,0.8486645649259521,5,0,3,"[23, 8]",0.17567567567567569,0.581081081081081,,0.22072072072072071
2.373873873873874,0.8127058554911679,3,1,5,[23],0.17117117117117117,0.5720720720720721,,0.24324324324324326
2.2882882882882885,0.8226146086363001,4,1,3,"[23, 29]",0.18018018018018017,0.5045045045045045,,0.2972972972972973
2.4594594594594597,0.8269639591613062,5,2,5,"[8, 23]",0.14864864864864866,0.6531531531531531,,0.17567567567567569
2.310810810810811,0.822626997317239,4,1,4,"[22, 29]",0.17567567567567569,0.5225225225225225,,0.28378378378378377
2.391891891891892,0.8208411021364522,3,0,5,[],0.17567567567567569,0.5945945945945946,,0.21621621621621623
2.355855855855856,0.8040828714730361,2,1,3,[8],0.18018018018018017,0.5540540540540541,,0.25675675675675674
2.400900900900901,0.8108981106101061,3,0,3,"[23, 28]",0.16666666666666666,0.5945945945945946,,0.22522522522522523
2.3423423423423424,0.790160021544356,2,0,2,[],0.17117117117117117,0.5315315315315315,,0.2882882882882883
2.31981981981982,0.8569460475865301,4,2,5,[],0.20270270270270271,0.5585585585585585,,0.22072072072072071
2.4054054054054053,0.8279984958385618,4,2,4,[8],0.16666666666666666,0.6081081081081081,,0.2072072072072072
2.3513513513513513,0.8417676794816282,5,1,4,[8],0.17117117117117117,0.5675675675675675,,0.23873873873873874
2.355855855855856,0.8425542596687265,5,0,4,[23],0.17117117117117117,0.5720720720720721,,0.23423423423423423
2.234234234234234,0.8342765034762625,2,0,1,"[8, 22]",0.22972972972972974,0.481981981981982,,0.27927927927927926
2.3468468468468466,0.8463196683067594,6,1,5,[23],0.16216216216216217,0.5630630630630631,,0.24774774774774774
2.3873873873873874,0.8366186107962815,4,2,4,[8],0.17567567567567569,0.5990990990990991,,0.2072072072072072
2.3063063063063063,0.8379331693217802,4,1,4,[23],0.1891891891891892,0.5315315315315315,,0.26126126126126126
2.373873873873874,0.8071189712762147,2,0,6,"[8, 23]",0.18018018018018017,0.5720720720720721,,0.23873873873873874
2.3468468468468466,0.8463196683067594,5,1,4,[23],0.17567567567567569,0.5675675675675675,,0.23423423423423423
2.2612612612612613,0.8531200306154558,5,0,5,[8],0.1981981981981982,0.5045045045045045,,0.2747747747747748
2.2522522522522523,0.8715562454724617,5,1,5,[],0.21621621621621623,0.5135135135135135,,0.24774774774774774
2.3333333333333335,0.8275060206294448,3,0,5,"[23, 8]",0.1891891891891892,0.5495495495495496,,0.24774774774774774
2.274774774774775,0.8022556964196215,3,0,3,"[8, 22]",0.18018018018018017,0.481981981981982,,0.32432432432432434
2.3468468468468466,0.7967490302234188,3,0,3,"[23, 8]",0.16216216216216217,0.536036036036036,,0.2882882882882883
2.2432432432432434,0.8531678124089129,4,1,1,"[8, 22]",0.21621621621621623,0.4954954954954955,,0.2702702702702703
2.3468468468468466,0.8463196683067594,4,1,4,[23],0.1891891891891892,0.5720720720720721,,0.22072072072072071
2.3513513513513513,0.8524508042879644,5,2,3,[8],0.18018018018018017,0.5765765765765766,,0.22072072072072071
2.2927927927927927,0.8665959526250927,6,2,4,[29],0.1891891891891892,0.536036036036036,,0.24774774774774774
2.2927927927927927,0.8292406941392827,4,0,3,"[23, 8]",0.18468468468468469,0.5135135135135135,,0.28378378378378377
2.3378378378378377,0.789243759013022,3,0,3,"[8, 23]",0.15765765765765766,0.5225225225225225,,0.3063063063063063
