Mean,Std,Problems_nonattribue,Problems_pasassez,Problems_tropnombreux,TMnonouverts,NbEnvie1,NbEnvie2,NbEnvie3
2.310810810810811,0.771535619990595,2.0,2.0,2.0,"[14, 17, 5, 29]",36.0,75.0,109.0
2.324324324324324,0.732715301697939,3.0,1.0,1.0,"[14, 5]",26.0,89.0,104.0
2.31981981981982,0.7795253016387538,3.0,3.0,1.0,"[5, 14, 17]",34.0,74.0,111.0
2.3063063063063063,0.7404632620214789,3.0,1.0,1.0,"[5, 29, 14, 26]",28.0,89.0,102.0
2.3378378378378377,0.7834895898385308,5.0,2.0,1.0,"[17, 5, 14, 10, 21]",28.0,76.0,113.0
2.3378378378378377,0.7171530004630337,1.0,1.0,2.0,"[14, 5]",29.0,86.0,106.0
2.3063063063063063,0.799239375881876,3.0,0.0,1.0,"[5, 14]",38.0,69.0,112.0
2.315315315315315,0.7366548088258095,1.0,1.0,1.0,"[14, 17, 5, 10]",33.0,83.0,105.0
2.3783783783783785,0.7676025325890851,4.0,1.0,2.0,"[5, 17, 14]",27.0,72.0,119.0
2.2432432432432434,0.7695119945756327,4.0,0.0,1.0,"[14, 5, 28]",33.0,90.0,95.0
2.333333333333333,0.70976808822661,3.0,3.0,3.0,"[14, 5]",22.0,95.0,102.0
2.2927927927927927,0.7367793080197771,1.0,0.0,1.0,"[14, 5, 32]",34.0,86.0,101.0
2.2882882882882885,0.7889208780403245,5.0,3.0,2.0,"[14, 17, 5]",31.0,81.0,105.0
2.315315315315315,0.8013786986677441,5.0,1.0,3.0,"[14, 5, 29]",32.0,73.0,112.0
2.333333333333333,0.728642614957309,1.0,0.0,1.0,"[5, 14, 29, 17]",31.0,83.0,107.0
2.328828828828829,0.7639960895623062,2.0,1.0,2.0,"[17, 14, 5, 10]",34.0,75.0,111.0
2.310810810810811,0.777378277719366,6.0,0.0,1.0,"[1, 14, 5]",25.0,85.0,106.0
2.2882882882882885,0.7537224351669386,3.0,1.0,1.0,"[5, 14, 1]",31.0,87.0,101.0
2.2927927927927927,0.7668719694345218,1.0,2.0,2.0,"[14, 5]",39.0,76.0,106.0
2.279279279279279,0.7748439769518009,4.0,2.0,1.0,"[5, 14, 17, 1]",32.0,84.0,102.0
2.427927927927928,0.7255730980224996,4.0,2.0,1.0,"[14, 5, 8, 17]",19.0,77.0,122.0
2.391891891891892,0.7084027199263986,3.0,0.0,1.0,"[14, 32, 5]",20.0,86.0,113.0
2.2927927927927927,0.8014931440993858,4.0,0.0,2.0,"[14, 17, 1, 5, 29]",36.0,73.0,109.0
2.373873873873874,0.7489614784736355,6.0,0.0,1.0,"[5, 10, 26, 8, 14]",18.0,85.0,113.0
2.364864864864865,0.7227584976389123,3.0,0.0,2.0,"[14, 5, 17, 26]",23.0,86.0,110.0
2.3018018018018016,0.820493393333259,4.0,0.0,1.0,"[14, 5, 8, 17]",39.0,65.0,114.0
2.3423423423423424,0.8015312889452848,2.0,2.0,2.0,"[14, 17, 5]",40.0,60.0,120.0
2.2882882882882885,0.7293136597180636,2.0,0.0,3.0,"[14, 5, 8, 1]",30.0,92.0,98.0
2.2882882882882885,0.8389541796837426,5.0,0.0,1.0,"[14, 5]",40.0,63.0,114.0
2.283783783783784,0.7584266329473793,2.0,1.0,0.0,"[14, 5]",35.0,83.0,102.0
2.3378378378378377,0.7480356240523658,3.0,2.0,1.0,"[17, 14, 5]",28.0,82.0,109.0
2.31981981981982,0.666906116551033,0.0,1.0,2.0,"[14, 5, 17]",25.0,101.0,96.0
2.265765765765766,0.8108981106101061,1.0,0.0,3.0,"[5, 14, 26, 29]",48.0,64.0,109.0
2.324324324324324,0.751013338502899,1.0,1.0,1.0,"[29, 14, 5, 17]",35.0,77.0,109.0
2.283783783783784,0.8047416651380415,3.0,2.0,2.0,"[5, 14, 10, 17]",40.0,70.0,109.0
2.2972972972972974,0.8138461792759574,5.0,1.0,3.0,"[5, 14, 1]",35.0,71.0,111.0
2.2972972972972974,0.7501987018182961,4.0,0.0,1.0,"[14, 17, 5, 8, 26, 10]",27.0,90.0,101.0
2.265765765765766,0.7590176427397027,3.0,0.0,2.0,"[14, 5, 17]",33.0,88.0,98.0
2.40990990990991,0.7777976746020018,6.0,0.0,1.0,"[5, 14, 17, 29, 26, 8]",22.0,69.0,125.0
2.351351351351352,0.6879525481985123,1.0,2.0,2.0,"[14, 5, 1, 17]",24.0,93.0,104.0
2.3018018018018016,0.7574047116247091,2.0,0.0,2.0,"[5, 17, 14]",34.0,81.0,105.0
2.2522522522522523,0.8068537686310826,3.0,1.0,3.0,"[5, 10, 14]",42.0,73.0,104.0
2.220720720720721,0.8077248217762689,5.0,2.0,1.0,"[14, 5, 17]",38.0,82.0,97.0
2.3018018018018016,0.7692603231043579,3.0,1.0,1.0,"[5, 14, 17]",33.0,80.0,106.0
2.328828828828829,0.7275928685278319,5.0,3.0,1.0,"[5, 14, 10]",19.0,96.0,102.0
2.328828828828829,0.6958035021141229,0.0,0.0,1.0,"[5, 8, 14, 17]",29.0,91.0,102.0
2.315315315315315,0.7667523564648956,3.0,0.0,2.0,"[14, 17, 5, 26, 10]",32.0,79.0,108.0
2.2882882882882885,0.7831643365554005,4.0,2.0,2.0,"[5, 14]",33.0,80.0,105.0
2.315315315315315,0.7784656213705153,3.0,1.0,2.0,"[5, 14]",34.0,75.0,110.0
2.45945945945946,0.7584669436988465,5.0,0.0,2.0,"[5, 14, 17]",21.0,63.0,133.0
2.445945945945946,0.6755301298542918,1.0,3.0,1.0,"[5, 14]",20.0,80.0,121.0
2.283783783783784,0.8047416651380414,4.0,1.0,2.0,"[5, 14, 17, 8]",37.0,73.0,108.0
2.315315315315315,0.8125929892570568,5.0,2.0,1.0,"[14, 5]",34.0,69.0,114.0
2.328828828828829,0.809992725221495,6.0,1.0,1.0,"[5, 14, 17]",30.0,71.0,115.0
2.2432432432432434,0.7516644121739436,1.0,1.0,1.0,"[14, 5, 17]",39.0,87.0,95.0
2.2927927927927927,0.7054040543885619,1.0,1.0,1.0,"[5, 14, 1]",29.0,96.0,96.0
2.315315315315315,0.7842566527683643,4.0,1.0,1.0,"[14, 5, 10, 26]",32.0,76.0,110.0
2.355855855855856,0.7517321999192386,2.0,3.0,2.0,"[14, 17, 29, 5]",31.0,75.0,114.0
2.40990990990991,0.7541685007965109,4.0,0.0,4.0,"[5, 14, 29, 8]",24.0,71.0,123.0
2.279279279279279,0.7012744851701147,0.0,0.0,1.0,"[5, 29, 14, 17, 8]",32.0,96.0,94.0
2.283783783783784,0.7217425545372547,1.0,2.0,1.0,"[14, 5, 29]",32.0,92.0,97.0
2.31981981981982,0.7191397349183459,2.0,1.0,1.0,"[5, 14, 17]",27.0,91.0,102.0
2.2882882882882885,0.7773651679208455,5.0,1.0,1.0,"[14, 5, 32]",29.0,85.0,103.0
2.333333333333333,0.7590579221048323,2.0,0.0,2.0,"[1, 5, 14, 26]",33.0,76.0,111.0
2.346846846846846,0.7499405490548631,4.0,2.0,2.0,"[14, 5, 8, 1]",25.0,83.0,110.0
2.436936936936937,0.7448681656778928,4.0,2.0,3.0,"[5, 14, 10, 8]",22.0,69.0,127.0
2.2927927927927927,0.8014931440993859,4.0,0.0,3.0,"[5, 14]",36.0,73.0,109.0
2.2882882882882885,0.7293136597180637,4.0,1.0,2.0,"[5, 14, 8]",24.0,98.0,96.0
2.373873873873874,0.6725667336179664,0.0,0.0,1.0,"[5, 32, 14, 26, 17]",24.0,91.0,107.0
2.2972972972972974,0.7855550488309482,5.0,1.0,1.0,"[5, 17, 14, 29]",30.0,81.0,106.0
2.333333333333333,0.7590579221048323,2.0,1.0,3.0,"[17, 5, 14]",33.0,76.0,111.0
2.414414414414414,0.7841007007595109,7.0,1.0,1.0,"[5, 8, 14, 29]",20.0,69.0,126.0
2.315315315315315,0.7667523564648956,1.0,0.0,1.0,"[14, 5]",38.0,73.0,110.0
2.2927927927927927,0.8014931440993859,6.0,0.0,1.0,"[14, 26, 5, 1, 8]",30.0,79.0,107.0
2.279279279279279,0.8035123256035115,4.0,0.0,1.0,"[5, 14, 17]",37.0,74.0,107.0
2.225225225225225,0.7980143307741971,4.0,1.0,1.0,"[14, 5, 28]",39.0,82.0,97.0
2.202702702702702,0.8012387987184894,6.0,1.0,1.0,"[5, 28, 14, 10, 17]",35.0,89.0,92.0
2.2927927927927927,0.8127058554911679,5.0,1.0,2.0,"[14, 5, 1, 17]",35.0,72.0,110.0
2.274774774774775,0.6998343008109691,1.0,1.0,1.0,"[14, 5, 1]",29.0,100.0,92.0
2.2432432432432434,0.7395267682900248,2.0,3.0,1.0,"[17, 14, 5, 25]",34.0,94.0,92.0
2.346846846846846,0.731615681795942,4.0,0.0,1.0,"[14, 5, 10, 17, 8]",22.0,89.0,107.0
2.36036036036036,0.799239375881876,7.0,0.0,1.0,"[5, 14, 10]",24.0,73.0,118.0
2.3378378378378377,0.7480356240523659,5.0,0.0,1.0,"[14, 17, 26, 1, 5]",22.0,88.0,107.0
2.256756756756757,0.8138086116539338,6.0,0.0,0.0,"[14, 17, 5, 8]",34.0,79.0,103.0
2.3423423423423424,0.724434502446398,2.0,0.0,1.0,"[14, 17, 5]",27.0,86.0,107.0
2.310810810810811,0.6976173219225555,0.0,2.0,1.0,"[5, 17, 14]",30.0,93.0,99.0
2.346846846846846,0.7064434944332892,1.0,0.0,1.0,"[14, 5, 26, 10]",27.0,88.0,106.0
2.373873873873874,0.7054040543885619,3.0,2.0,1.0,"[5, 14, 17, 8]",20.0,90.0,109.0
2.369369369369369,0.7836326585153965,6.0,0.0,1.0,"[14, 28, 5, 8]",24.0,74.0,118.0
2.4324324324324325,0.750524662599186,3.0,3.0,1.0,"[14, 5, 17, 4]",26.0,65.0,128.0
2.328828828828829,0.7520574960434763,1.0,1.0,2.0,"[5, 14]",35.0,76.0,110.0
2.2882882882882885,0.7831643365554004,2.0,1.0,2.0,"[17, 8, 14, 26, 5]",39.0,74.0,107.0
2.3873873873873874,0.7140626380520981,2.0,1.0,1.0,"[5, 14]",24.0,82.0,114.0
2.310810810810811,0.7168118645177177,3.0,1.0,1.0,"[5, 14, 29, 32]",24.0,96.0,99.0
2.2927927927927927,0.7489614784736354,3.0,2.0,1.0,"[14, 5]",30.0,88.0,101.0
2.328828828828829,0.7275928685278319,3.0,2.0,1.0,"[5, 14, 29, 1]",25.0,90.0,104.0
2.2927927927927927,0.7785834348454213,2.0,0.0,2.0,"[14, 5, 3, 17, 8]",38.0,75.0,107.0
2.274774774774775,0.819001540721811,4.0,1.0,2.0,"[29, 5, 14]",40.0,69.0,109.0
2.3423423423423424,0.790160021544356,7.0,3.0,1.0,"[5, 14, 26]",23.0,79.0,113.0
2.283783783783784,0.7584266329473793,3.0,1.0,1.0,"[14, 5]",32.0,86.0,101.0
2.2927927927927927,0.8071189712762147,4.0,1.0,1.0,"[14, 17, 15, 5, 26]",37.0,71.0,110.0
2.355855855855856,0.7517321999192387,2.0,0.0,2.0,"[14, 5, 8]",31.0,75.0,114.0
2.324324324324324,0.7202584021245357,2.0,2.0,2.0,"[5, 14]",27.0,90.0,103.0
2.2972972972972974,0.768080343113157,3.0,3.0,1.0,"[14, 5]",33.0,81.0,105.0
2.265765765765766,0.7825004006470281,3.0,2.0,1.0,"[5, 14]",37.0,80.0,102.0
2.3873873873873874,0.6947921486278852,0.0,1.0,1.0,"[14, 17, 10, 5]",27.0,82.0,113.0
2.2882882882882885,0.7040591731017579,1.0,1.0,1.0,"[5, 14, 26]",29.0,97.0,95.0
2.3378378378378377,0.6782402107949626,2.0,1.0,1.0,"[14, 5]",20.0,101.0,99.0
2.3063063063063063,0.6898461077358056,0.0,0.0,2.0,"[5, 14]",29.0,96.0,97.0
2.2432432432432434,0.7695119945756327,6.0,1.0,0.0,"[5, 14, 17, 26]",27.0,96.0,93.0
2.328828828828829,0.746016557188597,2.0,2.0,1.0,"[5, 14]",31.0,81.0,108.0
2.351351351351352,0.7386994643412673,1.0,1.0,2.0,"[14, 5]",32.0,77.0,112.0
2.3828828828828827,0.7623936909941408,5.0,2.0,1.0,"[14, 17, 5]",23.0,76.0,118.0
2.2882882882882885,0.7293136597180637,3.0,2.0,1.0,"[14, 5, 26, 17]",27.0,95.0,97.0
2.22972972972973,0.7408072635554934,2.0,2.0,1.0,"[14, 5, 17]",35.0,95.0,90.0
2.3783783783783785,0.7965315541869374,4.0,0.0,2.0,"[14, 5, 8]",32.0,62.0,124.0
2.2882882882882885,0.741618474528964,3.0,2.0,1.0,"[14, 5]",29.0,91.0,99.0
2.3963963963963963,0.6896688073839196,2.0,0.0,2.0,"[1, 14, 8, 26, 5]",20.0,88.0,112.0
2.31981981981982,0.8516494318195249,5.0,2.0,3.0,"[5, 17, 14]",41.0,54.0,122.0
2.2387387387387387,0.7738569057772996,3.0,0.0,1.0,"[5, 14, 17]",37.0,86.0,96.0
2.3018018018018016,0.7924396126678963,4.0,0.0,3.0,"[5, 8, 17, 14]",34.0,75.0,109.0
2.355855855855856,0.7812491082706583,4.0,1.0,2.0,"[5, 14, 1, 29, 17]",30.0,71.0,117.0
2.3018018018018016,0.7514067629690677,3.0,2.0,1.0,"[14, 5]",30.0,86.0,103.0
2.2927927927927927,0.8014931440993858,3.0,1.0,2.0,"[14, 5]",39.0,70.0,110.0
2.324324324324324,0.8090233446358832,5.0,1.0,2.0,"[5, 14]",33.0,69.0,115.0
2.36036036036036,0.8325155989493453,8.0,0.0,1.0,"[5, 14]",27.0,64.0,123.0
2.144144144144144,0.8166463464355603,3.0,0.0,1.0,"[5, 17, 14, 28, 10]",51.0,79.0,89.0
2.27027027027027,0.783840711793592,2.0,2.0,2.0,"[14, 10, 5]",40.0,76.0,104.0
2.324324324324324,0.751013338502899,4.0,1.0,1.0,"[17, 5, 15, 14]",26.0,86.0,106.0
2.2387387387387387,0.8193001285636816,4.0,0.0,2.0,"[5, 10, 8, 17, 14, 1, 26]",42.0,73.0,103.0
2.2612612612612613,0.7516101775757871,3.0,0.0,1.0,"[5, 14]",32.0,91.0,96.0
2.3018018018018016,0.8582294709418448,7.0,0.0,1.0,"[14, 5, 17]",37.0,60.0,118.0
2.310810810810811,0.7597155160999145,4.0,1.0,1.0,"[14, 5, 17]",28.0,85.0,105.0
2.3423423423423424,0.7429365178813924,3.0,1.0,2.0,"[5, 14]",27.0,83.0,109.0
2.346846846846846,0.773698857527484,2.0,1.0,1.0,"[5, 14, 8, 17]",35.0,69.0,116.0
2.3783783783783785,0.8021921780789901,7.0,0.0,1.0,"[5, 26, 14, 10, 17]",24.0,69.0,122.0
2.315315315315315,0.760828103048786,1.0,1.0,3.0,"[5, 14, 26]",37.0,75.0,109.0
2.2432432432432434,0.6888408023427759,0.0,1.0,1.0,"[14, 5, 17, 10, 28]",32.0,104.0,86.0
2.274774774774775,0.7497774594083413,2.0,0.0,1.0,"[5, 14]",34.0,87.0,99.0
2.373873873873874,0.7367793080197771,2.0,0.0,2.0,"[5, 17, 8, 14, 1]",28.0,77.0,115.0
2.3828828828828827,0.8084814964567331,9.0,1.0,2.0,"[5, 14, 29, 17]",19.0,72.0,122.0
2.279279279279279,0.763075121535993,3.0,0.0,1.0,"[5, 14, 8, 10, 26]",33.0,85.0,101.0
2.2882882882882885,0.6910859365646351,0.0,0.0,1.0,"[5, 14, 8, 17]",30.0,98.0,94.0
2.2927927927927927,0.8127058554911679,5.0,1.0,2.0,"[5, 29, 14, 26, 8]",35.0,72.0,110.0
2.310810810810811,0.81155137188219,9.0,0.0,1.0,"[14, 5, 26, 8]",22.0,82.0,109.0
2.364864864864865,0.7653288588566685,3.0,1.0,2.0,"[14, 17, 5, 1]",30.0,72.0,117.0
2.328828828828829,0.7337854973275332,4.0,1.0,1.0,"[5, 17, 14, 8]",23.0,91.0,104.0
2.315315315315315,0.7304865047422393,0.0,0.0,1.0,"[14, 8, 5, 26]",35.0,82.0,105.0
2.36036036036036,0.7281389255438672,2.0,1.0,1.0,"[14, 5, 17, 29]",27.0,82.0,111.0
2.2972972972972974,0.7501987018182961,0.0,2.0,1.0,"[5, 14]",39.0,78.0,105.0
2.40990990990991,0.7719581911351321,6.0,0.0,1.0,"[5, 14]",21.0,71.0,124.0
2.328828828828829,0.7399263002785286,2.0,0.0,1.0,"[5, 14]",30.0,83.0,107.0
2.364864864864865,0.7943406894885411,4.0,0.0,1.0,"[5, 14, 17]",32.0,65.0,121.0
2.3378378378378377,0.7949562786069817,7.0,4.0,1.0,"[14, 5]",24.0,78.0,113.0
2.256756756756757,0.8026113062315975,6.0,0.0,1.0,"[5, 17, 8, 14]",32.0,83.0,101.0
2.324324324324324,0.7629682707167986,6.0,1.0,1.0,"[14, 5]",22.0,88.0,106.0
2.3873873873873874,0.7571220954056976,4.0,0.0,2.0,"[5, 1, 14, 8]",25.0,74.0,119.0
2.328828828828829,0.7930566774479464,3.0,1.0,1.0,"[14, 17, 5]",36.0,68.0,115.0
2.36036036036036,0.8048809562386892,7.0,1.0,1.0,"[5, 14, 10]",25.0,71.0,119.0
2.3783783783783785,0.7557209144425375,5.0,3.0,1.0,"[14, 5, 32]",22.0,79.0,116.0
2.283783783783784,0.7026827120137464,1.0,0.0,1.0,"[17, 5, 8, 14]",29.0,98.0,94.0
2.2927927927927927,0.8292406941392827,7.0,1.0,1.0,"[17, 5, 14]",32.0,72.0,111.0
2.3423423423423424,0.8182919579375431,3.0,1.0,2.0,"[14, 5]",40.0,57.0,122.0
2.283783783783784,0.7702665156134019,3.0,1.0,1.0,"[26, 14, 5]",34.0,82.0,103.0
2.2522522522522523,0.7783085089962077,4.0,1.0,2.0,"[17, 14, 1, 5]",34.0,86.0,98.0
2.31981981981982,0.773698857527484,3.0,1.0,2.0,"[14, 5, 17, 10, 29]",33.0,76.0,110.0
2.31981981981982,0.7377745452408868,2.0,1.0,3.0,"[5, 17, 14, 8]",30.0,85.0,105.0
2.328828828828829,0.6624904865550884,0.0,1.0,2.0,"[14, 5]",24.0,101.0,97.0
2.2882882882882885,0.7354918000950192,2.0,0.0,2.0,"[5, 17, 14]",31.0,90.0,99.0
2.2927927927927927,0.7243922978709737,2.0,0.0,0.0,"[5, 14, 26]",29.0,93.0,98.0
2.2882882882882885,0.7831643365554004,6.0,1.0,1.0,"[5, 17, 32, 14]",27.0,86.0,103.0
2.346846846846846,0.7910494569913453,5.0,0.0,1.0,"[5, 8, 28, 14, 17]",29.0,72.0,116.0
2.27027027027027,0.7423327051770603,3.0,0.0,1.0,"[5, 14, 8, 1, 17]",30.0,93.0,96.0
2.36036036036036,0.8104832678540396,3.0,2.0,2.0,"[26, 14, 5]",38.0,57.0,124.0
2.369369369369369,0.7950972839868216,3.0,0.0,2.0,"[14, 17, 8, 5, 26]",35.0,61.0,123.0
2.333333333333333,0.8220197323801436,7.0,1.0,1.0,"[14, 26, 5, 17, 10]",29.0,69.0,117.0
2.27027027027027,0.7780465845368315,4.0,0.0,2.0,"[14, 32, 17, 10, 5]",33.0,84.0,101.0
2.2927927927927927,0.8127058554911679,6.0,2.0,2.0,"[5, 17, 3, 29, 14]",32.0,75.0,109.0
2.31981981981982,0.7559501312073209,4.0,0.0,3.0,"[14, 5, 1, 8, 26]",27.0,85.0,106.0
2.2927927927927927,0.8400831365572765,7.0,1.0,2.0,"[14, 29, 5, 17]",34.0,68.0,113.0
2.265765765765766,0.7409173103141583,1.0,0.0,1.0,"[5, 1, 14]",36.0,88.0,97.0
2.40990990990991,0.8063610180276339,5.0,1.0,2.0,"[5, 14, 26, 29]",30.0,56.0,131.0
2.3063063063063063,0.7465491384759247,1.0,1.0,2.0,"[8, 29, 17, 14, 5]",35.0,81.0,105.0
2.31981981981982,0.7316156817959423,3.0,0.0,1.0,"[14, 5, 26, 17, 8, 10]",26.0,90.0,103.0
2.283783783783784,0.7702665156134018,5.0,1.0,2.0,"[14, 5, 10, 8]",28.0,88.0,101.0
2.31981981981982,0.7064434944332892,0.0,0.0,3.0,"[14, 5]",31.0,89.0,102.0
2.328828828828829,0.6826733963199139,1.0,1.0,1.0,"[14, 5, 26, 17]",24.0,98.0,99.0
2.346846846846846,0.731615681795942,3.0,0.0,1.0,"[14, 17, 5, 26]",25.0,86.0,108.0
2.2117117117117115,0.781718577630944,3.0,1.0,2.0,"[14, 17, 5]",40.0,86.0,93.0
2.3018018018018016,0.7206686163954776,3.0,2.0,2.0,"[5, 14, 17]",25.0,96.0,98.0
2.324324324324324,0.7075822343160385,1.0,0.0,1.0,"[5, 29, 26, 14, 8]",28.0,91.0,102.0
2.265765765765766,0.7882617907576236,4.0,0.0,2.0,"[5, 1, 14]",35.0,81.0,102.0
2.3828828828828827,0.7741729054797652,6.0,1.0,1.0,"[14, 17, 5]",22.0,75.0,119.0
2.355855855855856,0.7812491082706583,5.0,0.0,2.0,"[5, 26, 14]",27.0,74.0,116.0
2.2882882882882885,0.741618474528964,1.0,0.0,1.0,"[14, 5, 1]",35.0,85.0,101.0
2.4504504504504503,0.7519355264883228,4.0,2.0,1.0,"[14, 5, 8, 17]",23.0,64.0,131.0
2.351351351351352,0.7137771386052166,2.0,2.0,2.0,"[14, 5]",25.0,88.0,107.0
2.3018018018018016,0.6951001076354022,2.0,1.0,1.0,"[14, 5, 25, 8]",24.0,101.0,95.0
2.310810810810811,0.7831773492802152,4.0,0.0,1.0,"[14, 5, 3, 29, 17, 1]",32.0,77.0,109.0
2.333333333333333,0.7883005758518677,4.0,2.0,1.0,"[5, 14, 17]",32.0,72.0,114.0
2.333333333333333,0.7286426149573089,1.0,0.0,2.0,"[5, 14]",31.0,83.0,107.0
2.3873873873873874,0.7921694956797131,7.0,3.0,1.0,"[14, 5, 32, 29, 17]",22.0,71.0,122.0
2.315315315315315,0.7900052348985384,2.0,3.0,2.0,"[14, 5, 17, 32]",39.0,68.0,113.0
2.2927927927927927,0.7054040543885619,2.0,1.0,1.0,"[5, 14, 17]",26.0,99.0,95.0
2.351351351351352,0.8088721677038644,6.0,0.0,1.0,"[14, 5, 10]",29.0,68.0,119.0
2.265765765765766,0.8543734170936551,10.0,1.0,1.0,"[14, 17, 5, 26]",29.0,75.0,108.0
2.2387387387387387,0.7969025069867962,5.0,0.0,2.0,"[14, 5, 1, 17]",35.0,84.0,98.0
2.414414414414414,0.7898504179192488,7.0,1.0,1.0,"[14, 17, 5]",21.0,67.0,127.0
2.369369369369369,0.8119907710498862,5.0,1.0,1.0,"[17, 5, 1, 14]",32.0,61.0,124.0
2.400900900900901,0.7882617907576236,6.0,1.0,2.0,"[14, 5, 17]",24.0,67.0,125.0
2.274774774774775,0.7617517877551316,3.0,1.0,3.0,"[14, 17, 32, 5, 1, 29]",33.0,86.0,100.0
2.2882882882882885,0.7537224351669387,2.0,1.0,2.0,"[5, 14, 29]",34.0,84.0,102.0
2.333333333333333,0.7348263972446017,4.0,2.0,1.0,"[14, 5]",23.0,90.0,105.0
2.328828828828829,0.7337854973275331,4.0,1.0,1.0,"[17, 5, 1, 14, 29]",23.0,91.0,104.0
2.3378378378378377,0.7600373953712571,2.0,2.0,2.0,"[5, 14, 26]",33.0,75.0,112.0
2.2882882882882885,0.7230827341983069,1.0,0.0,1.0,"[5, 14, 17, 8]",32.0,91.0,98.0
2.351351351351352,0.7687169618242827,4.0,2.0,2.0,"[5, 14, 17]",28.0,76.0,114.0
2.3783783783783785,0.7497094949180043,2.0,1.0,2.0,"[17, 5, 14, 8]",30.0,72.0,118.0
2.3423423423423424,0.7550193488335517,3.0,1.0,0.0,"[5, 17, 10, 26, 29, 14]",29.0,79.0,111.0
2.265765765765766,0.6837473926255673,1.0,1.0,1.0,"[10, 14, 17, 5]",27.0,106.0,88.0
2.2522522522522523,0.7783085089962077,3.0,1.0,1.0,"[14, 5, 29, 17]",37.0,83.0,99.0
2.256756756756757,0.7501579467618045,1.0,1.0,2.0,"[14, 17, 5]",38.0,86.0,97.0
2.391891891891892,0.7637292566086653,4.0,0.0,2.0,"[5, 14, 8, 10]",26.0,71.0,121.0
2.3378378378378377,0.7834895898385308,4.0,2.0,1.0,"[5, 17, 14]",31.0,73.0,114.0
2.310810810810811,0.7715356199905951,4.0,1.0,1.0,"[14, 5]",30.0,81.0,107.0
2.265765765765766,0.7469994876027846,4.0,1.0,1.0,"[14, 5]",28.0,95.0,95.0
2.247747747747748,0.7349512061677246,3.0,1.0,1.0,"[17, 5, 14]",30.0,98.0,91.0
2.279279279279279,0.7748439769518009,3.0,0.0,1.0,"[5, 17, 15, 14, 29]",35.0,81.0,103.0
2.328828828828829,0.7639960895623064,5.0,0.0,1.0,"[26, 14, 8, 5]",25.0,84.0,108.0
2.3423423423423424,0.7054473949684639,1.0,1.0,1.0,"[5, 14]",27.0,89.0,105.0
2.3018018018018016,0.7692603231043579,4.0,0.0,1.0,"[14, 5, 1, 28]",30.0,83.0,105.0
2.3783783783783785,0.6867070621550707,1.0,2.0,2.0,"[5, 14, 17, 26, 10]",23.0,89.0,109.0
2.247747747747748,0.8330662814527707,6.0,1.0,0.0,"[5, 17, 14, 32]",38.0,73.0,105.0
2.355855855855856,0.775435616552427,3.0,1.0,1.0,"[26, 14, 5]",32.0,70.0,117.0
2.3963963963963963,0.8485204507146973,10.0,3.0,2.0,"[5, 14, 26]",23.0,58.0,131.0
2.2882882882882885,0.7889208780403246,5.0,0.0,0.0,"[14, 17, 26, 5]",31.0,81.0,105.0
2.265765765765766,0.7469994876027846,3.0,0.0,2.0,"[10, 14, 29, 26, 5]",31.0,92.0,96.0
2.256756756756757,0.8303214905499385,8.0,1.0,2.0,"[14, 26, 5, 17]",31.0,79.0,104.0
2.3783783783783785,0.8189393212186618,6.0,1.0,1.0,"[5, 17, 14]",30.0,60.0,126.0
2.279279279279279,0.8366186107962815,4.0,2.0,3.0,"[5, 14, 8]",43.0,62.0,113.0
2.2522522522522523,0.7426072263599132,4.0,1.0,0.0,"[5, 14, 17, 26]",28.0,98.0,92.0
2.1981981981981984,0.7707294519749036,5.0,0.0,1.0,"[17, 5, 14, 8]",33.0,97.0,87.0
2.328828828828829,0.7275928685278319,0.0,1.0,2.0,"[14, 5]",34.0,81.0,107.0
2.3963963963963963,0.696198849204747,1.0,3.0,1.0,"[14, 5]",24.0,83.0,114.0
2.256756756756757,0.6871966294542816,2.0,0.0,1.0,"[14, 15, 28, 5]",25.0,109.0,86.0
2.36036036036036,0.6698793406959735,0.0,1.0,1.0,"[5, 14]",24.0,94.0,104.0
2.2117117117117115,0.8429895882664054,8.0,0.0,1.0,"[5, 14, 3]",36.0,79.0,99.0
2.3378378378378377,0.735838125772306,1.0,1.0,2.0,"[14, 5]",32.0,80.0,109.0
2.310810810810811,0.8003224860595586,6.0,2.0,2.0,"[5, 14, 17]",29.0,77.0,110.0
2.324324324324324,0.7805574311910369,3.0,0.0,1.0,"[14, 5, 10, 1]",34.0,73.0,112.0
2.477477477477477,0.7099403690062563,2.0,2.0,2.0,"[14, 5, 26]",22.0,66.0,132.0
2.283783783783784,0.7819271402033077,6.0,1.0,1.0,"[14, 5, 17, 21]",27.0,87.0,102.0
2.351351351351352,0.7861775172715919,4.0,0.0,2.0,"[14, 5, 10, 17]",31.0,70.0,117.0
2.373873873873874,0.6658049544828308,1.0,2.0,2.0,"[14, 5, 17, 29]",20.0,96.0,105.0
2.2612612612612613,0.8151474531320841,6.0,2.0,1.0,"[5, 29, 14, 26]",34.0,78.0,104.0
2.31981981981982,0.7499405490548632,3.0,1.0,2.0,"[5, 14, 1]",29.0,84.0,106.0
2.2972972972972974,0.7621664120919847,2.0,1.0,3.0,"[5, 10, 14, 29]",35.0,80.0,105.0
2.2882882882882885,0.7293136597180636,1.0,2.0,2.0,"[5, 14, 17]",33.0,89.0,99.0
2.283783783783784,0.7643694992080432,2.0,0.0,2.0,"[5, 14]",36.0,81.0,103.0
2.3018018018018016,0.7692603231043579,2.0,1.0,2.0,"[14, 5, 17, 1, 26]",36.0,77.0,107.0
2.3018018018018016,0.7206686163954777,1.0,0.0,1.0,"[14, 1, 5]",31.0,90.0,100.0
2.2522522522522523,0.8715562454724617,8.0,1.0,2.0,"[14, 5, 29]",39.0,64.0,111.0
2.2432432432432434,0.7983718297723493,5.0,2.0,2.0,"[5, 10, 14, 29, 17]",35.0,83.0,99.0
2.265765765765766,0.7530325412852215,4.0,1.0,1.0,"[17, 5, 14]",29.0,93.0,96.0
2.333333333333333,0.7409585736349484,4.0,1.0,1.0,"[10, 5, 14]",24.0,88.0,106.0
2.400900900900901,0.728600654139052,2.0,2.0,2.0,"[5, 14]",26.0,75.0,119.0
2.279279279279279,0.6947921486278852,1.0,0.0,1.0,"[5, 14]",28.0,101.0,92.0
2.2612612612612613,0.7983207682885088,5.0,1.0,2.0,"[14, 8, 17, 10, 5]",34.0,81.0,102.0
2.355855855855856,0.8040828714730361,7.0,2.0,2.0,"[14, 5, 17]",25.0,72.0,118.0
2.3828828828828827,0.797209371872663,6.0,1.0,1.0,"[5, 1, 14]",26.0,67.0,123.0
2.3018018018018016,0.8476191817566463,8.0,1.0,2.0,"[14, 32, 5, 29]",32.0,67.0,115.0
2.463963963963964,0.7220249043464034,3.0,1.0,2.0,"[5, 14]",21.0,68.0,130.0
2.315315315315315,0.7548573564807843,3.0,0.0,1.0,"[5, 10, 14]",30.0,83.0,106.0
2.265765765765766,0.7882617907576236,6.0,1.0,1.0,"[14, 8, 17, 5]",29.0,87.0,100.0
2.414414414414414,0.7178205887402079,3.0,0.0,2.0,"[5, 14, 17, 8]",21.0,79.0,119.0
2.414414414414414,0.7486756750406809,3.0,2.0,3.0,"[17, 29, 4, 14, 8, 5]",26.0,69.0,124.0
2.328828828828829,0.7337854973275331,2.0,0.0,1.0,"[14, 17, 26, 5]",29.0,85.0,106.0
2.3018018018018016,0.745360550123225,3.0,0.0,1.0,"[3, 5, 14]",29.0,88.0,102.0
2.328828828828829,0.809992725221495,6.0,1.0,1.0,"[5, 14, 17]",30.0,71.0,115.0
2.324324324324324,0.7570144043312029,3.0,1.0,2.0,"[5, 14, 29, 26]",30.0,81.0,108.0
2.328828828828829,0.7150467361097781,1.0,1.0,1.0,"[14, 17, 29, 5]",29.0,88.0,104.0
2.333333333333333,0.716114874039433,3.0,2.0,1.0,"[32, 5, 14, 17]",23.0,93.0,103.0
2.27027027027027,0.8066011136167056,3.0,1.0,3.0,"[14, 5, 29, 28]",41.0,71.0,107.0
2.22972972972973,0.7408072635554934,2.0,0.0,2.0,"[5, 14, 1]",35.0,95.0,90.0
2.333333333333333,0.7940198811390319,5.0,0.0,2.0,"[1, 14, 5, 8, 17]",30.0,73.0,114.0
2.355855855855856,0.7517321999192387,2.0,2.0,1.0,"[14, 5, 17]",31.0,75.0,114.0
2.283783783783784,0.874789235434843,10.0,1.0,1.0,"[14, 5, 26]",32.0,65.0,115.0
2.31981981981982,0.8246562228833534,5.0,1.0,2.0,"[14, 5, 10]",36.0,64.0,117.0
2.3783783783783785,0.7375396797860417,1.0,1.0,1.0,"[14, 5, 17]",31.0,73.0,117.0
2.2927927927927927,0.7609486472481084,2.0,1.0,1.0,"[5, 14, 17]",35.0,81.0,104.0
2.207207207207208,0.7196922056671501,2.0,1.0,1.0,"[14, 5, 10]",33.0,104.0,83.0
2.283783783783784,0.7217425545372547,4.0,1.0,1.0,"[14, 17, 8, 5]",23.0,101.0,94.0
2.36036036036036,0.7281389255438672,3.0,0.0,2.0,"[14, 5, 26, 8, 17, 1]",24.0,85.0,110.0
2.247747747747748,0.7884169196867213,4.0,0.0,2.0,"[1, 17, 5, 14]",36.0,83.0,99.0
2.527027027027027,0.6903924971863555,2.0,1.0,1.0,"[14, 5, 17, 26]",19.0,61.0,140.0
2.22972972972973,0.7346738242110726,1.0,1.0,1.0,"[5, 17, 14, 10]",37.0,94.0,90.0
2.333333333333333,0.7286426149573089,4.0,1.0,1.0,"[14, 17, 5]",22.0,92.0,104.0
2.220720720720721,0.81885220597176,7.0,1.0,1.0,"[14, 17, 5]",34.0,84.0,97.0
2.315315315315315,0.760828103048786,2.0,1.0,1.0,"[5, 8, 14, 17, 10]",34.0,78.0,108.0
2.324324324324324,0.8525942541508709,9.0,1.0,1.0,"[14, 5]",29.0,65.0,119.0
2.207207207207208,0.8306037396108408,7.0,1.0,1.0,"[14, 5, 29]",37.0,81.0,97.0
2.2612612612612613,0.8151474531320841,4.0,1.0,1.0,"[5, 14]",40.0,72.0,106.0
2.256756756756757,0.7379955268011955,1.0,0.0,2.0,"[17, 5, 14, 10]",36.0,90.0,95.0
2.3063063063063063,0.7645161459551485,2.0,1.0,1.0,"[17, 5, 14, 10]",35.0,78.0,107.0
2.2387387387387387,0.8081789115988817,2.0,1.0,1.0,"[14, 5, 1]",46.0,71.0,103.0
2.4054054054054053,0.7415085318295934,2.0,2.0,2.0,"[5, 29, 14]",28.0,70.0,122.0
2.225225225225225,0.7329934248059614,1.0,1.0,2.0,"[14, 5, 29, 26]",37.0,95.0,89.0
2.1936936936936937,0.809086326687362,3.0,1.0,1.0,"[14, 17, 26, 1, 5]",46.0,78.0,95.0
2.369369369369369,0.8063989326099907,7.0,1.0,1.0,"[5, 14, 8]",25.0,69.0,121.0
2.310810810810811,0.7537359561857875,3.0,0.0,0.0,"[5, 14, 26]",30.0,84.0,105.0
2.315315315315315,0.8181424936680501,6.0,0.0,3.0,"[5, 14, 17]",32.0,70.0,114.0
2.346846846846846,0.7000090264214174,2.0,1.0,1.0,"[8, 14, 10, 29, 5, 17]",23.0,93.0,104.0
2.256756756756757,0.7318385230519898,2.0,3.0,2.0,"[14, 5]",32.0,95.0,93.0
2.364864864864865,0.7828649841868128,2.0,1.0,2.0,"[14, 5, 26]",36.0,63.0,121.0
2.279279279279279,0.7511218899724986,1.0,1.0,1.0,"[5, 14, 17, 29]",37.0,83.0,101.0
2.351351351351352,0.7137771386052166,0.0,0.0,1.0,"[5, 14, 17, 8]",31.0,82.0,109.0
2.324324324324324,0.7863330573893015,4.0,2.0,2.0,"[17, 14, 5]",32.0,74.0,112.0
2.3063063063063063,0.7762631544376082,4.0,1.0,2.0,"[5, 14, 8, 17, 26]",31.0,80.0,107.0
2.2927927927927927,0.7117897538623869,0.0,1.0,1.0,"[5, 14]",33.0,91.0,98.0
2.333333333333333,0.7767356373806175,5.0,0.0,3.0,"[14, 8, 5]",27.0,79.0,111.0
2.3378378378378377,0.7296629177808367,1.0,1.0,2.0,"[5, 14, 17, 1]",31.0,82.0,108.0
2.3018018018018016,0.7574047116247091,1.0,1.0,1.0,"[14, 5, 26]",37.0,78.0,106.0
2.2387387387387387,0.8357045063486457,6.0,1.0,2.0,"[14, 5, 21]",39.0,73.0,104.0
2.207207207207208,0.7133772474241039,2.0,2.0,1.0,"[5, 14, 17, 1]",32.0,106.0,82.0
2.2927927927927927,0.7901213277256895,4.0,1.0,1.0,"[5, 14, 29, 17]",34.0,77.0,107.0
2.468468468468469,0.7284747571823903,5.0,2.0,2.0,"[5, 14, 17]",16.0,71.0,130.0
2.346846846846846,0.7254045299652362,2.0,0.0,1.0,"[5, 14, 10, 8, 17]",27.0,85.0,108.0
2.418918918918919,0.7551948013368782,5.0,0.0,1.0,"[5, 17, 14, 26, 8, 1]",21.0,72.0,124.0
2.247747747747748,0.8545165442027272,7.0,0.0,2.0,"[17, 14, 8, 5, 3, 10]",39.0,68.0,108.0
2.265765765765766,0.8437146367848413,8.0,1.0,1.0,"[17, 14, 32, 5, 10]",33.0,73.0,108.0
2.265765765765766,0.7409173103141583,2.0,0.0,1.0,"[5, 14]",33.0,91.0,96.0
2.3018018018018016,0.8422639156025565,5.0,3.0,1.0,"[14, 5, 17]",40.0,60.0,117.0
2.279279279279279,0.8091241135650449,4.0,0.0,1.0,"[5, 14, 29, 8]",38.0,72.0,108.0
2.3378378378378377,0.7044209526709294,2.0,0.0,1.0,"[14, 17, 8, 5, 25, 26]",24.0,93.0,103.0
2.283783783783784,0.7217425545372547,1.0,1.0,0.0,"[5, 14]",32.0,92.0,97.0
2.2927927927927927,0.7843735964266967,7.0,0.0,1.0,"[5, 14, 1, 32]",24.0,88.0,103.0
2.274774774774775,0.7676689129460662,2.0,1.0,3.0,"[5, 14, 17]",37.0,81.0,102.0
2.2927927927927927,0.7117897538623869,2.0,0.0,0.0,"[14, 5, 26]",27.0,97.0,96.0
2.400900900900901,0.7590176427397027,6.0,1.0,1.0,"[14, 26, 8, 10, 5]",19.0,77.0,120.0
2.2972972972972974,0.7621664120919847,2.0,0.0,2.0,"[14, 5, 1, 17]",35.0,80.0,105.0
2.2972972972972974,0.8193871961885479,7.0,1.0,1.0,"[14, 17, 5, 8, 3]",30.0,75.0,110.0
2.3423423423423424,0.749002298632911,3.0,1.0,1.0,"[5, 17, 14, 1]",28.0,81.0,110.0
2.2882882882882885,0.7773651679208455,4.0,0.0,1.0,"[14, 5, 8, 17]",32.0,82.0,104.0
2.351351351351352,0.7804007399456179,3.0,1.0,2.0,"[14, 17, 8, 5, 26]",33.0,69.0,117.0
2.279279279279279,0.7389753352342323,4.0,1.0,1.0,"[14, 17, 5]",26.0,96.0,96.0
2.315315315315315,0.7179909373378061,1.0,2.0,1.0,"[14, 5]",30.0,89.0,102.0
2.265765765765766,0.7649559175179907,3.0,0.0,2.0,"[5, 14, 32]",34.0,86.0,99.0
2.328828828828829,0.809992725221495,6.0,2.0,2.0,"[5, 14, 26, 17]",30.0,71.0,115.0
2.40990990990991,0.7835936423759048,7.0,0.0,2.0,"[14, 5, 8, 17, 26]",20.0,70.0,125.0
2.310810810810811,0.7355056562531217,3.0,0.0,2.0,"[5, 14, 17, 10, 26]",27.0,90.0,102.0
2.2612612612612613,0.7208807045948904,1.0,1.0,2.0,"[5, 14, 26, 17]",33.0,95.0,93.0
2.355855855855856,0.775435616552427,5.0,2.0,1.0,"[14, 3, 5, 29]",26.0,76.0,115.0
2.477477477477477,0.7162856282939059,3.0,1.0,2.0,"[17, 14, 29, 5, 26]",20.0,67.0,132.0
2.279279279279279,0.7630751215359931,4.0,1.0,1.0,"[5, 14, 1]",30.0,88.0,100.0
2.328828828828829,0.7399263002785286,5.0,1.0,1.0,"[14, 5, 8]",21.0,92.0,104.0
2.315315315315315,0.760828103048786,2.0,1.0,1.0,"[14, 17, 5]",34.0,78.0,108.0
2.3378378378378377,0.8062599037580708,4.0,0.0,1.0,"[5, 14, 28]",35.0,65.0,118.0
2.3783783783783785,0.8189393212186618,7.0,0.0,1.0,"[14, 8, 26, 5]",27.0,63.0,125.0
2.351351351351352,0.7009837773330696,0.0,3.0,1.0,"[14, 5, 17]",29.0,86.0,107.0
2.207207207207208,0.7383130719180149,2.0,0.0,2.0,"[5, 14, 17, 1, 10]",36.0,98.0,86.0
2.36036036036036,0.8215732925203174,7.0,1.0,2.0,"[14, 3, 5]",28.0,65.0,122.0
2.324324324324324,0.7977588762618181,4.0,0.0,1.0,"[17, 14, 5, 10]",34.0,70.0,114.0
2.328828828828829,0.8265818387665633,7.0,0.0,1.0,"[5, 14, 10, 26, 1]",30.0,68.0,117.0
2.328828828828829,0.8155599234068583,8.0,1.0,1.0,"[5, 8, 3, 10, 14]",25.0,75.0,114.0
2.369369369369369,0.6916166113946849,2.0,2.0,1.0,"[17, 14, 5]",21.0,92.0,107.0
2.315315315315315,0.7304865047422393,2.0,0.0,0.0,"[14, 5, 17]",29.0,88.0,103.0
2.225225225225225,0.8148473436098065,5.0,1.0,1.0,"[14, 5, 26]",39.0,79.0,99.0
2.3873873873873874,0.8202325150003087,8.0,2.0,1.0,"[5, 17, 14]",24.0,64.0,126.0
2.427927927927928,0.7912040393515347,7.0,0.0,1.0,"[5, 14, 26, 8, 17]",21.0,64.0,130.0
2.3018018018018016,0.8259898197067457,4.0,2.0,3.0,"[5, 17, 14, 26]",40.0,63.0,115.0
2.274774774774775,0.7376087656241042,2.0,1.0,1.0,"[14, 5]",32.0,91.0,97.0
2.31981981981982,0.7377745452408869,4.0,2.0,1.0,"[14, 5]",24.0,91.0,103.0
2.279279279279279,0.7921694956797133,2.0,1.0,2.0,"[14, 5, 32, 1]",41.0,72.0,107.0
2.400900900900901,0.8108981106101061,8.0,1.0,2.0,"[5, 14, 32]",22.0,65.0,127.0
2.31981981981982,0.7064434944332892,0.0,0.0,2.0,"[14, 26, 5, 8, 17]",31.0,89.0,102.0
2.346846846846846,0.7499405490548631,5.0,0.0,2.0,"[5, 14]",22.0,86.0,109.0
2.315315315315315,0.8236546082558097,4.0,0.0,1.0,"[14, 5, 28]",39.0,62.0,117.0
2.4054054054054053,0.7475858990990503,4.0,1.0,2.0,"[14, 5, 26, 17, 8]",23.0,74.0,121.0
2.3873873873873874,0.8311924724003723,9.0,1.0,2.0,"[5, 14]",23.0,63.0,127.0
2.2972972972972974,0.8082671772170498,5.0,0.0,1.0,"[14, 5, 8, 28, 10]",34.0,73.0,110.0
2.2882882882882885,0.7354918000950192,3.0,1.0,1.0,"[14, 5, 1]",28.0,93.0,98.0
2.328828828828829,0.6692857525240276,1.0,2.0,1.0,"[5, 14, 17]",22.0,102.0,97.0
2.40990990990991,0.7660741968667064,6.0,1.0,1.0,"[5, 14, 17, 29, 8]",20.0,73.0,123.0
2.351351351351352,0.732548377148171,1.0,1.0,3.0,"[5, 14, 29]",31.0,79.0,111.0
2.283783783783784,0.7643694992080432,2.0,1.0,2.0,"[5, 14, 17, 25]",36.0,81.0,103.0
2.2882882882882885,0.8003097521080377,6.0,1.0,1.0,"[14, 10, 5]",30.0,80.0,106.0
2.3018018018018016,0.7867088190490744,2.0,1.0,2.0,"[5, 14, 17]",39.0,71.0,110.0
2.3063063063063063,0.7218978605983821,1.0,0.0,2.0,"[5, 8, 14]",31.0,89.0,101.0
2.3423423423423424,0.6859349136768178,1.0,2.0,2.0,"[5, 14, 17]",24.0,95.0,102.0
2.3063063063063063,0.7525858023606357,1.0,0.0,2.0,"[5, 17, 14]",36.0,79.0,106.0
2.2972972972972974,0.8026493979383288,4.0,0.0,2.0,"[17, 5, 14]",36.0,72.0,110.0
2.256756756756757,0.8138086116539338,3.0,2.0,1.0,"[5, 14, 17, 10, 26]",43.0,70.0,106.0
2.364864864864865,0.7164705661460221,1.0,1.0,2.0,"[15, 14, 5]",28.0,82.0,111.0
2.364864864864865,0.7593935003956738,2.0,0.0,2.0,"[32, 5, 17, 14]",32.0,71.0,117.0
2.3378378378378377,0.8229242697083018,7.0,1.0,1.0,"[5, 17, 32, 14]",29.0,68.0,118.0
2.2612612612612613,0.7516101775757871,4.0,2.0,1.0,"[5, 14]",29.0,94.0,95.0
2.283783783783784,0.8485324611671593,8.0,1.0,1.0,"[14, 5]",33.0,69.0,112.0
2.324324324324324,0.751013338502899,4.0,1.0,2.0,"[5, 10, 14]",26.0,86.0,106.0
2.355855855855856,0.8371665943707141,9.0,1.0,1.0,"[17, 5, 14, 1, 26, 28]",25.0,66.0,122.0
2.3378378378378377,0.7600373953712571,3.0,1.0,1.0,"[14, 5, 26]",30.0,78.0,111.0
2.3378378378378377,0.828404567485355,6.0,1.0,1.0,"[14, 5]",33.0,63.0,120.0
2.2882882882882885,0.8059438399013202,3.0,0.0,1.0,"[14, 17, 8, 5]",40.0,69.0,110.0
2.27027027027027,0.8287366599290356,4.0,1.0,2.0,"[14, 5, 29, 26]",42.0,66.0,110.0
2.279279279279279,0.7266257623930173,3.0,2.0,1.0,"[14, 5, 17]",27.0,97.0,95.0
2.265765765765766,0.7033205657374381,1.0,0.0,2.0,"[14, 5, 32]",30.0,100.0,91.0
2.207207207207208,0.8306037396108408,6.0,1.0,2.0,"[5, 26, 3, 14, 17]",40.0,78.0,98.0
2.355855855855856,0.668920205683674,1.0,0.0,1.0,"[14, 8, 5]",21.0,98.0,102.0
2.247747747747748,0.8438595717326782,6.0,0.0,1.0,"[5, 17, 28, 14]",40.0,69.0,107.0
2.279279279279279,0.7630751215359931,4.0,1.0,1.0,"[5, 14, 1]",30.0,88.0,100.0
2.468468468468469,0.7284747571823902,5.0,0.0,1.0,"[14, 5, 26, 17, 10]",16.0,71.0,130.0
2.333333333333333,0.716114874039433,2.0,1.0,2.0,"[5, 17, 14]",26.0,90.0,104.0
2.3063063063063063,0.7820704947081704,3.0,0.0,2.0,"[14, 5]",35.0,75.0,109.0
2.369369369369369,0.7298165383786552,2.0,0.0,2.0,"[5, 14, 1, 26]",27.0,80.0,113.0
2.2882882882882885,0.765635067630325,3.0,2.0,1.0,"[14, 5]",33.0,83.0,103.0
2.328828828828829,0.7150467361097781,0.0,0.0,1.0,"[26, 14, 5]",32.0,85.0,105.0
2.27027027027027,0.8066011136167054,6.0,2.0,2.0,"[5, 17, 14]",32.0,80.0,104.0
2.324324324324324,0.7449639325857419,3.0,1.0,2.0,"[14, 5, 8, 29]",28.0,85.0,106.0
2.3063063063063063,0.77041203987332,6.0,1.0,2.0,"[17, 5, 14, 8]",24.0,88.0,104.0
2.2522522522522523,0.8012260793300006,4.0,0.0,1.0,"[14, 1, 5]",38.0,78.0,102.0
2.31981981981982,0.7678282023888403,2.0,0.0,3.0,"[5, 14, 1]",35.0,75.0,110.0
2.328828828828829,0.7337854973275331,3.0,1.0,2.0,"[5, 14]",26.0,88.0,105.0
2.310810810810811,0.7946485436574436,5.0,2.0,2.0,"[14, 5, 17]",31.0,76.0,110.0
2.3063063063063063,0.7465491384759247,1.0,1.0,2.0,"[5, 14, 17, 26]",35.0,81.0,105.0
2.315315315315315,0.7366548088258094,1.0,0.0,2.0,"[14, 1, 5, 29]",33.0,83.0,105.0
2.3423423423423424,0.7727894528136424,4.0,1.0,1.0,"[5, 14, 29, 17]",29.0,76.0,113.0
2.31981981981982,0.7559501312073209,2.0,1.0,1.0,"[14, 5]",33.0,79.0,108.0
2.4234234234234235,0.7435946634566837,3.0,0.0,3.0,"[5, 26, 14, 1, 17]",25.0,69.0,125.0
2.351351351351352,0.7137771386052166,2.0,0.0,1.0,"[5, 32, 14]",25.0,88.0,107.0
2.283783783783784,0.8591314714091836,7.0,0.0,2.0,"[5, 8, 14, 26, 17]",38.0,62.0,115.0
2.328828828828829,0.702276503458527,0.0,0.0,2.0,"[5, 14, 17]",30.0,89.0,103.0
2.310810810810811,0.8389663270847914,8.0,1.0,1.0,"[14, 5, 17]",30.0,69.0,115.0
2.468468468468469,0.7588967918170579,5.0,1.0,1.0,"[5, 14, 17]",21.0,61.0,135.0
2.328828828828829,0.7873303753121176,2.0,1.0,4.0,"[5, 1, 10, 14]",38.0,67.0,115.0
2.333333333333333,0.7470404149701632,3.0,2.0,2.0,"[14, 5, 1]",28.0,83.0,108.0
2.256756756756757,0.7441015867032069,3.0,0.0,1.0,"[5, 14, 17]",31.0,94.0,94.0
2.2612612612612613,0.7926324970155456,5.0,3.0,1.0,"[5, 14, 17]",33.0,83.0,101.0
2.283783783783784,0.7341742725955972,1.0,0.0,1.0,"[5, 14, 17, 8]",34.0,88.0,99.0
2.333333333333333,0.7649958842149165,6.0,1.0,1.0,"[14, 5, 1]",22.0,86.0,108.0
2.3378378378378377,0.7540603879047543,2.0,0.0,2.0,"[5, 8, 3, 14, 26, 17, 29]",32.0,77.0,111.0
2.22972972972973,0.7648493294494039,4.0,0.0,0.0,"[5, 14, 17]",33.0,93.0,92.0
2.355855855855856,0.7334520973645449,3.0,1.0,2.0,"[5, 10, 14]",25.0,84.0,110.0
2.283783783783784,0.7341742725955973,1.0,0.0,1.0,"[5, 14, 17]",34.0,88.0,99.0
2.3423423423423424,0.8401195292622844,7.0,1.0,2.0,"[14, 5, 3, 29]",32.0,61.0,122.0
2.4054054054054053,0.800207873200858,7.0,1.0,2.0,"[14, 8, 5, 17]",23.0,65.0,127.0
2.2927927927927927,0.7243922978709737,1.0,2.0,1.0,"[5, 17, 14, 26]",32.0,90.0,99.0
2.315315315315315,0.7304865047422393,3.0,0.0,1.0,"[14, 26, 8, 5, 17]",26.0,91.0,102.0
2.3423423423423424,0.7429365178813923,2.0,0.0,2.0,"[5, 17, 14, 8]",30.0,80.0,110.0
2.328828828828829,0.8320380459656691,6.0,0.0,2.0,"[32, 5, 17, 29, 14]",34.0,63.0,119.0
2.3423423423423424,0.6859349136768178,0.0,1.0,1.0,"[5, 14, 29]",27.0,92.0,103.0
2.2612612612612613,0.7455656143357539,2.0,1.0,2.0,"[14, 5, 10]",34.0,90.0,96.0
2.355855855855856,0.68891477182512,1.0,0.0,1.0,"[14, 32, 5, 17]",24.0,92.0,105.0
2.346846846846846,0.6935148616401847,1.0,0.0,1.0,"[17, 14, 8, 5]",25.0,92.0,104.0
2.27027027027027,0.8066011136167056,6.0,0.0,1.0,"[5, 14, 1, 17, 8]",32.0,80.0,104.0
2.3063063063063063,0.7935576892730575,4.0,1.0,1.0,"[17, 5, 14, 10]",34.0,74.0,110.0
2.2432432432432434,0.8096277700804002,2.0,2.0,2.0,"[14, 17, 5]",46.0,70.0,104.0
2.3423423423423424,0.7054473949684639,1.0,1.0,1.0,"[5, 14, 17]",27.0,89.0,105.0
2.315315315315315,0.81814249366805,8.0,0.0,1.0,"[5, 14]",26.0,76.0,112.0
2.3873873873873874,0.7140626380520981,1.0,2.0,2.0,"[14, 26, 17, 5]",27.0,79.0,115.0
2.36036036036036,0.6963744869780172,1.0,0.0,1.0,"[14, 5, 26]",25.0,89.0,107.0
2.279279279279279,0.7266257623930173,2.0,0.0,1.0,"[14, 17, 5, 26, 1]",30.0,94.0,96.0
2.3423423423423424,0.7118327056432908,0.0,1.0,1.0,"[5, 17, 14, 26, 29]",31.0,84.0,107.0
2.324324324324324,0.751013338502899,2.0,1.0,2.0,"[14, 5]",32.0,80.0,108.0
2.333333333333333,0.722405901537473,2.0,0.0,1.0,"[5, 26, 17, 29, 14, 8]",27.0,88.0,105.0
2.283783783783784,0.7154456941475754,2.0,0.0,2.0,"[5, 8, 1, 14]",28.0,97.0,95.0
2.2882882882882885,0.7416184745289642,1.0,0.0,1.0,"[14, 5, 17, 29, 26]",35.0,85.0,101.0
2.373873873873874,0.7727498892009227,5.0,0.0,2.0,"[5, 14, 17, 26, 1]",25.0,74.0,118.0
2.3423423423423424,0.7669118362786903,4.0,1.0,2.0,"[14, 3, 5]",28.0,78.0,112.0
2.2387387387387387,0.7379402876149802,3.0,2.0,2.0,"[5, 14]",31.0,98.0,90.0
2.31981981981982,0.6935148616401847,1.0,0.0,1.0,"[5, 14]",26.0,96.0,99.0
2.225225225225225,0.7980143307741971,7.0,1.0,1.0,"[5, 14, 29, 28, 17]",30.0,91.0,94.0
2.324324324324324,0.7449639325857419,2.0,0.0,3.0,"[17, 5, 14, 29]",31.0,82.0,107.0
2.3063063063063063,0.816047119489444,4.0,2.0,1.0,"[14, 5]",38.0,66.0,114.0
2.2927927927927927,0.8821212311089449,10.0,1.0,2.0,"[14, 17, 5, 29]",33.0,61.0,118.0
2.2882882882882885,0.8170954782558751,5.0,0.0,2.0,"[5, 14, 8, 10]",36.0,71.0,110.0
2.3963963963963963,0.702668208608921,1.0,0.0,1.0,"[14, 5, 17, 8]",25.0,81.0,115.0
2.2972972972972974,0.7621664120919847,4.0,1.0,1.0,"[14, 17, 5]",29.0,86.0,103.0
2.2117117117117115,0.810143693051811,4.0,2.0,2.0,"[5, 14, 17, 29]",42.0,79.0,97.0
2.364864864864865,0.6708067201989024,1.0,1.0,1.0,"[5, 26, 8, 14]",21.0,96.0,104.0
2.2522522522522523,0.7783085089962077,3.0,0.0,1.0,"[17, 14, 5, 15]",37.0,83.0,99.0
2.400900900900901,0.7097250114973306,1.0,2.0,1.0,"[5, 14]",26.0,78.0,117.0
2.315315315315315,0.760828103048786,3.0,0.0,2.0,"[5, 14, 8]",31.0,81.0,107.0
2.40990990990991,0.7109301732969731,3.0,0.0,1.0,"[14, 5, 17, 8]",20.0,82.0,117.0
2.436936936936937,0.7448681656778928,4.0,1.0,1.0,"[14, 5, 1, 8]",22.0,69.0,127.0
2.36036036036036,0.6492988601748072,0.0,3.0,1.0,"[14, 5, 26, 17]",21.0,100.0,101.0
2.364864864864865,0.747381389206262,3.0,3.0,2.0,"[14, 5, 29]",27.0,78.0,114.0
2.36036036036036,0.7343269494222812,5.0,1.0,1.0,"[5, 26, 14, 17]",19.0,89.0,109.0
2.328828828828829,0.7275928685278319,1.0,1.0,2.0,"[14, 5, 17]",31.0,84.0,106.0
2.247747747747748,0.759178747377729,2.0,0.0,2.0,"[5, 14]",37.0,87.0,96.0
2.427927927927928,0.7129914256585808,3.0,1.0,1.0,"[14, 5, 32, 17, 1]",20.0,78.0,121.0
2.3873873873873874,0.7012744851701147,2.0,0.0,1.0,"[17, 5, 15, 14]",22.0,86.0,112.0
2.355855855855856,0.7019281375968407,2.0,2.0,2.0,"[5, 14]",23.0,91.0,106.0
2.265765765765766,0.7882617907576236,3.0,0.0,1.0,"[14, 5, 17, 8]",38.0,78.0,103.0
2.3378378378378377,0.7659677644120415,3.0,1.0,2.0,"[14, 5, 32]",31.0,76.0,112.0
2.373873873873874,0.7785834348454213,7.0,1.0,1.0,"[14, 32, 17, 5]",20.0,78.0,117.0
2.391891891891892,0.7577813692908847,2.0,0.0,3.0,"[14, 5, 8, 29]",31.0,67.0,122.0
2.333333333333333,0.7224059015374729,2.0,0.0,2.0,"[14, 17, 29, 8, 5]",27.0,88.0,105.0
2.220720720720721,0.8133075442101602,5.0,0.0,1.0,"[5, 17, 14]",39.0,80.0,98.0
2.468468468468469,0.6836132353621817,2.0,3.0,1.0,"[14, 26, 5, 17]",18.0,76.0,126.0
2.351351351351352,0.7074093792421715,0.0,1.0,1.0,"[5, 14]",30.0,84.0,108.0
2.27027027027027,0.812191560066568,4.0,1.0,2.0,"[17, 5, 14, 26]",39.0,72.0,107.0
2.328828828828829,0.7873303753121176,5.0,2.0,3.0,"[17, 14, 5]",29.0,76.0,112.0
2.247747747747748,0.7651157717794568,2.0,1.0,2.0,"[5, 14]",38.0,85.0,97.0
2.3873873873873874,0.7450733654078652,2.0,1.0,2.0,"[5, 14, 8]",29.0,72.0,119.0
2.31981981981982,0.7064434944332892,1.0,1.0,1.0,"[14, 5, 26, 17]",28.0,92.0,101.0
2.3018018018018016,0.7809359719041845,5.0,0.0,1.0,"[5, 14]",29.0,82.0,106.0
2.355855855855856,0.7695782102310242,5.0,1.0,2.0,"[14, 8, 5, 1, 17]",25.0,78.0,114.0
2.40990990990991,0.748144607571291,5.0,1.0,1.0,"[14, 5, 17, 8]",20.0,76.0,121.0
2.31981981981982,0.8301250867766227,7.0,0.0,1.0,"[8, 5, 14, 10]",31.0,68.0,116.0
2.31981981981982,0.7967490302234189,7.0,1.0,1.0,"[5, 14, 32]",25.0,80.0,110.0
2.333333333333333,0.7286426149573089,2.0,1.0,1.0,"[14, 5]",28.0,86.0,106.0
2.265765765765766,0.7223635784396928,2.0,0.0,0.0,"[14, 5, 10]",30.0,97.0,93.0
2.2522522522522523,0.7426072263599132,3.0,1.0,2.0,"[5, 14, 17, 29]",31.0,95.0,93.0
2.225225225225225,0.7142338829415783,1.0,1.0,2.0,"[14, 5, 17]",34.0,101.0,86.0
2.427927927927928,0.7620728069600071,5.0,2.0,2.0,"[32, 14, 17, 5]",22.0,68.0,127.0
2.373873873873874,0.7428953644233875,3.0,0.0,2.0,"[14, 5, 8, 29]",26.0,78.0,115.0
2.3018018018018016,0.7331185457814339,1.0,0.0,2.0,"[14, 1, 17, 8, 29, 5, 26]",33.0,86.0,102.0
2.346846846846846,0.731615681795942,4.0,0.0,1.0,"[5, 14]",22.0,89.0,107.0
2.2882882882882885,0.7946357187816142,4.0,1.0,1.0,"[5, 14]",35.0,76.0,107.0
2.27027027027027,0.8066011136167054,5.0,2.0,2.0,"[17, 5, 10, 14, 26]",35.0,77.0,105.0
2.315315315315315,0.7304865047422393,0.0,0.0,1.0,"[5, 14, 17, 1, 26]",35.0,82.0,105.0
2.279279279279279,0.7571220954056979,3.0,0.0,0.0,"[14, 5]",32.0,87.0,100.0
2.373873873873874,0.7181186722674279,1.0,1.0,3.0,"[14, 17, 5]",28.0,80.0,113.0
2.274774774774775,0.7437180009124229,0.0,2.0,1.0,"[14, 5, 17, 26]",39.0,83.0,100.0
2.346846846846846,0.8136082217068156,8.0,0.0,2.0,"[5, 32, 14, 1]",24.0,73.0,117.0
2.40990990990991,0.8007298655844591,6.0,2.0,2.0,"[17, 5, 14, 26]",26.0,61.0,129.0
2.333333333333333,0.7033640346998138,0.0,2.0,2.0,"[17, 5, 14]",30.0,88.0,104.0
2.3873873873873874,0.7689820640709552,7.0,2.0,1.0,"[5, 17, 14, 29]",18.0,79.0,118.0
2.2612612612612613,0.8206796842272748,3.0,1.0,2.0,"[14, 10, 5]",44.0,67.0,108.0
2.265765765765766,0.854373417093655,8.0,0.0,2.0,"[14, 8, 3, 17, 5]",35.0,69.0,110.0
2.369369369369369,0.6916166113946848,0.0,1.0,2.0,"[5, 14, 17, 26]",27.0,86.0,109.0
2.364864864864865,0.7289921945157668,1.0,1.0,2.0,"[5, 3, 14, 17, 10, 26]",30.0,78.0,113.0
2.400900900900901,0.7590176427397027,4.0,0.0,1.0,"[14, 5, 8, 1]",25.0,71.0,122.0
2.346846846846846,0.7910494569913453,3.0,1.0,1.0,"[5, 14, 29, 17]",35.0,66.0,118.0
2.279279279279279,0.8473666546672769,5.0,0.0,2.0,"[14, 5, 26, 17]",42.0,61.0,114.0
2.472972972972973,0.7033785237569627,3.0,0.0,2.0,"[5, 17, 14, 8, 29, 10]",18.0,72.0,129.0
2.2522522522522523,0.8344230777803674,5.0,2.0,3.0,"[5, 14, 17, 28]",41.0,69.0,107.0
2.364864864864865,0.8056529516413647,8.0,0.0,1.0,"[14, 17, 26, 8, 5]",22.0,73.0,119.0
2.22972972972973,0.8328215786271848,7.0,0.0,2.0,"[14, 5, 17]",36.0,78.0,101.0
2.364864864864865,0.7101269593515975,3.0,2.0,2.0,"[14, 26, 8, 5]",21.0,90.0,108.0
2.391891891891892,0.7084027199263985,0.0,1.0,1.0,"[14, 5, 8, 26]",29.0,77.0,116.0
2.256756756756757,0.725629278672837,3.0,0.0,1.0,"[14, 5, 17]",28.0,100.0,91.0
2.3783783783783785,0.7497094949180043,2.0,2.0,2.0,"[14, 5, 17]",30.0,72.0,118.0
2.369369369369369,0.823060483671462,10.0,2.0,2.0,"[5, 17, 14, 26]",19.0,72.0,121.0
2.328828828828829,0.7399263002785286,3.0,1.0,1.0,"[5, 14, 1]",27.0,86.0,106.0
2.3018018018018016,0.7514067629690677,3.0,1.0,2.0,"[5, 14, 17, 25]",30.0,86.0,103.0
2.346846846846846,0.773698857527484,4.0,1.0,2.0,"[14, 5]",29.0,75.0,114.0
2.279279279279279,0.7748439769518009,2.0,2.0,2.0,"[14, 17, 5]",38.0,78.0,104.0
2.279279279279279,0.8091241135650449,6.0,2.0,2.0,"[14, 5, 17, 8]",32.0,78.0,106.0
2.27027027027027,0.7362119745153811,2.0,2.0,1.0,"[5, 14]",32.0,92.0,96.0
2.369369369369369,0.8063989326099907,6.0,1.0,1.0,"[14, 5, 17, 8]",28.0,66.0,122.0
2.234234234234234,0.772314555696292,5.0,3.0,2.0,"[5, 14, 17]",31.0,93.0,93.0
2.2882882882882885,0.765635067630325,3.0,0.0,1.0,"[14, 5]",33.0,83.0,103.0
2.256756756756757,0.7739095813546377,2.0,1.0,1.0,"[14, 15, 5]",39.0,81.0,100.0
2.40990990990991,0.811953117581439,8.0,2.0,2.0,"[14, 5, 29]",22.0,63.0,129.0
2.2972972972972974,0.7441426734532839,1.0,1.0,3.0,"[14, 5, 29]",35.0,83.0,103.0
2.274774774774775,0.731448506300928,1.0,2.0,1.0,"[5, 14, 17]",34.0,90.0,97.0
2.31981981981982,0.7967490302234189,3.0,2.0,1.0,"[5, 17, 14]",37.0,68.0,114.0
2.310810810810811,0.783177349280215,4.0,1.0,1.0,"[17, 5, 14]",32.0,77.0,109.0
2.310810810810811,0.8171079506157803,6.0,0.0,1.0,"[8, 5, 10, 14]",32.0,71.0,113.0
2.355855855855856,0.7210079275688566,3.0,0.0,2.0,"[17, 5, 8, 14, 10]",23.0,88.0,108.0
2.3378378378378377,0.7044209526709294,1.0,3.0,1.0,"[17, 14, 5]",27.0,90.0,104.0
2.346846846846846,0.7559501312073208,2.0,1.0,3.0,"[5, 17, 8, 14]",32.0,75.0,113.0
2.351351351351352,0.7861775172715919,5.0,1.0,1.0,"[14, 5, 17, 26, 10]",28.0,73.0,116.0
2.373873873873874,0.7901213277256897,3.0,1.0,3.0,"[5, 14, 26, 10]",34.0,62.0,123.0
2.247747747747748,0.7826566715314206,2.0,1.0,2.0,"[14, 5, 17]",41.0,79.0,100.0
2.3018018018018016,0.7751201316301087,4.0,1.0,2.0,"[17, 14, 5, 1]",31.0,81.0,106.0
2.279279279279279,0.8420097824172569,9.0,1.0,2.0,"[5, 14, 17, 8]",29.0,75.0,109.0
2.274774774774775,0.725235922727358,1.0,0.0,2.0,"[5, 14, 17, 8]",33.0,92.0,96.0
2.3378378378378377,0.7480356240523659,3.0,2.0,2.0,"[14, 26, 8, 5, 29]",28.0,82.0,109.0
2.265765765765766,0.7409173103141582,2.0,1.0,1.0,"[5, 14, 17]",33.0,91.0,96.0
2.31981981981982,0.8409561268028239,4.0,2.0,1.0,"[5, 17, 14]",42.0,55.0,121.0
2.27027027027027,0.7484033798234401,3.0,1.0,2.0,"[14, 17, 32, 5, 1]",31.0,91.0,97.0
2.2882882882882885,0.7040591731017579,1.0,1.0,1.0,"[14, 5, 17, 1]",29.0,97.0,95.0
2.234234234234234,0.7954048453227988,2.0,0.0,2.0,"[5, 14]",44.0,76.0,100.0
2.324324324324324,0.7629682707167986,2.0,2.0,1.0,"[5, 14, 17]",34.0,76.0,110.0
2.36036036036036,0.7281389255438672,4.0,1.0,1.0,"[5, 14, 8]",21.0,88.0,109.0
2.2927927927927927,0.6792612052260874,0.0,1.0,1.0,"[5, 8, 14]",28.0,101.0,93.0
2.283783783783784,0.8047416651380414,4.0,1.0,2.0,"[14, 5, 28]",37.0,73.0,108.0
2.2927927927927927,0.7958275480797724,3.0,0.0,1.0,"[5, 8, 14, 17]",38.0,72.0,109.0
2.2972972972972974,0.8303583110856675,6.0,1.0,1.0,"[5, 29, 14]",35.0,68.0,113.0
2.3018018018018016,0.7331185457814339,4.0,1.0,1.0,"[5, 14, 17, 26]",24.0,95.0,99.0
2.27027027027027,0.7663269147029331,3.0,0.0,1.0,"[5, 26, 14, 17]",34.0,85.0,100.0
2.315315315315315,0.7957122877791639,4.0,2.0,2.0,"[14, 5]",34.0,72.0,112.0
2.2432432432432434,0.7516644121739436,3.0,1.0,1.0,"[5, 14, 17]",33.0,93.0,93.0
2.4054054054054053,0.7475858990990504,3.0,1.0,2.0,"[14, 5]",26.0,71.0,122.0
2.315315315315315,0.7116608829657319,1.0,1.0,1.0,"[5, 29, 14]",29.0,91.0,101.0
2.2432432432432434,0.8040194974810656,5.0,2.0,2.0,"[14, 17, 26, 5, 3]",36.0,81.0,100.0
2.3378378378378377,0.7108154840164048,2.0,0.0,1.0,"[14, 5, 1, 26, 8]",25.0,91.0,104.0
2.315315315315315,0.8506796003662671,7.0,2.0,1.0,"[3, 5, 14, 26]",35.0,61.0,119.0
2.346846846846846,0.7967490302234188,5.0,0.0,2.0,"[14, 5, 32]",30.0,70.0,117.0
2.283783783783784,0.7217425545372546,2.0,2.0,1.0,"[5, 14, 17]",29.0,95.0,96.0
2.391891891891892,0.8263352157037975,8.0,1.0,2.0,"[5, 17, 1, 14]",25.0,61.0,128.0
2.283783783783784,0.7934164102776268,3.0,2.0,2.0,"[14, 5, 29]",38.0,74.0,107.0
2.27027027027027,0.7048114660258838,1.0,1.0,0.0,"[17, 14, 5, 8]",30.0,99.0,92.0
2.283783783783784,0.7279849509334778,1.0,0.0,2.0,"[5, 10, 14, 1]",33.0,90.0,98.0
2.315315315315315,0.742771890368669,1.0,0.0,2.0,"[14, 8, 26, 5]",34.0,81.0,106.0
2.3063063063063063,0.77041203987332,3.0,1.0,1.0,"[5, 14]",33.0,79.0,107.0
2.315315315315315,0.7842566527683643,3.0,1.0,2.0,"[5, 17, 14]",35.0,73.0,111.0
2.324324324324324,0.7327153016979389,4.0,0.0,1.0,"[5, 14, 1, 17]",23.0,92.0,103.0
2.2882882882882885,0.7476949481695887,3.0,0.0,1.0,"[5, 8, 14]",30.0,89.0,100.0
2.3063063063063063,0.7525858023606355,3.0,2.0,2.0,"[14, 8, 5, 26]",30.0,85.0,104.0
2.3378378378378377,0.7776928465851368,5.0,0.0,2.0,"[14, 5]",27.0,78.0,112.0
2.445945945945946,0.7635691120783644,5.0,1.0,1.0,"[17, 14, 1, 5]",22.0,64.0,131.0
2.3378378378378377,0.6979678393781218,0.0,1.0,1.0,"[5, 14, 28]",29.0,89.0,104.0
2.315315315315315,0.7726311862073174,1.0,0.0,2.0,"[14, 5, 17, 8, 26]",39.0,71.0,111.0
2.315315315315315,0.7842566527683643,4.0,1.0,1.0,"[14, 5, 26]",32.0,76.0,110.0
2.3828828828828827,0.7005329417744096,1.0,0.0,3.0,"[5, 14, 32]",25.0,84.0,112.0
2.279279279279279,0.7864367337108529,5.0,0.0,2.0,"[14, 5, 8]",31.0,83.0,103.0
2.2117117117117115,0.7700547948698416,3.0,0.0,2.0,"[17, 5, 10, 14, 21]",38.0,90.0,91.0
2.2432432432432434,0.8151974606443627,5.0,2.0,2.0,"[5, 14, 15, 17]",38.0,77.0,102.0
2.355855855855856,0.7272566296520051,1.0,0.0,1.0,"[5, 14, 26, 8]",30.0,80.0,111.0
2.279279279279279,0.8035123256035114,4.0,1.0,1.0,"[5, 14, 26]",37.0,74.0,107.0
2.274774774774775,0.8078762134098193,5.0,0.0,1.0,"[17, 14, 5, 8]",35.0,76.0,106.0
2.27027027027027,0.7362119745153811,2.0,1.0,0.0,"[5, 14, 17]",32.0,92.0,96.0
2.27027027027027,0.8009716491437467,3.0,0.0,1.0,"[17, 5, 14]",40.0,73.0,106.0
2.2612612612612613,0.7082156753037265,0.0,1.0,2.0,"[14, 5, 17]",34.0,96.0,92.0
2.283783783783784,0.7934164102776269,4.0,1.0,2.0,"[5, 14, 17, 8, 1]",35.0,77.0,106.0
2.3378378378378377,0.6979678393781218,1.0,2.0,1.0,"[14, 5]",26.0,92.0,103.0
2.414414414414414,0.7841007007595109,6.0,2.0,1.0,"[17, 14, 5, 10]",23.0,66.0,127.0
2.3423423423423424,0.7669118362786903,4.0,1.0,1.0,"[5, 17, 14]",28.0,78.0,112.0
2.225225225225225,0.7865922225713127,2.0,0.0,2.0,"[14, 3, 29, 5, 26, 17, 10]",43.0,80.0,97.0
2.333333333333333,0.7940198811390318,4.0,0.0,2.0,"[5, 8, 14, 1, 29]",33.0,70.0,115.0
2.3063063063063063,0.816047119489444,4.0,1.0,3.0,"[14, 5, 17, 26]",38.0,66.0,114.0
2.283783783783784,0.752436830443754,1.0,0.0,0.0,"[26, 5, 14]",37.0,82.0,102.0
2.27027027027027,0.760399346687292,2.0,2.0,2.0,"[14, 17, 5]",36.0,84.0,100.0
2.3018018018018016,0.7206686163954776,1.0,1.0,2.0,"[17, 5, 14]",31.0,90.0,100.0
2.2972972972972974,0.7441426734532838,2.0,1.0,2.0,"[5, 14, 8, 17]",32.0,86.0,102.0
2.265765765765766,0.7590176427397027,3.0,0.0,2.0,"[14, 5, 17]",33.0,88.0,98.0
2.351351351351352,0.732548377148171,3.0,1.0,4.0,"[14, 32, 1, 5]",25.0,85.0,109.0
2.36036036036036,0.6898461077358055,0.0,1.0,1.0,"[26, 14, 5]",27.0,88.0,107.0
2.4054054054054053,0.7415085318295934,4.0,3.0,1.0,"[5, 14, 17, 26]",22.0,76.0,120.0
2.3018018018018016,0.7392648888756591,1.0,0.0,2.0,"[5, 14, 17, 26]",34.0,84.0,103.0
2.2927927927927927,0.7843735964266968,3.0,2.0,2.0,"[14, 5, 26]",36.0,76.0,107.0
2.31981981981982,0.6869593070627608,0.0,0.0,2.0,"[14, 5, 1]",28.0,95.0,99.0
2.3828828828828827,0.6808796378539602,0.0,0.0,1.0,"[14, 5, 8]",25.0,87.0,110.0
2.2612612612612613,0.7145762496064151,1.0,1.0,3.0,"[29, 14, 17, 5]",32.0,97.0,92.0
2.4504504504504503,0.7756327294653673,5.0,0.0,2.0,"[5, 17, 8, 10, 26, 14]",24.0,59.0,134.0
2.3018018018018016,0.7692603231043579,3.0,2.0,1.0,"[14, 5, 17, 10]",33.0,80.0,106.0
2.364864864864865,0.747381389206262,4.0,0.0,1.0,"[14, 26, 5, 8, 17, 21]",24.0,81.0,113.0
2.418918918918919,0.7308352023155579,2.0,1.0,2.0,"[14, 17, 5, 29]",26.0,71.0,123.0
2.279279279279279,0.6947921486278852,0.0,1.0,1.0,"[17, 5, 14]",31.0,98.0,93.0
2.400900900900901,0.6837473926255673,2.0,1.0,2.0,"[14, 26, 8, 5]",19.0,89.0,112.0
2.2927927927927927,0.7243922978709737,1.0,0.0,3.0,"[26, 5, 14, 10]",32.0,90.0,99.0
2.3873873873873874,0.7203715880138373,2.0,2.0,2.0,"[14, 26, 17, 5]",25.0,80.0,115.0
2.3063063063063063,0.7281389255438672,3.0,2.0,1.0,"[14, 5, 17, 26]",26.0,93.0,100.0
2.31981981981982,0.7499405490548631,3.0,2.0,2.0,"[5, 29, 17, 14]",29.0,84.0,106.0
2.27027027027027,0.7048114660258837,1.0,1.0,1.0,"[14, 5, 8, 10, 17]",30.0,99.0,92.0
2.2612612612612613,0.8261748712343142,7.0,1.0,1.0,"[14, 17, 5]",33.0,77.0,105.0
2.3828828828828827,0.6808796378539602,1.0,0.0,1.0,"[14, 5, 26]",22.0,90.0,109.0
2.3378378378378377,0.7949562786069817,5.0,0.0,1.0,"[8, 14, 29, 5]",30.0,72.0,115.0
2.355855855855856,0.7272566296520051,2.0,0.0,1.0,"[5, 14]",27.0,83.0,110.0
2.234234234234234,0.772314555696292,2.0,2.0,2.0,"[1, 5, 14, 29, 17]",40.0,84.0,96.0
2.3018018018018016,0.8093885723138262,6.0,0.0,1.0,"[14, 5, 17, 10]",31.0,75.0,110.0
2.2927927927927927,0.8014931440993858,4.0,1.0,2.0,"[14, 5]",36.0,73.0,109.0
2.324324324324324,0.751013338502899,1.0,1.0,1.0,"[5, 14]",35.0,77.0,109.0
2.247747747747748,0.7410823498121172,2.0,0.0,2.0,"[14, 5, 8]",34.0,93.0,93.0
2.265765765765766,0.7160721791136297,1.0,0.0,0.0,"[14, 5, 8]",32.0,96.0,93.0
2.1936936936936937,0.8311556888183302,5.0,0.0,2.0,"[14, 17, 5, 15, 3]",44.0,76.0,97.0
2.2927927927927927,0.7549788540039184,3.0,0.0,1.0,"[5, 17, 8, 14]",31.0,86.0,102.0
2.220720720720721,0.8133075442101602,4.0,0.0,2.0,"[14, 17, 5]",42.0,77.0,99.0
2.3063063063063063,0.7878350287012746,2.0,1.0,2.0,"[5, 14, 8, 1]",39.0,70.0,111.0
2.3963963963963963,0.7702532847718906,2.0,1.0,2.0,"[5, 14, 8]",33.0,62.0,125.0
2.2882882882882885,0.8115388141244638,4.0,1.0,2.0,"[5, 26, 14]",38.0,70.0,110.0
2.355855855855856,0.7754356165524271,2.0,0.0,1.0,"[14, 17, 8, 26, 5]",35.0,67.0,118.0
2.265765765765766,0.7996600516967993,4.0,1.0,3.0,"[14, 5, 17, 8]",37.0,77.0,104.0
2.310810810810811,0.7230968281420013,0.0,2.0,1.0,"[5, 14]",34.0,85.0,103.0
2.2927927927927927,0.7428953644233875,3.0,2.0,1.0,"[5, 14, 17, 26, 10]",29.0,90.0,100.0
2.274774774774775,0.7793684028847381,2.0,2.0,3.0,"[14, 26, 10, 17, 5, 25]",39.0,77.0,104.0
2.265765765765766,0.7766962747799833,5.0,3.0,2.0,"[5, 14]",30.0,88.0,99.0
2.2927927927927927,0.7243922978709736,2.0,1.0,2.0,"[5, 14]",29.0,93.0,98.0
2.279279279279279,0.8146972473919841,4.0,1.0,2.0,"[5, 1, 14, 17]",39.0,70.0,109.0
2.369369369369369,0.7109731770074275,3.0,1.0,2.0,"[5, 14, 26]",21.0,89.0,109.0
2.3063063063063063,0.7281389255438672,3.0,0.0,2.0,"[5, 14, 32]",26.0,93.0,100.0
2.36036036036036,0.7878350287012748,5.0,1.0,1.0,"[5, 1, 14, 10]",28.0,71.0,118.0
2.2882882882882885,0.7476949481695887,2.0,1.0,2.0,"[5, 17, 14]",33.0,86.0,101.0
2.454954954954955,0.7461804688407555,4.0,3.0,1.0,"[14, 5]",22.0,65.0,131.0
2.333333333333333,0.8164965809277261,7.0,1.0,1.0,"[14, 5, 17]",28.0,71.0,116.0
2.391891891891892,0.7577813692908848,4.0,0.0,2.0,"[5, 14, 26, 1, 17, 8]",25.0,73.0,120.0
2.310810810810811,0.7416322162204062,3.0,1.0,1.0,"[14, 5]",28.0,88.0,103.0
2.256756756756757,0.8303214905499385,7.0,1.0,2.0,"[5, 14, 29]",34.0,76.0,105.0
2.256756756756757,0.7379955268011954,2.0,1.0,2.0,"[5, 14, 17, 15]",33.0,93.0,94.0
2.454954954954955,0.7400915607705262,3.0,1.0,1.0,"[17, 5, 26, 14]",24.0,64.0,131.0
2.247747747747748,0.7884169196867215,3.0,1.0,2.0,"[17, 5, 14, 10]",39.0,80.0,100.0
2.3378378378378377,0.7540603879047543,4.0,0.0,2.0,"[5, 32, 14, 17]",26.0,83.0,109.0
2.3063063063063063,0.6832553538777318,0.0,0.0,1.0,"[14, 5, 10]",28.0,98.0,96.0
2.351351351351352,0.868229056757585,10.0,1.0,1.0,"[26, 14, 5]",28.0,58.0,126.0
2.355855855855856,0.775435616552427,3.0,0.0,3.0,"[17, 14, 5, 29]",32.0,70.0,117.0
2.31981981981982,0.653195392498958,0.0,0.0,2.0,"[5, 14, 26, 17]",23.0,105.0,94.0
2.274774774774775,0.6998343008109691,1.0,0.0,0.0,"[14, 5, 8, 17, 1]",29.0,100.0,92.0
2.2882882882882885,0.691085936564635,1.0,0.0,1.0,"[17, 14, 5]",27.0,101.0,93.0
2.175675675675676,0.8351677660836758,6.0,0.0,1.0,"[26, 5, 17, 14]",43.0,79.0,94.0
2.22972972972973,0.7765912980909038,3.0,1.0,1.0,"[17, 5, 14]",38.0,86.0,95.0
2.3378378378378377,0.8392578119635886,7.0,0.0,1.0,"[5, 14]",32.0,62.0,121.0
2.256756756756757,0.7739095813546377,4.0,1.0,1.0,"[5, 17, 14]",33.0,87.0,98.0
2.2927927927927927,0.7243922978709738,1.0,0.0,1.0,"[17, 14, 5, 32, 15]",32.0,90.0,99.0
2.247747747747748,0.697032734463351,2.0,1.0,1.0,"[5, 14, 17]",27.0,107.0,86.0
2.355855855855856,0.8040828714730361,6.0,2.0,1.0,"[14, 26, 10, 5]",28.0,69.0,119.0
2.3873873873873874,0.6816425619660507,1.0,1.0,1.0,"[5, 14]",22.0,89.0,110.0
2.274774774774775,0.7557883383543853,2.0,2.0,2.0,"[14, 17, 5, 10, 25]",35.0,85.0,100.0
2.3378378378378377,0.7834895898385307,3.0,1.0,3.0,"[14, 26, 5]",34.0,70.0,115.0
2.3828828828828827,0.7069626413515531,1.0,2.0,2.0,"[17, 14, 5, 29, 26]",26.0,82.0,113.0
2.247747747747748,0.7287684829160335,3.0,0.0,3.0,"[14, 5, 8, 17]",29.0,100.0,90.0
2.36036036036036,0.816047119489444,7.0,2.0,1.0,"[5, 14, 21]",27.0,67.0,121.0
2.324324324324324,0.6946747950000525,1.0,2.0,1.0,"[14, 5, 26, 29]",26.0,95.0,100.0
2.2387387387387387,0.7854642309682399,5.0,0.0,1.0,"[14, 17, 28, 5]",33.0,88.0,96.0
2.373873873873874,0.8182545944296844,5.0,2.0,1.0,"[5, 14]",33.0,58.0,126.0
2.346846846846846,0.6869593070627606,0.0,3.0,1.0,"[14, 5, 29]",27.0,91.0,104.0
2.27027027027027,0.8608734483327214,10.0,1.0,1.0,"[17, 26, 14, 5, 3]",30.0,72.0,110.0
2.3018018018018016,0.7633555337763426,2.0,1.0,3.0,"[14, 5, 17, 8]",35.0,79.0,106.0
2.31981981981982,0.7000090264214173,1.0,0.0,1.0,"[14, 17, 8, 5]",27.0,94.0,100.0
2.310810810810811,0.7537359561857876,4.0,1.0,1.0,"[29, 14, 17, 1, 5]",27.0,87.0,104.0
2.3378378378378377,0.7480356240523659,2.0,1.0,1.0,"[17, 5, 14, 26]",31.0,79.0,110.0
2.310810810810811,0.7293276332518047,2.0,0.0,2.0,"[17, 14, 5]",29.0,89.0,102.0
2.333333333333333,0.8220197323801436,8.0,2.0,1.0,"[14, 17, 5, 3, 26]",26.0,72.0,116.0
2.283783783783784,0.7279849509334777,1.0,0.0,2.0,"[14, 5, 17]",33.0,90.0,98.0
2.324324324324324,0.7388649992373152,1.0,1.0,2.0,"[5, 14, 8, 29]",33.0,81.0,107.0
2.31981981981982,0.7910494569913454,5.0,0.0,1.0,"[14, 17, 8, 5, 26]",30.0,76.0,111.0
2.310810810810811,0.7355056562531216,3.0,1.0,1.0,"[14, 5, 17, 26]",27.0,90.0,102.0
2.256756756756757,0.7193664409128395,2.0,0.0,0.0,"[5, 14]",30.0,99.0,91.0
2.247747747747748,0.7768537132156774,2.0,1.0,2.0,"[5, 14, 17]",40.0,81.0,99.0
2.283783783783784,0.7584266329473793,0.0,1.0,2.0,"[14, 5, 21]",41.0,77.0,104.0
2.369369369369369,0.7421130151144872,2.0,0.0,2.0,"[17, 14, 5]",29.0,76.0,115.0
2.256756756756757,0.7621262970146081,1.0,2.0,1.0,"[29, 5, 14]",40.0,82.0,99.0
2.27027027027027,0.717536584539679,2.0,2.0,1.0,"[14, 17, 5, 29]",29.0,98.0,93.0
2.2882882882882885,0.8003097521080377,5.0,1.0,2.0,"[28, 5, 14]",33.0,77.0,107.0
2.2522522522522523,0.7426072263599132,1.0,2.0,2.0,"[5, 14]",37.0,89.0,95.0
2.234234234234234,0.7049271321407227,1.0,2.0,0.0,"[5, 17, 26, 14]",32.0,103.0,86.0
2.4054054054054053,0.6434969280744374,2.0,1.0,1.0,"[14, 26, 17, 5, 8]",13.0,100.0,107.0
2.2972972972972974,0.7855550488309482,3.0,1.0,1.0,"[14, 17, 5, 26, 10]",36.0,75.0,108.0
2.2927927927927927,0.7785834348454211,3.0,2.0,1.0,"[5, 14, 17]",35.0,78.0,106.0
2.364864864864865,0.7770635815106526,3.0,2.0,2.0,"[5, 28, 17, 14, 26]",32.0,68.0,119.0
2.333333333333333,0.7590579221048323,4.0,3.0,2.0,"[14, 5, 17]",27.0,82.0,109.0
2.373873873873874,0.730612055040461,3.0,2.0,2.0,"[14, 5, 29]",24.0,82.0,113.0
2.454954954954955,0.6761935971060303,1.0,2.0,2.0,"[5, 14]",20.0,78.0,123.0
2.2522522522522523,0.772472887174847,2.0,1.0,2.0,"[14, 5, 8]",39.0,82.0,99.0
2.36036036036036,0.6766004026358012,0.0,2.0,2.0,"[5, 14, 26]",25.0,92.0,105.0
2.3423423423423424,0.8127434740861362,8.0,2.0,1.0,"[14, 17, 5, 10, 26]",24.0,74.0,116.0
2.324324324324324,0.751013338502899,3.0,1.0,1.0,"[17, 5, 14, 26]",29.0,83.0,107.0
2.315315315315315,0.760828103048786,4.0,3.0,1.0,"[5, 1, 14]",28.0,84.0,106.0
2.328828828828829,0.8265818387665632,8.0,0.0,1.0,"[5, 14, 17, 32, 29, 10, 28]",27.0,71.0,116.0
2.256756756756757,0.7561658011610564,2.0,2.0,2.0,"[17, 5, 14]",36.0,87.0,97.0
2.315315315315315,0.7667523564648956,2.0,2.0,1.0,"[5, 14, 17]",35.0,76.0,109.0
2.427927927927928,0.7379402876149803,2.0,1.0,2.0,"[5, 14, 26]",27.0,67.0,126.0
2.265765765765766,0.7882617907576236,4.0,2.0,3.0,"[14, 17, 26, 5]",35.0,81.0,102.0
2.27027027027027,0.717536584539679,1.0,0.0,2.0,"[14, 5, 17, 1, 29]",32.0,95.0,94.0
2.31981981981982,0.6935148616401847,1.0,0.0,0.0,"[14, 5, 10, 8]",26.0,96.0,99.0
2.3018018018018016,0.7633555337763426,4.0,0.0,1.0,"[14, 5]",29.0,85.0,104.0
2.27027027027027,0.8009716491437467,3.0,1.0,1.0,"[14, 5, 29]",40.0,73.0,106.0
2.414414414414414,0.7364887771624951,2.0,2.0,3.0,"[5, 14, 17, 26]",27.0,70.0,123.0
2.324324324324324,0.6946747950000525,1.0,0.0,1.0,"[14, 5, 1]",26.0,95.0,100.0
2.3423423423423424,0.7844125737718137,2.0,1.0,2.0,"[5, 32, 17, 14]",37.0,66.0,117.0
2.3063063063063063,0.8486645649259521,8.0,1.0,2.0,"[1, 29, 5, 17, 14]",32.0,66.0,116.0
2.351351351351352,0.8524508042879644,7.0,1.0,1.0,"[14, 5, 17, 29]",34.0,55.0,126.0
2.3783783783783785,0.7616848917246039,6.0,3.0,1.0,"[5, 14, 17]",20.0,80.0,116.0
2.31981981981982,0.7254045299652362,2.0,2.0,2.0,"[14, 5, 17]",28.0,89.0,103.0
2.328828828828829,0.7337854973275331,2.0,1.0,2.0,"[14, 5, 8, 17, 29]",29.0,85.0,106.0
2.324324324324324,0.6881302907536544,0.0,1.0,2.0,"[5, 14, 26]",28.0,94.0,100.0
2.364864864864865,0.7770635815106526,3.0,1.0,3.0,"[14, 5, 17, 29]",32.0,68.0,119.0
2.364864864864865,0.7534113847610335,3.0,1.0,1.0,"[14, 5]",28.0,76.0,115.0
2.2972972972972974,0.7501987018182961,2.0,1.0,1.0,"[14, 5, 17]",33.0,84.0,103.0
2.4054054054054053,0.7166838966751344,2.0,2.0,2.0,"[1, 5, 10, 14]",24.0,78.0,118.0
2.351351351351352,0.8088721677038644,5.0,2.0,1.0,"[14, 17, 5]",32.0,65.0,120.0
2.328828828828829,0.7698959661033117,3.0,1.0,2.0,"[5, 17, 14, 26]",32.0,76.0,111.0
2.324324324324324,0.6946747950000525,2.0,2.0,1.0,"[14, 17, 5]",23.0,98.0,99.0
2.274774774774775,0.7062703606603027,3.0,1.0,2.0,"[8, 5, 26, 14]",24.0,104.0,91.0
2.3423423423423424,0.730653900345722,3.0,2.0,1.0,"[1, 14, 17, 26, 5]",25.0,87.0,107.0
2.283783783783784,0.7463989617172485,4.0,1.0,0.0,"[5, 14, 26]",27.0,93.0,98.0
2.2882882882882885,0.7946357187816142,3.0,1.0,2.0,"[17, 26, 3, 5, 14]",38.0,73.0,108.0
2.274774774774775,0.7437180009124229,2.0,1.0,2.0,"[5, 17, 14]",33.0,89.0,98.0
2.369369369369369,0.6784054758370942,1.0,1.0,1.0,"[14, 5]",22.0,93.0,106.0
2.328828828828829,0.7213470791352127,1.0,0.0,2.0,"[14, 5]",30.0,86.0,105.0
2.333333333333333,0.7161148740394329,2.0,0.0,1.0,"[17, 8, 5, 14]",26.0,90.0,104.0
2.2927927927927927,0.7181186722674276,0.0,0.0,1.0,"[5, 14]",34.0,89.0,99.0
2.265765765765766,0.7409173103141583,0.0,1.0,1.0,"[5, 17, 14]",39.0,85.0,98.0
2.279279279279279,0.7689820640709554,3.0,0.0,2.0,"[5, 14]",34.0,83.0,102.0
2.328828828828829,0.7520574960434764,4.0,1.0,1.0,"[14, 32, 5]",26.0,85.0,107.0
2.274774774774775,0.7126482976215478,1.0,1.0,2.0,"[1, 14, 17, 5]",31.0,96.0,94.0
2.2612612612612613,0.7017974558163184,0.0,0.0,1.0,"[14, 17, 5, 8]",33.0,98.0,91.0
2.3018018018018016,0.7331185457814339,4.0,1.0,3.0,"[17, 5, 14]",24.0,95.0,99.0
2.373873873873874,0.8014931440993859,9.0,0.0,1.0,"[14, 5]",18.0,76.0,119.0
2.333333333333333,0.7286426149573089,5.0,2.0,1.0,"[5, 17, 26, 14, 8]",19.0,95.0,103.0
2.373873873873874,0.7668719694345218,4.0,0.0,1.0,"[14, 5, 8, 28]",27.0,73.0,118.0
2.351351351351352,0.791912155746444,4.0,0.0,3.0,"[14, 5, 8, 17, 29, 10]",32.0,68.0,118.0
2.3783783783783785,0.6997614855970284,1.0,0.0,1.0,"[14, 10, 5, 8, 29]",25.0,85.0,111.0
2.3063063063063063,0.728138925543867,2.0,1.0,1.0,"[5, 14, 10]",29.0,90.0,101.0
2.22972972972973,0.8436179996529164,10.0,1.0,1.0,"[10, 14, 8, 5]",29.0,83.0,100.0
2.2117117117117115,0.8045390168512468,5.0,0.0,1.0,"[5, 15, 14]",38.0,84.0,95.0
2.31981981981982,0.719139734918346,2.0,1.0,0.0,"[5, 14, 26]",27.0,91.0,102.0
2.4864864864864864,0.7101700116999563,2.0,1.0,2.0,"[14, 5, 17, 26, 8]",22.0,64.0,134.0
2.274774774774775,0.7735407769855778,3.0,1.0,2.0,"[14, 5, 15, 1]",35.0,82.0,102.0
2.324324324324324,0.7805574311910369,7.0,0.0,1.0,"[5, 8, 14]",22.0,85.0,108.0
2.2522522522522523,0.772472887174847,3.0,1.0,0.0,"[14, 5]",36.0,85.0,98.0
2.2882882882882885,0.7946357187816142,4.0,1.0,1.0,"[5, 14]",35.0,76.0,107.0
2.256756756756757,0.7855161281754963,3.0,1.0,1.0,"[17, 10, 29, 5, 14]",38.0,80.0,101.0
2.36036036036036,0.746549138475925,3.0,1.0,1.0,"[5, 17, 14, 8]",27.0,79.0,113.0
2.346846846846846,0.7967490302234189,3.0,2.0,3.0,"[17, 5, 14, 1]",36.0,64.0,119.0
2.3783783783783785,0.7850878736193457,5.0,0.0,1.0,"[14, 5, 8, 17]",27.0,69.0,121.0
2.265765765765766,0.7347847895591678,4.0,1.0,1.0,"[14, 17, 5, 26]",26.0,99.0,93.0
2.36036036036036,0.6963744869780172,2.0,0.0,1.0,"[5, 8, 14, 17, 26, 29]",22.0,92.0,106.0
2.31981981981982,0.7736988575274841,3.0,1.0,3.0,"[17, 14, 29, 5]",33.0,76.0,110.0
2.2432432432432434,0.7869549104381628,3.0,0.0,1.0,"[14, 5, 17, 1, 29]",39.0,81.0,99.0
2.274774774774775,0.7617517877551316,3.0,1.0,1.0,"[14, 5, 17]",33.0,86.0,100.0
2.36036036036036,0.7343269494222812,2.0,0.0,1.0,"[14, 5, 8, 26]",28.0,80.0,112.0
2.3018018018018016,0.8149598976316993,5.0,1.0,3.0,"[14, 5, 32, 29, 10]",35.0,70.0,112.0
2.324324324324324,0.7688760341408999,4.0,1.0,1.0,"[5, 14]",29.0,80.0,109.0
2.31981981981982,0.8246562228833533,2.0,0.0,2.0,"[14, 5, 17, 10]",45.0,55.0,120.0
2.3063063063063063,0.7762631544376083,5.0,1.0,2.0,"[5, 14, 26]",28.0,83.0,106.0
2.3828828828828827,0.6742012366411708,2.0,0.0,1.0,"[14, 5, 8]",18.0,95.0,107.0
2.40990990990991,0.7045366828976389,3.0,0.0,1.0,"[26, 5, 14, 8, 17]",19.0,84.0,116.0
2.333333333333333,0.7940198811390319,4.0,1.0,1.0,"[17, 5, 26, 14, 29]",33.0,70.0,115.0
2.256756756756757,0.7441015867032068,2.0,1.0,3.0,"[14, 17, 29, 5]",34.0,91.0,95.0
2.315315315315315,0.8125929892570568,6.0,1.0,1.0,"[5, 10, 17, 14]",31.0,72.0,113.0
2.355855855855856,0.7334520973645449,2.0,1.0,1.0,"[5, 14]",28.0,81.0,111.0
2.324324324324324,0.7688760341408999,4.0,0.0,3.0,"[5, 17, 14]",29.0,80.0,109.0
2.216216216216216,0.7658480102203497,4.0,0.0,2.0,"[5, 17, 8, 1, 14]",34.0,94.0,90.0
2.355855855855856,0.787019658540595,7.0,2.0,1.0,"[14, 5, 26]",22.0,78.0,115.0
2.225225225225225,0.7329934248059614,1.0,1.0,1.0,"[5, 14]",37.0,95.0,89.0
2.283783783783784,0.7990991013969991,4.0,0.0,1.0,"[5, 14, 17]",36.0,75.0,107.0
2.315315315315315,0.7842566527683643,3.0,0.0,1.0,"[14, 5]",35.0,73.0,111.0
2.351351351351352,0.7009837773330696,3.0,0.0,1.0,"[5, 14, 17, 8, 29]",20.0,95.0,104.0
2.31981981981982,0.7191397349183459,3.0,0.0,1.0,"[5, 14, 17, 8]",24.0,94.0,101.0
2.279279279279279,0.7748439769518006,4.0,0.0,0.0,"[14, 17, 5, 32, 26]",32.0,84.0,102.0
2.2927927927927927,0.7117897538623869,0.0,0.0,1.0,"[14, 5, 26]",33.0,91.0,98.0
2.324324324324324,0.7075822343160385,2.0,1.0,2.0,"[14, 5, 8]",25.0,94.0,101.0
2.256756756756757,0.762126297014608,2.0,0.0,1.0,"[5, 17, 14, 15]",37.0,85.0,98.0
2.3423423423423424,0.7181612455285401,2.0,1.0,1.0,"[14, 5, 17]",26.0,88.0,106.0
2.400900900900901,0.7825004006470281,6.0,2.0,1.0,"[5, 8, 14, 29, 17]",23.0,69.0,124.0
2.3378378378378377,0.7419619404630916,2.0,0.0,3.0,"[5, 14]",30.0,81.0,109.0
2.315315315315315,0.7726311862073174,2.0,1.0,2.0,"[5, 14, 8, 17, 26, 29]",36.0,74.0,110.0
2.45945945945946,0.7091360339445602,4.0,3.0,1.0,"[14, 5]",16.0,76.0,126.0
2.2432432432432434,0.7516644121739436,4.0,1.0,0.0,"[14, 5, 1]",30.0,96.0,92.0
2.315315315315315,0.7548573564807843,4.0,2.0,2.0,"[14, 5, 10]",27.0,86.0,105.0
2.2612612612612613,0.7811316968436159,3.0,1.0,2.0,"[5, 14, 17, 26]",37.0,81.0,101.0
2.283783783783784,0.7761187272775134,3.0,1.0,1.0,"[5, 10, 14]",35.0,80.0,104.0
2.324324324324324,0.8034108528083094,7.0,0.0,1.0,"[14, 5, 17, 8, 10]",26.0,77.0,112.0
2.247747747747748,0.7591787473777291,5.0,1.0,3.0,"[14, 5, 1]",28.0,96.0,93.0
2.3063063063063063,0.8104832678540396,6.0,1.0,1.0,"[17, 14, 5]",31.0,74.0,111.0
2.283783783783784,0.7934164102776268,3.0,2.0,2.0,"[5, 14, 10, 1]",38.0,74.0,107.0
2.324324324324324,0.7449639325857419,3.0,0.0,2.0,"[14, 29, 5]",28.0,85.0,106.0
2.3018018018018016,0.7392648888756591,3.0,1.0,2.0,"[14, 5, 8, 17, 26]",28.0,90.0,101.0
2.454954954954955,0.733952140516054,4.0,2.0,2.0,"[14, 17, 26, 5]",20.0,69.0,129.0
2.27027027027027,0.7780465845368315,4.0,0.0,2.0,"[14, 5, 17]",33.0,84.0,101.0
2.40990990990991,0.7481446075712909,5.0,2.0,2.0,"[5, 17, 14]",20.0,76.0,121.0
2.283783783783784,0.7761187272775134,1.0,1.0,1.0,"[17, 8, 14, 5]",41.0,74.0,106.0
2.315315315315315,0.7052740166686345,0.0,0.0,2.0,"[5, 14, 15, 26, 32]",31.0,90.0,101.0
2.31981981981982,0.7910494569913454,5.0,1.0,1.0,"[14, 5, 29, 28]",30.0,76.0,111.0
2.315315315315315,0.7784656213705153,4.0,3.0,2.0,"[14, 5]",31.0,78.0,109.0
2.274774774774775,0.7437180009124229,0.0,0.0,2.0,"[5, 17, 14]",39.0,83.0,100.0
2.2882882882882885,0.8115388141244638,6.0,2.0,1.0,"[8, 5, 26, 14]",32.0,76.0,108.0
2.355855855855856,0.8096907051164532,7.0,0.0,2.0,"[17, 14, 8, 5]",26.0,70.0,119.0
2.279279279279279,0.7921694956797132,3.0,1.0,1.0,"[5, 14, 26]",38.0,75.0,106.0
2.2882882882882885,0.7476949481695887,3.0,2.0,1.0,"[5, 14, 17]",30.0,89.0,100.0
2.4234234234234235,0.6932061983825663,1.0,2.0,3.0,"[5, 14, 17]",23.0,79.0,119.0
2.364864864864865,0.7828649841868127,5.0,0.0,2.0,"[14, 17, 26, 5, 8]",27.0,72.0,118.0
2.2927927927927927,0.6924560148027519,0.0,2.0,2.0,"[14, 17, 5]",30.0,97.0,95.0
2.333333333333333,0.7825394712937681,4.0,0.0,1.0,"[17, 14, 26, 5]",31.0,74.0,113.0
2.31981981981982,0.8024081199225332,5.0,1.0,2.0,"[14, 5, 1, 17]",32.0,72.0,113.0
2.346846846846846,0.6935148616401847,0.0,1.0,1.0,"[14, 5]",28.0,89.0,105.0
2.315315315315315,0.742771890368669,2.0,2.0,2.0,"[5, 14]",31.0,84.0,105.0
2.3018018018018016,0.745360550123225,1.0,1.0,2.0,"[14, 17, 5]",35.0,82.0,104.0
2.3378378378378377,0.7949562786069817,4.0,0.0,1.0,"[14, 5, 21]",33.0,69.0,116.0
2.31981981981982,0.731615681795942,1.0,1.0,2.0,"[8, 14, 5, 17, 29]",32.0,84.0,105.0
2.4234234234234235,0.7616313706697138,5.0,3.0,1.0,"[17, 14, 5, 26]",22.0,69.0,126.0
2.3783783783783785,0.7557209144425376,5.0,1.0,1.0,"[14, 5, 29]",22.0,79.0,116.0
2.369369369369369,0.8285398804747764,6.0,1.0,1.0,"[29, 28, 5, 14, 17]",32.0,58.0,126.0
2.283783783783784,0.8103449397415917,5.0,2.0,1.0,"[14, 5]",35.0,74.0,108.0
2.436936936936937,0.7687832459562144,6.0,2.0,1.0,"[14, 5, 8, 17]",20.0,67.0,129.0
2.247747747747748,0.7531949261076853,4.0,1.0,1.0,"[26, 14, 17, 10, 5]",30.0,95.0,93.0
2.3423423423423424,0.7118327056432907,3.0,0.0,2.0,"[17, 5, 32, 14]",22.0,93.0,104.0
2.310810810810811,0.805956484835384,3.0,0.0,2.0,"[5, 14]",39.0,66.0,114.0
2.391891891891892,0.7273126802593831,1.0,2.0,2.0,"[5, 14, 17]",29.0,74.0,118.0
2.2927927927927927,0.7958275480797724,4.0,0.0,1.0,"[14, 5]",35.0,75.0,108.0
2.315315315315315,0.724265669388573,1.0,1.0,2.0,"[5, 14]",31.0,87.0,103.0
2.328828828828829,0.781562119177653,3.0,1.0,1.0,"[5, 14, 17]",34.0,72.0,113.0
2.324324324324324,0.7202584021245357,3.0,1.0,1.0,"[14, 5, 8, 26, 17]",24.0,93.0,102.0
2.2612612612612613,0.6953199948474094,0.0,1.0,1.0,"[5, 14]",32.0,100.0,90.0
2.2522522522522523,0.7303190707702019,2.0,0.0,1.0,"[17, 5, 32, 14]",32.0,96.0,92.0
2.22972972972973,0.8218833459291919,8.0,0.0,1.0,"[5, 17, 29, 3, 14]",31.0,85.0,98.0
2.3018018018018016,0.7453605501232249,2.0,2.0,2.0,"[14, 5]",32.0,85.0,103.0
2.328828828828829,0.7460165571885969,2.0,0.0,1.0,"[14, 17, 5]",31.0,81.0,108.0
2.27027027027027,0.7663269147029333,5.0,0.0,1.0,"[5, 14, 21, 8]",28.0,91.0,98.0
2.315315315315315,0.7726311862073174,2.0,1.0,2.0,"[14, 15, 17, 26, 5]",36.0,74.0,110.0
2.2927927927927927,0.7054040543885619,2.0,1.0,1.0,"[14, 17, 5]",26.0,99.0,95.0
2.3828828828828827,0.8195986076270692,8.0,1.0,2.0,"[17, 26, 10, 5, 14, 29]",24.0,65.0,125.0
2.2972972972972974,0.7380369534776321,0.0,1.0,2.0,"[14, 17, 5]",37.0,82.0,103.0
2.333333333333333,0.728642614957309,3.0,1.0,2.0,"[14, 17, 5, 26]",25.0,89.0,105.0
2.391891891891892,0.769631178653568,4.0,1.0,1.0,"[14, 29, 17, 5]",27.0,69.0,122.0
2.31981981981982,0.7128198822863829,2.0,1.0,2.0,"[14, 5, 29, 17]",26.0,93.0,101.0
2.3063063063063063,0.6698793406959737,1.0,2.0,2.0,"[5, 17, 14]",23.0,105.0,93.0
2.3423423423423424,0.6726121901136726,0.0,1.0,1.0,"[5, 17, 29, 14]",25.0,96.0,101.0
2.256756756756757,0.7441015867032068,3.0,2.0,1.0,"[14, 17, 5]",31.0,94.0,94.0
2.1666666666666665,0.8315969844189677,6.0,2.0,2.0,"[5, 14, 26, 17, 10]",43.0,81.0,92.0
2.315315315315315,0.6988287807698343,1.0,1.0,1.0,"[14, 17, 5, 1]",27.0,95.0,99.0
2.391891891891892,0.7517864257145856,4.0,1.0,2.0,"[5, 14, 8, 26]",24.0,75.0,119.0
2.310810810810811,0.7889337958163791,6.0,1.0,2.0,"[5, 8, 26, 14]",27.0,81.0,108.0
2.36036036036036,0.7645161459551485,5.0,1.0,1.0,"[14, 5]",24.0,79.0,114.0
2.369369369369369,0.748185472298127,3.0,0.0,1.0,"[14, 5, 32]",27.0,77.0,115.0
2.27027027027027,0.8066011136167054,4.0,1.0,1.0,"[5, 17, 26, 14]",38.0,74.0,106.0
2.4054054054054053,0.710342195000268,1.0,2.0,1.0,"[17, 14, 5]",26.0,77.0,118.0
2.279279279279279,0.7389753352342323,0.0,0.0,1.0,"[14, 5, 26]",38.0,84.0,100.0
2.315315315315315,0.7179909373378062,3.0,0.0,1.0,"[14, 17, 10, 5, 26]",24.0,95.0,100.0
2.3423423423423424,0.8292775626631712,8.0,1.0,2.0,"[14, 5, 17, 26, 29, 3]",27.0,68.0,119.0
2.324324324324324,0.7863330573893015,7.0,2.0,1.0,"[14, 5]",23.0,83.0,109.0
2.2612612612612613,0.7271304999880571,2.0,0.0,1.0,"[5, 14, 17, 15, 28]",31.0,96.0,93.0
2.279279279279279,0.8091241135650447,5.0,2.0,2.0,"[5, 14, 17]",35.0,75.0,107.0
2.3423423423423424,0.7727894528136424,5.0,3.0,1.0,"[5, 29, 26, 14]",26.0,79.0,112.0
2.2972972972972974,0.7855550488309482,2.0,0.0,2.0,"[26, 14, 17, 5]",39.0,72.0,109.0
2.36036036036036,0.8048809562386892,6.0,1.0,2.0,"[17, 14, 5, 8]",28.0,68.0,120.0
2.3063063063063063,0.8325155989493453,7.0,2.0,2.0,"[14, 5]",32.0,69.0,114.0
2.274774774774775,0.8022556964196215,6.0,1.0,2.0,"[14, 5, 17]",31.0,81.0,104.0
2.3378378378378377,0.7234350004173062,3.0,1.0,1.0,"[5, 14, 17, 1]",24.0,90.0,105.0
2.3018018018018016,0.7751201316301087,3.0,1.0,2.0,"[5, 14]",34.0,78.0,107.0
2.3423423423423424,0.790160021544356,6.0,1.0,1.0,"[14, 5, 26]",26.0,76.0,114.0
2.355855855855856,0.8207914384685622,7.0,1.0,2.0,"[14, 1, 5]",28.0,66.0,121.0
2.283783783783784,0.6962134873782163,1.0,1.0,1.0,"[17, 29, 5, 14]",28.0,100.0,93.0
2.3378378378378377,0.7234350004173062,4.0,2.0,1.0,"[17, 5, 14]",21.0,93.0,104.0
2.3018018018018016,0.7809359719041845,2.0,1.0,1.0,"[14, 26, 5]",38.0,73.0,109.0
2.279279279279279,0.8420097824172568,4.0,1.0,1.0,"[14, 5, 17, 28]",44.0,60.0,114.0
2.265765765765766,0.7286006541390521,1.0,0.0,1.0,"[5, 14]",34.0,92.0,95.0
2.256756756756757,0.7969536593398232,3.0,1.0,1.0,"[5, 14, 17, 26]",40.0,76.0,103.0
2.3063063063063063,0.7878350287012748,5.0,1.0,2.0,"[17, 14, 21, 5]",30.0,79.0,108.0
2.3063063063063063,0.7992393758818759,3.0,3.0,3.0,"[14, 5, 17, 26, 29]",38.0,69.0,112.0
2.427927927927928,0.7379402876149803,5.0,2.0,1.0,"[14, 8, 5]",18.0,76.0,123.0
2.3018018018018016,0.8259898197067457,6.0,1.0,1.0,"[14, 5]",34.0,69.0,113.0
2.2882882882882885,0.7230827341983069,2.0,1.0,2.0,"[10, 5, 14]",29.0,94.0,97.0
2.328828828828829,0.7580502958978642,3.0,1.0,1.0,"[5, 14, 17]",30.0,80.0,109.0
2.274774774774775,0.8620682767333159,6.0,1.0,1.0,"[14, 5, 17]",42.0,59.0,115.0
2.3378378378378377,0.7540603879047543,3.0,0.0,1.0,"[5, 14, 17, 32, 29]",29.0,80.0,110.0
2.256756756756757,0.7379955268011954,4.0,1.0,3.0,"[14, 5, 8, 1]",27.0,99.0,92.0
2.274774774774775,0.7676689129460663,1.0,0.0,1.0,"[17, 5, 14]",40.0,78.0,103.0
2.3063063063063063,0.7404632620214789,2.0,1.0,2.0,"[14, 3, 5, 26]",31.0,86.0,103.0
2.369369369369369,0.7542090391354557,3.0,1.0,3.0,"[14, 5]",28.0,75.0,116.0
2.328828828828829,0.8155599234068582,7.0,2.0,1.0,"[14, 29, 5, 17, 1]",28.0,72.0,115.0
2.328828828828829,0.7399263002785286,2.0,1.0,3.0,"[5, 14]",30.0,83.0,107.0
2.2972972972972974,0.7621664120919847,5.0,2.0,0.0,"[5, 14, 17]",26.0,89.0,102.0
2.355855855855856,0.68891477182512,0.0,1.0,2.0,"[5, 14, 26, 29]",27.0,89.0,106.0
2.3018018018018016,0.798129258629767,4.0,1.0,1.0,"[14, 5, 29]",35.0,73.0,110.0
2.2432432432432434,0.7456202886008026,3.0,1.0,1.0,"[5, 28, 1, 14]",32.0,95.0,92.0
2.369369369369369,0.7601848778220227,2.0,2.0,3.0,"[5, 32, 14]",32.0,70.0,118.0
2.265765765765766,0.8274690731731358,8.0,0.0,1.0,"[14, 29, 3, 5, 10, 8]",30.0,79.0,105.0
2.2522522522522523,0.8068537686310826,4.0,0.0,2.0,"[3, 5, 17, 14]",39.0,76.0,103.0
2.3018018018018016,0.8149598976316993,5.0,0.0,1.0,"[14, 5, 10]",35.0,70.0,112.0
2.315315315315315,0.8013786986677441,5.0,0.0,2.0,"[5, 26, 17, 14, 8]",32.0,73.0,112.0
2.400900900900901,0.7708484478167204,3.0,2.0,1.0,"[14, 5]",30.0,64.0,125.0
2.279279279279279,0.7630751215359931,2.0,0.0,2.0,"[5, 14, 10]",36.0,82.0,102.0
2.31981981981982,0.8024081199225332,6.0,0.0,1.0,"[5, 14, 17, 8]",29.0,75.0,112.0
2.364864864864865,0.7413023453195234,3.0,1.0,1.0,"[14, 5]",26.0,80.0,113.0
2.315315315315315,0.7179909373378061,2.0,0.0,2.0,"[14, 5, 29, 8]",27.0,92.0,101.0
2.369369369369369,0.685042891650888,1.0,2.0,1.0,"[5, 14]",23.0,91.0,107.0
2.2927927927927927,0.7243922978709737,2.0,1.0,1.0,"[5, 17, 29, 25, 14, 26]",29.0,93.0,98.0
2.346846846846846,0.725404529965236,4.0,1.0,1.0,"[5, 17, 14, 26]",21.0,91.0,106.0
2.2972972972972974,0.7380369534776321,0.0,0.0,1.0,"[14, 5, 17]",37.0,82.0,103.0
2.3018018018018016,0.7331185457814339,3.0,1.0,1.0,"[17, 5, 14]",27.0,92.0,100.0
2.283783783783784,0.7643694992080432,2.0,0.0,1.0,"[14, 17, 5, 25]",36.0,81.0,103.0
2.2117117117117115,0.8157098608863833,4.0,2.0,1.0,"[14, 26, 5, 29]",43.0,77.0,98.0
2.2612612612612613,0.7694590179486329,3.0,2.0,1.0,"[5, 14, 17]",35.0,85.0,99.0
2.310810810810811,0.6976173219225555,1.0,1.0,1.0,"[14, 5, 17]",27.0,96.0,98.0
2.328828828828829,0.7337854973275331,3.0,1.0,2.0,"[17, 29, 5, 14]",26.0,88.0,105.0
2.351351351351352,0.7861775172715918,2.0,1.0,2.0,"[5, 14]",37.0,64.0,119.0
2.3018018018018016,0.745360550123225,3.0,0.0,1.0,"[8, 5, 14, 29, 17]",29.0,88.0,102.0
2.328828828828829,0.7337854973275331,1.0,1.0,2.0,"[5, 14]",32.0,82.0,107.0
2.247747747747748,0.7998129698620862,5.0,1.0,0.0,"[5, 17, 14]",35.0,82.0,100.0
2.274774774774775,0.7126482976215477,1.0,1.0,1.0,"[14, 29, 8, 5]",31.0,96.0,94.0
2.225225225225225,0.7691410815596247,3.0,1.0,0.0,"[14, 17, 5]",37.0,89.0,93.0
2.3378378378378377,0.657921319210912,0.0,1.0,2.0,"[14, 5, 1]",23.0,101.0,98.0
2.2882882882882885,0.7831643365554004,3.0,1.0,1.0,"[5, 14, 17, 29]",36.0,77.0,106.0
2.265765765765766,0.6567430257716006,0.0,1.0,1.0,"[14, 5, 17, 28]",26.0,111.0,85.0
2.333333333333333,0.7348263972446017,0.0,1.0,2.0,"[14, 5, 17]",35.0,78.0,109.0
2.414414414414414,0.7724728871748469,5.0,1.0,2.0,"[5, 14, 17, 1]",24.0,67.0,126.0
2.3063063063063063,0.77041203987332,1.0,0.0,2.0,"[3, 5, 14, 17, 8]",39.0,73.0,109.0
2.315315315315315,0.7427718903686689,4.0,0.0,1.0,"[5, 1, 8, 14, 17]",25.0,90.0,103.0
2.373873873873874,0.6989600175919686,2.0,2.0,1.0,"[14, 5, 17]",22.0,89.0,109.0
2.256756756756757,0.7441015867032068,3.0,2.0,3.0,"[5, 14, 17]",31.0,94.0,94.0
2.265765765765766,0.7708484478167204,2.0,0.0,3.0,"[14, 26, 1, 5, 17, 29]",38.0,81.0,101.0
2.283783783783784,0.7584266329473792,0.0,0.0,2.0,"[14, 5, 29, 1]",41.0,77.0,104.0
2.4054054054054053,0.7415085318295935,4.0,1.0,1.0,"[5, 14, 17]",22.0,76.0,120.0
2.310810810810811,0.81155137188219,8.0,0.0,1.0,"[5, 14, 8, 3, 26]",25.0,79.0,110.0
2.36036036036036,0.7820704947081704,2.0,1.0,2.0,"[5, 14, 1, 26]",36.0,64.0,120.0
2.3423423423423424,0.760988824404601,4.0,1.0,1.0,"[14, 17, 5]",27.0,80.0,111.0
2.22972972972973,0.7765912980909038,3.0,1.0,2.0,"[14, 5, 10, 1]",38.0,86.0,95.0
2.333333333333333,0.722405901537473,3.0,1.0,2.0,"[14, 5, 17, 10]",24.0,91.0,104.0
2.27027027027027,0.8121915600665681,4.0,1.0,2.0,"[5, 14, 26, 17]",39.0,72.0,107.0
2.207207207207208,0.7972477216785111,4.0,0.0,2.0,"[29, 10, 17, 5, 14, 32, 3]",40.0,84.0,94.0
2.27027027027027,0.8232585728400754,7.0,1.0,2.0,"[29, 14, 5]",32.0,77.0,106.0
2.2972972972972974,0.7380369534776322,3.0,1.0,2.0,"[17, 14, 5]",28.0,91.0,100.0
2.2882882882882885,0.741618474528964,1.0,0.0,1.0,"[17, 14, 5, 8]",35.0,85.0,101.0
2.283783783783784,0.7217425545372546,0.0,0.0,1.0,"[14, 5]",35.0,89.0,98.0
2.2882882882882885,0.8280969557349607,4.0,0.0,1.0,"[5, 14, 17]",41.0,64.0,113.0
2.333333333333333,0.7348263972446017,3.0,2.0,2.0,"[14, 5]",26.0,87.0,106.0
2.283783783783784,0.7819271402033078,3.0,0.0,1.0,"[14, 17, 5, 10]",36.0,78.0,105.0
2.4504504504504503,0.7458935998114041,5.0,0.0,1.0,"[14, 5, 17, 8]",19.0,69.0,129.0
2.3873873873873874,0.7511218899724985,5.0,0.0,1.0,"[14, 5]",21.0,79.0,117.0
2.36036036036036,0.816047119489444,6.0,2.0,1.0,"[5, 10, 14, 26]",30.0,64.0,122.0
2.279279279279279,0.7806618745488592,4.0,2.0,2.0,"[5, 14, 17]",33.0,82.0,103.0
2.2522522522522523,0.8715562454724617,10.0,1.0,1.0,"[5, 14, 29]",33.0,70.0,109.0
2.2927927927927927,0.8127058554911678,8.0,0.0,1.0,"[5, 17, 14, 8]",26.0,81.0,107.0
2.324324324324324,0.7011582164989733,3.0,1.0,1.0,"[14, 5, 26, 17, 8]",21.0,99.0,99.0
2.283783783783784,0.7026827120137464,1.0,2.0,1.0,"[5, 14]",29.0,98.0,94.0
2.391891891891892,0.8426026406196517,8.0,2.0,1.0,"[5, 14]",28.0,55.0,131.0
2.3378378378378377,0.7659677644120416,3.0,2.0,2.0,"[14, 5, 29]",31.0,76.0,112.0
2.27027027027027,0.7780465845368315,4.0,0.0,1.0,"[5, 14]",33.0,84.0,101.0
2.364864864864865,0.7828649841868128,5.0,1.0,2.0,"[14, 5]",27.0,72.0,118.0
2.2117117117117115,0.8045390168512467,5.0,1.0,2.0,"[5, 14]",38.0,84.0,95.0
2.427927927927928,0.7317828190997817,3.0,0.0,2.0,"[14, 5, 26, 8, 21]",23.0,72.0,124.0
2.324324324324324,0.7920665697394775,3.0,2.0,2.0,"[5, 29, 14]",36.0,69.0,114.0
2.3063063063063063,0.7762631544376082,3.0,1.0,1.0,"[17, 5, 26, 14]",34.0,77.0,108.0
2.4324324324324325,0.7260083843503446,1.0,1.0,2.0,"[5, 14, 29]",28.0,67.0,126.0
2.2612612612612613,0.7926324970155456,4.0,0.0,1.0,"[3, 17, 5, 14, 26, 8]",36.0,80.0,102.0
2.3063063063063063,0.8486645649259521,9.0,1.0,1.0,"[14, 5, 8]",29.0,69.0,115.0
2.225225225225225,0.7750017916742937,6.0,2.0,1.0,"[5, 14, 17]",29.0,96.0,91.0
2.414414414414414,0.6722484520843064,3.0,0.0,1.0,"[14, 5, 10, 26, 17, 8]",14.0,93.0,112.0
2.27027027027027,0.760399346687292,4.0,0.0,2.0,"[5, 26, 17, 14, 28, 1]",30.0,90.0,98.0
2.324324324324324,0.7805574311910369,3.0,1.0,3.0,"[14, 5, 17]",34.0,73.0,112.0
2.310810810810811,0.8707256402082585,9.0,1.0,2.0,"[14, 5, 29, 1, 17]",33.0,60.0,120.0
2.400900900900901,0.8052986849830216,6.0,0.0,2.0,"[14, 17, 5, 29, 8]",27.0,61.0,128.0
2.310810810810811,0.771535619990595,4.0,0.0,1.0,"[5, 14]",30.0,81.0,107.0
2.3018018018018016,0.7867088190490744,3.0,2.0,1.0,"[5, 14, 17]",36.0,74.0,109.0
2.333333333333333,0.7940198811390319,3.0,1.0,1.0,"[14, 5, 17, 28, 29]",36.0,67.0,116.0
2.31981981981982,0.7316156817959422,2.0,0.0,2.0,"[14, 5, 8]",29.0,87.0,104.0
2.283783783783784,0.7026827120137463,2.0,0.0,1.0,"[14, 5, 26, 10]",26.0,101.0,93.0
2.328828828828829,0.7213470791352127,1.0,0.0,1.0,"[5, 14, 8]",30.0,86.0,105.0
2.247747747747748,0.7768537132156773,2.0,2.0,2.0,"[5, 17, 14]",40.0,81.0,99.0
2.391891891891892,0.8208411021364522,7.0,2.0,2.0,"[14, 5]",27.0,60.0,128.0
2.40990990990991,0.7109301732969732,2.0,1.0,1.0,"[14, 5, 10]",23.0,79.0,118.0
2.3018018018018016,0.7206686163954776,2.0,0.0,1.0,"[14, 5, 17]",28.0,93.0,99.0
2.3018018018018016,0.7924396126678963,5.0,1.0,1.0,"[5, 26, 14]",31.0,78.0,108.0
2.225225225225225,0.8148473436098065,4.0,1.0,1.0,"[5, 14, 17, 26]",42.0,76.0,100.0
2.355855855855856,0.7272566296520052,0.0,1.0,1.0,"[14, 17, 5]",33.0,77.0,112.0
2.265765765765766,0.7825004006470281,4.0,2.0,2.0,"[5, 29, 14]",34.0,83.0,101.0
2.2927927927927927,0.8292406941392827,8.0,1.0,1.0,"[14, 5, 1, 17, 8, 3]",29.0,75.0,110.0
2.391891891891892,0.7813012854635483,3.0,2.0,2.0,"[17, 14, 5, 26]",32.0,62.0,125.0
2.2882882882882885,0.7537224351669387,3.0,1.0,1.0,"[14, 17, 5, 26]",31.0,87.0,101.0
2.355855855855856,0.8207914384685622,6.0,2.0,2.0,"[5, 29, 14]",31.0,63.0,122.0
2.4504504504504503,0.7149184523156012,3.0,1.0,1.0,"[14, 5, 17, 3]",20.0,73.0,126.0
2.3063063063063063,0.7092509948002956,0.0,2.0,2.0,"[14, 17, 5]",32.0,90.0,100.0
2.414414414414414,0.7665928434733706,5.0,1.0,2.0,"[14, 5, 8]",23.0,69.0,125.0
2.36036036036036,0.7762631544376083,4.0,0.0,4.0,"[5, 14, 10, 8]",29.0,72.0,117.0
2.315315315315315,0.8013786986677441,4.0,1.0,3.0,"[5, 14, 17, 32, 10]",35.0,70.0,113.0
2.328828828828829,0.702276503458527,1.0,1.0,1.0,"[5, 17, 14, 8]",27.0,92.0,102.0
2.346846846846846,0.6935148616401847,0.0,2.0,2.0,"[14, 32, 5]",28.0,89.0,105.0
2.225225225225225,0.8475109650747268,6.0,0.0,1.0,"[17, 26, 5, 14]",42.0,70.0,104.0
2.27027027027027,0.760399346687292,4.0,0.0,1.0,"[14, 5]",30.0,90.0,98.0
2.3018018018018016,0.7692603231043579,1.0,0.0,1.0,"[5, 8, 14, 17]",39.0,74.0,108.0
2.2882882882882885,0.7167976469967262,0.0,0.0,1.0,"[14, 5, 17, 28]",34.0,90.0,98.0
2.333333333333333,0.8220197323801436,7.0,0.0,1.0,"[14, 5, 8, 1]",29.0,69.0,117.0
2.328828828828829,0.7520574960434763,2.0,2.0,2.0,"[5, 17, 26, 1, 14]",32.0,79.0,109.0
2.283783783783784,0.7584266329473793,2.0,0.0,1.0,"[5, 14]",35.0,83.0,102.0
2.364864864864865,0.7037261716337465,2.0,0.0,1.0,"[5, 26, 14]",23.0,89.0,108.0
2.31981981981982,0.8569460475865301,9.0,1.0,2.0,"[5, 8, 14]",30.0,64.0,119.0
2.3828828828828827,0.779995808536583,6.0,1.0,1.0,"[17, 5, 8, 14]",23.0,73.0,120.0
2.2522522522522523,0.7665928434733706,2.0,3.0,1.0,"[14, 5]",38.0,84.0,98.0
2.391891891891892,0.7457432910412645,4.0,2.0,1.0,"[5, 32, 14]",23.0,77.0,118.0
2.355855855855856,0.8207914384685622,7.0,1.0,1.0,"[14, 8, 5]",28.0,66.0,121.0
2.3828828828828827,0.7915131135022022,5.0,1.0,1.0,"[14, 5]",28.0,66.0,123.0
2.4414414414414414,0.7512846877687185,5.0,2.0,2.0,"[14, 17, 8, 5]",20.0,69.0,128.0
2.31981981981982,0.7438824190428575,1.0,1.0,2.0,"[5, 14, 17]",34.0,80.0,107.0
2.3063063063063063,0.7762631544376083,3.0,2.0,2.0,"[5, 14, 17, 1, 29]",34.0,77.0,108.0
2.3873873873873874,0.7450733654078652,1.0,1.0,2.0,"[14, 5, 26]",32.0,69.0,120.0
2.27027027027027,0.7300399288149793,2.0,0.0,1.0,"[14, 5]",31.0,94.0,95.0
2.310810810810811,0.8171079506157803,4.0,2.0,3.0,"[14, 17, 5, 8, 10]",38.0,65.0,115.0
2.3783783783783785,0.773474900557758,5.0,3.0,1.0,"[14, 5, 1]",25.0,73.0,119.0
2.274774774774775,0.8022556964196215,4.0,2.0,1.0,"[14, 5, 26]",37.0,75.0,106.0
2.3423423423423424,0.6990037577239022,0.0,1.0,1.0,"[5, 26, 14, 10]",29.0,88.0,105.0
2.351351351351352,0.7568528389885603,2.0,1.0,3.0,"[5, 14, 29]",32.0,74.0,114.0
2.2612612612612613,0.7208807045948904,1.0,0.0,2.0,"[14, 5, 17, 8]",33.0,95.0,93.0
2.31981981981982,0.731615681795942,2.0,0.0,2.0,"[5, 14, 8]",29.0,87.0,104.0
2.351351351351352,0.8032586195804514,8.0,0.0,1.0,"[5, 14, 8, 17]",22.0,76.0,116.0
2.3423423423423424,0.7958659644705466,5.0,2.0,1.0,"[17, 26, 5, 14]",30.0,71.0,116.0
2.4324324324324325,0.7383682832153002,4.0,1.0,2.0,"[14, 3, 17, 26, 5]",21.0,72.0,125.0
2.2927927927927927,0.7609486472481084,6.0,1.0,1.0,"[14, 5, 1, 26, 8]",23.0,93.0,100.0
2.279279279279279,0.8146972473919841,5.0,0.0,1.0,"[14, 5, 1]",36.0,73.0,108.0
2.3063063063063063,0.7762631544376083,3.0,0.0,2.0,"[14, 5, 32, 17]",34.0,77.0,108.0
2.3873873873873874,0.8311924724003723,9.0,0.0,1.0,"[5, 14, 29, 8]",23.0,63.0,127.0
2.324324324324324,0.7265135508623672,2.0,0.0,1.0,"[17, 5, 14]",28.0,88.0,104.0
2.324324324324324,0.7570144043312029,2.0,0.0,2.0,"[14, 5]",33.0,78.0,109.0
2.36036036036036,0.6963744869780172,1.0,1.0,3.0,"[5, 14, 17]",25.0,89.0,107.0
2.207207207207208,0.7742123963738583,1.0,1.0,1.0,"[14, 5]",45.0,83.0,93.0
2.234234234234234,0.7781513649001827,3.0,0.0,3.0,"[14, 1, 5, 8, 29, 17]",38.0,85.0,96.0
2.328828828828829,0.7757509731723241,3.0,2.0,1.0,"[17, 14, 10, 5]",33.0,74.0,112.0
2.283783783783784,0.752436830443754,3.0,1.0,2.0,"[5, 14, 29]",31.0,88.0,100.0
2.256756756756757,0.762126297014608,1.0,1.0,2.0,"[5, 1, 14]",40.0,82.0,99.0
2.369369369369369,0.6981284343963671,0.0,0.0,1.0,"[5, 17, 14, 1]",28.0,84.0,110.0
2.247747747747748,0.7410823498121172,3.0,1.0,3.0,"[14, 5]",31.0,96.0,92.0
2.265765765765766,0.8383344288345317,5.0,0.0,3.0,"[5, 28, 14]",41.0,66.0,110.0
2.333333333333333,0.722405901537473,1.0,0.0,2.0,"[14, 5, 17, 26]",30.0,85.0,106.0
2.351351351351352,0.8144470255588171,7.0,1.0,1.0,"[14, 5, 8, 26]",27.0,69.0,119.0
2.328828828828829,0.7275928685278319,1.0,0.0,2.0,"[5, 26, 8, 14]",31.0,84.0,106.0
2.333333333333333,0.7530731407734906,4.0,1.0,2.0,"[5, 26, 14, 29]",26.0,84.0,108.0
2.2927927927927927,0.7181186722674279,0.0,1.0,1.0,"[14, 5, 17, 21]",34.0,89.0,99.0
2.2612612612612613,0.7082156753037265,1.0,1.0,2.0,"[5, 14, 17]",31.0,99.0,91.0
2.2432432432432434,0.7636091513595895,2.0,1.0,1.0,"[5, 14, 17]",38.0,86.0,96.0
2.27027027027027,0.7423327051770603,2.0,2.0,1.0,"[14, 5, 26]",33.0,90.0,97.0
2.328828828828829,0.708690384487888,2.0,0.0,1.0,"[14, 5]",25.0,93.0,102.0
2.247747747747748,0.8330662814527706,7.0,1.0,1.0,"[14, 5, 26, 17]",35.0,76.0,104.0
2.346846846846846,0.7678282023888403,5.0,0.0,1.0,"[32, 5, 14]",25.0,80.0,112.0
2.31981981981982,0.7128198822863828,1.0,1.0,1.0,"[14, 5]",29.0,90.0,102.0
2.2927927927927927,0.7428953644233875,3.0,0.0,2.0,"[5, 14, 21]",29.0,90.0,100.0
2.2972972972972974,0.7130914735683777,2.0,1.0,2.0,"[14, 5, 17, 29]",27.0,96.0,97.0
2.2882882882882885,0.7946357187816142,4.0,1.0,2.0,"[14, 5, 26]",35.0,76.0,107.0
2.324324324324324,0.7977588762618181,4.0,0.0,3.0,"[14, 5, 26]",34.0,70.0,114.0
2.279279279279279,0.8035123256035114,3.0,0.0,1.0,"[5, 14, 17]",40.0,71.0,108.0
2.4504504504504503,0.7519355264883228,5.0,0.0,1.0,"[14, 17, 8, 10, 5]",20.0,67.0,130.0
2.324324324324324,0.7629682707167986,5.0,0.0,1.0,"[14, 17, 8, 5]",25.0,85.0,107.0
2.2387387387387387,0.7854642309682399,3.0,1.0,1.0,"[5, 17, 14]",39.0,82.0,98.0
2.2882882882882885,0.8115388141244638,5.0,2.0,2.0,"[5, 26, 29, 14]",35.0,73.0,109.0
2.346846846846846,0.7064434944332892,3.0,1.0,1.0,"[5, 14]",21.0,94.0,104.0
2.3828828828828827,0.8028652168061973,6.0,1.0,3.0,"[5, 8, 14]",27.0,65.0,124.0
2.2882882882882885,0.7537224351669387,2.0,2.0,1.0,"[5, 17, 14]",34.0,84.0,102.0
2.2882882882882885,0.8115388141244639,4.0,2.0,2.0,"[26, 14, 5]",38.0,70.0,110.0
2.247747747747748,0.759178747377729,2.0,1.0,3.0,"[14, 5, 17]",37.0,87.0,96.0
2.283783783783784,0.8047416651380415,4.0,2.0,2.0,"[5, 14, 26]",37.0,73.0,108.0
2.369369369369369,0.7359904574426622,2.0,2.0,1.0,"[5, 14]",28.0,78.0,114.0
2.463963963963964,0.7466719879030266,4.0,2.0,1.0,"[5, 14, 1, 17]",22.0,63.0,133.0
2.2972972972972974,0.7621664120919847,3.0,1.0,2.0,"[14, 17, 5]",32.0,83.0,104.0
2.418918918918919,0.7056351733870684,2.0,0.0,2.0,"[14, 5, 17, 26]",22.0,79.0,119.0
2.40990990990991,0.8119531175814391,7.0,1.0,2.0,"[14, 5, 1]",25.0,60.0,130.0
2.2882882882882885,0.7104569606840285,4.0,1.0,1.0,"[14, 8, 5, 10]",21.0,104.0,93.0
2.373873873873874,0.6792612052260874,0.0,1.0,1.0,"[5, 17, 14, 29]",25.0,89.0,108.0
2.234234234234234,0.7113171130964023,2.0,2.0,1.0,"[17, 5, 26, 14]",30.0,104.0,86.0
2.3063063063063063,0.715602366807758,0.0,1.0,1.0,"[14, 5, 17, 26]",33.0,88.0,101.0
2.2522522522522523,0.772472887174847,3.0,1.0,1.0,"[5, 1, 17, 14]",36.0,85.0,98.0
2.3063063063063063,0.7878350287012746,4.0,1.0,2.0,"[14, 5, 26]",33.0,76.0,109.0
2.3963963963963963,0.8214244253142173,8.0,1.0,1.0,"[29, 5, 14]",24.0,62.0,128.0
2.27027027027027,0.8341787729653578,5.0,2.0,2.0,"[5, 26, 14]",40.0,67.0,110.0
2.2927927927927927,0.7958275480797726,4.0,0.0,2.0,"[3, 5, 14, 8, 29, 26]",35.0,75.0,108.0
2.2927927927927927,0.7054040543885619,1.0,1.0,2.0,"[17, 14, 29, 5]",29.0,96.0,96.0
2.373873873873874,0.7958275480797726,6.0,2.0,2.0,"[14, 17, 29, 26, 5, 8]",26.0,69.0,121.0
2.3018018018018016,0.7574047116247091,1.0,1.0,2.0,"[5, 14, 10]",37.0,78.0,106.0
2.333333333333333,0.7286426149573089,3.0,0.0,2.0,"[5, 26, 14, 8]",25.0,89.0,105.0
2.2387387387387387,0.7001837084303969,1.0,2.0,1.0,"[5, 14]",31.0,104.0,86.0
2.283783783783784,0.8047416651380414,4.0,1.0,2.0,"[5, 14, 10, 26]",37.0,73.0,108.0
2.369369369369369,0.78938578480206,4.0,1.0,2.0,"[14, 29, 5]",31.0,66.0,121.0
2.315315315315315,0.7548573564807844,5.0,2.0,1.0,"[14, 5, 8]",24.0,89.0,104.0
2.355855855855856,0.7395956685136182,3.0,2.0,1.0,"[5, 17, 14]",26.0,82.0,111.0
2.283783783783784,0.7876927233015292,4.0,0.0,2.0,"[14, 5, 8, 29]",34.0,79.0,105.0
2.279279279279279,0.786436733710853,5.0,2.0,1.0,"[14, 5, 17]",31.0,83.0,103.0
2.310810810810811,0.7946485436574436,2.0,3.0,1.0,"[17, 14, 5]",40.0,67.0,113.0
2.3063063063063063,0.7704120398733199,4.0,1.0,1.0,"[14, 5]",30.0,82.0,106.0
2.324324324324324,0.7688760341408999,3.0,3.0,1.0,"[17, 14, 5]",32.0,77.0,110.0
2.3828828828828827,0.7259101167043567,3.0,1.0,2.0,"[5, 8, 14, 26]",23.0,82.0,114.0
2.279279279279279,0.7450733654078652,3.0,1.0,1.0,"[1, 5, 14]",30.0,91.0,98.0
2.256756756756757,0.7855161281754963,4.0,1.0,2.0,"[5, 8, 14, 29]",35.0,83.0,100.0
2.3018018018018016,0.7392648888756591,2.0,1.0,1.0,"[5, 14, 17, 8, 1]",31.0,87.0,102.0
2.310810810810811,0.771535619990595,4.0,3.0,2.0,"[5, 14, 3, 17, 4, 26]",30.0,81.0,107.0
2.2522522522522523,0.8451990417906147,8.0,0.0,1.0,"[5, 14]",34.0,74.0,106.0
2.36036036036036,0.7218978605983821,0.0,0.0,2.0,"[5, 14, 29]",32.0,78.0,112.0
2.3063063063063063,0.8104832678540396,7.0,2.0,2.0,"[5, 17, 14]",28.0,77.0,110.0
2.31981981981982,0.7499405490548632,3.0,1.0,1.0,"[5, 14]",29.0,84.0,106.0
2.3828828828828827,0.7196497229750572,1.0,0.0,2.0,"[5, 14, 17, 8]",28.0,78.0,115.0
2.3378378378378377,0.7776928465851366,5.0,1.0,1.0,"[17, 5, 8, 14, 26, 10]",27.0,78.0,112.0
2.40990990990991,0.7297746450590296,2.0,1.0,1.0,"[5, 14]",26.0,73.0,121.0
2.283783783783784,0.8103449397415917,5.0,1.0,1.0,"[5, 14]",35.0,74.0,108.0
2.2387387387387387,0.7679874587931499,2.0,0.0,2.0,"[5, 14, 17, 28]",39.0,85.0,96.0
2.2882882882882885,0.7889208780403245,4.0,1.0,1.0,"[14, 5, 17, 26]",34.0,78.0,106.0
2.4054054054054053,0.7229699727575903,3.0,1.0,2.0,"[14, 5, 17]",22.0,79.0,118.0
2.3063063063063063,0.7218978605983821,1.0,0.0,1.0,"[5, 14]",31.0,89.0,101.0
2.310810810810811,0.771535619990595,3.0,1.0,2.0,"[5, 32, 17, 14, 10]",33.0,78.0,108.0
2.4054054054054053,0.7655285741229413,6.0,2.0,1.0,"[5, 14, 29]",20.0,74.0,122.0
2.351351351351352,0.8144470255588171,9.0,3.0,1.0,"[5, 14, 8]",21.0,75.0,117.0
2.2882882882882885,0.8115388141244638,4.0,0.0,1.0,"[8, 5, 10, 26, 14]",38.0,70.0,110.0
2.2882882882882885,0.7416184745289641,3.0,1.0,1.0,"[5, 17, 14]",29.0,91.0,99.0
2.283783783783784,0.7761187272775134,3.0,3.0,3.0,"[5, 17, 14]",35.0,80.0,104.0
2.351351351351352,0.7976055642826448,4.0,1.0,3.0,"[5, 14, 10]",33.0,66.0,119.0
2.36036036036036,0.715602366807758,2.0,2.0,3.0,"[14, 5, 17, 8]",25.0,86.0,109.0
2.216216216216216,0.7833725142136639,1.0,2.0,2.0,"[17, 5, 14, 1]",46.0,79.0,96.0
2.3783783783783785,0.7436494826291168,4.0,0.0,1.0,"[17, 8, 1, 5, 14, 26]",23.0,80.0,115.0
2.279279279279279,0.7921694956797133,5.0,1.0,1.0,"[14, 5, 8, 21]",32.0,81.0,104.0
2.36036036036036,0.6492988601748072,0.0,1.0,1.0,"[14, 5, 17, 1]",21.0,100.0,101.0
2.27027027027027,0.760399346687292,1.0,0.0,2.0,"[14, 17, 5]",39.0,81.0,101.0
2.3423423423423424,0.8071568502552311,4.0,0.0,1.0,"[17, 5, 14, 8, 26, 29]",35.0,64.0,119.0
2.328828828828829,0.7275928685278319,0.0,1.0,2.0,"[14, 17, 5]",34.0,81.0,107.0
2.2387387387387387,0.7255730980224996,2.0,2.0,0.0,"[5, 17, 14]",32.0,99.0,89.0
2.355855855855856,0.668920205683674,0.0,1.0,2.0,"[5, 8, 14, 10, 17]",24.0,95.0,103.0
2.31981981981982,0.7128198822863829,1.0,2.0,2.0,"[17, 10, 14, 29, 5, 26]",29.0,90.0,102.0
2.328828828828829,0.7987419279094045,7.0,0.0,1.0,"[14, 5, 17, 29]",25.0,78.0,112.0
2.207207207207208,0.7858144706037581,3.0,1.0,1.0,"[14, 5, 10]",41.0,85.0,93.0
2.2612612612612613,0.7516101775757871,2.0,3.0,2.0,"[14, 5]",35.0,88.0,97.0
2.373873873873874,0.7181186722674278,2.0,1.0,2.0,"[14, 17, 5, 29, 15]",25.0,83.0,112.0
2.36036036036036,0.746549138475925,2.0,0.0,2.0,"[14, 5, 8, 17]",30.0,76.0,114.0
2.36036036036036,0.77041203987332,1.0,0.0,2.0,"[5, 14, 8, 17]",37.0,65.0,119.0
2.2882882882882885,0.7293136597180636,2.0,1.0,1.0,"[14, 17, 5]",30.0,92.0,98.0
2.2927927927927927,0.7367793080197771,1.0,0.0,1.0,"[14, 8, 5, 10, 29]",34.0,86.0,101.0
2.3063063063063063,0.8048809562386892,6.0,3.0,1.0,"[5, 29, 32, 14, 10]",30.0,76.0,110.0
2.3018018018018016,0.7015795987558389,0.0,0.0,1.0,"[14, 8, 5]",31.0,93.0,98.0
2.4324324324324325,0.7006347687093278,2.0,1.0,3.0,"[5, 14, 17, 26]",21.0,78.0,121.0
2.2117117117117115,0.7759086034177545,3.0,1.0,1.0,"[5, 17, 14]",39.0,88.0,92.0
2.3018018018018016,0.7867088190490744,5.0,1.0,2.0,"[5, 32, 14]",30.0,80.0,107.0
2.3423423423423424,0.7054473949684639,1.0,1.0,2.0,"[5, 17, 14]",27.0,89.0,105.0
2.256756756756757,0.7969536593398232,3.0,2.0,2.0,"[5, 14]",40.0,76.0,103.0
2.373873873873874,0.6792612052260874,2.0,2.0,2.0,"[5, 14, 17]",19.0,95.0,106.0
2.2972972972972974,0.8465484310162121,6.0,1.0,2.0,"[14, 5]",38.0,62.0,116.0
2.2882882882882885,0.7167976469967262,0.0,2.0,1.0,"[5, 14]",34.0,90.0,98.0
2.3873873873873874,0.7450733654078652,2.0,1.0,2.0,"[5, 14]",29.0,72.0,119.0
2.283783783783784,0.7761187272775134,3.0,2.0,3.0,"[5, 14]",35.0,80.0,104.0
2.2927927927927927,0.8292406941392827,4.0,1.0,2.0,"[14, 5, 17]",41.0,63.0,114.0
2.27027027027027,0.6918523362179558,1.0,1.0,2.0,"[5, 1, 14]",28.0,103.0,90.0
2.216216216216216,0.8498645663241353,6.0,1.0,2.0,"[5, 14]",43.0,70.0,103.0
2.328828828828829,0.7757509731723241,4.0,0.0,1.0,"[14, 5, 17, 26]",30.0,77.0,111.0
2.22972972972973,0.8328215786271848,5.0,1.0,1.0,"[5, 8, 26, 14, 29]",42.0,72.0,103.0
2.274774774774775,0.8245079123091277,4.0,1.0,2.0,"[17, 5, 14, 8]",41.0,67.0,110.0
2.40990990990991,0.7777976746020018,6.0,0.0,2.0,"[5, 14, 26, 8]",22.0,69.0,125.0
2.2927927927927927,0.730612055040461,1.0,3.0,1.0,"[14, 5, 1]",33.0,88.0,100.0
2.3378378378378377,0.7234350004173062,1.0,1.0,2.0,"[14, 5]",30.0,84.0,107.0
2.315315315315315,0.7667523564648956,3.0,1.0,1.0,"[5, 14]",32.0,79.0,108.0
2.454954954954955,0.7400915607705263,4.0,0.0,2.0,"[14, 17, 26, 8, 5]",21.0,67.0,130.0
2.2972972972972974,0.7067175361629737,1.0,1.0,1.0,"[14, 5, 32, 1]",29.0,95.0,97.0
2.324324324324324,0.7688760341408999,5.0,0.0,2.0,"[5, 14, 17, 26]",26.0,83.0,108.0
2.279279279279279,0.732826563607577,1.0,0.0,0.0,"[14, 5]",34.0,89.0,98.0
2.351351351351352,0.7009837773330696,2.0,0.0,1.0,"[5, 14, 10]",23.0,92.0,105.0
2.414414414414414,0.7606673477341667,4.0,1.0,2.0,"[14, 8, 17, 5, 10]",25.0,68.0,125.0
2.3063063063063063,0.7585744285635113,4.0,2.0,1.0,"[14, 5, 29, 17]",28.0,86.0,104.0
2.369369369369369,0.7950972839868214,4.0,3.0,2.0,"[32, 14, 5]",32.0,64.0,122.0
2.3423423423423424,0.7118327056432907,3.0,2.0,2.0,"[5, 14, 26]",22.0,93.0,104.0
2.3018018018018016,0.8037786307414235,4.0,1.0,1.0,"[5, 17, 14, 26]",36.0,71.0,111.0
2.274774774774775,0.725235922727358,3.0,1.0,0.0,"[5, 14, 17, 10, 8]",27.0,98.0,94.0
2.2972972972972974,0.7318802982338632,1.0,0.0,1.0,"[14, 5, 1]",33.0,87.0,101.0
2.315315315315315,0.7366548088258094,1.0,0.0,2.0,"[14, 17, 5, 8, 29]",33.0,83.0,105.0
2.3063063063063063,0.77041203987332,5.0,0.0,1.0,"[8, 10, 5, 14, 26, 17]",27.0,85.0,105.0
2.315315315315315,0.6656671811453323,1.0,0.0,1.0,"[10, 5, 14]",22.0,105.0,94.0
2.225225225225225,0.7808185133909297,4.0,1.0,2.0,"[14, 5, 1]",36.0,88.0,94.0
2.1936936936936937,0.7863978566920337,5.0,2.0,1.0,"[14, 5, 17]",36.0,92.0,89.0
2.4054054054054053,0.7166838966751345,2.0,0.0,1.0,"[26, 17, 10, 5, 8, 14]",24.0,78.0,118.0
2.310810810810811,0.7537359561857875,2.0,1.0,1.0,"[5, 14, 26]",33.0,81.0,106.0
2.333333333333333,0.690377735589647,1.0,3.0,1.0,"[5, 14]",25.0,95.0,101.0
2.355855855855856,0.7083451729953593,1.0,0.0,1.0,"[5, 1, 26, 14]",27.0,86.0,108.0
2.346846846846846,0.712819882286383,1.0,1.0,2.0,"[14, 5, 17]",28.0,86.0,107.0
2.315315315315315,0.7548573564807846,3.0,1.0,1.0,"[17, 5, 14]",30.0,83.0,106.0
2.3018018018018016,0.7924396126678963,5.0,1.0,2.0,"[10, 14, 5, 29]",31.0,78.0,108.0
2.2882882882882885,0.7476949481695887,2.0,1.0,2.0,"[5, 14]",33.0,86.0,101.0
2.324324324324324,0.8145971678820686,7.0,3.0,2.0,"[5, 14]",28.0,73.0,114.0
2.2432432432432434,0.8040194974810656,4.0,1.0,2.0,"[5, 26, 28, 14, 17]",39.0,78.0,101.0
2.27027027027027,0.7238152553715097,2.0,0.0,1.0,"[14, 5, 1]",30.0,96.0,94.0
2.3783783783783785,0.7125767918170451,4.0,0.0,2.0,"[5, 14, 8]",18.0,90.0,110.0
2.3018018018018016,0.798129258629767,4.0,1.0,2.0,"[17, 14, 5]",35.0,73.0,110.0
2.256756756756757,0.706674273481279,1.0,1.0,1.0,"[5, 17, 26, 14]",31.0,100.0,90.0
2.3063063063063063,0.82706254221693,7.0,1.0,1.0,"[14, 29, 5]",31.0,71.0,113.0
2.3783783783783785,0.7793030190808257,6.0,2.0,1.0,"[5, 17, 14]",23.0,74.0,119.0
2.283783783783784,0.7934164102776269,4.0,0.0,2.0,"[14, 5, 8]",35.0,77.0,106.0
2.2972972972972974,0.8193871961885479,6.0,1.0,2.0,"[5, 14, 17]",33.0,72.0,111.0
2.279279279279279,0.7012744851701147,1.0,2.0,2.0,"[5, 14, 26, 29]",29.0,99.0,93.0
2.414414414414414,0.7364887771624948,2.0,0.0,2.0,"[5, 14, 17, 8]",27.0,70.0,123.0
2.2972972972972974,0.7067175361629737,2.0,2.0,1.0,"[14, 17, 5]",26.0,98.0,96.0
2.364864864864865,0.7828649841868127,4.0,1.0,1.0,"[14, 5, 17, 8, 29]",30.0,69.0,119.0
2.3828828828828827,0.6742012366411708,3.0,1.0,1.0,"[17, 5, 14]",15.0,98.0,106.0
2.265765765765766,0.7033205657374381,1.0,0.0,1.0,"[14, 5, 17, 10]",30.0,100.0,91.0
2.364864864864865,0.7653288588566685,4.0,0.0,3.0,"[14, 17, 5, 29]",27.0,75.0,116.0
2.36036036036036,0.7878350287012748,7.0,1.0,1.0,"[5, 14, 32]",22.0,77.0,116.0
2.2927927927927927,0.730612055040461,3.0,3.0,1.0,"[14, 17, 5]",27.0,94.0,98.0
2.2387387387387387,0.7501036032419736,1.0,1.0,2.0,"[14, 17, 5]",39.0,88.0,94.0
2.36036036036036,0.77041203987332,7.0,1.0,1.0,"[5, 14, 8]",19.0,83.0,113.0
2.346846846846846,0.7910494569913453,4.0,2.0,2.0,"[17, 5, 14, 26]",32.0,69.0,117.0
2.315315315315315,0.7548573564807843,3.0,0.0,1.0,"[14, 8, 5]",30.0,83.0,106.0
2.477477477477477,0.7162856282939059,4.0,1.0,1.0,"[5, 14, 29]",17.0,70.0,131.0
2.346846846846846,0.7377745452408868,2.0,2.0,1.0,"[14, 5]",29.0,81.0,110.0
2.310810810810811,0.7597155160999147,1.0,2.0,1.0,"[5, 29, 14]",37.0,76.0,108.0
2.265765765765766,0.7590176427397027,2.0,0.0,1.0,"[14, 17, 1, 5]",36.0,85.0,99.0
2.2972972972972974,0.7855550488309482,4.0,0.0,1.0,"[14, 5, 8, 17]",33.0,78.0,107.0
2.220720720720721,0.8133075442101602,5.0,1.0,1.0,"[5, 14, 17]",39.0,80.0,98.0
2.283783783783784,0.7463989617172485,0.0,1.0,2.0,"[5, 14]",39.0,81.0,102.0
2.310810810810811,0.7355056562531216,2.0,0.0,2.0,"[14, 5, 17]",30.0,87.0,103.0
2.40990990990991,0.754168500796511,4.0,0.0,1.0,"[5, 14, 26, 8]",24.0,71.0,123.0
2.171171171171171,0.8333965162953842,4.0,0.0,2.0,"[5, 32, 17, 14]",49.0,74.0,95.0
2.2882882882882885,0.741618474528964,2.0,1.0,2.0,"[14, 8, 5, 1]",32.0,88.0,100.0
2.3378378378378377,0.7600373953712573,2.0,1.0,2.0,"[14, 1, 5]",33.0,75.0,112.0
2.274774774774775,0.7965955238903089,4.0,0.0,1.0,"[5, 14, 8]",36.0,77.0,105.0
2.279279279279279,0.7571220954056977,5.0,1.0,1.0,"[14, 5, 26]",26.0,93.0,98.0
2.373873873873874,0.685890340127963,4.0,0.0,1.0,"[14, 5, 8]",14.0,99.0,105.0
2.3873873873873874,0.7921694956797132,6.0,1.0,1.0,"[14, 5]",25.0,68.0,123.0
2.324324324324324,0.6681122478938255,3.0,1.0,2.0,"[14, 5, 17]",16.0,109.0,94.0
2.3378378378378377,0.8605537577423822,9.0,0.0,1.0,"[5, 14, 32, 17, 29, 10]",30.0,60.0,123.0
2.369369369369369,0.7421130151144872,5.0,1.0,1.0,"[5, 14, 8]",20.0,85.0,112.0
2.2972972972972974,0.7969920214500931,6.0,1.0,1.0,"[5, 14, 17, 26, 10]",29.0,80.0,107.0
2.3378378378378377,0.6979678393781217,1.0,0.0,1.0,"[14, 5]",26.0,92.0,103.0
2.3783783783783785,0.7616848917246037,4.0,1.0,1.0,"[14, 5, 17]",26.0,74.0,118.0
2.2387387387387387,0.7969025069867962,2.0,0.0,1.0,"[14, 5, 3]",44.0,75.0,101.0
2.3378378378378377,0.7419619404630917,4.0,2.0,3.0,"[5, 14, 26]",24.0,87.0,107.0
2.265765765765766,0.728600654139052,1.0,1.0,1.0,"[5, 14]",34.0,92.0,95.0
2.315315315315315,0.7242656693885728,2.0,1.0,1.0,"[14, 17, 5, 26]",28.0,90.0,102.0
2.2927927927927927,0.7054040543885619,1.0,1.0,2.0,"[14, 5, 29]",29.0,96.0,96.0
2.315315315315315,0.8399739489817525,7.0,0.0,1.0,"[14, 5, 17]",33.0,65.0,117.0
2.2882882882882885,0.7167976469967262,0.0,2.0,3.0,"[5, 14, 17, 29]",34.0,90.0,98.0
2.3378378378378377,0.6848792282547714,1.0,2.0,1.0,"[5, 14, 15]",24.0,96.0,101.0
2.328828828828829,0.6556247943910768,0.0,2.0,1.0,"[14, 5, 17]",23.0,103.0,96.0
2.346846846846846,0.6869593070627608,2.0,0.0,1.0,"[14, 32, 26, 5]",21.0,97.0,102.0
2.454954954954955,0.7400915607705263,6.0,2.0,1.0,"[14, 5, 8, 26]",15.0,73.0,128.0
2.2882882882882885,0.7715224109129613,3.0,0.0,2.0,"[14, 5, 17]",34.0,81.0,104.0
2.3378378378378377,0.7949562786069818,6.0,1.0,2.0,"[5, 14, 10, 8]",27.0,75.0,114.0
2.3423423423423424,0.7844125737718137,3.0,0.0,2.0,"[17, 8, 5, 29, 14]",34.0,69.0,116.0
2.2387387387387387,0.762072806960007,3.0,2.0,1.0,"[5, 14]",35.0,90.0,94.0
2.346846846846846,0.7619123142645889,5.0,1.0,2.0,"[5, 32, 14]",24.0,82.0,111.0
2.283783783783784,0.8323809322584391,5.0,1.0,2.0,"[14, 5, 32, 29]",39.0,66.0,112.0
2.2522522522522523,0.8012260793300006,5.0,1.0,0.0,"[5, 26, 14]",35.0,81.0,101.0
2.2972972972972974,0.7562062324296943,2.0,1.0,2.0,"[14, 17, 1, 5]",34.0,82.0,104.0
2.256756756756757,0.7561658011610565,4.0,1.0,1.0,"[5, 8, 14]",30.0,93.0,95.0
2.454954954954955,0.7522200913529669,6.0,0.0,2.0,"[14, 8, 5, 17, 29, 26]",17.0,69.0,130.0
2.414414414414414,0.7783085089962076,5.0,1.0,2.0,"[5, 10, 26, 14]",25.0,65.0,127.0
2.315315315315315,0.7179909373378062,0.0,1.0,0.0,"[17, 5, 14]",33.0,86.0,103.0
2.333333333333333,0.7590579221048323,3.0,1.0,1.0,"[14, 17, 5]",30.0,79.0,110.0
2.324324324324324,0.8090233446358832,3.0,0.0,3.0,"[5, 14]",39.0,63.0,117.0
2.328828828828829,0.7757509731723241,3.0,0.0,1.0,"[17, 5, 8, 14]",33.0,74.0,112.0
2.256756756756757,0.7318385230519898,1.0,1.0,1.0,"[14, 1, 5]",35.0,92.0,94.0
2.3828828828828827,0.7623936909941407,4.0,1.0,2.0,"[14, 5]",26.0,73.0,119.0
2.2972972972972974,0.8082671772170498,6.0,0.0,2.0,"[14, 17, 5]",31.0,76.0,109.0
2.373873873873874,0.7181186722674279,3.0,2.0,1.0,"[14, 5, 8]",22.0,86.0,111.0
2.2882882882882885,0.7831643365554004,4.0,1.0,2.0,"[5, 17, 26, 14, 8]",33.0,80.0,105.0
2.3423423423423424,0.7054473949684639,1.0,0.0,1.0,"[5, 8, 14]",27.0,89.0,105.0
2.4054054054054053,0.7229699727575902,2.0,0.0,2.0,"[5, 14, 17, 8]",25.0,76.0,119.0
2.346846846846846,0.7559501312073208,3.0,1.0,1.0,"[14, 5]",29.0,78.0,112.0
2.333333333333333,0.7649958842149165,2.0,2.0,1.0,"[5, 14]",34.0,74.0,112.0
2.3423423423423424,0.7786227020423082,5.0,1.0,1.0,"[5, 14, 10]",27.0,77.0,113.0
2.283783783783784,0.7090929188185775,1.0,0.0,2.0,"[5, 14, 26]",30.0,96.0,95.0
2.216216216216216,0.7948408919631333,4.0,1.0,1.0,"[17, 10, 8, 5, 14]",39.0,84.0,95.0
2.36036036036036,0.6963744869780172,0.0,1.0,1.0,"[5, 8, 14]",28.0,86.0,108.0
2.3063063063063063,0.734326949422281,1.0,0.0,1.0,"[14, 5, 17]",33.0,85.0,103.0
2.364864864864865,0.7101269593515974,1.0,0.0,1.0,"[5, 14, 17, 32]",27.0,84.0,110.0
2.400900900900901,0.6968572625965621,1.0,0.0,2.0,"[5, 14, 26, 17]",24.0,82.0,115.0
2.351351351351352,0.7137771386052166,1.0,1.0,2.0,"[14, 26, 5]",28.0,85.0,108.0
2.391891891891892,0.781301285463548,4.0,2.0,1.0,"[14, 17, 5]",29.0,65.0,124.0
2.351351351351352,0.780400739945618,5.0,2.0,1.0,"[14, 5, 17, 8, 26]",27.0,75.0,115.0
2.391891891891892,0.7637292566086652,2.0,1.0,2.0,"[17, 14, 26, 5]",32.0,65.0,123.0
2.279279279279279,0.8632378401744102,10.0,2.0,1.0,"[5, 14, 3]",30.0,70.0,112.0
2.36036036036036,0.715602366807758,3.0,1.0,1.0,"[5, 14]",22.0,89.0,108.0
2.324324324324324,0.7449639325857419,1.0,1.0,3.0,"[5, 14, 26]",34.0,79.0,108.0
2.189189189189189,0.8349114729511165,5.0,2.0,2.0,"[5, 14, 29]",45.0,75.0,97.0
2.274774774774775,0.8461751547303789,6.0,2.0,1.0,"[14, 5]",39.0,65.0,112.0
2.216216216216216,0.7833725142136639,5.0,2.0,1.0,"[5, 14]",34.0,91.0,92.0
2.3828828828828827,0.7799958085365829,6.0,0.0,1.0,"[5, 17, 14, 8]",23.0,73.0,120.0
2.283783783783784,0.7643694992080433,2.0,1.0,2.0,"[5, 8, 1, 14]",36.0,81.0,103.0
2.274774774774775,0.7735407769855778,4.0,0.0,1.0,"[14, 8, 5, 17]",32.0,85.0,101.0
2.207207207207208,0.7915517392855129,4.0,0.0,1.0,"[5, 14, 17, 1, 26]",39.0,86.0,93.0
2.2927927927927927,0.7428953644233875,2.0,0.0,1.0,"[5, 32, 17, 14]",32.0,87.0,101.0
2.481981981981982,0.6972081621677554,1.0,1.0,1.0,"[14, 17, 26, 5]",23.0,66.0,132.0
2.2387387387387387,0.7440468008404685,2.0,1.0,3.0,"[14, 5, 15, 29]",35.0,93.0,92.0
2.472972972972973,0.7097824465554078,1.0,2.0,4.0,"[14, 5]",25.0,64.0,132.0
2.256756756756757,0.7561658011610564,1.0,1.0,2.0,"[5, 14]",39.0,84.0,98.0
2.2387387387387387,0.7854642309682399,2.0,2.0,2.0,"[14, 5]",42.0,79.0,99.0
2.247747747747748,0.747163183621025,1.0,0.0,2.0,"[14, 29, 5]",38.0,88.0,95.0
2.3873873873873874,0.7012744851701147,0.0,1.0,2.0,"[5, 14, 8, 26]",28.0,80.0,114.0
2.2972972972972974,0.6806251397778661,1.0,0.0,0.0,"[5, 14, 32]",25.0,103.0,93.0
2.324324324324324,0.7863330573893015,7.0,3.0,1.0,"[14, 17, 5]",23.0,83.0,109.0
2.324324324324324,0.7688760341408999,2.0,1.0,2.0,"[5, 14]",35.0,74.0,111.0
2.31981981981982,0.7438824190428575,2.0,0.0,1.0,"[5, 14]",31.0,83.0,106.0
2.22972972972973,0.7881583545086782,4.0,0.0,2.0,"[5, 14, 17, 8]",37.0,85.0,96.0
2.3783783783783785,0.7375396797860416,2.0,2.0,1.0,"[5, 29, 17, 14]",28.0,76.0,116.0
2.310810810810811,0.7355056562531216,2.0,1.0,2.0,"[14, 5, 17, 26]",30.0,87.0,103.0
2.2972972972972974,0.725671411306269,1.0,0.0,2.0,"[14, 5, 26, 8, 17]",32.0,89.0,100.0
2.346846846846846,0.7377745452408867,2.0,2.0,2.0,"[5, 14, 17]",29.0,81.0,110.0
2.265765765765766,0.7347847895591678,2.0,0.0,2.0,"[14, 26, 5]",32.0,93.0,95.0
2.27027027027027,0.8009716491437467,3.0,1.0,2.0,"[5, 17, 14]",40.0,73.0,106.0
2.283783783783784,0.8159097346646011,4.0,2.0,2.0,"[26, 5, 14]",39.0,69.0,110.0
2.4054054054054053,0.6710345680096235,2.0,2.0,1.0,"[5, 14, 26, 29]",17.0,92.0,111.0
2.3378378378378377,0.789243759013022,3.0,2.0,3.0,"[5, 14, 10]",35.0,68.0,116.0
2.400900900900901,0.7286006541390521,3.0,1.0,1.0,"[14, 5, 29]",23.0,78.0,118.0
2.373873873873874,0.7367793080197771,6.0,0.0,1.0,"[10, 14, 8, 5, 17]",16.0,89.0,111.0
2.279279279279279,0.7450733654078653,2.0,0.0,0.0,"[5, 14, 8]",33.0,88.0,99.0
2.274774774774775,0.6867812614510284,1.0,1.0,1.0,"[5, 14]",27.0,104.0,90.0
2.436936936936937,0.6611970397822569,2.0,0.0,1.0,"[14, 8, 5, 17]",15.0,89.0,116.0
2.351351351351352,0.7508504818733137,2.0,1.0,2.0,"[14, 26, 32, 10, 5]",31.0,76.0,113.0
2.283783783783784,0.7702665156134018,3.0,1.0,2.0,"[14, 5, 10, 26, 17]",34.0,82.0,103.0
2.27027027027027,0.7048114660258838,1.0,0.0,2.0,"[5, 14, 17, 8]",30.0,99.0,92.0
2.36036036036036,0.7935576892730575,4.0,2.0,2.0,"[17, 8, 26, 14, 10, 5]",32.0,66.0,120.0
2.4054054054054053,0.7536142582829702,3.0,0.0,2.0,"[8, 14, 5]",27.0,69.0,123.0
2.2882882882882885,0.8443304384922279,6.0,0.0,2.0,"[5, 14, 26]",38.0,64.0,114.0
2.324324324324324,0.7388649992373152,3.0,1.0,1.0,"[14, 5, 10]",27.0,87.0,105.0
2.315315315315315,0.711660882965732,1.0,1.0,3.0,"[14, 26, 17, 5]",29.0,91.0,101.0
2.36036036036036,0.746549138475925,5.0,1.0,1.0,"[5, 29, 8, 14]",21.0,85.0,111.0
2.279279279279279,0.7389753352342324,3.0,1.0,2.0,"[17, 5, 1, 14, 29]",29.0,93.0,97.0
2.2927927927927927,0.8400831365572764,7.0,1.0,1.0,"[14, 32, 15, 5]",34.0,68.0,113.0
2.2882882882882885,0.7597021015040277,1.0,0.0,3.0,"[3, 14, 5, 1]",38.0,79.0,104.0
2.400900900900901,0.7939813754264464,5.0,1.0,3.0,"[14, 5, 29, 17, 8]",28.0,62.0,127.0
2.216216216216216,0.8551722369493566,11.0,1.0,1.0,"[5, 14, 17, 26]",29.0,83.0,99.0
2.207207207207208,0.7915517392855129,4.0,0.0,2.0,"[14, 28, 5, 17]",39.0,86.0,93.0
2.247747747747748,0.7410823498121172,2.0,1.0,1.0,"[5, 14, 1, 17]",34.0,93.0,93.0
2.463963963963964,0.7220249043464034,4.0,0.0,3.0,"[14, 17, 29, 8, 5, 10]",18.0,71.0,129.0
2.3063063063063063,0.7281389255438672,2.0,0.0,2.0,"[14, 5, 17]",29.0,90.0,101.0
2.2432432432432434,0.7869549104381628,3.0,1.0,2.0,"[17, 14, 29, 5, 1]",39.0,81.0,99.0
2.4054054054054053,0.7945331123225665,8.0,1.0,1.0,"[14, 5, 26, 29]",19.0,70.0,125.0
2.247747747747748,0.7768537132156774,4.0,1.0,1.0,"[17, 5, 1, 14, 8]",34.0,87.0,97.0
2.216216216216216,0.8445235386522121,6.0,0.0,2.0,"[5, 29, 28, 1, 14]",42.0,72.0,102.0
2.315315315315315,0.6988287807698343,2.0,2.0,1.0,"[14, 5, 1]",24.0,98.0,98.0
2.234234234234234,0.8067021851180879,4.0,1.0,2.0,"[5, 14, 17]",40.0,78.0,100.0
2.234234234234234,0.742442525830842,2.0,2.0,1.0,"[5, 14, 1]",35.0,94.0,91.0
2.31981981981982,0.7619123142645889,2.0,1.0,2.0,"[14, 5]",34.0,77.0,109.0
2.324324324324324,0.7449639325857419,4.0,1.0,2.0,"[17, 5, 14, 8]",25.0,88.0,105.0
2.274774774774775,0.7676689129460663,1.0,1.0,2.0,"[14, 5]",40.0,78.0,103.0
2.3063063063063063,0.7465491384759247,3.0,1.0,0.0,"[5, 14, 17, 26]",29.0,87.0,103.0
2.4054054054054053,0.7536142582829702,3.0,2.0,2.0,"[5, 14]",27.0,69.0,123.0
2.2882882882882885,0.7354918000950191,2.0,1.0,2.0,"[14, 5, 26]",31.0,90.0,99.0
2.364864864864865,0.6640270191101809,0.0,0.0,2.0,"[17, 14, 5]",23.0,95.0,104.0
2.279279279279279,0.8202325150003087,6.0,0.0,1.0,"[17, 8, 10, 5, 14]",34.0,74.0,108.0
2.3828828828828827,0.7382716607354267,2.0,3.0,1.0,"[14, 17, 5]",28.0,75.0,117.0
2.2972972972972974,0.7441426734532839,0.0,1.0,1.0,"[14, 5]",38.0,80.0,104.0
2.36036036036036,0.7585744285635114,6.0,1.0,1.0,"[17, 14, 5]",20.0,84.0,112.0
2.283783783783784,0.7341742725955973,2.0,0.0,2.0,"[14, 8, 5, 29]",31.0,91.0,98.0
2.27027027027027,0.736211974515381,2.0,1.0,2.0,"[14, 5]",32.0,92.0,96.0
2.328828828828829,0.7698959661033117,5.0,1.0,2.0,"[5, 32, 14, 17]",26.0,82.0,109.0
2.351351351351352,0.6679291783608933,0.0,2.0,2.0,"[14, 5, 17]",24.0,96.0,102.0
2.391891891891892,0.739650784071375,4.0,0.0,2.0,"[14, 5, 17, 10, 8, 29]",22.0,79.0,117.0
2.27027027027027,0.7895923221642553,3.0,1.0,2.0,"[14, 5]",38.0,77.0,104.0
2.472972972972973,0.7286566013597549,4.0,1.0,2.0,"[14, 5, 17]",19.0,67.0,132.0
2.3378378378378377,0.6715355610714441,0.0,1.0,3.0,"[5, 14, 29, 17]",25.0,97.0,100.0
2.274774774774775,0.7908948444176505,4.0,1.0,2.0,"[14, 17, 5]",35.0,79.0,104.0
2.355855855855856,0.8040828714730361,4.0,1.0,2.0,"[14, 5, 32, 17]",34.0,63.0,121.0
2.4054054054054053,0.7039433643711279,2.0,0.0,1.0,"[5, 14, 17, 8]",22.0,82.0,116.0
2.2612612612612613,0.8151474531320841,5.0,0.0,1.0,"[14, 5]",37.0,75.0,105.0
2.355855855855856,0.7456886257948165,1.0,2.0,2.0,"[14, 5]",33.0,74.0,114.0
2.2927927927927927,0.8454522163218734,4.0,0.0,2.0,"[14, 5, 29, 17]",44.0,57.0,117.0
2.265765765765766,0.8274690731731358,7.0,1.0,2.0,"[5, 14, 1]",33.0,76.0,106.0
2.27027027027027,0.7048114660258838,1.0,2.0,1.0,"[5, 14, 17]",30.0,99.0,92.0
2.36036036036036,0.7343269494222812,2.0,0.0,1.0,"[14, 5, 29]",28.0,80.0,112.0
2.279279279279279,0.732826563607577,3.0,0.0,1.0,"[14, 8, 5]",28.0,95.0,96.0
2.391891891891892,0.7457432910412645,5.0,1.0,1.0,"[14, 5, 8]",20.0,80.0,117.0
2.256756756756757,0.7256292786728371,1.0,3.0,1.0,"[17, 5, 14]",34.0,94.0,93.0
2.414414414414414,0.7606673477341667,5.0,0.0,1.0,"[5, 14, 10, 17, 8, 21]",22.0,71.0,124.0
2.3423423423423424,0.7550193488335517,4.0,0.0,2.0,"[5, 26, 10, 14]",26.0,82.0,110.0
2.216216216216216,0.7948408919631333,4.0,2.0,1.0,"[5, 17, 10, 14]",39.0,84.0,95.0
2.31981981981982,0.7438824190428575,2.0,1.0,2.0,"[14, 5]",31.0,83.0,106.0
2.3828828828828827,0.7259101167043567,1.0,1.0,2.0,"[5, 14]",29.0,76.0,116.0
2.4324324324324325,0.756529604791034,4.0,2.0,3.0,"[14, 17, 1, 5]",24.0,66.0,128.0
2.400900900900901,0.7996600516967993,6.0,2.0,2.0,"[14, 5, 10]",26.0,63.0,127.0
2.2432432432432434,0.7456202886008024,2.0,1.0,2.0,"[17, 14, 5]",35.0,92.0,93.0
2.2927927927927927,0.8014931440993859,5.0,0.0,2.0,"[14, 5, 28]",33.0,76.0,108.0
2.2927927927927927,0.7609486472481084,3.0,1.0,2.0,"[26, 14, 5]",32.0,84.0,103.0
2.3423423423423424,0.71816124552854,1.0,0.0,1.0,"[14, 5, 29, 8]",29.0,85.0,107.0
2.2522522522522523,0.8451990417906147,10.0,1.0,1.0,"[5, 14, 1, 32, 3]",28.0,80.0,104.0
2.27027027027027,0.754425206820931,2.0,1.0,1.0,"[1, 14, 5]",35.0,86.0,99.0
2.400900900900901,0.7766962747799834,5.0,1.0,2.0,"[5, 26, 14]",25.0,68.0,124.0
2.333333333333333,0.7767356373806175,5.0,0.0,1.0,"[5, 8, 14, 17, 29]",27.0,79.0,111.0
2.216216216216216,0.8117397149355929,4.0,2.0,2.0,"[14, 1, 29, 5]",42.0,78.0,98.0
2.247747747747748,0.7826566715314206,3.0,0.0,1.0,"[5, 14, 29, 10]",38.0,82.0,99.0
2.265765765765766,0.7347847895591678,2.0,0.0,1.0,"[5, 14]",32.0,93.0,95.0
2.2882882882882885,0.7831643365554004,5.0,0.0,2.0,"[14, 26, 28, 5]",30.0,83.0,104.0
2.2927927927927927,0.7843735964266967,4.0,0.0,3.0,"[14, 5, 29, 28]",33.0,79.0,106.0
2.279279279279279,0.7140626380520981,0.0,1.0,2.0,"[17, 14, 5]",34.0,92.0,96.0
2.274774774774775,0.7676689129460663,3.0,1.0,2.0,"[14, 17, 5, 8]",34.0,84.0,101.0
2.3963963963963963,0.7990863479500621,4.0,0.0,1.0,"[1, 14, 5, 28]",32.0,58.0,128.0
2.2927927927927927,0.7367793080197771,2.0,3.0,1.0,"[14, 17, 5]",31.0,89.0,100.0
2.36036036036036,0.77041203987332,3.0,1.0,2.0,"[1, 8, 14, 17, 5]",31.0,71.0,117.0
2.2927927927927927,0.7117897538623869,1.0,0.0,1.0,"[5, 14, 8, 10]",30.0,94.0,97.0
2.2882882882882885,0.7104569606840285,2.0,1.0,1.0,"[14, 5, 17, 8, 26]",27.0,98.0,95.0
2.31981981981982,0.8246562228833535,8.0,2.0,1.0,"[17, 29, 1, 14, 5]",27.0,73.0,114.0
2.36036036036036,0.7281389255438669,2.0,2.0,1.0,"[14, 5, 17, 29]",27.0,82.0,111.0
2.355855855855856,0.7456886257948167,3.0,1.0,1.0,"[5, 26, 14, 17]",27.0,80.0,112.0
2.351351351351352,0.7009837773330696,1.0,1.0,2.0,"[5, 8, 10, 17, 14]",26.0,89.0,106.0
2.3873873873873874,0.7450733654078652,2.0,0.0,2.0,"[17, 14, 5, 29]",29.0,72.0,119.0
2.391891891891892,0.781301285463548,6.0,0.0,1.0,"[17, 5, 14]",23.0,71.0,122.0
2.234234234234234,0.8010734309154447,4.0,1.0,1.0,"[29, 14, 1, 5, 26, 10]",39.0,80.0,99.0
2.328828828828829,0.727592868527832,1.0,2.0,1.0,"[14, 17, 5, 10]",31.0,84.0,106.0
2.333333333333333,0.7348263972446017,3.0,0.0,2.0,"[8, 17, 5, 14]",26.0,87.0,106.0
2.333333333333333,0.7767356373806175,4.0,0.0,2.0,"[5, 17, 29, 14]",30.0,76.0,112.0
2.364864864864865,0.7653288588566683,3.0,1.0,1.0,"[26, 17, 14, 10, 5]",30.0,72.0,117.0
2.328828828828829,0.7698959661033118,4.0,0.0,1.0,"[14, 17, 5, 8]",29.0,79.0,110.0
2.283783783783784,0.7702665156134019,3.0,0.0,2.0,"[5, 26, 14, 17]",34.0,82.0,103.0
2.310810810810811,0.8335554715953155,8.0,1.0,1.0,"[14, 5, 8, 26, 17]",29.0,71.0,114.0
2.355855855855856,0.7395956685136182,2.0,0.0,2.0,"[5, 14, 8, 29]",29.0,79.0,112.0
2.3783783783783785,0.7965315541869374,7.0,1.0,1.0,"[5, 14, 17, 26]",23.0,71.0,121.0
2.274774774774775,0.7793684028847381,4.0,1.0,1.0,"[14, 17, 3, 8, 5]",33.0,83.0,102.0
2.333333333333333,0.7996982839794634,8.0,0.0,1.0,"[14, 5, 26, 17, 29, 8]",22.0,80.0,112.0
2.31981981981982,0.7438824190428575,2.0,1.0,1.0,"[14, 5]",31.0,83.0,106.0
2.274774774774775,0.8078762134098192,6.0,1.0,1.0,"[14, 8, 5]",32.0,79.0,105.0
2.369369369369369,0.7235899432243009,2.0,0.0,1.0,"[14, 5, 8, 26]",26.0,82.0,112.0
2.355855855855856,0.787019658540595,6.0,2.0,1.0,"[14, 5, 26, 8, 17]",25.0,75.0,116.0
2.346846846846846,0.7254045299652362,2.0,2.0,1.0,"[14, 5, 10, 29, 17]",27.0,85.0,108.0
2.2972972972972974,0.7501987018182961,4.0,1.0,1.0,"[5, 17, 8, 14]",27.0,90.0,101.0
2.310810810810811,0.6711712395683936,1.0,0.0,1.0,"[14, 5, 8]",23.0,104.0,94.0
2.2972972972972974,0.7969920214500931,4.0,1.0,1.0,"[5, 10, 14]",35.0,74.0,109.0
2.324324324324324,0.6544267936709409,1.0,1.0,2.0,"[14, 5, 8]",20.0,107.0,94.0
2.4234234234234235,0.7251094415702296,4.0,0.0,1.0,"[14, 17, 5, 8]",19.0,78.0,121.0
2.220720720720721,0.731281292588547,3.0,2.0,1.0,"[5, 17, 14]",31.0,102.0,86.0
2.3378378378378377,0.8174072301608823,7.0,1.0,1.0,"[14, 5, 17, 10, 21]",28.0,70.0,117.0
2.3423423423423424,0.724434502446398,3.0,0.0,3.0,"[5, 8, 14, 17, 26, 28]",24.0,89.0,106.0
2.256756756756757,0.7739095813546377,1.0,1.0,2.0,"[14, 17, 5, 10, 15]",42.0,78.0,101.0
2.324324324324324,0.7139484519734834,1.0,0.0,2.0,"[5, 14]",29.0,89.0,103.0
2.364864864864865,0.7593935003956738,4.0,1.0,1.0,"[5, 8, 29, 17, 14]",26.0,77.0,115.0
2.274774774774775,0.7908948444176505,4.0,0.0,1.0,"[5, 14, 32]",35.0,79.0,104.0
2.2882882882882885,0.6845071204609655,0.0,0.0,1.0,"[5, 17, 14, 8, 26]",29.0,100.0,93.0
2.328828828828829,0.7757509731723241,4.0,1.0,2.0,"[14, 32, 5, 17]",30.0,77.0,111.0
2.2387387387387387,0.7912040393515345,4.0,1.0,0.0,"[5, 17, 14, 10]",37.0,83.0,98.0
2.346846846846846,0.7438824190428575,1.0,1.0,1.0,"[14, 5, 26, 15]",33.0,76.0,112.0
2.351351351351352,0.7200885899325907,1.0,0.0,3.0,"[14, 8, 17, 5, 26]",29.0,83.0,109.0
2.391891891891892,0.6955105075322783,1.0,1.0,2.0,"[5, 14]",24.0,84.0,113.0
2.355855855855856,0.82628588225804,7.0,1.0,1.0,"[14, 5, 26]",29.0,64.0,122.0
2.2522522522522523,0.7303190707702019,2.0,1.0,2.0,"[14, 17, 5]",32.0,96.0,92.0
2.328828828828829,0.8099927252214951,5.0,1.0,1.0,"[5, 29, 14]",33.0,68.0,116.0
2.351351351351352,0.7745808809620928,2.0,1.0,3.0,"[5, 3, 29, 14, 17]",35.0,68.0,117.0
2.315315315315315,0.7366548088258095,2.0,1.0,1.0,"[14, 5, 17, 10]",30.0,86.0,104.0
2.247747747747748,0.759178747377729,3.0,0.0,3.0,"[5, 14, 3, 8]",34.0,90.0,95.0
2.333333333333333,0.7649958842149164,5.0,1.0,1.0,"[5, 14, 8, 17, 10, 26]",25.0,83.0,109.0
2.3423423423423424,0.760988824404601,2.0,0.0,3.0,"[5, 10, 14, 26]",33.0,74.0,113.0
2.346846846846846,0.8136082217068156,5.0,2.0,2.0,"[14, 5, 29, 17, 10, 26]",33.0,64.0,120.0
2.2927927927927927,0.7727498892009226,3.0,2.0,2.0,"[14, 1, 26, 5]",34.0,80.0,105.0
2.2927927927927927,0.7901213277256897,5.0,1.0,1.0,"[5, 14, 26]",31.0,80.0,106.0
2.3783783783783785,0.7436494826291168,2.0,2.0,2.0,"[14, 5, 17]",29.0,74.0,117.0
2.3063063063063063,0.7092509948002956,1.0,1.0,1.0,"[14, 5]",29.0,93.0,99.0
2.2522522522522523,0.7665928434733706,3.0,0.0,1.0,"[14, 5]",35.0,87.0,97.0
2.3423423423423424,0.7550193488335517,3.0,0.0,1.0,"[5, 14, 17]",29.0,79.0,111.0
2.234234234234234,0.8342765034762625,6.0,1.0,1.0,"[14, 5, 17, 28]",39.0,74.0,103.0
2.4324324324324325,0.6675628886824767,1.0,2.0,2.0,"[29, 14, 5]",19.0,85.0,117.0
2.3063063063063063,0.6898461077358056,2.0,0.0,1.0,"[14, 5, 28]",23.0,102.0,95.0
2.202702702702702,0.8012387987184894,4.0,1.0,3.0,"[5, 14, 17]",41.0,83.0,94.0
2.373873873873874,0.7489614784736355,2.0,0.0,1.0,"[5, 14, 26, 8, 17]",30.0,73.0,117.0
2.351351351351352,0.7386994643412672,4.0,2.0,1.0,"[14, 17, 5]",23.0,86.0,109.0
2.2927927927927927,0.8071189712762147,5.0,0.0,1.0,"[14, 5, 8]",34.0,74.0,109.0
2.2972972972972974,0.7256714113062691,2.0,2.0,1.0,"[14, 26, 5, 25, 17]",29.0,92.0,99.0
2.315315315315315,0.7957122877791639,2.0,1.0,2.0,"[14, 5, 17]",40.0,66.0,114.0
2.333333333333333,0.716114874039433,2.0,1.0,3.0,"[14, 29, 26, 5]",26.0,90.0,104.0
2.2432432432432434,0.7576603211759584,4.0,0.0,0.0,"[14, 5, 17, 10]",31.0,94.0,93.0
2.27027027027027,0.7722089833417978,3.0,0.0,1.0,"[5, 10, 14]",35.0,83.0,101.0
2.256756756756757,0.7256292786728371,2.0,1.0,2.0,"[5, 17, 14, 10, 8]",31.0,97.0,92.0
2.481981981981982,0.7351175851027343,3.0,2.0,1.0,"[5, 14, 8, 17]",23.0,60.0,136.0
2.2927927927927927,0.8292406941392827,8.0,1.0,1.0,"[14, 5, 28]",29.0,75.0,110.0
2.2972972972972974,0.7256714113062691,1.0,1.0,1.0,"[5, 14, 15, 32, 26]",32.0,89.0,100.0
2.364864864864865,0.8223296174621291,7.0,0.0,1.0,"[5, 14, 8, 17, 29, 26]",28.0,64.0,123.0
2.3963963963963963,0.7584131955540957,5.0,0.0,1.0,"[14, 32, 5, 29]",22.0,75.0,120.0
2.3423423423423424,0.790160021544356,5.0,1.0,2.0,"[5, 14]",29.0,73.0,115.0
2.3018018018018016,0.8037786307414235,6.0,0.0,2.0,"[1, 8, 5, 14, 10, 17]",30.0,77.0,109.0
2.36036036036036,0.6898461077358055,0.0,1.0,1.0,"[5, 14, 26, 1]",27.0,88.0,107.0
2.2927927927927927,0.8872359551600782,10.0,2.0,1.0,"[5, 26, 17, 14, 3]",34.0,59.0,119.0
2.3963963963963963,0.7819141066723374,4.0,0.0,2.0,"[14, 17, 8, 5, 26]",29.0,64.0,125.0
2.1936936936936937,0.7689423045605281,3.0,1.0,0.0,"[5, 14, 10]",39.0,92.0,88.0
2.2882882882882885,0.723082734198307,1.0,1.0,1.0,"[14, 5, 17]",32.0,91.0,98.0
2.283783783783784,0.7154456941475754,1.0,1.0,2.0,"[5, 8, 17, 14]",31.0,94.0,96.0
2.3873873873873874,0.7571220954056976,6.0,2.0,1.0,"[14, 5, 26, 17]",19.0,80.0,117.0
2.2387387387387387,0.7561118894398157,3.0,2.0,1.0,"[14, 5]",34.0,92.0,93.0
2.477477477477477,0.7349928044323726,6.0,1.0,1.0,"[14, 5, 17, 26, 8]",14.0,70.0,132.0
2.315315315315315,0.742771890368669,3.0,1.0,1.0,"[14, 5]",28.0,87.0,104.0
2.216216216216216,0.8391485169992248,9.0,0.0,0.0,"[14, 17, 5]",32.0,83.0,98.0
2.2432432432432434,0.7811838818787039,3.0,2.0,2.0,"[8, 17, 14, 5]",38.0,83.0,98.0
2.22972972972973,0.7648493294494039,2.0,0.0,1.0,"[5, 14, 15, 28, 17, 26]",39.0,87.0,94.0
2.3018018018018016,0.8093885723138262,6.0,1.0,1.0,"[14, 5, 17, 29]",31.0,75.0,110.0
2.315315315315315,0.7548573564807843,3.0,0.0,1.0,"[14, 5, 8, 10]",30.0,83.0,106.0
2.3018018018018016,0.7924396126678963,5.0,0.0,2.0,"[14, 8, 10, 25, 5, 17, 26]",31.0,78.0,108.0
2.324324324324324,0.751013338502899,2.0,0.0,1.0,"[14, 5, 1, 17, 8]",32.0,80.0,108.0
2.328828828828829,0.7275928685278319,3.0,0.0,3.0,"[14, 5, 26, 29, 17, 8]",25.0,90.0,104.0
2.202702702702702,0.8180054607634452,6.0,1.0,1.0,"[14, 17, 5]",38.0,83.0,95.0
2.324324324324324,0.7805574311910369,3.0,1.0,1.0,"[14, 5, 29]",34.0,73.0,112.0
2.328828828828829,0.7698959661033117,4.0,2.0,2.0,"[5, 14]",29.0,79.0,110.0
2.351351351351352,0.732548377148171,1.0,0.0,2.0,"[14, 5, 8, 17, 26]",31.0,79.0,111.0
2.364864864864865,0.7593935003956738,4.0,2.0,1.0,"[29, 17, 14, 5]",26.0,77.0,115.0
2.333333333333333,0.7348263972446017,2.0,1.0,2.0,"[5, 8, 14]",29.0,84.0,107.0
2.3018018018018016,0.7867088190490744,3.0,0.0,4.0,"[17, 14, 5, 29, 8]",36.0,74.0,109.0
2.310810810810811,0.7477085781851425,3.0,0.0,1.0,"[17, 14, 5]",29.0,86.0,104.0
2.3783783783783785,0.7965315541869373,5.0,2.0,3.0,"[14, 5]",29.0,65.0,123.0
2.279279279279279,0.7864367337108529,2.0,2.0,3.0,"[14, 5, 29, 17]",40.0,74.0,106.0
2.279279279279279,0.7450733654078652,4.0,0.0,1.0,"[14, 5, 8, 17, 29]",27.0,94.0,97.0
2.3063063063063063,0.7645161459551485,2.0,1.0,1.0,"[14, 5, 17]",35.0,78.0,107.0
2.355855855855856,0.7984356520350697,7.0,1.0,2.0,"[17, 5, 32, 14]",24.0,74.0,117.0
2.220720720720721,0.807724821776269,4.0,3.0,1.0,"[5, 14, 17]",41.0,79.0,98.0
2.346846846846846,0.7795253016387538,3.0,2.0,2.0,"[14, 29, 5]",33.0,70.0,116.0
2.274774774774775,0.7062703606603027,2.0,2.0,1.0,"[14, 5]",27.0,101.0,92.0
2.220720720720721,0.8021032439517056,4.0,2.0,2.0,"[5, 14]",40.0,81.0,97.0
2.351351351351352,0.8471260826910839,8.0,0.0,1.0,"[14, 5]",30.0,60.0,124.0
2.1981981981981984,0.7407935065612107,3.0,3.0,2.0,"[5, 17, 14]",34.0,101.0,84.0
2.328828828828829,0.8320380459656691,5.0,1.0,1.0,"[14, 5]",37.0,60.0,120.0
2.247747747747748,0.747163183621025,2.0,2.0,2.0,"[5, 14]",35.0,91.0,94.0
2.2387387387387387,0.8570887450865622,10.0,0.0,1.0,"[14, 3, 5]",31.0,77.0,104.0
2.346846846846846,0.7795253016387538,5.0,0.0,1.0,"[17, 14, 5, 8, 10]",27.0,76.0,114.0
2.247747747747748,0.8330662814527706,4.0,3.0,1.0,"[17, 5, 14, 26]",44.0,67.0,107.0
2.355855855855856,0.775435616552427,4.0,1.0,2.0,"[5, 14, 17, 8]",29.0,73.0,116.0
2.3423423423423424,0.724434502446398,3.0,2.0,2.0,"[5, 17, 26, 14]",24.0,89.0,106.0
2.27027027027027,0.754425206820931,1.0,0.0,2.0,"[14, 5, 17, 10]",38.0,83.0,100.0
2.2882882882882885,0.7230827341983069,3.0,3.0,1.0,"[5, 17, 14]",26.0,97.0,96.0
2.2927927927927927,0.823765958911233,6.0,1.0,1.0,"[5, 17, 14, 3]",34.0,71.0,111.0
2.265765765765766,0.7286006541390518,2.0,3.0,1.0,"[5, 26, 14, 17]",31.0,95.0,94.0
2.3423423423423424,0.7786227020423082,5.0,3.0,1.0,"[14, 5, 17, 26]",27.0,77.0,113.0
2.279279279279279,0.7978610678815625,4.0,0.0,1.0,"[14, 5, 8, 29]",36.0,76.0,106.0
2.333333333333333,0.816496580927726,6.0,0.0,1.0,"[5, 14, 4]",31.0,68.0,117.0
2.283783783783784,0.7279849509334778,1.0,1.0,1.0,"[17, 14, 5, 1]",33.0,90.0,98.0
2.274774774774775,0.7189696585103896,3.0,1.0,1.0,"[5, 29, 8, 17, 14]",26.0,100.0,93.0
2.2972972972972974,0.768080343113157,3.0,1.0,2.0,"[14, 5]",33.0,81.0,105.0
2.3018018018018016,0.7331185457814339,3.0,0.0,1.0,"[17, 14, 1, 26, 5]",27.0,92.0,100.0
2.2117117117117115,0.810143693051811,4.0,0.0,2.0,"[5, 14]",42.0,79.0,97.0
2.463963963963964,0.7093803034939163,4.0,1.0,1.0,"[8, 14, 5]",16.0,75.0,127.0
2.3063063063063063,0.7525858023606357,3.0,0.0,2.0,"[14, 8, 10, 5]",30.0,85.0,104.0
2.27027027027027,0.754425206820931,1.0,0.0,1.0,"[5, 17, 14]",38.0,83.0,100.0
2.2432432432432434,0.7636091513595894,3.0,1.0,1.0,"[17, 14, 5]",35.0,89.0,95.0
2.2432432432432434,0.7576603211759584,2.0,1.0,3.0,"[14, 5, 17]",37.0,88.0,95.0
2.400900900900901,0.6703811970893496,0.0,0.0,1.0,"[5, 14, 8, 17]",23.0,87.0,112.0
2.256756756756757,0.8082293502753085,3.0,0.0,2.0,"[5, 14, 8, 17]",42.0,72.0,105.0
2.346846846846846,0.8301250867766226,7.0,2.0,2.0,"[5, 14, 29, 26]",30.0,64.0,121.0
2.3018018018018016,0.7633555337763426,2.0,2.0,3.0,"[5, 14, 17]",35.0,79.0,106.0
2.310810810810811,0.8281092623988895,8.0,0.0,1.0,"[14, 5, 26, 17, 1, 28]",28.0,73.0,113.0
2.1981981981981984,0.8218709460386345,3.0,0.0,3.0,"[5, 29, 17, 14, 28]",48.0,73.0,98.0
2.2432432432432434,0.7811838818787039,3.0,0.0,1.0,"[5, 14, 17, 10]",38.0,83.0,98.0
2.315315315315315,0.7900052348985384,6.0,1.0,1.0,"[5, 14, 1]",27.0,80.0,109.0
2.3423423423423424,0.7786227020423082,3.0,2.0,3.0,"[5, 14]",33.0,71.0,115.0
2.315315315315315,0.7366548088258094,3.0,0.0,1.0,"[14, 32, 5]",27.0,89.0,103.0
2.3063063063063063,0.77041203987332,4.0,1.0,2.0,"[5, 14, 17, 1, 32, 26]",30.0,82.0,106.0
2.3378378378378377,0.6979678393781217,0.0,0.0,1.0,"[14, 5, 8, 17, 29]",29.0,89.0,104.0
2.27027027027027,0.717536584539679,2.0,0.0,1.0,"[14, 17, 5, 8, 1]",29.0,98.0,93.0
2.4234234234234235,0.7188420747971243,4.0,1.0,1.0,"[14, 5, 8, 17]",18.0,80.0,120.0
2.2927927927927927,0.7668719694345218,0.0,1.0,2.0,"[5, 14]",42.0,73.0,107.0
2.2927927927927927,0.8346795208774775,6.0,2.0,1.0,"[14, 17, 5]",36.0,67.0,113.0
2.3063063063063063,0.734326949422281,2.0,1.0,1.0,"[5, 14, 17]",30.0,88.0,102.0
2.2972972972972974,0.8465484310162122,9.0,0.0,1.0,"[5, 14]",29.0,71.0,113.0
2.3783783783783785,0.773474900557758,6.0,1.0,1.0,"[14, 17, 26, 5]",22.0,76.0,118.0
2.328828828828829,0.695803502114123,1.0,2.0,1.0,"[14, 5]",26.0,94.0,101.0
2.315315315315315,0.7726311862073174,4.0,0.0,2.0,"[14, 1, 29, 17, 5, 8]",30.0,80.0,108.0
2.40990990990991,0.7660741968667063,4.0,2.0,2.0,"[5, 10, 14]",26.0,67.0,125.0
2.3063063063063063,0.734326949422281,1.0,1.0,2.0,"[14, 5]",33.0,85.0,103.0
2.315315315315315,0.7957122877791639,5.0,2.0,1.0,"[5, 14, 17]",31.0,75.0,111.0
2.2612612612612613,0.798320768288509,5.0,0.0,1.0,"[8, 14, 10, 5, 29]",34.0,81.0,102.0
2.355855855855856,0.7334520973645449,3.0,1.0,1.0,"[8, 5, 14]",25.0,84.0,110.0
2.310810810810811,0.8003224860595586,8.0,2.0,1.0,"[5, 14, 8, 26, 29]",23.0,83.0,108.0
2.3378378378378377,0.6715355610714441,0.0,1.0,2.0,"[5, 14, 29]",25.0,97.0,100.0
2.2432432432432434,0.8151974606443627,5.0,0.0,1.0,"[5, 14]",38.0,77.0,102.0
2.445945945945946,0.7753304691752118,3.0,0.0,1.0,"[5, 14, 29, 17]",30.0,54.0,135.0
2.256756756756757,0.7193664409128395,1.0,1.0,2.0,"[17, 5, 1, 10, 14]",33.0,96.0,92.0
2.31981981981982,0.731615681795942,3.0,0.0,2.0,"[14, 29, 5]",26.0,90.0,103.0
2.247747747747748,0.8166089076336229,8.0,0.0,1.0,"[14, 8, 29, 5]",29.0,85.0,100.0
2.328828828828829,0.6892697148421815,0.0,1.0,1.0,"[5, 17, 14]",28.0,93.0,101.0
2.369369369369369,0.8007680467893785,8.0,0.0,1.0,"[14, 5]",21.0,74.0,119.0
2.265765765765766,0.7223635784396928,3.0,1.0,2.0,"[5, 14, 10, 8, 17, 29]",27.0,100.0,92.0
2.328828828828829,0.7757509731723241,4.0,3.0,3.0,"[5, 14, 29, 26, 17, 1]",30.0,77.0,111.0
2.2972972972972974,0.7441426734532838,3.0,0.0,2.0,"[14, 17, 5, 29]",29.0,89.0,101.0
2.283783783783784,0.7761187272775134,1.0,0.0,1.0,"[14, 5]",41.0,74.0,106.0
2.3378378378378377,0.8229242697083018,7.0,2.0,1.0,"[5, 17, 14, 32]",29.0,68.0,118.0
2.31981981981982,0.7967490302234189,6.0,0.0,1.0,"[5, 14, 10, 17, 8]",28.0,77.0,111.0
2.202702702702702,0.7606807453079479,2.0,0.0,1.0,"[5, 14]",40.0,91.0,89.0
2.328828828828829,0.7150467361097781,2.0,1.0,1.0,"[5, 14, 1, 17]",26.0,91.0,103.0
2.2882882882882885,0.7167976469967262,2.0,0.0,1.0,"[5, 26, 14]",28.0,96.0,96.0
2.3873873873873874,0.8091241135650447,7.0,2.0,2.0,"[14, 5, 3, 29, 17, 26]",25.0,65.0,125.0
2.3783783783783785,0.773474900557758,5.0,1.0,3.0,"[5, 14, 8]",25.0,73.0,119.0
2.283783783783784,0.7761187272775133,3.0,2.0,2.0,"[14, 5, 1]",35.0,80.0,104.0
2.31981981981982,0.7619123142645889,3.0,1.0,2.0,"[5, 17, 14]",31.0,80.0,108.0
2.274774774774775,0.7908948444176505,4.0,0.0,3.0,"[14, 17, 29, 5]",35.0,79.0,104.0
2.333333333333333,0.6771424298377531,1.0,0.0,1.0,"[17, 8, 10, 5, 14, 26]",23.0,99.0,99.0
2.3378378378378377,0.7718525700378517,5.0,0.0,1.0,"[5, 14, 8]",26.0,80.0,111.0
2.2612612612612613,0.727130499988057,3.0,2.0,2.0,"[5, 14, 17, 8]",28.0,99.0,92.0
2.4054054054054053,0.7772602815724061,6.0,1.0,1.0,"[5, 14]",22.0,70.0,124.0
2.3828828828828827,0.7915131135022021,6.0,1.0,1.0,"[5, 14, 29, 8]",25.0,69.0,122.0
2.328828828828829,0.8155599234068582,7.0,2.0,1.0,"[17, 5, 26, 1, 14]",28.0,72.0,115.0
2.2612612612612613,0.7869031081203345,3.0,2.0,1.0,"[5, 14]",38.0,79.0,102.0
2.373873873873874,0.7785834348454215,6.0,0.0,1.0,"[5, 14, 26, 29]",23.0,75.0,118.0
2.310810810810811,0.7040736478537274,1.0,2.0,1.0,"[5, 17, 14]",28.0,94.0,99.0
2.3783783783783785,0.7676025325890851,4.0,1.0,1.0,"[14, 17, 8, 5]",27.0,72.0,119.0
2.369369369369369,0.7298165383786552,3.0,1.0,1.0,"[14, 26, 1, 5]",24.0,83.0,112.0
2.279279279279279,0.7864367337108529,3.0,2.0,2.0,"[5, 14]",37.0,77.0,105.0
2.3783783783783785,0.8078131370105157,5.0,2.0,1.0,"[5, 14, 1, 29]",31.0,61.0,125.0
2.3783783783783785,0.7125767918170451,3.0,0.0,1.0,"[14, 5, 1, 26, 17]",21.0,87.0,111.0
2.315315315315315,0.8506796003662671,9.0,0.0,1.0,"[5, 17, 14, 8]",29.0,67.0,117.0
2.2882882882882885,0.7773651679208455,4.0,1.0,1.0,"[5, 26, 14, 17, 8, 10]",32.0,82.0,104.0
2.2522522522522523,0.8179930020883386,5.0,0.0,2.0,"[14, 26, 5, 17, 28]",38.0,75.0,104.0
2.3378378378378377,0.7600373953712571,3.0,1.0,2.0,"[14, 5, 17]",30.0,78.0,111.0
2.351351351351352,0.7861775172715918,4.0,0.0,2.0,"[14, 26, 8, 5, 17]",31.0,70.0,117.0
2.22972972972973,0.8273705385565889,7.0,1.0,1.0,"[14, 5]",35.0,80.0,100.0
2.274774774774775,0.6801608099005776,0.0,1.0,1.0,"[17, 14, 5]",29.0,103.0,90.0
2.391891891891892,0.769631178653568,3.0,1.0,1.0,"[5, 17, 28, 14]",30.0,66.0,123.0
2.414414414414414,0.7841007007595109,5.0,2.0,1.0,"[5, 14, 10, 26, 29]",26.0,63.0,128.0
2.2927927927927927,0.7428953644233875,2.0,0.0,1.0,"[5, 17, 14]",32.0,87.0,101.0
2.234234234234234,0.8178434831834328,5.0,1.0,1.0,"[5, 17, 14]",39.0,77.0,101.0
2.3873873873873874,0.763075121535993,6.0,1.0,1.0,"[14, 32, 5]",20.0,78.0,118.0
2.283783783783784,0.821436831945169,8.0,1.0,1.0,"[5, 14, 8]",28.0,79.0,107.0
2.400900900900901,0.7882617907576235,5.0,1.0,2.0,"[5, 14]",27.0,64.0,126.0
2.2522522522522523,0.8344230777803674,6.0,1.0,1.0,"[14, 5, 17, 1]",38.0,72.0,106.0
2.355855855855856,0.8371665943707142,6.0,1.0,1.0,"[5, 17, 10, 14]",34.0,57.0,125.0
2.27027027027027,0.6983619612249078,1.0,1.0,1.0,"[5, 14, 8]",29.0,101.0,91.0
2.31981981981982,0.7438824190428575,1.0,1.0,2.0,"[5, 1, 14]",34.0,80.0,107.0
2.2972972972972974,0.8193871961885479,5.0,1.0,1.0,"[17, 14, 5]",36.0,69.0,112.0
2.3018018018018016,0.7924396126678963,4.0,1.0,2.0,"[14, 5]",34.0,75.0,109.0
2.324324324324324,0.8578850365676837,9.0,2.0,1.0,"[5, 3, 14, 1]",30.0,63.0,120.0
2.310810810810811,0.7597155160999145,3.0,0.0,1.0,"[8, 5, 26, 17, 14]",31.0,82.0,106.0
2.225225225225225,0.745237484510867,2.0,1.0,2.0,"[14, 3, 17, 5]",36.0,94.0,90.0
2.31981981981982,0.6736568429466416,1.0,2.0,1.0,"[5, 14, 10, 26]",23.0,102.0,96.0
2.355855855855856,0.7695782102310242,3.0,1.0,3.0,"[14, 5, 10]",31.0,72.0,116.0
2.256756756756757,0.8248539288343214,5.0,2.0,3.0,"[14, 5]",39.0,72.0,106.0
2.400900900900901,0.6498166111634736,0.0,0.0,1.0,"[14, 5]",20.0,93.0,109.0
2.2612612612612613,0.8206796842272748,5.0,1.0,1.0,"[5, 17, 14]",38.0,73.0,106.0
2.274774774774775,0.7851527756881226,6.0,1.0,1.0,"[14, 3, 5]",28.0,87.0,101.0
2.2972972972972974,0.7912941984492553,6.0,1.0,1.0,"[14, 8, 5]",28.0,82.0,106.0
2.2927927927927927,0.823765958911233,9.0,1.0,2.0,"[5, 10, 26, 14, 29]",25.0,80.0,108.0
2.369369369369369,0.7719977953210719,3.0,0.0,1.0,"[5, 14]",31.0,69.0,119.0
2.3963963963963963,0.7702532847718906,4.0,1.0,1.0,"[5, 14]",27.0,68.0,123.0
2.3063063063063063,0.7585744285635114,4.0,0.0,2.0,"[14, 5, 26, 8]",28.0,86.0,104.0
2.3063063063063063,0.82706254221693,4.0,0.0,2.0,"[14, 29, 17, 28, 5, 21]",40.0,62.0,116.0
2.355855855855856,0.7984356520350697,5.0,0.0,1.0,"[14, 1, 5, 17]",30.0,68.0,119.0
2.4054054054054053,0.7039433643711279,1.0,0.0,1.0,"[5, 17, 8, 14, 26, 29]",25.0,79.0,117.0
2.333333333333333,0.7224059015374729,3.0,1.0,1.0,"[14, 17, 10, 5]",24.0,91.0,104.0
2.2522522522522523,0.7240967969650156,2.0,2.0,1.0,"[17, 5, 14]",31.0,98.0,91.0
2.310810810810811,0.7168118645177177,2.0,2.0,1.0,"[1, 17, 14, 5]",27.0,93.0,100.0
2.2522522522522523,0.7783085089962078,3.0,1.0,2.0,"[5, 14, 1, 26]",37.0,83.0,99.0
2.36036036036036,0.8325155989493453,8.0,2.0,2.0,"[14, 26, 5, 32]",27.0,64.0,123.0
2.315315315315315,0.7900052348985382,3.0,1.0,2.0,"[14, 5, 29, 1]",36.0,71.0,112.0
2.315315315315315,0.7784656213705153,3.0,1.0,3.0,"[26, 14, 5, 10]",34.0,75.0,110.0
2.283783783783784,0.7341742725955972,0.0,0.0,2.0,"[14, 5]",37.0,85.0,100.0
2.315315315315315,0.711660882965732,2.0,1.0,1.0,"[14, 5, 26]",26.0,94.0,100.0
2.2612612612612613,0.7455656143357539,1.0,1.0,2.0,"[5, 14, 1]",37.0,87.0,97.0
2.328828828828829,0.7337854973275331,3.0,2.0,3.0,"[14, 5, 17]",26.0,88.0,105.0
2.400900900900901,0.6635971486190197,1.0,1.0,1.0,"[14, 5, 26]",19.0,92.0,110.0
2.328828828828829,0.7275928685278319,1.0,0.0,1.0,"[5, 14]",31.0,84.0,106.0
2.2522522522522523,0.8398283434655662,7.0,0.0,1.0,"[14, 5]",36.0,73.0,106.0
2.2972972972972974,0.7969920214500931,6.0,0.0,2.0,"[14, 5, 17, 8, 10]",29.0,80.0,107.0
2.351351351351352,0.7263452010626648,2.0,0.0,1.0,"[5, 14, 17, 29]",27.0,84.0,109.0
2.274774774774775,0.7617517877551316,2.0,0.0,1.0,"[14, 5]",36.0,83.0,101.0
2.328828828828829,0.7150467361097782,1.0,1.0,1.0,"[17, 14, 5]",29.0,88.0,104.0
2.3828828828828827,0.6742012366411708,1.0,2.0,3.0,"[14, 8, 17, 5]",21.0,92.0,108.0
2.2972972972972974,0.7855550488309482,4.0,0.0,2.0,"[14, 5]",33.0,78.0,107.0
2.3018018018018016,0.7079997931822156,2.0,0.0,1.0,"[14, 5, 8, 17]",26.0,97.0,97.0
2.2927927927927927,0.7243922978709737,1.0,1.0,1.0,"[14, 17, 5]",32.0,90.0,99.0
2.2432432432432434,0.8040194974810656,4.0,2.0,1.0,"[17, 14, 5]",39.0,78.0,101.0
2.400900900900901,0.7530325412852215,2.0,1.0,2.0,"[5, 14, 17]",30.0,67.0,123.0
2.3063063063063063,0.7465491384759249,2.0,0.0,2.0,"[5, 14, 17]",32.0,84.0,104.0
2.373873873873874,0.6792612052260874,0.0,1.0,2.0,"[17, 5, 14]",25.0,89.0,108.0
2.373873873873874,0.7489614784736355,1.0,1.0,2.0,"[5, 14]",33.0,70.0,118.0
2.391891891891892,0.8097410496234418,8.0,1.0,1.0,"[17, 8, 14, 5]",22.0,67.0,125.0
2.333333333333333,0.7224059015374729,2.0,1.0,3.0,"[5, 17, 8, 14]",27.0,88.0,105.0
2.2882882882882885,0.7293136597180636,2.0,1.0,0.0,"[14, 26, 5, 17]",30.0,92.0,98.0
2.22972972972973,0.77074267464236,6.0,1.0,1.0,"[5, 14, 17]",28.0,97.0,91.0
2.391891891891892,0.7637292566086652,5.0,2.0,1.0,"[14, 5, 8]",23.0,74.0,120.0
2.2612612612612613,0.8039687946906964,4.0,1.0,2.0,"[14, 17, 5, 10]",38.0,76.0,104.0
2.364864864864865,0.7653288588566685,3.0,3.0,1.0,"[5, 14, 17]",30.0,72.0,117.0
2.315315315315315,0.7900052348985384,6.0,0.0,1.0,"[14, 10, 5, 32]",27.0,80.0,109.0
2.333333333333333,0.7033640346998137,2.0,2.0,1.0,"[5, 10, 14]",24.0,94.0,102.0
2.324324324324324,0.7011582164989733,1.0,1.0,1.0,"[5, 17, 14]",27.0,93.0,101.0
2.481981981981982,0.6707459477109904,1.0,3.0,1.0,"[5, 17, 14]",19.0,74.0,128.0
2.333333333333333,0.6837921058642257,1.0,0.0,2.0,"[5, 14, 17, 29]",24.0,97.0,100.0
2.2882882882882885,0.7293136597180636,2.0,1.0,0.0,"[14, 5, 17, 26]",30.0,92.0,98.0
2.2882882882882885,0.7715224109129614,2.0,2.0,2.0,"[5, 14]",37.0,78.0,105.0
2.315315315315315,0.6923235450832197,0.0,1.0,2.0,"[17, 5, 14, 32]",29.0,94.0,99.0
2.2972972972972974,0.7318802982338632,2.0,1.0,1.0,"[5, 14]",30.0,90.0,100.0
2.31981981981982,0.725404529965236,0.0,0.0,1.0,"[14, 5, 29]",34.0,83.0,105.0
2.2432432432432434,0.853167812408913,7.0,1.0,1.0,"[14, 5, 17, 1]",39.0,69.0,107.0
2.3018018018018016,0.7015795987558389,0.0,0.0,1.0,"[14, 17, 5, 29]",31.0,93.0,98.0
2.355855855855856,0.7083451729953593,0.0,1.0,2.0,"[14, 5, 17, 8]",30.0,83.0,109.0
2.324324324324324,0.7747387492773898,3.0,1.0,1.0,"[17, 14, 26, 10, 5]",33.0,75.0,111.0
2.216216216216216,0.7658480102203497,3.0,0.0,1.0,"[14, 1, 28, 5]",37.0,91.0,91.0
2.31981981981982,0.8191508482474903,8.0,1.0,1.0,"[5, 14, 17, 10]",26.0,75.0,113.0
2.3873873873873874,0.6947921486278853,2.0,0.0,1.0,"[5, 8, 17, 14, 26]",21.0,88.0,111.0
2.4054054054054053,0.7945331123225665,6.0,1.0,2.0,"[5, 14, 10, 8, 29]",25.0,64.0,127.0
2.2972972972972974,0.7562062324296943,4.0,2.0,2.0,"[17, 5, 14, 1]",28.0,88.0,102.0
2.274774774774775,0.7189696585103896,1.0,1.0,0.0,"[17, 14, 5, 26]",32.0,94.0,95.0
2.274774774774775,0.6867812614510284,0.0,3.0,1.0,"[14, 5, 17]",30.0,101.0,91.0
2.328828828828829,0.809992725221495,3.0,1.0,2.0,"[14, 26, 17, 29, 5]",39.0,62.0,118.0
2.2972972972972974,0.768080343113157,4.0,0.0,2.0,"[10, 5, 17, 29, 26, 14]",30.0,84.0,104.0
2.27027027027027,0.8121915600665681,5.0,1.0,2.0,"[14, 8, 17, 5, 10]",36.0,75.0,106.0
2.315315315315315,0.7900052348985384,4.0,0.0,2.0,"[8, 5, 14]",33.0,74.0,111.0
2.3378378378378377,0.8006280401361906,7.0,1.0,1.0,"[14, 5, 28, 17]",25.0,76.0,114.0
2.324324324324324,0.7139484519734834,2.0,2.0,1.0,"[5, 14]",26.0,92.0,102.0
2.279279279279279,0.7511218899724986,1.0,0.0,2.0,"[14, 5, 17, 26]",37.0,83.0,101.0
2.328828828828829,0.695803502114123,1.0,0.0,1.0,"[17, 32, 14, 5, 29]",26.0,94.0,101.0
2.2522522522522523,0.8663489569834996,8.0,2.0,2.0,"[5, 17, 1, 14]",38.0,66.0,110.0
2.364864864864865,0.7413023453195234,3.0,1.0,1.0,"[14, 5, 17]",26.0,80.0,113.0
2.225225225225225,0.8313395904532194,5.0,3.0,2.0,"[5, 14, 17]",42.0,73.0,102.0
2.279279279279279,0.8035123256035114,4.0,0.0,4.0,"[14, 5, 17, 29]",37.0,74.0,107.0
2.36036036036036,0.728138925543867,1.0,0.0,2.0,"[14, 1, 5, 17]",30.0,79.0,112.0
2.328828828828829,0.7275928685278319,1.0,0.0,2.0,"[5, 14, 26]",31.0,84.0,106.0
2.364864864864865,0.7828649841868127,5.0,1.0,2.0,"[14, 32, 5, 17]",27.0,72.0,118.0
2.2927927927927927,0.7243922978709737,1.0,1.0,1.0,"[5, 14, 8, 17]",32.0,90.0,99.0
2.2882882882882885,0.7773651679208455,4.0,2.0,1.0,"[17, 8, 5, 14]",32.0,82.0,104.0
2.279279279279279,0.7389753352342324,3.0,2.0,1.0,"[14, 17, 5]",29.0,93.0,97.0
2.27027027027027,0.8449578526632568,8.0,1.0,1.0,"[1, 5, 14]",33.0,72.0,109.0
2.2972972972972974,0.725671411306269,0.0,1.0,2.0,"[5, 17, 26, 14]",35.0,86.0,101.0
2.4414414414414414,0.7632353697170048,5.0,2.0,1.0,"[5, 14, 29]",22.0,65.0,130.0
2.283783783783784,0.740311850706802,3.0,1.0,1.0,"[14, 17, 5]",29.0,92.0,98.0
2.274774774774775,0.7126482976215478,2.0,0.0,2.0,"[5, 14, 17, 26]",28.0,99.0,93.0
2.2612612612612613,0.7926324970155456,5.0,0.0,2.0,"[14, 29, 15, 5, 17]",33.0,83.0,101.0
2.328828828828829,0.7580502958978642,3.0,1.0,3.0,"[14, 17, 5]",30.0,80.0,109.0
2.2882882882882885,0.8389541796837426,6.0,0.0,2.0,"[5, 14, 29]",37.0,66.0,113.0
2.256756756756757,0.7969536593398232,4.0,0.0,1.0,"[14, 5]",37.0,79.0,102.0
2.2882882882882885,0.817095478255875,4.0,2.0,1.0,"[14, 5, 26, 29, 8]",39.0,68.0,111.0
2.315315315315315,0.7608281030487861,2.0,2.0,1.0,"[5, 14, 17]",34.0,78.0,108.0
2.2612612612612613,0.8039687946906965,4.0,0.0,1.0,"[14, 5]",38.0,76.0,104.0
2.283783783783784,0.770266515613402,4.0,0.0,0.0,"[14, 5]",31.0,85.0,102.0
2.333333333333333,0.8164965809277261,9.0,1.0,1.0,"[17, 5, 14, 26]",22.0,77.0,114.0
2.3378378378378377,0.7659677644120415,4.0,1.0,1.0,"[14, 5, 17]",28.0,79.0,111.0
2.4324324324324325,0.7624872567334711,4.0,0.0,1.0,"[5, 14, 17, 8]",25.0,64.0,129.0
2.369369369369369,0.8175443633380667,8.0,2.0,2.0,"[5, 14]",24.0,68.0,122.0
2.22972972972973,0.7995580900054351,4.0,2.0,1.0,"[5, 17, 14]",39.0,81.0,98.0
2.27027027027027,0.8121915600665681,5.0,0.0,1.0,"[5, 8, 14, 3, 17]",36.0,75.0,106.0
2.3063063063063063,0.7028422297141463,0.0,0.0,0.0,"[14, 17, 5]",31.0,92.0,99.0
2.3423423423423424,0.6859349136768178,2.0,2.0,1.0,"[14, 17, 5]",21.0,98.0,101.0
2.247747747747748,0.7225328559561018,1.0,1.0,0.0,"[5, 14, 17, 8]",34.0,96.0,91.0
2.265765765765766,0.7708484478167205,1.0,0.0,2.0,"[14, 17, 5]",41.0,78.0,102.0
2.3783783783783785,0.7793030190808256,3.0,1.0,2.0,"[14, 17, 8, 5]",32.0,65.0,122.0
2.324324324324324,0.7388649992373152,1.0,2.0,1.0,"[5, 14, 17]",33.0,81.0,107.0
2.265765765765766,0.7649559175179907,3.0,0.0,1.0,"[5, 14, 8]",34.0,86.0,99.0
2.369369369369369,0.65809168690904,1.0,2.0,1.0,"[5, 14, 17, 29]",19.0,99.0,103.0
2.283783783783784,0.7463989617172485,2.0,2.0,1.0,"[5, 17, 14]",33.0,87.0,100.0
2.3063063063063063,0.7092509948002956,2.0,2.0,1.0,"[5, 14, 26, 17, 10]",26.0,96.0,98.0
2.27027027027027,0.760399346687292,3.0,2.0,1.0,"[5, 14]",33.0,87.0,99.0
2.373873873873874,0.7367793080197771,3.0,0.0,1.0,"[5, 17, 14, 8]",25.0,80.0,114.0
2.2612612612612613,0.7983207682885088,3.0,1.0,1.0,"[14, 5]",40.0,75.0,104.0
2.2387387387387387,0.7129914256585806,1.0,1.0,2.0,"[5, 14, 26]",33.0,100.0,88.0
2.364864864864865,0.7037261716337465,0.0,0.0,2.0,"[5, 17, 14, 8, 29, 26]",29.0,83.0,110.0
2.4054054054054053,0.7536142582829702,3.0,1.0,3.0,"[5, 14]",27.0,69.0,123.0
2.3783783783783785,0.7676025325890851,4.0,2.0,1.0,"[14, 5, 10, 28]",27.0,72.0,119.0
2.333333333333333,0.8109358130647646,6.0,1.0,1.0,"[5, 14]",30.0,70.0,116.0
2.274774774774775,0.7497774594083413,2.0,1.0,1.0,"[14, 5, 10]",34.0,87.0,99.0
2.328828828828829,0.7275928685278319,1.0,1.0,1.0,"[5, 26, 14]",31.0,84.0,106.0
2.22972972972973,0.7284887468075716,0.0,1.0,2.0,"[5, 14]",39.0,93.0,90.0
2.4504504504504503,0.7458935998114041,3.0,2.0,3.0,"[5, 17, 14, 29, 4]",25.0,63.0,131.0
2.3423423423423424,0.7118327056432907,4.0,1.0,1.0,"[5, 14, 8]",19.0,96.0,103.0
2.351351351351352,0.7009837773330696,1.0,1.0,2.0,"[14, 32, 26, 17, 5, 10, 15]",26.0,89.0,106.0
2.328828828828829,0.7815621191776531,4.0,1.0,1.0,"[10, 14, 5]",31.0,75.0,112.0
2.373873873873874,0.7958275480797726,4.0,1.0,1.0,"[14, 5, 26]",32.0,63.0,123.0
2.3828828828828827,0.7741729054797654,7.0,1.0,1.0,"[17, 26, 14, 5]",19.0,78.0,118.0
2.369369369369369,0.7109731770074275,2.0,0.0,2.0,"[5, 14, 8]",24.0,86.0,110.0
2.3063063063063063,0.7281389255438672,3.0,0.0,0.0,"[5, 14, 8]",26.0,93.0,100.0
2.333333333333333,0.6969011347053071,0.0,1.0,2.0,"[5, 17, 14, 8, 10]",29.0,90.0,103.0
2.2432432432432434,0.7456202886008026,2.0,0.0,2.0,"[14, 1, 5]",35.0,92.0,93.0
2.3783783783783785,0.7125767918170451,2.0,1.0,1.0,"[5, 14]",24.0,84.0,112.0
2.3018018018018016,0.7453605501232249,2.0,1.0,1.0,"[29, 5, 14]",32.0,85.0,103.0
2.2882882882882885,0.8059438399013202,6.0,1.0,1.0,"[5, 29, 14]",31.0,78.0,107.0
2.315315315315315,0.7842566527683643,3.0,0.0,1.0,"[14, 17, 5]",35.0,73.0,111.0
2.2612612612612613,0.8039687946906965,2.0,1.0,0.0,"[5, 14]",44.0,70.0,106.0
2.27027027027027,0.8395856114903626,6.0,0.0,2.0,"[29, 8, 5, 14]",38.0,68.0,110.0
2.427927927927928,0.7066165857853886,1.0,2.0,1.0,"[17, 14, 5, 8]",25.0,74.0,122.0
2.346846846846846,0.8024081199225332,7.0,3.0,1.0,"[14, 5, 17]",25.0,74.0,116.0
2.2882882882882885,0.8115388141244639,6.0,0.0,3.0,"[14, 28, 17, 5, 8]",32.0,76.0,108.0
2.346846846846846,0.8191508482474902,7.0,0.0,1.0,"[5, 26, 17, 14]",28.0,68.0,119.0
2.3423423423423424,0.812743474086136,4.0,1.0,1.0,"[14, 8, 5]",36.0,62.0,120.0
2.2972972972972974,0.7501987018182961,3.0,1.0,1.0,"[5, 14, 1]",30.0,87.0,102.0
2.36036036036036,0.7343269494222812,5.0,3.0,2.0,"[14, 10, 5]",19.0,89.0,109.0
2.234234234234234,0.8178434831834329,7.0,2.0,1.0,"[5, 14, 17, 10]",33.0,83.0,99.0
2.324324324324324,0.751013338502899,0.0,1.0,1.0,"[5, 26, 15, 14]",38.0,74.0,110.0
2.4054054054054053,0.6843880032373261,1.0,1.0,2.0,"[5, 8, 17, 14]",22.0,85.0,114.0
2.2612612612612613,0.7333270332999717,1.0,1.0,2.0,"[17, 5, 14]",35.0,91.0,95.0
2.283783783783784,0.7584266329473793,2.0,2.0,1.0,"[14, 5, 26, 17]",35.0,83.0,102.0
2.27027027027027,0.7722089833417977,4.0,1.0,1.0,"[14, 5, 17, 10]",32.0,86.0,100.0
2.22972972972973,0.7032046353677154,1.0,1.0,2.0,"[5, 14]",32.0,104.0,85.0
2.3783783783783785,0.6867070621550707,1.0,0.0,1.0,"[14, 8, 26, 17, 5]",23.0,89.0,109.0
2.202702702702702,0.7783216029053951,3.0,1.0,0.0,"[5, 14, 17, 21]",40.0,88.0,91.0
2.2522522522522523,0.7783085089962077,4.0,1.0,1.0,"[17, 14, 5]",34.0,86.0,98.0
2.1981981981981984,0.7938658470825909,4.0,0.0,1.0,"[5, 26, 14, 17]",40.0,86.0,92.0
2.3828828828828827,0.7382716607354267,3.0,1.0,2.0,"[14, 5, 17]",25.0,78.0,116.0
2.247747747747748,0.7410823498121172,1.0,2.0,1.0,"[14, 5, 17, 1]",37.0,90.0,94.0
2.351351351351352,0.7628079664245121,2.0,1.0,3.0,"[14, 5]",33.0,72.0,115.0
2.36036036036036,0.746549138475925,4.0,1.0,1.0,"[14, 5, 17, 32, 10]",24.0,82.0,112.0
2.27027027027027,0.7663269147029331,2.0,0.0,2.0,"[5, 14, 26, 1, 17]",37.0,82.0,101.0
2.369369369369369,0.7481854722981272,2.0,1.0,4.0,"[14, 5]",30.0,74.0,116.0
2.418918918918919,0.7611629009101161,4.0,0.0,2.0,"[26, 5, 14, 8, 10]",25.0,67.0,126.0
2.2387387387387387,0.762072806960007,4.0,1.0,1.0,"[17, 5, 14]",32.0,93.0,93.0
2.283783783783784,0.752436830443754,1.0,0.0,2.0,"[5, 14, 15, 29]",37.0,82.0,102.0
2.27027027027027,0.7238152553715099,1.0,0.0,2.0,"[5, 14, 26]",33.0,93.0,95.0
2.2522522522522523,0.7724728871748469,3.0,0.0,1.0,"[14, 26, 5, 17]",36.0,85.0,98.0
2.333333333333333,0.8329561740773852,9.0,1.0,1.0,"[1, 14, 29, 5, 26]",25.0,71.0,117.0
2.3378378378378377,0.7108154840164047,0.0,0.0,2.0,"[15, 26, 17, 14, 5]",31.0,85.0,106.0
2.351351351351352,0.762807966424512,5.0,2.0,1.0,"[14, 17, 5]",24.0,81.0,112.0
2.346846846846846,0.8191508482474903,7.0,0.0,1.0,"[5, 17, 14, 3, 26]",28.0,68.0,119.0
2.31981981981982,0.7499405490548632,1.0,0.0,2.0,"[5, 14, 8]",35.0,78.0,108.0
2.31981981981982,0.719139734918346,1.0,3.0,2.0,"[5, 14]",30.0,88.0,103.0
2.364864864864865,0.8112499320456669,5.0,0.0,1.0,"[14, 17, 5]",32.0,62.0,123.0
2.279279279279279,0.6947921486278853,1.0,1.0,2.0,"[14, 29, 5]",28.0,101.0,92.0
2.36036036036036,0.7525858023606357,3.0,1.0,2.0,"[17, 5, 26, 14]",28.0,77.0,114.0
2.2612612612612613,0.7753173247504086,3.0,2.0,1.0,"[5, 14, 1, 17]",36.0,83.0,100.0
2.256756756756757,0.7739095813546377,2.0,0.0,2.0,"[14, 5, 15, 17, 28]",39.0,81.0,100.0
2.3018018018018016,0.7392648888756591,3.0,1.0,3.0,"[14, 5, 17, 8]",28.0,90.0,101.0
2.2882882882882885,0.7354918000950192,1.0,1.0,1.0,"[14, 5, 17]",34.0,87.0,100.0
2.3018018018018016,0.745360550123225,3.0,0.0,1.0,"[5, 14, 17]",29.0,88.0,102.0
2.391891891891892,0.7147616297443333,1.0,1.0,2.0,"[17, 5, 14]",27.0,78.0,116.0
2.333333333333333,0.7161148740394329,2.0,0.0,1.0,"[5, 14, 8, 17]",26.0,90.0,104.0
2.2522522522522523,0.6855782441421681,2.0,1.0,1.0,"[5, 17, 14]",25.0,110.0,85.0
2.315315315315315,0.7784656213705153,5.0,0.0,1.0,"[5, 3, 26, 8, 14]",28.0,81.0,108.0
2.333333333333333,0.8275060206294447,7.0,2.0,1.0,"[5, 10, 26, 14]",30.0,67.0,118.0
2.3423423423423424,0.7958659644705467,8.0,3.0,1.0,"[17, 14, 5, 26]",21.0,80.0,113.0
2.22972972972973,0.7468903369921414,1.0,0.0,1.0,"[5, 14, 17, 1, 28]",39.0,90.0,92.0
2.283783783783784,0.7584266329473793,4.0,0.0,3.0,"[8, 17, 14, 5, 10]",29.0,89.0,100.0
2.220720720720721,0.731281292588547,2.0,1.0,1.0,"[5, 17, 14]",34.0,99.0,87.0
2.3423423423423424,0.760988824404601,2.0,0.0,3.0,"[5, 15, 14, 17]",33.0,74.0,113.0
2.274774774774775,0.725235922727358,2.0,1.0,2.0,"[14, 5, 26]",30.0,95.0,95.0
2.351351351351352,0.7745808809620928,4.0,0.0,1.0,"[5, 8, 14, 17]",29.0,74.0,115.0
2.247747747747748,0.8650422370193744,10.0,1.0,1.0,"[5, 14, 3, 1, 26]",32.0,73.0,107.0
2.351351351351352,0.7976055642826448,4.0,0.0,1.0,"[26, 8, 5, 17, 14]",33.0,66.0,119.0
2.2612612612612613,0.727130499988057,1.0,0.0,1.0,"[5, 28, 14]",34.0,93.0,94.0
2.333333333333333,0.7530731407734906,1.0,0.0,2.0,"[14, 8, 5]",35.0,75.0,111.0
2.3873873873873874,0.8035123256035114,7.0,0.0,2.0,"[14, 5, 17, 32, 10]",24.0,67.0,124.0
2.3378378378378377,0.8006280401361905,6.0,0.0,3.0,"[5, 29, 14, 26, 8]",28.0,73.0,115.0
2.4054054054054053,0.7292018618083521,2.0,0.0,1.0,"[5, 14, 32, 17]",26.0,74.0,120.0
2.3783783783783785,0.7676025325890851,4.0,2.0,2.0,"[14, 5, 17, 26]",27.0,72.0,119.0
2.3828828828828827,0.768305872568553,5.0,0.0,1.0,"[14, 5, 8, 10]",24.0,74.0,119.0
2.265765765765766,0.7766962747799833,3.0,2.0,3.0,"[5, 14, 29, 17, 10]",36.0,82.0,101.0
2.3063063063063063,0.7935576892730574,4.0,0.0,1.0,"[5, 14, 21]",34.0,74.0,110.0
2.3018018018018016,0.7269202352480142,2.0,3.0,1.0,"[5, 14]",29.0,91.0,100.0
2.45945945945946,0.7154884264572534,3.0,0.0,2.0,"[5, 1, 14, 8]",20.0,71.0,128.0
2.3018018018018016,0.7269202352480142,2.0,2.0,1.0,"[5, 14]",29.0,91.0,100.0
2.31981981981982,0.8080275766787114,7.0,1.0,2.0,"[14, 26, 17, 10, 8, 5]",27.0,76.0,112.0
2.4504504504504503,0.702145886515062,3.0,0.0,1.0,"[5, 17, 14, 32, 26, 21]",18.0,77.0,124.0
2.3018018018018016,0.6819564591111631,1.0,3.0,1.0,"[14, 17, 5]",25.0,102.0,94.0
2.265765765765766,0.8108981106101061,6.0,0.0,3.0,"[14, 15, 5]",33.0,79.0,104.0
2.364864864864865,0.7227584976389122,2.0,0.0,1.0,"[14, 29, 10, 32, 5]",26.0,83.0,111.0
2.2387387387387387,0.7796821688193674,3.0,0.0,2.0,"[14, 5, 15]",38.0,84.0,97.0
2.427927927927928,0.7620728069600071,6.0,0.0,1.0,"[5, 10, 8, 26, 14]",19.0,71.0,126.0
2.3423423423423424,0.679306213754274,0.0,0.0,1.0,"[14, 5, 8, 10, 17, 1]",26.0,94.0,102.0
2.346846846846846,0.7000090264214175,3.0,0.0,1.0,"[17, 5, 14]",20.0,96.0,103.0
2.3063063063063063,0.7820704947081702,5.0,0.0,2.0,"[5, 29, 8, 14]",29.0,81.0,107.0
2.427927927927928,0.8081789115988818,7.0,3.0,2.0,"[5, 29, 14]",24.0,58.0,133.0
2.2882882882882885,0.7889208780403245,2.0,1.0,2.0,"[14, 5, 29]",40.0,72.0,108.0
2.2972972972972974,0.7912941984492553,6.0,3.0,1.0,"[14, 26, 17, 5]",28.0,82.0,106.0
2.418918918918919,0.7611629009101161,6.0,1.0,2.0,"[14, 5, 8]",19.0,73.0,124.0
2.369369369369369,0.771997795321072,6.0,1.0,1.0,"[5, 1, 14, 26, 17, 8]",22.0,78.0,116.0
2.2972972972972974,0.7739490856848925,5.0,1.0,0.0,"[14, 5]",28.0,85.0,104.0
2.315315315315315,0.8291300787311287,8.0,1.0,1.0,"[26, 5, 14]",28.0,72.0,114.0
2.27027027027027,0.7953023380931288,5.0,0.0,4.0,"[17, 26, 14, 5, 29]",33.0,81.0,103.0
2.3963963963963963,0.7819141066723374,4.0,1.0,3.0,"[14, 8, 5]",29.0,64.0,125.0
2.2927927927927927,0.7181186722674279,1.0,0.0,3.0,"[5, 17, 14, 1]",31.0,92.0,98.0
2.45945945945946,0.7342159148787535,3.0,0.0,2.0,"[14, 17, 5, 1, 8, 26]",23.0,65.0,131.0
2.2972972972972974,0.7739490856848925,5.0,2.0,2.0,"[5, 14, 26, 17]",28.0,85.0,104.0
2.2882882882882885,0.7476949481695887,3.0,1.0,3.0,"[14, 17, 1, 5]",30.0,89.0,100.0
2.265765765765766,0.8108981106101061,7.0,1.0,2.0,"[5, 17, 14, 1, 26]",30.0,82.0,103.0
2.2927927927927927,0.7843735964266968,2.0,1.0,3.0,"[14, 5]",39.0,73.0,108.0
2.2972972972972974,0.731880298233863,2.0,0.0,2.0,"[17, 5, 8, 14]",30.0,90.0,100.0
2.3063063063063063,0.82706254221693,6.0,1.0,1.0,"[14, 26, 29, 28, 10, 5]",34.0,68.0,114.0
2.3018018018018016,0.8093885723138262,6.0,3.0,4.0,"[5, 14, 10, 17]",31.0,75.0,110.0
2.22972972972973,0.8163592717425997,3.0,0.0,2.0,"[5, 14, 8, 29]",45.0,72.0,102.0
2.256756756756757,0.7379955268011954,1.0,0.0,1.0,"[5, 14, 29, 17]",36.0,90.0,95.0
2.36036036036036,0.7281389255438672,3.0,1.0,1.0,"[14, 17, 5]",24.0,85.0,110.0
2.274774774774775,0.813457896850872,7.0,2.0,1.0,"[5, 14, 3, 29]",30.0,80.0,105.0
2.3063063063063063,0.6963744869780173,1.0,0.0,1.0,"[14, 5, 17, 15]",27.0,97.0,97.0
2.279279279279279,0.732826563607577,2.0,0.0,1.0,"[5, 14, 21]",31.0,92.0,97.0
2.27027027027027,0.7300399288149793,1.0,1.0,1.0,"[14, 17, 29, 5]",34.0,91.0,96.0
2.373873873873874,0.7609486472481084,2.0,0.0,2.0,"[5, 14, 8]",32.0,69.0,119.0
2.328828828828829,0.7399263002785285,2.0,0.0,1.0,"[14, 5, 29]",30.0,83.0,107.0
2.2972972972972974,0.7194089403333659,0.0,0.0,2.0,"[14, 5, 17]",34.0,88.0,100.0
2.1936936936936937,0.8365820657955377,5.0,0.0,2.0,"[14, 5, 1]",45.0,74.0,98.0
2.454954954954955,0.7641561446107582,5.0,1.0,2.0,"[5, 14, 1, 17]",22.0,62.0,133.0
2.364864864864865,0.7289921945157668,1.0,1.0,2.0,"[5, 14, 26]",30.0,78.0,113.0
2.2882882882882885,0.8059438399013203,3.0,0.0,2.0,"[17, 14, 10, 5]",40.0,69.0,110.0
2.279279279279279,0.7140626380520981,1.0,0.0,1.0,"[5, 14, 32, 17]",31.0,95.0,95.0
2.256756756756757,0.7912555600938795,6.0,1.0,1.0,"[14, 5, 3, 26, 17]",30.0,87.0,99.0
2.202702702702702,0.7724860799998712,2.0,2.0,2.0,"[14, 5, 17]",42.0,87.0,91.0
2.351351351351352,0.694498727377151,2.0,0.0,2.0,"[5, 14, 8, 26]",22.0,94.0,104.0
2.2972972972972974,0.7969920214500931,5.0,0.0,2.0,"[14, 5, 8]",32.0,77.0,108.0
2.3378378378378377,0.7718525700378517,3.0,1.0,2.0,"[14, 5]",32.0,74.0,113.0
2.31981981981982,0.8136082217068157,6.0,1.0,1.0,"[5, 10, 14, 1]",31.0,71.0,114.0
2.310810810810811,0.7416322162204062,0.0,1.0,2.0,"[5, 14]",37.0,79.0,106.0
2.2927927927927927,0.7843735964266967,3.0,2.0,1.0,"[14, 17, 5]",36.0,76.0,107.0
2.315315315315315,0.8345696263418311,8.0,0.0,1.0,"[5, 14, 3, 4, 26]",29.0,70.0,115.0
2.315315315315315,0.8125929892570568,5.0,1.0,1.0,"[17, 14, 10, 5]",34.0,69.0,114.0
2.3828828828828827,0.7623936909941407,2.0,1.0,2.0,"[5, 14, 17]",32.0,67.0,121.0
2.324324324324324,0.7449639325857419,2.0,0.0,1.0,"[14, 5, 32, 17]",31.0,82.0,107.0
2.274774774774775,0.7617517877551316,3.0,2.0,1.0,"[17, 5, 14, 26]",33.0,86.0,100.0
2.3018018018018016,0.7269202352480142,2.0,0.0,1.0,"[14, 17, 5]",29.0,91.0,100.0
2.351351351351352,0.8144470255588172,4.0,0.0,3.0,"[14, 5, 26, 8]",36.0,60.0,122.0
2.427927927927928,0.7620728069600072,5.0,3.0,1.0,"[5, 14, 17]",22.0,68.0,127.0
2.283783783783784,0.7403118507068022,2.0,1.0,3.0,"[5, 14, 29]",32.0,89.0,99.0
2.328828828828829,0.7520574960434763,2.0,2.0,3.0,"[14, 17, 5]",32.0,79.0,109.0
2.3018018018018016,0.7514067629690677,3.0,2.0,2.0,"[14, 5, 29]",30.0,86.0,103.0
2.315315315315315,0.8070053236714508,3.0,2.0,2.0,"[14, 5, 26]",39.0,65.0,115.0
2.346846846846846,0.7619123142645889,6.0,0.0,1.0,"[5, 17, 14, 8, 28]",21.0,85.0,110.0
2.414414414414414,0.7051005957365422,2.0,1.0,2.0,"[14, 8, 5]",22.0,80.0,118.0
2.355855855855856,0.7395956685136181,3.0,0.0,1.0,"[5, 1, 14, 8]",26.0,82.0,111.0
2.2882882882882885,0.7537224351669386,2.0,1.0,2.0,"[17, 5, 14]",34.0,84.0,102.0
2.333333333333333,0.8544092011186791,8.0,1.0,1.0,"[5, 14, 17, 29]",32.0,60.0,122.0
2.283783783783784,0.7524368304437541,0.0,1.0,2.0,"[14, 5]",40.0,79.0,103.0
2.22972972972973,0.8107975621599091,5.0,0.0,2.0,"[5, 14]",38.0,80.0,99.0
2.27027027027027,0.754425206820931,3.0,2.0,2.0,"[5, 14]",32.0,89.0,98.0
2.283783783783784,0.727984950933478,5.0,1.0,2.0,"[5, 14, 17]",21.0,102.0,94.0
2.3423423423423424,0.7368208030763466,2.0,3.0,1.0,"[5, 17, 14]",29.0,82.0,109.0
2.4054054054054053,0.7888175282163348,5.0,0.0,1.0,"[5, 14, 32]",27.0,63.0,127.0
2.274774774774775,0.737608765624104,4.0,1.0,1.0,"[5, 14, 28]",26.0,97.0,95.0
2.1936936936936937,0.7748045182486432,2.0,0.0,1.0,"[14, 3, 17, 5]",43.0,87.0,90.0
2.3783783783783785,0.7850878736193457,5.0,1.0,2.0,"[5, 14, 32, 17]",27.0,69.0,121.0
2.2927927927927927,0.7243922978709736,3.0,0.0,3.0,"[5, 14, 8]",26.0,96.0,97.0
2.3423423423423424,0.7727894528136424,4.0,0.0,1.0,"[5, 17, 10, 14]",29.0,76.0,113.0
2.3423423423423424,0.7727894528136424,5.0,1.0,2.0,"[5, 14, 8, 29]",26.0,79.0,112.0
2.31981981981982,0.6803405880913561,0.0,0.0,1.0,"[17, 14, 3, 26, 8, 5]",27.0,97.0,98.0
2.256756756756757,0.7797344508665541,3.0,1.0,1.0,"[14, 5, 1]",37.0,82.0,100.0
2.315315315315315,0.724265669388573,1.0,0.0,1.0,"[14, 5, 8]",31.0,87.0,103.0
2.27027027027027,0.6983619612249078,1.0,1.0,1.0,"[17, 14, 5, 8]",29.0,101.0,91.0
2.265765765765766,0.7708484478167205,2.0,0.0,1.0,"[5, 10, 14]",38.0,81.0,101.0
2.373873873873874,0.7054040543885619,1.0,3.0,1.0,"[14, 5, 29]",26.0,84.0,111.0
2.283783783783784,0.7584266329473793,4.0,0.0,1.0,"[14, 5, 17]",29.0,89.0,100.0
2.2972972972972974,0.7318802982338632,1.0,0.0,1.0,"[14, 5, 29, 10]",33.0,87.0,101.0
2.310810810810811,0.7597155160999146,3.0,0.0,0.0,"[5, 14, 26]",31.0,82.0,106.0
2.36036036036036,0.715602366807758,1.0,0.0,2.0,"[14, 5, 1, 29, 26]",28.0,83.0,110.0
2.279279279279279,0.7806618745488593,2.0,1.0,2.0,"[14, 5, 17]",39.0,76.0,105.0
2.2612612612612613,0.7516101775757871,3.0,1.0,1.0,"[5, 26, 29, 14]",32.0,91.0,96.0
2.2432432432432434,0.8151974606443627,6.0,0.0,1.0,"[1, 14, 5]",35.0,80.0,101.0
2.2117117117117115,0.8376047231062558,6.0,1.0,1.0,"[5, 14, 17]",41.0,75.0,100.0
2.256756756756757,0.7969536593398232,5.0,1.0,1.0,"[17, 5, 14]",34.0,82.0,101.0
2.3018018018018016,0.7206686163954776,2.0,1.0,1.0,"[5, 17, 29, 14]",28.0,93.0,99.0
2.3018018018018016,0.7206686163954776,3.0,0.0,1.0,"[17, 14, 8, 29, 5]",25.0,96.0,98.0
2.3423423423423424,0.8238030724517321,7.0,1.0,1.0,"[29, 32, 14, 5, 17]",29.0,67.0,119.0
2.3378378378378377,0.7718525700378518,3.0,0.0,3.0,"[14, 8, 17, 26, 29, 5, 1]",32.0,74.0,113.0
2.274774774774775,0.8078762134098193,5.0,0.0,2.0,"[5, 14, 28, 10]",35.0,76.0,106.0
2.315315315315315,0.876872083748589,12.0,0.0,1.0,"[14, 5, 3, 26, 8, 10]",25.0,66.0,119.0
2.3963963963963963,0.7876797851721571,7.0,2.0,1.0,"[14, 10, 5]",21.0,71.0,123.0
2.234234234234234,0.8010734309154445,3.0,3.0,2.0,"[14, 5]",42.0,77.0,100.0
2.40990990990991,0.8063610180276337,8.0,0.0,2.0,"[5, 14, 8, 10, 17, 26]",21.0,65.0,128.0
2.333333333333333,0.7409585736349484,3.0,1.0,2.0,"[14, 5, 8]",27.0,85.0,107.0
2.2612612612612613,0.6755150434798866,0.0,1.0,2.0,"[5, 17, 14, 10]",29.0,106.0,87.0
2.2972972972972974,0.7739490856848925,4.0,1.0,3.0,"[14, 1, 5, 32, 17]",31.0,82.0,105.0
2.3423423423423424,0.749002298632911,2.0,1.0,2.0,"[5, 17, 14, 8, 26]",31.0,78.0,111.0
2.2972972972972974,0.8026493979383288,5.0,2.0,2.0,"[5, 14, 26, 17]",33.0,75.0,109.0
2.355855855855856,0.8152599657211406,9.0,0.0,1.0,"[14, 5, 17]",21.0,74.0,118.0
2.3873873873873874,0.7203715880138373,2.0,2.0,3.0,"[14, 5, 17]",25.0,80.0,115.0
2.310810810810811,0.7946485436574436,5.0,1.0,2.0,"[5, 14]",31.0,76.0,110.0
2.2882882882882885,0.7476949481695887,3.0,3.0,2.0,"[14, 5, 26, 29]",30.0,89.0,100.0
2.333333333333333,0.8437508728558136,9.0,1.0,1.0,"[14, 5]",27.0,67.0,119.0
2.310810810810811,0.7477085781851425,2.0,0.0,1.0,"[17, 5, 14, 32]",32.0,83.0,105.0
2.324324324324324,0.7688760341408999,3.0,2.0,2.0,"[14, 5, 29, 10, 26]",32.0,77.0,110.0
2.355855855855856,0.8040828714730361,8.0,2.0,1.0,"[5, 26, 17, 14, 4]",22.0,75.0,117.0
2.27027027027027,0.8066011136167056,7.0,1.0,1.0,"[14, 5, 17, 3]",29.0,83.0,103.0
2.346846846846846,0.8409561268028238,10.0,0.0,1.0,"[8, 14, 10, 26, 5, 29]",23.0,69.0,120.0
2.369369369369369,0.7045800768318522,0.0,1.0,1.0,"[17, 14, 5, 10]",29.0,82.0,111.0
2.40990990990991,0.7045366828976388,3.0,2.0,2.0,"[14, 5]",19.0,84.0,116.0
2.234234234234234,0.7954048453227988,4.0,0.0,2.0,"[14, 5, 32, 17]",38.0,82.0,98.0
2.463963963963964,0.7282648805565796,2.0,0.0,1.0,"[14, 15, 32, 5, 17]",25.0,63.0,132.0
2.3873873873873874,0.7571220954056976,5.0,1.0,1.0,"[5, 14, 29]",22.0,77.0,118.0
2.391891891891892,0.815309966332394,6.0,2.0,2.0,"[5, 14, 10, 17]",29.0,59.0,128.0
2.265765765765766,0.7708484478167205,3.0,0.0,2.0,"[5, 14, 1, 10, 17]",35.0,84.0,100.0
2.3018018018018016,0.6548782460128074,0.0,0.0,1.0,"[14, 5, 17, 26]",24.0,107.0,91.0
2.265765765765766,0.728600654139052,2.0,1.0,2.0,"[14, 17, 1, 26, 5]",31.0,95.0,94.0
2.3063063063063063,0.816047119489444,6.0,0.0,1.0,"[5, 14, 26, 1, 17, 8]",32.0,72.0,112.0
2.351351351351352,0.8144470255588171,6.0,0.0,2.0,"[14, 5, 29, 17, 8]",30.0,66.0,120.0
2.36036036036036,0.7585744285635114,1.0,2.0,2.0,"[14, 5, 8, 17]",35.0,69.0,117.0
2.283783783783784,0.7026827120137464,3.0,0.0,2.0,"[5, 14, 8]",23.0,104.0,92.0
2.31981981981982,0.7499405490548632,1.0,1.0,1.0,"[14, 5]",35.0,78.0,108.0
2.328828828828829,0.7873303753121176,2.0,0.0,2.0,"[14, 1, 29, 8, 5]",38.0,67.0,115.0
2.3423423423423424,0.8182919579375431,9.0,1.0,1.0,"[14, 5, 17, 10]",22.0,75.0,116.0
2.351351351351352,0.7508504818733137,3.0,0.0,2.0,"[14, 5, 32, 10]",28.0,79.0,112.0
2.3378378378378377,0.7480356240523659,4.0,1.0,1.0,"[14, 5, 1]",25.0,85.0,108.0
2.279279279279279,0.7328265636075768,2.0,0.0,2.0,"[5, 17, 8, 14]",31.0,92.0,97.0
2.369369369369369,0.8393913753717446,7.0,1.0,1.0,"[17, 14, 26, 5]",31.0,57.0,127.0
2.351351351351352,0.6679291783608933,0.0,1.0,1.0,"[14, 17, 5]",24.0,96.0,102.0
2.346846846846846,0.7910494569913453,6.0,1.0,1.0,"[14, 10, 5]",26.0,75.0,115.0
2.315315315315315,0.711660882965732,1.0,1.0,1.0,"[5, 8, 14, 17]",29.0,91.0,101.0
2.31981981981982,0.8463196683067595,8.0,0.0,1.0,"[5, 3, 17, 26, 14, 10]",31.0,65.0,118.0
2.1936936936936937,0.7748045182486432,2.0,2.0,2.0,"[5, 14, 17, 10]",43.0,87.0,90.0
2.3018018018018016,0.745360550123225,2.0,2.0,1.0,"[14, 5]",32.0,85.0,103.0
2.256756756756757,0.7379955268011954,2.0,0.0,2.0,"[5, 14, 17]",33.0,93.0,94.0
2.3018018018018016,0.798129258629767,6.0,1.0,3.0,"[5, 29, 8, 14]",29.0,79.0,108.0
2.283783783783784,0.8323809322584391,9.0,0.0,1.0,"[5, 14, 3, 8, 26]",27.0,78.0,108.0
2.369369369369369,0.7950972839868216,4.0,0.0,2.0,"[5, 14, 1, 17, 8]",32.0,64.0,122.0
2.279279279279279,0.7806618745488594,3.0,1.0,1.0,"[5, 14, 1]",36.0,79.0,104.0
2.3018018018018016,0.7809359719041845,2.0,0.0,1.0,"[5, 14, 26]",38.0,73.0,109.0
2.351351351351352,0.6879525481985123,0.0,2.0,1.0,"[14, 5, 26, 17]",27.0,90.0,105.0
2.333333333333333,0.716114874039433,1.0,0.0,2.0,"[14, 5, 8, 1, 26]",29.0,87.0,105.0
2.3018018018018016,0.7633555337763426,4.0,0.0,1.0,"[5, 17, 8, 14]",29.0,85.0,104.0
2.274774774774775,0.8078762134098193,3.0,1.0,2.0,"[5, 14, 1]",41.0,70.0,108.0
2.274774774774775,0.7126482976215478,0.0,2.0,1.0,"[14, 5, 17]",34.0,93.0,95.0
2.328828828828829,0.7150467361097782,2.0,2.0,1.0,"[5, 14, 17]",26.0,91.0,103.0
2.4414414414414414,0.7014488520416097,2.0,1.0,2.0,"[5, 14, 26]",21.0,76.0,123.0
2.283783783783784,0.7584266329473793,2.0,0.0,1.0,"[14, 26, 10, 17, 5]",35.0,83.0,102.0
2.2612612612612613,0.7082156753037266,0.0,0.0,1.0,"[5, 17, 14, 8, 10]",34.0,96.0,92.0
2.2882882882882885,0.7040591731017579,1.0,1.0,1.0,"[17, 5, 26, 14]",29.0,97.0,95.0
2.2882882882882885,0.7354918000950192,1.0,2.0,1.0,"[17, 5, 14]",34.0,87.0,100.0
2.324324324324324,0.7449639325857419,5.0,2.0,2.0,"[5, 26, 17, 14]",22.0,91.0,104.0
2.2612612612612613,0.7811316968436159,2.0,2.0,2.0,"[14, 5]",40.0,78.0,102.0
2.3378378378378377,0.7171530004630337,2.0,1.0,1.0,"[14, 5, 17]",26.0,89.0,105.0
2.279279279279279,0.7511218899724987,3.0,3.0,1.0,"[14, 29, 10, 5]",31.0,89.0,99.0
2.364864864864865,0.7653288588566683,4.0,1.0,1.0,"[5, 14, 17, 26]",27.0,75.0,116.0
2.265765765765766,0.7469994876027846,2.0,0.0,1.0,"[5, 29, 14, 1]",34.0,89.0,97.0
2.274774774774775,0.7908948444176505,5.0,0.0,1.0,"[5, 14, 8]",32.0,82.0,103.0
2.2927927927927927,0.7958275480797726,3.0,1.0,3.0,"[5, 14, 29, 17]",38.0,72.0,109.0
2.400900900900901,0.7708484478167205,7.0,2.0,2.0,"[5, 14, 17, 8, 1]",18.0,76.0,121.0
2.40990990990991,0.7541685007965111,2.0,2.0,3.0,"[5, 14, 26, 17]",30.0,65.0,125.0
2.364864864864865,0.7037261716337465,1.0,2.0,1.0,"[5, 14, 10, 17, 29]",26.0,86.0,109.0
2.274774774774775,0.8515058227861022,9.0,1.0,2.0,"[5, 14, 1, 17]",31.0,72.0,110.0
2.3378378378378377,0.6848792282547714,1.0,2.0,1.0,"[14, 17, 5]",24.0,96.0,101.0
2.27027027027027,0.7300399288149794,0.0,0.0,2.0,"[5, 17, 14]",37.0,88.0,97.0
2.225225225225225,0.7632353697170049,3.0,0.0,1.0,"[15, 5, 17, 14]",36.0,91.0,92.0
2.1666666666666665,0.8477634491777108,6.0,0.0,1.0,"[17, 5, 1, 3, 14]",46.0,75.0,95.0
2.400900900900901,0.7469994876027846,5.0,0.0,1.0,"[5, 14, 17, 32]",20.0,78.0,119.0
2.3378378378378377,0.6848792282547714,1.0,1.0,1.0,"[5, 32, 17, 14]",24.0,96.0,101.0
2.207207207207208,0.7858144706037581,4.0,1.0,1.0,"[5, 14, 17]",38.0,88.0,92.0
2.310810810810811,0.7597155160999145,2.0,0.0,2.0,"[5, 14, 17]",34.0,79.0,107.0
2.27027027027027,0.8395856114903626,6.0,0.0,2.0,"[5, 17, 14]",38.0,68.0,110.0
2.2972972972972974,0.7739490856848925,4.0,2.0,2.0,"[26, 14, 5]",31.0,82.0,105.0
2.283783783783784,0.7990991013969991,4.0,3.0,1.0,"[5, 14, 17, 26]",36.0,75.0,107.0
2.414414414414414,0.7665928434733706,7.0,2.0,1.0,"[5, 14, 26, 8]",17.0,75.0,123.0
2.3828828828828827,0.8028652168061973,6.0,0.0,2.0,"[5, 14, 17, 10, 8]",27.0,65.0,124.0
2.315315315315315,0.7957122877791639,3.0,0.0,1.0,"[14, 5, 8, 26]",37.0,69.0,113.0
2.400900900900901,0.7649559175179907,4.0,1.0,2.0,"[5, 14, 32]",26.0,69.0,123.0
2.2612612612612613,0.7455656143357539,1.0,1.0,1.0,"[14, 5, 15, 17]",37.0,87.0,97.0
2.310810810810811,0.771535619990595,3.0,4.0,2.0,"[5, 14, 26]",33.0,78.0,108.0
2.351351351351352,0.8524508042879644,9.0,1.0,1.0,"[14, 32, 5]",28.0,61.0,124.0
2.418918918918919,0.772960871734925,5.0,1.0,1.0,"[14, 5, 32]",24.0,66.0,127.0
2.310810810810811,0.6976173219225555,3.0,1.0,1.0,"[17, 14, 5, 8]",21.0,102.0,96.0
2.324324324324324,0.7688760341408999,1.0,2.0,2.0,"[14, 5]",38.0,71.0,112.0
2.274774774774775,0.7557883383543853,3.0,1.0,1.0,"[5, 14, 17]",32.0,88.0,99.0
2.315315315315315,0.7366548088258094,1.0,0.0,2.0,"[5, 32, 14]",33.0,83.0,105.0
2.2882882882882885,0.7230827341983069,0.0,1.0,1.0,"[14, 5, 17]",35.0,88.0,99.0
2.220720720720721,0.8077248217762689,4.0,1.0,1.0,"[5, 17, 29, 14, 28]",41.0,79.0,98.0
2.202702702702702,0.8715679384852206,11.0,0.0,1.0,"[14, 8, 5, 28, 17]",33.0,78.0,100.0
2.256756756756757,0.7912555600938794,3.0,0.0,3.0,"[5, 14, 1, 17]",39.0,78.0,102.0
2.225225225225225,0.745237484510867,2.0,2.0,1.0,"[5, 17, 14]",36.0,94.0,90.0
2.2927927927927927,0.7181186722674279,3.0,1.0,2.0,"[5, 14, 1]",25.0,98.0,96.0
2.3873873873873874,0.7571220954056976,2.0,2.0,2.0,"[17, 14, 5, 8, 1]",31.0,68.0,121.0
2.315315315315315,0.81814249366805,6.0,0.0,1.0,"[10, 8, 5, 14, 1]",32.0,70.0,114.0
2.27027027027027,0.8066011136167056,5.0,1.0,1.0,"[14, 5, 29, 10]",35.0,77.0,105.0
2.333333333333333,0.8329561740773852,7.0,1.0,1.0,"[5, 14]",31.0,65.0,119.0
2.36036036036036,0.7281389255438669,1.0,1.0,3.0,"[14, 5, 1]",30.0,79.0,112.0
2.274774774774775,0.7497774594083413,1.0,1.0,1.0,"[14, 5, 17]",37.0,84.0,100.0
2.3018018018018016,0.7751201316301087,3.0,0.0,2.0,"[14, 5, 29, 8]",34.0,78.0,107.0
2.3783783783783785,0.7251656581413551,4.0,0.0,1.0,"[14, 5, 8]",20.0,86.0,112.0
2.27027027027027,0.7953023380931288,3.0,1.0,1.0,"[17, 1, 14, 5]",39.0,75.0,105.0
2.315315315315315,0.8070053236714507,7.0,2.0,2.0,"[17, 14, 5, 8]",27.0,77.0,111.0
2.369369369369369,0.6784054758370943,2.0,1.0,2.0,"[14, 5, 32, 10, 17]",19.0,96.0,105.0
2.2927927927927927,0.7489614784736355,1.0,1.0,2.0,"[14, 5, 17, 1]",36.0,82.0,103.0
2.3063063063063063,0.734326949422281,0.0,0.0,1.0,"[14, 5, 29]",36.0,82.0,104.0
2.184684684684685,0.7711656802926414,2.0,1.0,1.0,"[5, 17, 14]",43.0,89.0,88.0
2.265765765765766,0.8108981106101061,4.0,0.0,2.0,"[14, 5, 26]",39.0,73.0,106.0
2.324324324324324,0.7449639325857419,5.0,2.0,1.0,"[14, 17, 5]",22.0,91.0,104.0
2.2927927927927927,0.6924560148027519,1.0,1.0,2.0,"[5, 14, 17]",27.0,100.0,94.0
2.202702702702702,0.8289948620770388,6.0,2.0,2.0,"[5, 17, 14]",40.0,79.0,97.0
2.31981981981982,0.7064434944332892,2.0,2.0,1.0,"[5, 14, 17]",25.0,95.0,100.0
2.315315315315315,0.8399739489817525,9.0,3.0,1.0,"[5, 14]",27.0,71.0,115.0
2.333333333333333,0.8220197323801435,7.0,2.0,1.0,"[5, 17, 8, 14]",29.0,69.0,117.0
2.22972972972973,0.8163592717425997,5.0,1.0,1.0,"[14, 5]",39.0,78.0,100.0
2.3378378378378377,0.7044209526709294,1.0,0.0,2.0,"[8, 5, 17, 14]",27.0,90.0,104.0
2.31981981981982,0.7795253016387538,3.0,2.0,2.0,"[5, 14]",34.0,74.0,111.0
2.2612612612612613,0.7869031081203345,3.0,1.0,1.0,"[14, 29, 8, 5, 17]",38.0,79.0,102.0
2.315315315315315,0.7304865047422393,1.0,1.0,2.0,"[5, 14]",32.0,85.0,104.0
2.279279279279279,0.7203715880138373,1.0,1.0,1.0,"[14, 5, 15]",32.0,93.0,96.0
2.36036036036036,0.740463262021479,2.0,2.0,2.0,"[5, 14, 29]",29.0,78.0,113.0
2.3828828828828827,0.8305669299554026,9.0,1.0,2.0,"[14, 8, 4, 5]",23.0,64.0,126.0
2.274774774774775,0.819001540721811,7.0,2.0,2.0,"[14, 5]",31.0,78.0,106.0
2.2882882882882885,0.7537224351669386,3.0,1.0,2.0,"[14, 5, 17]",31.0,87.0,101.0
2.310810810810811,0.6845220086564684,1.0,2.0,1.0,"[5, 14]",25.0,100.0,96.0
2.328828828828829,0.6760127160692393,0.0,1.0,0.0,"[5, 29, 14, 17]",26.0,97.0,99.0
2.400900900900901,0.7530325412852216,2.0,0.0,2.0,"[5, 14, 29, 26]",30.0,67.0,123.0
2.3873873873873874,0.7328265636075768,1.0,0.0,2.0,"[14, 17, 5, 10]",30.0,73.0,118.0
2.265765765765766,0.7882617907576236,5.0,0.0,1.0,"[5, 14, 17, 8]",32.0,84.0,101.0
2.328828828828829,0.7639960895623064,5.0,0.0,1.0,"[14, 5, 8]",25.0,84.0,108.0
2.3063063063063063,0.7028422297141463,2.0,0.0,1.0,"[17, 8, 5, 14, 26]",25.0,98.0,97.0
2.346846846846846,0.6736568429466416,0.0,2.0,1.0,"[5, 29, 10, 14]",25.0,95.0,102.0
2.31981981981982,0.7795253016387538,3.0,1.0,2.0,"[5, 14, 17, 1]",34.0,74.0,111.0
2.31981981981982,0.725404529965236,0.0,1.0,2.0,"[14, 5, 17, 26]",34.0,83.0,105.0
2.3378378378378377,0.7480356240523659,2.0,0.0,1.0,"[14, 5, 10, 17, 8]",31.0,79.0,110.0
2.31981981981982,0.6803405880913561,0.0,0.0,2.0,"[17, 5, 8, 10, 29, 14]",27.0,97.0,98.0
2.373873873873874,0.730612055040461,1.0,0.0,2.0,"[14, 5]",30.0,76.0,115.0
2.3018018018018016,0.7633555337763426,1.0,0.0,2.0,"[5, 14, 8, 17]",38.0,76.0,107.0
2.283783783783784,0.874789235434843,11.0,1.0,1.0,"[5, 14, 1, 10]",29.0,68.0,114.0
2.2972972972972974,0.7130914735683777,3.0,2.0,2.0,"[14, 1, 8, 17, 29, 5]",24.0,99.0,96.0
2.1981981981981984,0.8163467879441826,4.0,2.0,3.0,"[5, 14, 17]",44.0,78.0,96.0
2.3828828828828827,0.768305872568553,6.0,0.0,2.0,"[5, 14, 8, 17]",21.0,77.0,118.0
2.328828828828829,0.6892697148421815,1.0,0.0,0.0,"[14, 5, 8]",25.0,96.0,100.0
2.2432432432432434,0.7636091513595895,3.0,2.0,0.0,"[5, 17, 14]",35.0,89.0,95.0
2.373873873873874,0.8182545944296844,7.0,2.0,1.0,"[5, 14, 26]",27.0,64.0,124.0
2.279279279279279,0.8091241135650448,5.0,1.0,2.0,"[5, 14, 15, 17]",35.0,75.0,107.0
2.315315315315315,0.7052740166686344,1.0,0.0,3.0,"[14, 5]",28.0,93.0,100.0
2.328828828828829,0.7337854973275331,3.0,0.0,1.0,"[14, 5, 26]",26.0,88.0,105.0
2.328828828828829,0.7337854973275331,1.0,0.0,1.0,"[5, 14, 32]",32.0,82.0,107.0
2.418918918918919,0.7670845686608219,5.0,1.0,1.0,"[5, 14]",23.0,68.0,126.0
2.274774774774775,0.7376087656241042,3.0,1.0,1.0,"[14, 10, 17, 5]",29.0,94.0,96.0
2.3018018018018016,0.7206686163954776,0.0,0.0,2.0,"[17, 5, 14]",34.0,87.0,101.0
2.355855855855856,0.7147045948232609,2.0,1.0,2.0,"[5, 14, 10, 8]",25.0,87.0,108.0
2.364864864864865,0.6841646025448269,1.0,1.0,1.0,"[14, 5, 8]",23.0,92.0,106.0
2.2927927927927927,0.7727498892009226,5.0,1.0,1.0,"[8, 5, 14, 17]",28.0,86.0,103.0
2.468468468468469,0.7346599523640843,4.0,3.0,1.0,"[14, 5, 29]",20.0,66.0,132.0
2.2972972972972974,0.7562062324296944,1.0,0.0,0.0,"[5, 14]",37.0,79.0,105.0
2.2522522522522523,0.8398283434655662,8.0,1.0,1.0,"[14, 5, 8, 17, 10]",33.0,76.0,105.0
2.400900900900901,0.7160721791136297,4.0,1.0,1.0,"[5, 14]",18.0,85.0,115.0
2.310810810810811,0.7537359561857875,2.0,1.0,2.0,"[5, 17, 14]",33.0,81.0,106.0
2.3378378378378377,0.6647632932314201,1.0,1.0,1.0,"[5, 14, 26]",21.0,102.0,98.0
2.351351351351352,0.7386994643412673,3.0,0.0,2.0,"[8, 14, 17, 5]",26.0,83.0,110.0
2.36036036036036,0.8215732925203174,7.0,0.0,1.0,"[14, 5, 8]",28.0,65.0,122.0
2.418918918918919,0.7670845686608219,5.0,2.0,1.0,"[5, 14, 26, 17]",23.0,68.0,126.0
2.31981981981982,0.6935148616401846,1.0,1.0,2.0,"[14, 5, 17, 26]",26.0,96.0,99.0
2.283783783783784,0.727984950933478,3.0,0.0,0.0,"[5, 8, 29, 14]",27.0,96.0,96.0
2.418918918918919,0.743114823196883,3.0,3.0,1.0,"[14, 5]",25.0,70.0,124.0
2.333333333333333,0.782539471293768,5.0,2.0,2.0,"[14, 5, 26]",28.0,77.0,112.0
2.256756756756757,0.7561658011610564,3.0,0.0,1.0,"[17, 14, 5, 1]",33.0,90.0,96.0
2.2927927927927927,0.7549788540039183,1.0,1.0,2.0,"[5, 14]",37.0,80.0,104.0
2.2522522522522523,0.7841007007595109,2.0,1.0,2.0,"[5, 14, 26]",41.0,78.0,101.0
2.328828828828829,0.7520574960434764,1.0,1.0,2.0,"[5, 14]",35.0,76.0,110.0
2.225225225225225,0.8421550107707242,6.0,1.0,2.0,"[14, 5, 29, 1]",41.0,72.0,103.0
2.3063063063063063,0.7585744285635113,2.0,0.0,1.0,"[14, 5, 17, 8]",34.0,80.0,106.0
2.2927927927927927,0.6989600175919686,0.0,1.0,1.0,"[14, 5, 17]",31.0,95.0,96.0
2.310810810810811,0.7889337958163791,4.0,2.0,1.0,"[14, 5]",33.0,75.0,110.0
2.274774774774775,0.7497774594083413,1.0,1.0,2.0,"[5, 14, 17]",37.0,84.0,100.0
2.3873873873873874,0.7511218899724985,5.0,1.0,1.0,"[5, 14]",21.0,79.0,117.0
2.274774774774775,0.7735407769855775,4.0,0.0,1.0,"[14, 5]",32.0,85.0,101.0
2.310810810810811,0.6711712395683936,0.0,2.0,1.0,"[14, 5, 26]",26.0,101.0,95.0
2.364864864864865,0.8168085614143349,6.0,1.0,2.0,"[17, 5, 29, 10, 8, 14]",30.0,63.0,123.0
2.324324324324324,0.7011582164989733,1.0,0.0,2.0,"[17, 5, 14]",27.0,93.0,101.0
2.36036036036036,0.7525858023606357,2.0,0.0,2.0,"[14, 5, 8, 29, 17]",31.0,74.0,115.0
2.355855855855856,0.7272566296520051,3.0,0.0,2.0,"[5, 8, 26, 14, 17]",24.0,86.0,109.0
2.283783783783784,0.7643694992080432,2.0,0.0,1.0,"[14, 17, 5, 8]",36.0,81.0,103.0
2.414414414414414,0.7783085089962077,7.0,2.0,1.0,"[5, 14]",19.0,71.0,125.0
2.324324324324324,0.7388649992373152,3.0,2.0,2.0,"[14, 5, 8]",27.0,87.0,105.0
2.2927927927927927,0.8292406941392827,3.0,0.0,2.0,"[5, 3, 29, 14]",44.0,60.0,115.0
2.2927927927927927,0.7843735964266967,3.0,1.0,2.0,"[14, 5]",36.0,76.0,107.0
2.4504504504504503,0.7274667971616622,3.0,1.0,2.0,"[14, 5, 8, 26, 17]",22.0,69.0,128.0
2.27027027027027,0.7895923221642552,3.0,1.0,2.0,"[14, 5]",38.0,77.0,104.0
2.315315315315315,0.7304865047422393,2.0,1.0,2.0,"[5, 17, 15, 14]",29.0,88.0,103.0
2.36036036036036,0.8104832678540396,7.0,1.0,1.0,"[14, 5]",26.0,69.0,120.0
2.2882882882882885,0.7597021015040278,3.0,1.0,1.0,"[5, 14, 17, 26]",32.0,85.0,102.0
2.2432432432432434,0.7516644121739436,2.0,0.0,1.0,"[14, 1, 5]",36.0,90.0,94.0
2.220720720720721,0.7556265108587712,4.0,2.0,1.0,"[29, 14, 17, 5, 26]",32.0,97.0,89.0
2.364864864864865,0.7770635815106525,4.0,0.0,2.0,"[14, 29, 5, 32]",29.0,71.0,118.0
2.40990990990991,0.7660741968667063,4.0,2.0,2.0,"[5, 14]",26.0,67.0,125.0
2.3783783783783785,0.7497094949180042,3.0,1.0,1.0,"[5, 14, 8]",27.0,75.0,117.0
2.2882882882882885,0.7476949481695887,1.0,0.0,1.0,"[5, 29, 14, 8, 1]",36.0,83.0,102.0
2.274774774774775,0.7617517877551316,2.0,2.0,1.0,"[14, 5]",36.0,83.0,101.0
2.171171171171171,0.8388083971497536,9.0,0.0,1.0,"[14, 5, 3, 17]",35.0,87.0,91.0
2.3018018018018016,0.7574047116247091,2.0,0.0,2.0,"[26, 5, 15, 14]",34.0,81.0,105.0
2.328828828828829,0.7460165571885969,1.0,1.0,2.0,"[5, 14]",34.0,78.0,109.0
2.234234234234234,0.7781513649001826,4.0,1.0,2.0,"[17, 5, 14, 29]",35.0,88.0,95.0
2.400900900900901,0.7590176427397027,6.0,1.0,1.0,"[14, 5, 8, 17]",19.0,77.0,120.0
2.333333333333333,0.70976808822661,2.0,0.0,2.0,"[14, 5, 32]",25.0,92.0,103.0
2.265765765765766,0.7347847895591678,1.0,0.0,2.0,"[14, 5]",35.0,90.0,96.0
2.3828828828828827,0.7799958085365829,6.0,1.0,1.0,"[14, 5, 32]",23.0,73.0,120.0
2.373873873873874,0.7785834348454213,6.0,1.0,1.0,"[5, 14, 26]",23.0,75.0,118.0
2.247747747747748,0.8166089076336228,5.0,3.0,1.0,"[17, 5, 14, 26]",38.0,76.0,103.0
2.3378378378378377,0.7296629177808368,3.0,0.0,1.0,"[5, 14, 32]",25.0,88.0,106.0
2.4324324324324325,0.756529604791034,6.0,1.0,1.0,"[5, 14, 8, 26, 17]",18.0,72.0,126.0
2.3423423423423424,0.7429365178813923,4.0,1.0,1.0,"[14, 5, 17, 26]",24.0,86.0,108.0
2.3063063063063063,0.7762631544376082,5.0,2.0,3.0,"[5, 14]",28.0,83.0,106.0
2.310810810810811,0.7416322162204061,1.0,0.0,2.0,"[14, 5]",34.0,82.0,105.0
2.310810810810811,0.7537359561857875,3.0,0.0,1.0,"[5, 14, 26]",30.0,84.0,105.0
2.2927927927927927,0.7367793080197771,2.0,1.0,2.0,"[14, 5]",31.0,89.0,100.0
2.4054054054054053,0.7655285741229413,4.0,0.0,1.0,"[14, 5, 28]",26.0,68.0,124.0
2.3018018018018016,0.7269202352480142,0.0,1.0,2.0,"[5, 29, 14]",35.0,85.0,102.0
2.2927927927927927,0.7367793080197771,3.0,1.0,2.0,"[14, 5]",28.0,92.0,99.0
2.2387387387387387,0.8248045067894096,6.0,3.0,2.0,"[14, 5]",37.0,77.0,102.0
2.3828828828828827,0.808481496456733,6.0,3.0,2.0,"[5, 14, 29, 26, 10, 17]",28.0,63.0,125.0
2.324324324324324,0.7327153016979389,1.0,1.0,1.0,"[5, 17, 14, 21, 26]",32.0,83.0,106.0
2.3828828828828827,0.7564353021323195,3.0,0.0,1.0,"[14, 8, 5, 17]",28.0,72.0,119.0
2.3423423423423424,0.6451418939015562,0.0,0.0,1.0,"[14, 5, 17, 8]",21.0,104.0,97.0
2.468468468468469,0.7031901427276395,2.0,2.0,2.0,"[5, 29, 14, 26]",21.0,70.0,129.0
2.351351351351352,0.7628079664245122,4.0,2.0,2.0,"[14, 5, 8, 26]",27.0,78.0,113.0
2.207207207207208,0.8029032964667868,4.0,1.0,2.0,"[28, 5, 26, 14]",41.0,82.0,95.0
2.283783783783784,0.7090929188185777,2.0,0.0,1.0,"[5, 14, 26, 10]",27.0,99.0,94.0
2.2972972972972974,0.7501987018182961,3.0,1.0,3.0,"[14, 5, 17, 29]",30.0,87.0,102.0
2.2612612612612613,0.6551116337698978,0.0,1.0,1.0,"[5, 14]",26.0,112.0,84.0
2.364864864864865,0.7653288588566685,5.0,1.0,1.0,"[14, 8, 5, 17]",24.0,78.0,115.0
2.283783783783784,0.7090929188185775,1.0,1.0,1.0,"[5, 14]",30.0,96.0,95.0
2.310810810810811,0.7597155160999145,2.0,1.0,2.0,"[14, 17, 10, 8, 5, 29, 26]",34.0,79.0,107.0
2.369369369369369,0.7109731770074275,0.0,0.0,1.0,"[14, 5, 1, 8]",30.0,80.0,112.0
2.2972972972972974,0.7739490856848925,6.0,0.0,1.0,"[5, 29, 14, 8]",25.0,88.0,103.0
2.2882882882882885,0.7831643365554005,5.0,1.0,1.0,"[14, 26, 8, 5]",30.0,83.0,104.0
2.234234234234234,0.845054336574809,5.0,0.0,2.0,"[14, 10, 26, 5]",44.0,67.0,106.0
2.346846846846846,0.7678282023888402,4.0,1.0,2.0,"[14, 5, 10]",28.0,77.0,113.0
2.234234234234234,0.845054336574809,5.0,1.0,2.0,"[14, 5, 29, 28, 26]",44.0,67.0,106.0
2.3783783783783785,0.7850878736193457,7.0,1.0,3.0,"[14, 5, 1]",21.0,75.0,119.0
2.3018018018018016,0.745360550123225,4.0,3.0,1.0,"[14, 29, 5, 10]",26.0,91.0,101.0
2.310810810810811,0.7831773492802152,4.0,1.0,1.0,"[5, 14]",32.0,77.0,109.0
2.445945945945946,0.7576199675064574,4.0,0.0,2.0,"[14, 5, 8, 26]",24.0,63.0,131.0
2.279279279279279,0.6816425619660506,0.0,0.0,1.0,"[5, 14, 17]",29.0,102.0,91.0
2.31981981981982,0.8463196683067595,9.0,0.0,1.0,"[14, 5, 8]",28.0,68.0,117.0
2.31981981981982,0.7619123142645889,2.0,0.0,2.0,"[14, 3, 5, 17, 26, 8]",34.0,77.0,109.0
2.310810810810811,0.7831773492802151,5.0,1.0,1.0,"[14, 5, 26, 17]",29.0,80.0,108.0
2.418918918918919,0.7491791602885058,5.0,0.0,1.0,"[5, 14, 8, 29, 17]",20.0,74.0,123.0
2.369369369369369,0.7045800768318521,4.0,0.0,3.0,"[17, 14, 8, 5]",17.0,94.0,107.0
2.418918918918919,0.7611629009101161,6.0,1.0,1.0,"[14, 5, 8, 26, 17]",19.0,73.0,124.0
2.3018018018018016,0.745360550123225,3.0,1.0,3.0,"[5, 14, 32]",29.0,88.0,102.0
2.364864864864865,0.7164705661460221,1.0,0.0,2.0,"[5, 17, 14]",28.0,82.0,111.0
2.1936936936936937,0.8365820657955376,7.0,1.0,2.0,"[5, 14, 28, 1]",39.0,80.0,96.0
2.3828828828828827,0.7443754555334969,2.0,2.0,1.0,"[5, 14, 17, 10]",29.0,73.0,118.0
2.2972972972972974,0.7912941984492553,5.0,1.0,1.0,"[29, 5, 10, 14, 26]",31.0,79.0,107.0
2.427927927927928,0.7738569057772997,5.0,2.0,2.0,"[1, 5, 14]",24.0,64.0,129.0
2.2882882882882885,0.8335432453407355,3.0,2.0,2.0,"[14, 5, 29]",45.0,59.0,115.0
2.315315315315315,0.7667523564648956,2.0,0.0,2.0,"[5, 14, 8, 26]",35.0,76.0,109.0
2.31981981981982,0.725404529965236,2.0,0.0,1.0,"[5, 14, 17]",28.0,89.0,103.0
2.2612612612612613,0.8151474531320841,5.0,0.0,2.0,"[5, 14, 17, 10, 26]",37.0,75.0,105.0
2.3018018018018016,0.7633555337763426,5.0,0.0,2.0,"[5, 14, 29]",26.0,88.0,103.0
2.328828828828829,0.7399263002785286,0.0,0.0,2.0,"[14, 5, 29, 17]",36.0,77.0,109.0
2.279279279279279,0.7689820640709552,4.0,0.0,1.0,"[14, 17, 8, 5]",31.0,86.0,101.0
2.333333333333333,0.696901134705307,0.0,0.0,3.0,"[14, 5, 26, 10]",29.0,90.0,103.0
2.3783783783783785,0.8189393212186618,6.0,0.0,3.0,"[14, 3, 5]",30.0,60.0,126.0
2.324324324324324,0.7629682707167986,3.0,2.0,1.0,"[5, 17, 14]",31.0,79.0,109.0
2.364864864864865,0.7164705661460221,2.0,1.0,3.0,"[5, 14]",25.0,85.0,110.0
2.283783783783784,0.8323809322584391,7.0,0.0,1.0,"[5, 14, 17]",33.0,72.0,110.0
2.346846846846846,0.7377745452408868,5.0,2.0,1.0,"[14, 5, 17]",20.0,90.0,107.0
2.3378378378378377,0.8006280401361905,5.0,1.0,1.0,"[14, 5, 26]",31.0,70.0,116.0
2.3963963963963963,0.7402980845062391,4.0,2.0,1.0,"[5, 14, 32, 10]",22.0,78.0,118.0
2.2432432432432434,0.7753699011126396,4.0,1.0,1.0,"[5, 17, 14]",34.0,88.0,96.0
2.31981981981982,0.7559501312073209,3.0,2.0,1.0,"[14, 5, 26]",30.0,82.0,107.0
2.31981981981982,0.7678282023888403,2.0,0.0,1.0,"[14, 5, 26]",35.0,75.0,110.0
2.328828828828829,0.6826733963199139,1.0,0.0,1.0,"[5, 14, 17, 26]",24.0,98.0,99.0
2.279279279279279,0.7748439769518009,5.0,1.0,2.0,"[3, 5, 14, 15]",29.0,87.0,101.0
2.283783783783784,0.7403118507068022,2.0,0.0,1.0,"[14, 5, 17]",32.0,89.0,99.0
2.2612612612612613,0.7333270332999718,1.0,0.0,1.0,"[14, 5, 10, 1]",35.0,91.0,95.0
2.2972972972972974,0.7318802982338632,2.0,2.0,2.0,"[17, 5, 14]",30.0,90.0,100.0
2.391891891891892,0.8532753116612023,10.0,2.0,1.0,"[5, 14, 26]",24.0,57.0,131.0
2.310810810810811,0.7597155160999145,3.0,2.0,2.0,"[14, 8, 26, 5, 1]",31.0,82.0,106.0
2.3963963963963963,0.7463853077863087,2.0,3.0,2.0,"[14, 5, 17, 26]",29.0,70.0,121.0
2.22972972972973,0.799558090005435,4.0,2.0,2.0,"[5, 14]",39.0,81.0,98.0
2.351351351351352,0.674669668105447,0.0,3.0,2.0,"[14, 5]",25.0,94.0,103.0
2.351351351351352,0.8199839822809105,7.0,1.0,2.0,"[14, 5, 17, 1, 3]",28.0,67.0,120.0
2.418918918918919,0.7903276728675162,8.0,0.0,3.0,"[14, 8, 5, 17, 29, 26]",18.0,69.0,127.0
2.324324324324324,0.780557431191037,3.0,1.0,2.0,"[17, 14, 5, 8]",34.0,73.0,112.0
2.3063063063063063,0.82706254221693,6.0,1.0,3.0,"[5, 14, 8]",34.0,68.0,114.0
2.2522522522522523,0.8012260793300007,5.0,1.0,1.0,"[5, 14, 3]",35.0,81.0,101.0
2.364864864864865,0.7534113847610335,4.0,1.0,2.0,"[8, 5, 14, 26]",25.0,79.0,114.0
2.373873873873874,0.8182545944296843,7.0,3.0,1.0,"[14, 5]",27.0,64.0,124.0
2.220720720720721,0.7849970017082111,4.0,3.0,1.0,"[5, 14, 17, 29]",37.0,87.0,94.0
2.279279279279279,0.7806618745488594,6.0,1.0,1.0,"[5, 14, 26]",27.0,88.0,101.0
2.3018018018018016,0.7453605501232249,1.0,0.0,1.0,"[17, 5, 26, 14]",35.0,82.0,104.0
2.454954954954955,0.7641561446107582,7.0,1.0,1.0,"[17, 14, 5, 29, 8]",16.0,68.0,131.0
2.328828828828829,0.781562119177653,4.0,3.0,2.0,"[5, 17, 26, 14]",31.0,75.0,112.0
2.369369369369369,0.6850428916508882,0.0,0.0,2.0,"[8, 14, 26, 29, 5]",26.0,88.0,108.0
2.2387387387387387,0.7379402876149802,4.0,2.0,1.0,"[17, 14, 5]",28.0,101.0,89.0
2.400900900900901,0.7649559175179907,4.0,0.0,2.0,"[14, 5, 3, 8]",26.0,69.0,123.0
2.436936936936937,0.7509183430946437,3.0,1.0,3.0,"[5, 14]",26.0,64.0,129.0
2.4504504504504503,0.7336604900962727,4.0,1.0,2.0,"[10, 8, 5, 14, 26]",20.0,70.0,128.0
2.351351351351352,0.8032586195804514,6.0,1.0,1.0,"[5, 17, 14]",28.0,70.0,118.0
2.3783783783783785,0.7965315541869374,6.0,1.0,1.0,"[5, 32, 10, 14]",26.0,68.0,122.0
2.3063063063063063,0.7465491384759249,2.0,2.0,4.0,"[5, 17, 29, 14]",32.0,84.0,104.0
2.274774774774775,0.6734752805923567,0.0,0.0,1.0,"[14, 5, 17, 8]",28.0,105.0,89.0
2.3378378378378377,0.8118526997945068,6.0,0.0,1.0,"[14, 5, 8]",30.0,69.0,117.0
2.283783783783784,0.7990991013969992,3.0,1.0,2.0,"[14, 5, 17, 26]",39.0,72.0,108.0
2.391891891891892,0.7517864257145856,3.0,1.0,2.0,"[5, 14, 8, 10]",27.0,72.0,120.0
2.3963963963963963,0.7463853077863088,3.0,2.0,3.0,"[14, 8, 26, 5]",26.0,73.0,120.0
2.328828828828829,0.6486864398649671,0.0,1.0,1.0,"[5, 14, 10]",22.0,105.0,95.0
2.2972972972972974,0.7912941984492553,3.0,1.0,2.0,"[5, 17, 14]",37.0,73.0,109.0
2.369369369369369,0.8119907710498862,8.0,2.0,1.0,"[14, 5]",23.0,70.0,121.0
2.346846846846846,0.8463196683067594,10.0,3.0,2.0,"[17, 5, 29, 14]",24.0,67.0,121.0
2.31981981981982,0.731615681795942,1.0,0.0,1.0,"[17, 5, 14]",32.0,84.0,105.0
2.4054054054054053,0.7595947762083726,5.0,1.0,1.0,"[14, 5]",22.0,73.0,122.0
2.351351351351352,0.744799753204666,1.0,0.0,2.0,"[5, 8, 14, 17]",33.0,75.0,113.0
2.22972972972973,0.7823962027171215,3.0,1.0,2.0,"[5, 14, 17]",39.0,84.0,96.0
2.279279279279279,0.7203715880138373,0.0,1.0,1.0,"[5, 14]",35.0,90.0,97.0
2.3828828828828827,0.768305872568553,5.0,2.0,1.0,"[14, 5]",24.0,74.0,119.0
2.2927927927927927,0.7428953644233875,2.0,0.0,1.0,"[5, 26, 14]",32.0,87.0,101.0
2.351351351351352,0.7263452010626648,1.0,2.0,3.0,"[15, 5, 14]",30.0,81.0,110.0
2.256756756756757,0.7969536593398233,3.0,1.0,3.0,"[14, 5]",40.0,76.0,103.0
2.283783783783784,0.7217425545372546,1.0,1.0,2.0,"[14, 5, 17]",32.0,92.0,97.0
2.333333333333333,0.747040414970163,1.0,2.0,2.0,"[14, 5]",34.0,77.0,110.0
2.234234234234234,0.8450543365748089,6.0,0.0,1.0,"[14, 5]",41.0,70.0,105.0
2.283783783783784,0.8323809322584391,9.0,1.0,1.0,"[5, 17, 32, 14]",27.0,78.0,108.0
2.333333333333333,0.716114874039433,3.0,1.0,1.0,"[5, 26, 17, 14]",23.0,93.0,103.0
2.3873873873873874,0.763075121535993,4.0,0.0,1.0,"[17, 5, 8, 14, 29, 1]",26.0,72.0,120.0
2.2432432432432434,0.7869549104381628,3.0,1.0,1.0,"[5, 14, 17]",39.0,81.0,99.0
2.2927927927927927,0.7367793080197771,2.0,1.0,1.0,"[26, 1, 14, 5, 17]",31.0,89.0,100.0
2.3963963963963963,0.7990863479500622,7.0,0.0,1.0,"[5, 14, 8, 26]",23.0,67.0,125.0
2.2972972972972974,0.7797736601015305,1.0,1.0,1.0,"[14, 5]",41.0,71.0,109.0
2.279279279279279,0.8091241135650449,6.0,0.0,1.0,"[14, 5, 28]",32.0,78.0,106.0
2.3018018018018016,0.7453605501232249,2.0,0.0,2.0,"[3, 17, 14, 5, 29]",32.0,85.0,103.0
2.3063063063063063,0.7465491384759249,2.0,1.0,1.0,"[14, 5, 17]",32.0,84.0,104.0
2.3378378378378377,0.6979678393781218,2.0,1.0,2.0,"[14, 26, 5]",23.0,95.0,102.0
2.283783783783784,0.8103449397415917,4.0,0.0,3.0,"[5, 14, 28]",38.0,71.0,109.0
2.1981981981981984,0.8107849927268806,4.0,1.0,2.0,"[14, 1, 5]",43.0,80.0,95.0
2.27027027027027,0.783840711793592,2.0,0.0,1.0,"[5, 29, 14]",40.0,76.0,104.0
2.135135135135135,0.8014295653216826,3.0,2.0,2.0,"[14, 17, 5, 29]",49.0,85.0,85.0
2.1576576576576576,0.7595008541336756,2.0,1.0,1.0,"[14, 17, 5, 10, 26]",43.0,95.0,82.0
2.0765765765765765,0.8393549510954819,5.0,2.0,1.0,"[5, 14, 17]",55.0,80.0,82.0
2.081081081081081,0.7974522228289,6.0,4.0,1.0,"[14, 5]",44.0,98.0,74.0
2.112612612612613,0.779211472538248,3.0,2.0,2.0,"[14, 5, 29]",47.0,94.0,78.0
2.18018018018018,0.8094263450816168,6.0,1.0,1.0,"[14, 26, 28, 5]",38.0,88.0,90.0
2.18018018018018,0.8038166671303404,4.0,1.0,1.0,"[5, 14, 17, 1]",43.0,84.0,91.0
2.1576576576576576,0.8600799236301198,6.0,1.0,1.0,"[5, 28, 14, 17]",49.0,71.0,96.0
2.126126126126126,0.7383130719180147,0.0,0.0,3.0,"[14, 5]",48.0,98.0,76.0
2.171171171171171,0.7830081669895772,3.0,1.0,2.0,"[14, 5, 17]",43.0,89.0,87.0
2.135135135135135,0.9221898636136658,12.0,1.0,1.0,"[5, 10, 17, 29, 14]",45.0,66.0,99.0
2.1486486486486487,0.8295847366421701,6.0,2.0,3.0,"[5, 17, 14, 29]",44.0,83.0,89.0
2.0405405405405403,0.8578493975324372,7.0,3.0,2.0,"[5, 14]",56.0,80.0,79.0
2.1621621621621623,0.790675758184048,3.0,1.0,1.0,"[29, 5, 14, 17]",45.0,87.0,87.0
2.18018018018018,0.8149974121847509,2.0,1.0,2.0,"[14, 17, 5, 1]",51.0,74.0,95.0
2.2117117117117115,0.821238303358373,5.0,1.0,1.0,"[5, 14, 26]",41.0,78.0,98.0
2.175675675675676,0.8512664205594896,6.0,1.0,2.0,"[32, 18, 14, 26, 5]",46.0,73.0,97.0
2.0675675675675675,0.8238154432603442,8.0,2.0,1.0,"[5, 1, 14]",44.0,95.0,75.0
2.1666666666666665,0.7868642541439228,3.0,2.0,1.0,"[14, 5, 17, 1]",44.0,88.0,87.0
2.121621621621621,0.7951101014177496,3.0,1.0,1.0,"[14, 5, 17, 26]",49.0,88.0,82.0
2.1486486486486487,0.851122746900988,5.0,2.0,1.0,"[5, 29, 14]",51.0,72.0,94.0
2.103603603603604,0.8200461225223118,3.0,0.0,3.0,"[14, 26, 18, 17, 5]",55.0,80.0,84.0
2.2387387387387387,0.7379402876149802,1.0,2.0,1.0,"[5, 26, 10, 14]",37.0,92.0,92.0
2.1531531531531534,0.7693000661787257,1.0,1.0,2.0,"[5, 17, 26, 14]",48.0,89.0,84.0
2.509009009009009,0.8224287560281437,9.0,0.0,2.0,"[17, 14, 5]",20.0,42.0,151.0
2.536036036036036,0.6833895813973875,1.0,0.0,4.0,"[5, 14]",21.0,58.0,142.0
2.36036036036036,0.7645161459551485,1.0,0.0,4.0,"[14, 5]",36.0,67.0,118.0
2.5405405405405403,0.7644094965655027,6.0,1.0,2.0,"[14, 5, 17]",19.0,46.0,151.0
2.414414414414414,0.7303190707702018,4.0,0.0,1.0,"[5, 14, 17]",20.0,78.0,120.0
2.477477477477477,0.8221684917960584,7.0,0.0,2.0,"[5, 14]",26.0,43.0,146.0
2.3783783783783785,0.7850878736193457,2.0,0.0,2.0,"[5, 14, 17]",36.0,60.0,124.0
2.3828828828828827,0.7741729054797652,4.0,0.0,2.0,"[29, 5, 17, 14, 26]",28.0,69.0,121.0
2.545045045045045,0.7522200913529667,4.0,1.0,2.0,"[14, 17, 5, 26]",23.0,43.0,152.0
2.369369369369369,0.7661141052251549,2.0,1.0,1.0,"[5, 17, 14, 29]",33.0,68.0,119.0
2.4234234234234235,0.7734221953755526,5.0,0.0,1.0,"[14, 5, 26]",24.0,65.0,128.0
2.328828828828829,0.809992725221495,3.0,1.0,2.0,"[17, 14, 5]",39.0,62.0,118.0
2.4234234234234235,0.8133451349760027,9.0,0.0,1.0,"[14, 5, 17]",19.0,63.0,131.0
2.3423423423423424,0.8071568502552311,4.0,0.0,3.0,"[5, 17, 14]",35.0,64.0,119.0
2.3828828828828827,0.7259101167043568,2.0,1.0,1.0,"[17, 14, 5]",26.0,79.0,115.0
2.5045045045045047,0.7944818041237258,8.0,0.0,2.0,"[5, 14]",18.0,50.0,146.0
2.351351351351352,0.7861775172715918,2.0,0.0,1.0,"[5, 14, 17]",37.0,64.0,119.0
2.3963963963963963,0.8158972439879524,5.0,1.0,2.0,"[5, 14, 17]",32.0,55.0,130.0
2.391891891891892,0.7517864257145856,1.0,1.0,2.0,"[5, 14, 29]",33.0,66.0,122.0
2.4414414414414414,0.7923238595204195,5.0,1.0,3.0,"[14, 5, 17]",27.0,55.0,135.0
2.427927927927928,0.7501036032419736,1.0,0.0,2.0,"[5, 29, 17, 14]",32.0,60.0,129.0
2.2882882882882885,0.7537224351669387,0.0,0.0,1.0,"[14, 17, 5, 26]",40.0,78.0,104.0
2.4234234234234235,0.8460667533493256,6.0,0.0,2.0,"[14, 5]",34.0,42.0,140.0
2.6171171171171173,0.7259101167043568,6.0,1.0,2.0,"[14, 17, 5]",14.0,39.0,163.0
2.481981981981982,0.7227020938228722,3.0,0.0,1.0,"[17, 5, 14, 26]",21.0,64.0,134.0
2.536036036036036,0.7705310847342124,7.0,0.0,1.0,"[14, 5, 26]",17.0,48.0,150.0
2.436936936936937,0.6945720943106627,0.0,0.0,2.0,"[14, 5, 17]",26.0,73.0,123.0
2.315315315315315,0.7548573564807844,1.0,1.0,1.0,"[17, 14, 5]",36.0,77.0,108.0
2.463963963963964,0.6563704936542106,0.0,0.0,3.0,"[14, 5, 17]",20.0,79.0,123.0
2.572072072072072,0.7129914256585809,5.0,0.0,2.0,"[17, 14, 5]",14.0,52.0,151.0
2.477477477477477,0.7472041020221156,5.0,1.0,2.0,"[5, 14]",19.0,63.0,135.0
2.36036036036036,0.746549138475925,1.0,1.0,4.0,"[5, 14]",33.0,73.0,115.0
2.3828828828828827,0.7133343886442184,1.0,1.0,2.0,"[14, 5, 17]",27.0,80.0,114.0
2.563063063063063,0.7448681656778929,5.0,0.0,4.0,"[14, 5, 32]",19.0,44.0,154.0
2.4054054054054053,0.8758021882319237,8.0,0.0,3.0,"[14, 5, 29]",34.0,40.0,140.0
2.472972972972973,0.7470540569276879,3.0,2.0,2.0,"[5, 14]",25.0,58.0,136.0
2.436936936936937,0.7628747639732995,4.0,0.0,3.0,"[5, 29, 14, 26]",25.0,63.0,130.0
2.414414414414414,0.7240967969650155,1.0,0.0,3.0,"[5, 14]",28.0,71.0,122.0
2.400900900900901,0.7286006541390521,2.0,0.0,2.0,"[17, 14, 5]",26.0,75.0,119.0
2.436936936936937,0.7074814073220668,2.0,1.0,2.0,"[14, 5, 17]",22.0,75.0,123.0
2.4864864864864864,0.7413435872091946,2.0,0.0,2.0,"[5, 14]",27.0,54.0,139.0
2.418918918918919,0.7183457005038106,0.0,0.0,2.0,"[5, 14]",30.0,69.0,123.0
2.558558558558558,0.7078702323068461,3.0,1.0,1.0,"[5, 14, 26]",19.0,51.0,149.0
2.644144144144144,0.634196635747627,3.0,1.0,3.0,"[14, 5, 29]",10.0,50.0,159.0
2.3783783783783785,0.8078131370105157,3.0,0.0,3.0,"[5, 14, 8]",37.0,55.0,127.0
2.373873873873874,0.7727498892009227,6.0,0.0,1.0,"[14, 5, 26]",22.0,77.0,117.0
2.454954954954955,0.7988950218147028,8.0,1.0,2.0,"[5, 14]",19.0,59.0,136.0
2.3063063063063063,0.715602366807758,1.0,1.0,1.0,"[5, 14, 26, 17]",30.0,91.0,100.0
2.558558558558558,0.7329934248059613,6.0,0.0,3.0,"[5, 17, 14, 26]",14.0,52.0,150.0
2.572072072072072,0.7066165857853887,6.0,0.0,1.0,"[5, 14, 26, 17]",10.0,57.0,149.0
2.414414414414414,0.6921468793520016,1.0,0.0,2.0,"[14, 5, 17, 32]",23.0,81.0,117.0
2.400900900900901,0.7223635784396929,2.0,0.0,5.0,"[5, 14]",25.0,77.0,118.0
2.5765765765765765,0.7374844064558942,5.0,0.0,3.0,"[5, 14]",18.0,43.0,156.0
2.3423423423423424,0.7727894528136424,2.0,1.0,3.0,"[14, 26, 5]",35.0,70.0,115.0
2.4414414414414414,0.7750017916742935,8.0,0.0,1.0,"[14, 5, 29]",15.0,70.0,129.0
2.4324324324324325,0.7134343884588725,5.0,0.0,1.0,"[5, 14, 17]",14.0,83.0,120.0
2.373873873873874,0.7489614784736355,3.0,1.0,2.0,"[14, 5]",27.0,76.0,116.0
2.545045045045045,0.721516595136096,4.0,0.0,2.0,"[14, 5]",18.0,53.0,147.0
2.5315315315315314,0.7159440790596918,6.0,0.0,2.0,"[14, 17, 5]",11.0,64.0,141.0
2.3873873873873874,0.7076974475764806,1.0,0.0,2.0,"[5, 14]",26.0,81.0,114.0
2.414414414414414,0.7240967969650155,1.0,0.0,2.0,"[14, 26, 5]",28.0,71.0,122.0
2.364864864864865,0.8278138519685857,6.0,0.0,1.0,"[14, 5]",32.0,59.0,125.0
2.220720720720721,0.8513621895284958,4.0,1.0,1.0,"[17, 14, 5]",49.0,63.0,106.0
2.612612612612613,0.6545513633482224,2.0,0.0,2.0,"[5, 14]",15.0,50.0,155.0
2.364864864864865,0.822329617462129,5.0,0.0,4.0,"[5, 14, 26]",34.0,58.0,125.0
2.4054054054054053,0.7655285741229413,3.0,0.0,2.0,"[5, 14, 29]",29.0,65.0,125.0
2.3378378378378377,0.7480356240523658,0.0,0.0,1.0,"[5, 14, 17, 32]",37.0,73.0,112.0
2.328828828828829,0.7987419279094043,3.0,0.0,3.0,"[5, 14]",37.0,66.0,116.0
2.477477477477477,0.7035378836914778,3.0,0.0,1.0,"[17, 5, 14]",18.0,71.0,130.0
2.468468468468469,0.7588967918170579,4.0,2.0,3.0,"[5, 14, 17]",24.0,58.0,136.0
2.391891891891892,0.7754881848947388,2.0,0.0,3.0,"[5, 14]",34.0,61.0,125.0
2.612612612612613,0.6614281979298077,3.0,1.0,3.0,"[5, 14]",13.0,51.0,155.0
2.3963963963963963,0.7524232860796634,4.0,0.0,2.0,"[5, 14, 26, 17]",24.0,74.0,120.0
2.5225225225225225,0.7288104340716506,2.0,0.0,4.0,"[17, 14, 5]",25.0,50.0,145.0
2.5,0.7944946314840734,8.0,0.0,3.0,"[14, 5]",18.0,51.0,145.0
2.414414414414414,0.7364887771624951,0.0,0.0,2.0,"[5, 14]",33.0,64.0,125.0
2.5225225225225225,0.7826957343774226,7.0,0.0,3.0,"[14, 17, 5, 26]",19.0,47.0,149.0
2.3783783783783785,0.8078131370105157,3.0,0.0,3.0,"[5, 14, 17]",37.0,55.0,127.0
2.400900900900901,0.7469994876027846,1.0,1.0,2.0,"[17, 14, 5]",32.0,66.0,123.0
2.40990990990991,0.7172666763901139,3.0,0.0,3.0,"[5, 14]",21.0,80.0,118.0
2.333333333333333,0.7825394712937681,3.0,1.0,3.0,"[17, 14, 5]",34.0,71.0,114.0
2.45945945945946,0.752477462073259,3.0,1.0,1.0,"[5, 14]",26.0,59.0,134.0
2.6531531531531534,0.6391906392231942,3.0,0.0,4.0,"[5, 17, 14]",11.0,46.0,162.0
2.454954954954955,0.7932108686375009,5.0,0.0,2.0,"[5, 14]",27.0,52.0,138.0
2.5,0.6909237046236435,2.0,0.0,2.0,"[17, 14, 5]",19.0,67.0,134.0
2.4324324324324325,0.6875969252498597,2.0,1.0,1.0,"[14, 5]",19.0,82.0,119.0
2.536036036036036,0.6965061862423109,4.0,0.0,3.0,"[5, 17, 14]",14.0,63.0,141.0
2.6531531531531534,0.5952025123742498,2.0,1.0,3.0,"[5, 14]",8.0,55.0,157.0
2.400900900900901,0.7766962747799833,1.0,1.0,3.0,"[14, 5, 17]",37.0,56.0,128.0
2.545045045045045,0.6894471178259466,2.0,1.0,1.0,"[14, 5]",19.0,57.0,144.0
2.40990990990991,0.7660741968667063,3.0,0.0,3.0,"[14, 5]",29.0,64.0,126.0
2.554054054054054,0.7694722624473205,8.0,0.0,3.0,"[5, 14]",14.0,47.0,153.0
2.581081081081081,0.6861280322607652,3.0,1.0,4.0,"[14, 29, 5]",16.0,52.0,151.0
2.518018018018018,0.8111996811826329,8.0,1.0,2.0,"[14, 5, 26]",21.0,41.0,152.0
2.4324324324324325,0.8783120547673888,11.0,0.0,2.0,"[17, 14, 5]",25.0,43.0,143.0
2.400900900900901,0.7996600516967993,3.0,0.0,3.0,"[5, 14, 17]",35.0,54.0,130.0
2.472972972972973,0.7470540569276878,2.0,0.0,2.0,"[14, 5]",28.0,55.0,137.0
2.5225225225225225,0.6839709295884694,1.0,1.0,2.0,"[5, 14, 17]",21.0,61.0,139.0
2.490990990990991,0.7654353801500418,4.0,0.0,2.0,"[5, 17, 14]",25.0,51.0,142.0
2.4504504504504503,0.8042729634870093,8.0,0.0,2.0,"[5, 14]",20.0,58.0,136.0
2.468468468468469,0.7995453438797676,7.0,0.0,3.0,"[14, 17, 5, 29]",22.0,53.0,140.0
2.463963963963964,0.7157305280206909,1.0,0.0,2.0,"[5, 14, 29]",26.0,64.0,131.0
2.400900900900901,0.7469994876027846,2.0,0.0,4.0,"[5, 14]",29.0,69.0,122.0
2.445945945945946,0.7271445154755726,0.0,0.0,3.0,"[14, 5]",31.0,61.0,130.0
2.445945945945946,0.7145905113244179,1.0,1.0,4.0,"[5, 14]",26.0,68.0,127.0
2.3873873873873874,0.7806618745488592,3.0,0.0,3.0,"[5, 17, 14]",32.0,63.0,124.0
2.454954954954955,0.781718577630944,5.0,1.0,2.0,"[14, 29, 17, 5]",25.0,56.0,136.0
2.5045045045045047,0.7414535543665464,5.0,1.0,3.0,"[5, 14, 17]",18.0,59.0,140.0
2.3873873873873874,0.7140626380520981,0.0,0.0,1.0,"[14, 26, 5]",30.0,76.0,116.0
2.5045045045045047,0.7291459564253737,4.0,1.0,3.0,"[5, 14, 26]",19.0,60.0,139.0
2.495495495495496,0.7944818041237258,8.0,0.0,2.0,"[14, 5, 17, 26]",18.0,52.0,144.0
2.315315315315315,0.7488390046448582,2.0,0.0,2.0,"[5, 14]",32.0,82.0,106.0
2.5045045045045047,0.722913585441453,2.0,0.0,4.0,"[17, 14, 5]",24.0,56.0,140.0
2.3783783783783785,0.7616848917246037,2.0,0.0,3.0,"[14, 5]",32.0,68.0,120.0
2.3828828828828827,0.6742012366411708,0.0,1.0,2.0,"[14, 5, 17]",24.0,89.0,109.0
2.3018018018018016,0.745360550123225,2.0,0.0,3.0,"[5, 17, 14]",32.0,85.0,103.0
2.5405405405405403,0.6962574000520986,2.0,1.0,3.0,"[14, 17, 5]",20.0,56.0,144.0
2.572072072072072,0.7066165857853886,2.0,1.0,3.0,"[5, 14]",22.0,45.0,153.0
2.477477477477477,0.7472041020221156,4.0,1.0,3.0,"[14, 5, 17]",22.0,60.0,136.0
2.59009009009009,0.6849982600572353,3.0,0.0,2.0,"[14, 5, 26]",16.0,50.0,153.0
2.495495495495496,0.7166270147434862,1.0,0.0,4.0,"[14, 17, 5]",26.0,57.0,138.0
2.414414414414414,0.7178205887402079,2.0,0.0,1.0,"[5, 14]",24.0,76.0,120.0
2.454954954954955,0.8641935784002261,12.0,0.0,1.0,"[14, 5, 26]",19.0,47.0,144.0
2.4234234234234235,0.7792507080877087,3.0,0.0,3.0,"[14, 5, 26]",31.0,57.0,131.0
2.4234234234234235,0.8133451349760027,4.0,0.0,3.0,"[5, 14]",34.0,48.0,136.0
2.4324324324324325,0.7322144138861606,4.0,0.0,4.0,"[5, 14]",20.0,74.0,124.0
2.599099099099099,0.6567430257716006,2.0,0.0,3.0,"[14, 5, 17]",15.0,53.0,152.0
2.558558558558558,0.661613066298237,1.0,0.0,2.0,"[5, 14, 17, 26]",18.0,59.0,144.0
2.400900900900901,0.7286006541390518,1.0,1.0,2.0,"[14, 5]",29.0,72.0,120.0
2.400900900900901,0.782500400647028,2.0,0.0,3.0,"[5, 14]",35.0,57.0,128.0
2.427927927927928,0.7501036032419736,2.0,1.0,2.0,"[14, 17, 5]",29.0,63.0,128.0
2.490990990990991,0.7228712920678522,2.0,1.0,3.0,"[14, 5]",24.0,59.0,137.0
2.355855855855856,0.7927482050973127,1.0,0.0,3.0,"[14, 17, 5]",41.0,58.0,122.0
2.418918918918919,0.7903276728675162,6.0,0.0,2.0,"[14, 5]",24.0,63.0,129.0
2.3963963963963963,0.7279709516267078,3.0,1.0,2.0,"[5, 14]",23.0,79.0,117.0
2.391891891891892,0.7813012854635483,6.0,1.0,1.0,"[14, 26, 17, 5]",23.0,71.0,122.0
2.400900900900901,0.8329194683843477,9.0,0.0,1.0,"[5, 14]",23.0,60.0,130.0
2.463963963963964,0.6563704936542105,0.0,0.0,2.0,"[5, 14, 26, 17]",20.0,79.0,123.0
2.5765765765765765,0.652867667251238,1.0,1.0,2.0,"[14, 5]",17.0,57.0,147.0
2.495495495495496,0.7166270147434861,1.0,0.0,2.0,"[5, 14]",26.0,57.0,138.0
2.481981981981982,0.6639656260794368,2.0,1.0,1.0,"[5, 14]",15.0,79.0,126.0
2.373873873873874,0.7489614784736355,2.0,0.0,4.0,"[17, 14, 5]",30.0,73.0,117.0
2.427927927927928,0.7066165857853886,1.0,0.0,2.0,"[14, 5, 17, 26]",25.0,74.0,122.0
2.5495495495495497,0.7519355264883228,6.0,0.0,2.0,"[14, 5]",17.0,48.0,151.0
2.436936936936937,0.7509183430946437,1.0,0.0,3.0,"[5, 17, 29, 14]",32.0,58.0,131.0
2.509009009009009,0.7474904681121162,4.0,0.0,3.0,"[5, 14]",22.0,53.0,143.0
2.3828828828828827,0.7133343886442182,0.0,0.0,3.0,"[14, 5]",30.0,77.0,115.0
2.40990990990991,0.7481446075712909,2.0,1.0,4.0,"[17, 5, 14]",29.0,67.0,124.0
2.333333333333333,0.7348263972446017,0.0,0.0,1.0,"[14, 5, 17]",35.0,78.0,109.0
2.5045045045045047,0.7038854528606544,1.0,1.0,4.0,"[14, 5]",24.0,59.0,138.0
2.5945945945945947,0.657409951211989,2.0,0.0,4.0,"[14, 17, 5]",15.0,54.0,151.0
2.3378378378378377,0.8174072301608825,4.0,0.0,2.0,"[5, 14, 17]",37.0,61.0,120.0
2.414414414414414,0.7841007007595109,3.0,0.0,3.0,"[14, 5]",32.0,57.0,130.0
2.4324324324324325,0.7070635423213597,0.0,0.0,1.0,"[17, 14, 5, 26]",28.0,70.0,124.0
2.364864864864865,0.7653288588566685,2.0,1.0,3.0,"[5, 14]",33.0,69.0,118.0
2.5045045045045047,0.8333965162953845,10.0,0.0,3.0,"[14, 5, 17]",19.0,42.0,151.0
2.3063063063063063,0.8048809562386892,2.0,0.0,4.0,"[5, 14, 17]",42.0,64.0,114.0
2.581081081081081,0.6795012162596721,3.0,0.0,2.0,"[14, 5]",15.0,54.0,150.0
2.4414414414414414,0.7267940472053389,3.0,0.0,2.0,"[14, 5, 17, 26]",22.0,71.0,126.0
2.427927927927928,0.7255730980224996,0.0,0.0,5.0,"[14, 5, 17, 26]",31.0,65.0,126.0
2.436936936936937,0.7448681656778928,5.0,0.0,1.0,"[5, 14, 17]",19.0,72.0,126.0
2.414414414414414,0.69865375999301,1.0,1.0,3.0,"[5, 14, 17]",24.0,79.0,118.0
2.3783783783783785,0.790830413590551,4.0,0.0,3.0,"[14, 5]",31.0,64.0,123.0
2.3963963963963963,0.7761055962029545,3.0,0.0,2.0,"[14, 5, 17]",31.0,63.0,125.0
2.355855855855856,0.787019658540595,2.0,0.0,3.0,"[14, 5]",37.0,63.0,120.0
2.418918918918919,0.7183457005038105,2.0,0.0,3.0,"[5, 17, 14]",24.0,75.0,121.0
2.436936936936937,0.7509183430946437,2.0,1.0,2.0,"[14, 5]",29.0,61.0,130.0
2.315315315315315,0.7900052348985384,2.0,0.0,2.0,"[14, 5]",39.0,68.0,113.0
2.3828828828828827,0.7915131135022021,4.0,0.0,2.0,"[14, 5, 26]",31.0,63.0,124.0
2.454954954954955,0.7522200913529667,4.0,1.0,2.0,"[14, 5, 17]",23.0,63.0,132.0
2.558558558558558,0.7329934248059613,8.0,0.0,2.0,"[14, 5, 17]",8.0,58.0,148.0
2.536036036036036,0.6632284664393773,2.0,0.0,1.0,"[5, 17, 14]",15.0,67.0,138.0
2.436936936936937,0.8089351615256727,5.0,0.0,2.0,"[14, 5]",30.0,50.0,137.0
2.418918918918919,0.7246173605344868,2.0,0.0,2.0,"[17, 5, 14]",25.0,73.0,122.0
2.400900900900901,0.8164591352582785,4.0,0.0,1.0,"[14, 5]",35.0,51.0,132.0
2.283783783783784,0.7990991013969991,3.0,0.0,3.0,"[14, 5, 17]",39.0,72.0,108.0
2.445945945945946,0.7811447434292254,5.0,0.0,2.0,"[14, 17, 5]",25.0,58.0,134.0
2.418918918918919,0.7183457005038106,0.0,0.0,3.0,"[5, 14]",30.0,69.0,123.0
2.4864864864864864,0.7165132373331089,4.0,2.0,2.0,"[14, 5]",17.0,68.0,133.0
2.545045045045045,0.6894471178259466,4.0,0.0,1.0,"[5, 14]",13.0,63.0,142.0
2.4234234234234235,0.718842074797124,2.0,1.0,3.0,"[14, 5]",24.0,74.0,122.0
2.5765765765765765,0.69970322797002,3.0,0.0,2.0,"[17, 14, 5]",18.0,49.0,152.0
2.5045045045045047,0.7535601640175106,6.0,1.0,3.0,"[14, 5]",17.0,58.0,141.0
2.4234234234234235,0.7435946634566837,1.0,0.0,5.0,"[14, 17, 5]",31.0,63.0,127.0
2.4504504504504503,0.7579292907329334,2.0,0.0,2.0,"[5, 14, 17]",30.0,56.0,134.0
2.509009009009009,0.6908647017452589,1.0,1.0,4.0,"[5, 17, 14]",22.0,62.0,137.0
2.5315315315315314,0.6836132353621818,1.0,0.0,3.0,"[5, 26, 14]",21.0,59.0,141.0
2.3783783783783785,0.6867070621550707,1.0,1.0,1.0,"[5, 17, 14, 26]",23.0,89.0,109.0
2.40990990990991,0.7172666763901139,1.0,1.0,1.0,"[5, 14, 17, 26]",27.0,74.0,120.0
2.45945945945946,0.7280269472386229,3.0,1.0,2.0,"[5, 14, 17]",22.0,67.0,130.0
2.4234234234234235,0.8021413597850566,5.0,1.0,1.0,"[17, 5, 14]",29.0,55.0,133.0
2.481981981981982,0.7533572759283897,5.0,1.0,3.0,"[5, 14]",20.0,60.0,137.0
2.509009009009009,0.7414123185939214,4.0,1.0,3.0,"[14, 5, 29]",21.0,55.0,142.0
2.355855855855856,0.7812491082706583,7.0,1.0,2.0,"[14, 5]",21.0,80.0,114.0
2.3063063063063063,0.7820704947081704,3.0,0.0,3.0,"[5, 14, 29, 17]",35.0,75.0,109.0
2.545045045045045,0.7152177453762799,4.0,1.0,3.0,"[14, 5]",17.0,55.0,146.0
2.5315315315315314,0.7031901427276396,1.0,0.0,3.0,"[5, 17, 14]",24.0,53.0,144.0
2.5135135135135136,0.6708522959519326,2.0,0.0,2.0,"[14, 17, 5]",16.0,70.0,134.0
2.5225225225225225,0.6970765955283732,4.0,1.0,4.0,"[5, 14]",14.0,66.0,138.0
2.463963963963964,0.8105964278426563,7.0,2.0,2.0,"[14, 5, 29]",24.0,50.0,141.0
2.59009009009009,0.6580452273657301,2.0,2.0,2.0,"[5, 17, 14]",15.0,55.0,150.0
2.4324324324324325,0.756529604791034,2.0,0.0,2.0,"[14, 17, 5]",30.0,60.0,130.0
2.5,0.7166412356496688,1.0,0.0,4.0,"[17, 5, 14]",26.0,56.0,139.0
2.463963963963964,0.7527076665443986,2.0,1.0,3.0,"[5, 14, 17]",29.0,55.0,136.0
2.5315315315315314,0.7346599523640843,3.0,1.0,3.0,"[14, 17, 5]",23.0,49.0,147.0
2.454954954954955,0.7088629271907744,4.0,0.0,1.0,"[5, 14]",16.0,77.0,125.0
2.468468468468469,0.7529107296848458,4.0,1.0,2.0,"[14, 5]",23.0,60.0,135.0
2.333333333333333,0.7649958842149164,1.0,0.0,3.0,"[14, 17, 5]",37.0,71.0,113.0
2.418918918918919,0.6926914539747735,0.0,0.0,3.0,"[5, 14]",26.0,77.0,119.0
2.472972972972973,0.8165090624359231,7.0,0.0,2.0,"[5, 14, 17]",25.0,46.0,144.0
2.472972972972973,0.7470540569276878,4.0,1.0,2.0,"[14, 5]",22.0,61.0,135.0
2.418918918918919,0.743114823196883,2.0,1.0,3.0,"[14, 26, 5]",28.0,67.0,125.0
2.581081081081081,0.730835202315558,6.0,0.0,2.0,"[14, 5, 17]",14.0,47.0,155.0
2.391891891891892,0.7870714531874783,5.0,0.0,1.0,"[5, 14, 26]",27.0,66.0,124.0
2.468468468468469,0.6836132353621817,2.0,0.0,2.0,"[14, 5, 26]",18.0,76.0,126.0
2.3783783783783785,0.7188987814650465,1.0,0.0,3.0,"[5, 14, 17]",28.0,79.0,114.0
2.427927927927928,0.7738569057772997,5.0,0.0,2.0,"[5, 14]",24.0,64.0,129.0
2.5405405405405403,0.7154884264572533,2.0,1.0,2.0,"[5, 14, 17, 26]",23.0,50.0,147.0
2.621621621621621,0.725165658141355,6.0,1.0,3.0,"[14, 5, 17, 29]",14.0,38.0,164.0
2.391891891891892,0.7457432910412644,3.0,0.0,2.0,"[14, 5]",26.0,74.0,119.0
2.454954954954955,0.7215165951360961,1.0,0.0,3.0,"[5, 14]",27.0,64.0,130.0
2.495495495495496,0.7414535543665464,1.0,1.0,3.0,"[17, 5, 14]",30.0,49.0,142.0
2.671171171171171,0.5825342337268948,1.0,1.0,2.0,"[5, 17, 14]",10.0,50.0,161.0
2.310810810810811,0.7946485436574436,5.0,0.0,1.0,"[14, 5]",31.0,76.0,110.0
2.572072072072072,0.6805203187887743,3.0,0.0,3.0,"[5, 17, 14]",15.0,56.0,148.0
2.364864864864865,0.735173036380259,0.0,0.0,1.0,"[5, 14]",34.0,73.0,115.0
2.364864864864865,0.7770635815106525,4.0,0.0,1.0,"[14, 5, 17, 26]",29.0,71.0,118.0
2.630630630630631,0.65809168690904,3.0,0.0,3.0,"[5, 17, 14]",13.0,47.0,159.0
2.40990990990991,0.800729865584459,6.0,2.0,3.0,"[14, 5]",26.0,61.0,129.0
2.527027027027027,0.6903924971863556,2.0,1.0,3.0,"[5, 14]",19.0,61.0,140.0
2.391891891891892,0.7517864257145856,1.0,0.0,3.0,"[5, 14]",33.0,66.0,122.0
2.481981981981982,0.7770111197511067,7.0,0.0,4.0,"[14, 5, 17]",18.0,58.0,139.0
2.45945945945946,0.7027262204322281,1.0,0.0,2.0,"[14, 5, 17]",24.0,69.0,128.0
2.3963963963963963,0.7463853077863087,1.0,0.0,4.0,"[14, 5]",32.0,67.0,122.0
2.436936936936937,0.7687832459562144,2.0,0.0,2.0,"[14, 5]",32.0,55.0,133.0
2.5765765765765765,0.6997032279700202,4.0,1.0,2.0,"[5, 14]",15.0,52.0,151.0
2.626126126126126,0.6450945017180941,3.0,0.0,2.0,"[14, 5, 17]",11.0,52.0,156.0
2.490990990990991,0.7414123185939215,2.0,0.0,3.0,"[14, 5]",27.0,53.0,140.0
2.4324324324324325,0.7197488453560322,4.0,0.0,2.0,"[5, 17, 14]",18.0,78.0,122.0
2.5315315315315314,0.6836132353621818,1.0,1.0,2.0,"[5, 14, 17]",21.0,59.0,141.0
2.545045045045045,0.6626750585738687,1.0,0.0,3.0,"[5, 14, 17]",18.0,62.0,141.0
2.445945945945946,0.7516237365922058,5.0,0.0,3.0,"[5, 17, 14]",20.0,68.0,129.0
2.490990990990991,0.7654353801500418,5.0,1.0,2.0,"[17, 5, 14]",22.0,54.0,141.0
2.3063063063063063,0.7992393758818759,3.0,0.0,4.0,"[17, 14, 5]",38.0,69.0,112.0
2.3828828828828827,0.7799958085365829,3.0,1.0,2.0,"[5, 14, 17]",32.0,64.0,123.0
2.3423423423423424,0.7844125737718137,6.0,0.0,3.0,"[14, 17, 8, 5, 26]",25.0,78.0,113.0
2.554054054054054,0.7635691120783644,5.0,1.0,3.0,"[5, 14]",22.0,40.0,155.0
2.3873873873873874,0.7450733654078651,2.0,0.0,2.0,"[14, 17, 5]",29.0,72.0,119.0
2.436936936936937,0.7138485241716679,0.0,0.0,3.0,"[5, 14, 17, 29]",29.0,67.0,126.0
2.5,0.6974419971341816,3.0,1.0,1.0,"[5, 14, 17]",17.0,68.0,134.0
2.315315315315315,0.8453437222359056,6.0,1.0,2.0,"[17, 5, 14]",37.0,60.0,119.0
2.5315315315315314,0.7407935065612108,4.0,1.0,2.0,"[5, 17, 26, 14]",21.0,50.0,147.0
2.5045045045045047,0.6641958206846169,1.0,0.0,2.0,"[17, 14, 5]",18.0,71.0,132.0
2.436936936936937,0.7687832459562145,3.0,1.0,2.0,"[5, 14, 17]",29.0,58.0,132.0
2.4504504504504503,0.6891366326344218,1.0,0.0,2.0,"[5, 29, 14, 17]",22.0,75.0,124.0
2.436936936936937,0.7628747639732993,3.0,0.0,2.0,"[5, 14, 17]",28.0,60.0,131.0
2.369369369369369,0.78938578480206,2.0,1.0,2.0,"[14, 17, 5]",37.0,60.0,123.0
2.4054054054054053,0.8601628634420679,9.0,1.0,2.0,"[14, 5]",28.0,49.0,136.0
2.509009009009009,0.7291040245750274,2.0,1.0,3.0,"[5, 14]",25.0,53.0,142.0
2.4234234234234235,0.7251094415702297,2.0,0.0,4.0,"[14, 5]",25.0,72.0,123.0
2.369369369369369,0.7836326585153964,3.0,0.0,2.0,"[14, 29, 5]",33.0,65.0,121.0
2.279279279279279,0.8035123256035115,5.0,0.0,1.0,"[14, 17, 5]",34.0,77.0,106.0
2.3963963963963963,0.8103323632877314,4.0,0.0,3.0,"[5, 14]",34.0,54.0,130.0
2.477477477477477,0.7768930678394271,8.0,2.0,2.0,"[14, 17, 5]",15.0,62.0,137.0
2.509009009009009,0.7535195907699591,4.0,0.0,4.0,"[5, 26, 14]",23.0,51.0,144.0
2.369369369369369,0.7109731770074275,0.0,0.0,2.0,"[14, 17, 5]",30.0,80.0,112.0
2.36036036036036,0.7343269494222812,1.0,0.0,2.0,"[17, 14, 5]",31.0,77.0,113.0
2.5495495495495497,0.702145886515062,4.0,0.0,3.0,"[14, 5]",15.0,58.0,145.0
2.5045045045045047,0.722913585441453,3.0,0.0,4.0,"[14, 5]",21.0,59.0,139.0
2.391891891891892,0.8317930406464685,6.0,2.0,2.0,"[14, 5, 17]",32.0,53.0,131.0
2.3963963963963963,0.7702532847718907,2.0,1.0,2.0,"[17, 5, 26, 14]",33.0,62.0,125.0
2.3873873873873874,0.7012744851701147,2.0,0.0,2.0,"[5, 14, 8]",22.0,86.0,112.0
2.3828828828828827,0.8028652168061973,5.0,0.0,2.0,"[5, 14, 17]",30.0,62.0,125.0
2.454954954954955,0.8157098608863834,7.0,0.0,3.0,"[14, 26, 17, 5]",25.0,50.0,140.0
2.6531531531531534,0.6248720875181124,3.0,0.0,2.0,"[14, 5, 26]",9.0,50.0,160.0
2.445945945945946,0.6687983123373594,2.0,1.0,2.0,"[17, 5, 14]",16.0,85.0,119.0
2.369369369369369,0.7661141052251549,1.0,0.0,3.0,"[17, 14, 5]",36.0,65.0,120.0
2.3828828828828827,0.7382716607354267,2.0,0.0,2.0,"[14, 5, 17]",28.0,75.0,117.0
2.40990990990991,0.8119531175814388,4.0,0.0,2.0,"[5, 14, 17]",34.0,51.0,133.0
2.445945945945946,0.6821955218972142,1.0,0.0,3.0,"[5, 14]",21.0,78.0,122.0
2.490990990990991,0.7038420161008276,3.0,0.0,1.0,"[17, 5, 14]",18.0,68.0,133.0
2.400900900900901,0.7409173103141583,1.0,0.0,3.0,"[14, 5]",31.0,68.0,122.0
2.558558558558558,0.7329934248059614,5.0,0.0,2.0,"[14, 17, 5]",17.0,49.0,151.0
2.5225225225225225,0.7532355168433922,8.0,1.0,2.0,"[14, 5]",11.0,60.0,143.0
2.5765765765765765,0.638855729747148,2.0,1.0,1.0,"[5, 14, 17]",12.0,64.0,144.0
2.351351351351352,0.8630016924911037,7.0,0.0,2.0,"[5, 14]",36.0,51.0,128.0
2.3783783783783785,0.7375396797860417,1.0,0.0,3.0,"[14, 5]",31.0,73.0,117.0
2.391891891891892,0.7577813692908847,5.0,0.0,1.0,"[14, 5]",22.0,76.0,119.0
2.527027027027027,0.7590713480849013,5.0,0.0,2.0,"[5, 14, 17]",21.0,48.0,148.0
2.436936936936937,0.8255455268000271,9.0,1.0,4.0,"[14, 26, 17, 5]",21.0,56.0,136.0
2.436936936936937,0.7201593498787088,0.0,0.0,3.0,"[14, 5, 17]",30.0,65.0,127.0
2.563063063063063,0.7509183430946437,7.0,0.0,2.0,"[5, 14, 17, 26]",14.0,48.0,153.0
2.3423423423423424,0.812743474086136,3.0,0.0,3.0,"[5, 14]",39.0,59.0,121.0
2.518018018018018,0.7164136672763212,3.0,0.0,2.0,"[5, 14]",20.0,58.0,141.0
2.509009009009009,0.7474904681121162,5.0,1.0,3.0,"[14, 17, 5]",19.0,56.0,142.0
2.4414414414414414,0.7512846877687184,3.0,2.0,2.0,"[14, 5, 17]",26.0,63.0,130.0
2.644144144144144,0.6270212109952518,2.0,0.0,5.0,"[5, 14, 26]",12.0,49.0,159.0
2.545045045045045,0.7641561446107581,6.0,1.0,2.0,"[5, 14]",19.0,45.0,152.0
2.4414414414414414,0.7205413335107573,1.0,1.0,4.0,"[14, 17, 5]",27.0,67.0,127.0
2.554054054054054,0.7018119772158214,3.0,0.0,2.0,"[5, 14, 17]",18.0,54.0,147.0
2.5675675675675675,0.7322144138861606,6.0,1.0,2.0,"[5, 17, 14, 32]",14.0,50.0,152.0
2.40990990990991,0.671656957657797,0.0,0.0,1.0,"[14, 5, 17]",23.0,85.0,114.0
2.4504504504504503,0.7579292907329334,1.0,1.0,4.0,"[14, 26, 5]",33.0,53.0,135.0
2.5495495495495497,0.6554848813362742,1.0,0.0,4.0,"[14, 5]",17.0,63.0,141.0
2.463963963963964,0.7993541276055077,8.0,0.0,4.0,"[5, 14, 17, 26]",19.0,57.0,138.0
2.5,0.7654886352381288,7.0,0.0,4.0,"[5, 14]",16.0,58.0,141.0
2.400900900900901,0.7825004006470281,3.0,0.0,4.0,"[5, 14, 17]",32.0,60.0,127.0
2.391891891891892,0.7147616297443333,2.0,0.0,1.0,"[14, 5]",24.0,81.0,115.0
2.472972972972973,0.7590713480849012,5.0,1.0,2.0,"[14, 17, 5]",21.0,60.0,136.0
2.4054054054054053,0.7166838966751345,2.0,0.0,2.0,"[5, 14, 17]",24.0,78.0,118.0
2.3423423423423424,0.8071568502552311,5.0,0.0,3.0,"[14, 5]",32.0,67.0,118.0
2.563063063063063,0.7201593498787087,2.0,0.0,4.0,"[5, 14, 29]",24.0,43.0,153.0
2.59009009009009,0.7235476893856938,7.0,0.0,2.0,"[17, 5, 14]",10.0,50.0,155.0
2.45945945945946,0.7280269472386229,1.0,0.0,3.0,"[14, 17, 5]",28.0,61.0,132.0
2.4414414414414414,0.7980143307741971,5.0,2.0,3.0,"[5, 14]",28.0,53.0,136.0
2.5675675675675675,0.7322144138861607,4.0,0.0,3.0,"[14, 32, 5, 17]",20.0,44.0,154.0
2.603603603603604,0.7090785465273408,6.0,0.0,3.0,"[5, 14, 17, 26]",11.0,48.0,157.0
2.626126126126126,0.6792612052260872,5.0,1.0,4.0,"[5, 14]",10.0,48.0,159.0
2.3828828828828827,0.8573740688368312,5.0,0.0,1.0,"[5, 17, 14]",40.0,42.0,135.0
2.5675675675675675,0.7444712858223385,6.0,1.0,3.0,"[14, 5, 17]",16.0,46.0,154.0
2.45945945945946,0.7403531477726699,4.0,1.0,2.0,"[17, 14, 5]",21.0,66.0,131.0
2.391891891891892,0.7335076745486333,0.0,2.0,2.0,"[5, 14]",33.0,69.0,120.0
2.572072072072072,0.6936911789807386,2.0,0.0,3.0,"[5, 14]",20.0,49.0,151.0
2.509009009009009,0.800118718515806,8.0,1.0,2.0,"[17, 14, 5]",19.0,47.0,148.0
2.599099099099099,0.6837473926255673,4.0,0.0,2.0,"[5, 17, 14]",13.0,51.0,154.0
2.5765765765765765,0.6800259450673171,3.0,0.0,2.0,"[5, 14, 17]",15.0,55.0,149.0
2.463963963963964,0.7093803034939163,3.0,1.0,3.0,"[14, 5]",19.0,72.0,128.0
2.527027027027027,0.7224200086857316,3.0,0.0,3.0,"[5, 14, 29]",21.0,54.0,144.0
2.5045045045045047,0.7595411078735328,2.0,0.0,2.0,"[5, 14]",30.0,44.0,146.0
2.4234234234234235,0.8243966618688143,8.0,0.0,2.0,"[14, 5, 26]",24.0,56.0,134.0
2.36036036036036,0.816047119489444,6.0,1.0,2.0,"[5, 17, 14]",30.0,64.0,122.0
2.436936936936937,0.7509183430946437,1.0,0.0,2.0,"[14, 5]",32.0,58.0,131.0
2.40990990990991,0.7045366828976388,1.0,1.0,1.0,"[14, 5]",25.0,78.0,118.0
2.3963963963963963,0.7584131955540958,2.0,1.0,3.0,"[5, 17, 14]",31.0,66.0,123.0
2.5135135135135136,0.7653688060790177,6.0,0.0,4.0,"[5, 14]",19.0,52.0,145.0
2.328828828828829,0.8265818387665632,2.0,0.0,3.0,"[14, 5, 17]",45.0,53.0,122.0
2.454954954954955,0.8157098608863834,6.0,0.0,3.0,"[5, 17, 14]",28.0,47.0,141.0
2.477477477477477,0.6905548539238364,2.0,0.0,2.0,"[5, 14]",19.0,72.0,129.0
2.445945945945946,0.661998042919799,1.0,0.0,2.0,"[5, 14]",18.0,84.0,119.0
2.59009009009009,0.7045366828976389,5.0,0.0,2.0,"[14, 5, 17]",13.0,50.0,154.0
2.427927927927928,0.7317828190997817,2.0,0.0,5.0,"[14, 5]",26.0,69.0,125.0
2.4054054054054053,0.7229699727575902,1.0,0.0,2.0,"[5, 14]",28.0,73.0,120.0
2.4324324324324325,0.6743070399319205,1.0,0.0,2.0,"[5, 14, 17]",20.0,83.0,118.0
2.527027027027027,0.7033785237569629,4.0,1.0,3.0,"[5, 14, 17]",15.0,63.0,140.0
2.5225225225225225,0.7349928044323726,3.0,0.0,2.0,"[5, 17, 14, 29]",23.0,51.0,145.0
2.3783783783783785,0.7125767918170451,0.0,0.0,2.0,"[5, 17, 14, 29]",30.0,78.0,114.0
2.427927927927928,0.6936911789807386,2.0,0.0,1.0,"[14, 5, 17]",20.0,81.0,119.0
2.4324324324324325,0.7916032373981393,3.0,0.0,4.0,"[5, 8, 26, 14]",33.0,51.0,135.0
2.445945945945946,0.6887964168404687,1.0,0.0,3.0,"[5, 14]",22.0,76.0,123.0
2.36036036036036,0.7645161459551485,3.0,0.0,3.0,"[5, 14, 29]",30.0,73.0,116.0
2.40990990990991,0.7660741968667063,2.0,0.0,3.0,"[14, 5, 17]",32.0,61.0,127.0
2.3963963963963963,0.7584131955540957,5.0,1.0,2.0,"[14, 5]",22.0,75.0,120.0
2.391891891891892,0.7927996254907699,6.0,0.0,2.0,"[17, 14, 5]",25.0,67.0,124.0
2.3783783783783785,0.7497094949180043,2.0,0.0,2.0,"[14, 5, 29]",30.0,72.0,118.0
2.5135135135135136,0.7413435872091945,3.0,1.0,4.0,"[5, 14, 17]",24.0,51.0,144.0
2.4054054054054053,0.800207873200858,5.0,0.0,2.0,"[14, 5, 17]",29.0,59.0,129.0
2.45945945945946,0.770306206774411,3.0,0.0,2.0,"[5, 17, 14]",29.0,53.0,137.0
2.3963963963963963,0.7819141066723373,3.0,0.0,2.0,"[5, 17, 14]",32.0,61.0,126.0
2.391891891891892,0.8479557675579935,8.0,0.0,2.0,"[14, 5, 17]",29.0,53.0,132.0
2.563063063063063,0.7448681656778928,5.0,0.0,4.0,"[14, 5, 17]",19.0,44.0,154.0
2.3873873873873874,0.7140626380520981,2.0,0.0,2.0,"[14, 5, 26]",24.0,82.0,114.0
2.5135135135135136,0.7594337598258092,6.0,0.0,2.0,"[14, 5, 17]",18.0,54.0,144.0
2.4414414414414414,0.7452374845108669,2.0,1.0,3.0,"[5, 17, 14]",28.0,62.0,130.0
2.369369369369369,0.748185472298127,0.0,1.0,2.0,"[5, 14]",36.0,68.0,118.0
2.454954954954955,0.7700547948698416,2.0,0.0,4.0,"[14, 5]",32.0,51.0,137.0
2.3828828828828827,0.8140590297199426,3.0,2.0,3.0,"[5, 14, 17]",38.0,52.0,129.0
2.36036036036036,0.7585744285635114,2.0,0.0,2.0,"[17, 29, 5, 14]",32.0,72.0,116.0
2.400900900900901,0.7347847895591677,3.0,0.0,3.0,"[14, 5]",24.0,76.0,119.0
2.509009009009009,0.777168494405654,6.0,0.0,3.0,"[5, 14, 17, 32]",21.0,49.0,146.0
2.472972972972973,0.753086673449858,6.0,0.0,2.0,"[14, 32, 5]",17.0,65.0,134.0
2.472972972972973,0.7097824465554078,0.0,0.0,2.0,"[14, 5]",28.0,61.0,133.0
2.454954954954955,0.832185014533578,7.0,0.0,2.0,"[14, 5]",28.0,44.0,143.0
2.3783783783783785,0.7676025325890851,5.0,1.0,1.0,"[5, 17, 14]",24.0,75.0,118.0
2.328828828828829,0.7987419279094043,2.0,1.0,2.0,"[5, 14, 17]",40.0,63.0,117.0
2.36036036036036,0.7585744285635114,3.0,0.0,1.0,"[14, 5, 17]",29.0,75.0,115.0
2.3423423423423424,0.8071568502552311,2.0,0.0,1.0,"[17, 5, 14]",41.0,58.0,121.0
2.5315315315315314,0.7529107296848458,9.0,0.0,2.0,"[14, 17, 5]",8.0,61.0,144.0
2.477477477477477,0.6773230091813349,0.0,0.0,4.0,"[14, 5]",23.0,70.0,129.0
2.4414414414414414,0.7512846877687184,2.0,0.0,1.0,"[17, 14, 5]",29.0,60.0,131.0
2.369369369369369,0.777836981466073,4.0,1.0,1.0,"[5, 14]",29.0,70.0,119.0
2.351351351351352,0.8088721677038643,2.0,0.0,3.0,"[5, 14, 17]",41.0,56.0,123.0
2.4054054054054053,0.7229699727575902,1.0,0.0,3.0,"[14, 5]",28.0,73.0,120.0
2.527027027027027,0.7590713480849012,9.0,0.0,1.0,"[14, 5, 17]",9.0,60.0,144.0
2.5315315315315314,0.7031901427276395,4.0,0.0,1.0,"[5, 26, 14, 17]",15.0,62.0,141.0
2.554054054054054,0.7208948415896378,5.0,1.0,2.0,"[14, 5, 29]",15.0,54.0,148.0
2.5405405405405403,0.7280269472386229,3.0,0.0,3.0,"[5, 14, 17]",22.0,49.0,148.0
2.4414414414414414,0.7632353697170048,4.0,0.0,3.0,"[5, 14]",25.0,62.0,131.0
2.445945945945946,0.8370692012872479,9.0,0.0,3.0,"[17, 5, 29, 14]",23.0,50.0,140.0
2.3963963963963963,0.7934035654851266,2.0,0.0,2.0,"[14, 5, 26]",37.0,54.0,129.0
2.400900900900901,0.7530325412852215,2.0,1.0,3.0,"[5, 14]",30.0,67.0,123.0
2.581081081081081,0.6728091327729712,3.0,0.0,1.0,"[14, 17, 5]",14.0,56.0,149.0
2.40990990990991,0.7660741968667063,1.0,0.0,2.0,"[14, 17, 5]",35.0,58.0,128.0
2.346846846846846,0.7910494569913453,1.0,0.0,3.0,"[14, 5]",41.0,60.0,120.0
2.3783783783783785,0.7676025325890851,4.0,0.0,3.0,"[17, 14, 5]",27.0,72.0,119.0
2.364864864864865,0.6972666282611216,0.0,1.0,1.0,"[17, 5, 14]",28.0,85.0,109.0
2.436936936936937,0.7569201620723688,2.0,1.0,1.0,"[5, 17, 14]",30.0,59.0,131.0
2.472972972972973,0.7767487578042191,5.0,2.0,3.0,"[14, 5]",24.0,54.0,139.0
2.4234234234234235,0.7435946634566837,1.0,0.0,2.0,"[5, 14, 26]",31.0,63.0,127.0
2.3828828828828827,0.8359971285185128,8.0,0.0,2.0,"[14, 26, 5]",27.0,59.0,128.0
2.4324324324324325,0.8468373061077175,9.0,0.0,3.0,"[14, 5, 17, 29]",25.0,49.0,139.0
2.5405405405405403,0.7524774620732592,4.0,0.0,3.0,"[17, 14, 5]",23.0,44.0,151.0
2.373873873873874,0.8182545944296843,5.0,1.0,2.0,"[17, 5, 14]",33.0,58.0,126.0
2.6171171171171173,0.6808796378539603,4.0,1.0,4.0,"[5, 14]",13.0,47.0,158.0
2.536036036036036,0.7344518432189718,5.0,0.0,3.0,"[26, 14, 5, 17]",17.0,54.0,146.0
2.427927927927928,0.802560514476944,6.0,0.0,2.0,"[5, 14, 17]",26.0,57.0,133.0
2.369369369369369,0.8119907710498862,4.0,0.0,1.0,"[5, 14, 29, 17]",35.0,58.0,125.0
2.4414414414414414,0.7205413335107572,4.0,0.0,2.0,"[14, 17, 5, 26]",18.0,76.0,124.0
2.5945945945945947,0.6843880032373261,3.0,0.0,2.0,"[14, 5, 32, 17]",16.0,49.0,154.0
2.477477477477477,0.7288104340716506,4.0,0.0,2.0,"[14, 5, 17]",19.0,66.0,133.0
2.59009009009009,0.6915724040453725,5.0,1.0,4.0,"[5, 14]",11.0,54.0,152.0
2.4234234234234235,0.7061404824730856,4.0,0.0,2.0,"[14, 5, 17]",16.0,84.0,118.0
2.495495495495496,0.7291459564253736,3.0,0.0,3.0,"[5, 14, 17]",22.0,59.0,138.0
2.5675675675675675,0.7197488453560322,6.0,0.0,3.0,"[14, 5]",12.0,54.0,150.0
2.4504504504504503,0.8098794808808483,4.0,1.0,4.0,"[14, 5]",33.0,44.0,141.0
2.554054054054054,0.7208948415896378,6.0,0.0,3.0,"[5, 14]",12.0,57.0,147.0
2.3873873873873874,0.7921694956797131,0.0,0.0,3.0,"[14, 5]",43.0,50.0,129.0
2.4324324324324325,0.7444712858223386,1.0,0.0,1.0,"[5, 14, 17]",31.0,61.0,129.0
2.333333333333333,0.794019881139032,2.0,1.0,4.0,"[5, 17, 14]",39.0,64.0,117.0
2.3783783783783785,0.8189393212186618,7.0,0.0,2.0,"[14, 5]",27.0,63.0,125.0
2.418918918918919,0.8294373073293583,7.0,0.0,1.0,"[14, 5, 17]",28.0,52.0,135.0
2.599099099099099,0.6285795947030199,1.0,0.0,3.0,"[5, 14, 26]",14.0,58.0,149.0
2.481981981981982,0.8277646066471878,9.0,0.0,2.0,"[5, 32, 14]",21.0,46.0,146.0
2.6531531531531534,0.6175883353849774,2.0,0.0,3.0,"[14, 5]",11.0,49.0,160.0
2.436936936936937,0.7976694478549707,5.0,1.0,3.0,"[5, 14, 17]",28.0,54.0,135.0
2.36036036036036,0.7343269494222812,1.0,0.0,3.0,"[14, 17, 5]",31.0,77.0,113.0
2.490990990990991,0.7474904681121162,4.0,1.0,4.0,"[5, 14, 17]",22.0,57.0,139.0
2.391891891891892,0.7273126802593832,1.0,0.0,1.0,"[14, 5]",29.0,74.0,118.0
2.509009009009009,0.735283926389771,5.0,1.0,2.0,"[5, 14, 17]",17.0,60.0,140.0
2.463963963963964,0.7936732624728556,5.0,0.0,3.0,"[14, 5, 17]",27.0,50.0,140.0
2.536036036036036,0.734451843218972,3.0,1.0,4.0,"[14, 5]",23.0,48.0,148.0
2.621621621621621,0.6529301037901127,3.0,0.0,3.0,"[5, 14, 17]",12.0,51.0,156.0
2.4504504504504503,0.6554848813362742,0.0,0.0,2.0,"[5, 14]",20.0,82.0,120.0
2.689189189189189,0.5846995363055291,2.0,0.0,2.0,"[14, 5, 17]",8.0,47.0,165.0
2.40990990990991,0.811953117581439,6.0,1.0,3.0,"[14, 17, 5]",28.0,57.0,131.0
2.418918918918919,0.7903276728675162,4.0,0.0,1.0,"[5, 14]",30.0,57.0,131.0
2.518018018018018,0.7036682422484299,3.0,0.0,3.0,"[14, 5, 29]",18.0,62.0,139.0
2.518018018018018,0.7593398178351377,6.0,0.0,3.0,"[14, 5]",18.0,53.0,145.0
2.621621621621621,0.6867070621550706,3.0,0.0,2.0,"[14, 5]",17.0,41.0,161.0
2.5315315315315314,0.7648360048963955,7.0,0.0,2.0,"[5, 17, 14]",16.0,51.0,148.0
2.468468468468469,0.7529107296848457,3.0,2.0,2.0,"[5, 14, 29]",26.0,57.0,136.0
2.5315315315315314,0.7284747571823903,4.0,1.0,2.0,"[5, 14, 26]",19.0,54.0,145.0
2.5,0.7353393651236498,3.0,0.0,3.0,"[14, 17, 5]",23.0,56.0,140.0
2.418918918918919,0.7845814532249201,3.0,0.0,3.0,"[5, 26, 14]",32.0,56.0,131.0
2.4234234234234235,0.8298672362830698,6.0,0.0,4.0,"[5, 14]",31.0,48.0,137.0
2.369369369369369,0.8606840163910875,5.0,0.0,2.0,"[14, 5, 29]",41.0,43.0,133.0
2.369369369369369,0.7542090391354558,4.0,2.0,1.0,"[17, 5, 14, 29]",25.0,78.0,115.0
2.554054054054054,0.7333409303604028,5.0,1.0,3.0,"[5, 14, 17]",17.0,50.0,150.0
2.355855855855856,0.7754356165524271,1.0,0.0,3.0,"[17, 5, 14]",38.0,64.0,119.0
2.5405405405405403,0.7091360339445602,1.0,0.0,3.0,"[17, 14, 5]",25.0,49.0,147.0
2.445945945945946,0.7455792832778909,2.0,1.0,4.0,"[14, 5, 17]",28.0,61.0,131.0
2.418918918918919,0.7903276728675162,5.0,1.0,2.0,"[17, 14, 5]",27.0,60.0,130.0
2.509009009009009,0.7228712920678522,3.0,1.0,3.0,"[5, 17, 14]",21.0,58.0,140.0
2.391891891891892,0.7210644639076534,0.0,0.0,2.0,"[14, 17, 5]",31.0,73.0,118.0
2.4414414414414414,0.7572836033028821,2.0,0.0,1.0,"[17, 5, 14]",30.0,58.0,132.0
2.509009009009009,0.71658435033162,4.0,1.0,2.0,"[14, 17, 5]",17.0,63.0,138.0
2.427927927927928,0.7255730980224996,0.0,0.0,2.0,"[14, 5, 17]",31.0,65.0,126.0
2.6621621621621623,0.6510074412144387,4.0,1.0,3.0,"[14, 5, 17]",10.0,43.0,165.0
2.5495495495495497,0.7638760262677337,7.0,0.0,3.0,"[5, 14]",16.0,47.0,152.0
2.477477477477477,0.7162856282939059,3.0,0.0,2.0,"[5, 14, 17]",20.0,67.0,132.0
2.391891891891892,0.8041335670705564,3.0,0.0,3.0,"[17, 14, 5]",36.0,54.0,129.0
2.5225225225225225,0.6970765955283732,4.0,0.0,3.0,"[5, 14, 17]",14.0,66.0,138.0
2.351351351351352,0.8254838005393667,4.0,0.0,1.0,"[14, 5]",38.0,56.0,124.0
2.418918918918919,0.8562798114915806,10.0,1.0,2.0,"[5, 17, 14, 29]",24.0,51.0,137.0
2.418918918918919,0.7787928370169254,2.0,1.0,3.0,"[5, 14]",34.0,55.0,131.0
2.481981981981982,0.7100695521599636,1.0,0.0,4.0,"[14, 5, 26]",25.0,62.0,134.0
2.436936936936937,0.7509183430946437,5.0,0.0,1.0,"[14, 5, 17]",20.0,70.0,127.0
2.40990990990991,0.8119531175814388,4.0,1.0,3.0,"[5, 14, 17]",34.0,51.0,133.0
2.5225225225225225,0.6970765955283732,2.0,0.0,2.0,"[14, 5, 26, 17]",20.0,60.0,140.0
2.5045045045045047,0.7291459564253737,3.0,0.0,3.0,"[14, 5, 17]",22.0,57.0,140.0
2.3963963963963963,0.7154314494771545,1.0,0.0,2.0,"[17, 5, 14]",27.0,77.0,117.0
2.454954954954955,0.7461804688407555,4.0,1.0,3.0,"[5, 26, 14]",22.0,65.0,131.0
2.31981981981982,0.7499405490548632,3.0,1.0,2.0,"[14, 5]",29.0,84.0,106.0
2.364864864864865,0.7351730363802591,0.0,0.0,2.0,"[17, 5, 14]",34.0,73.0,115.0
2.45945945945946,0.7091360339445603,2.0,0.0,3.0,"[5, 14, 29]",22.0,70.0,128.0
2.454954954954955,0.7932108686375009,3.0,1.0,2.0,"[5, 14]",33.0,46.0,140.0
2.4414414414414414,0.7267940472053389,0.0,0.0,4.0,"[14, 5, 17]",31.0,62.0,129.0
2.400900900900901,0.722363578439693,0.0,0.0,2.0,"[5, 17, 14, 26]",31.0,71.0,120.0
2.351351351351352,0.7263452010626649,2.0,0.0,2.0,"[14, 5, 17]",27.0,84.0,109.0
2.414414414414414,0.8179930020883386,8.0,0.0,2.0,"[5, 17, 14]",23.0,60.0,131.0
2.4504504504504503,0.7756327294653674,3.0,0.0,3.0,"[5, 14]",30.0,53.0,136.0
2.5,0.7414672991144712,2.0,0.0,3.0,"[5, 14]",27.0,51.0,142.0
2.472972972972973,0.7224200086857316,1.0,0.0,3.0,"[29, 5, 14]",27.0,60.0,134.0
2.4864864864864864,0.6572239005640826,0.0,0.0,3.0,"[14, 5]",20.0,74.0,128.0
2.603603603603604,0.7090785465273409,7.0,1.0,3.0,"[14, 17, 5]",8.0,51.0,156.0
2.463963963963964,0.7705310847342124,5.0,0.0,3.0,"[14, 5, 17]",23.0,58.0,136.0
2.545045045045045,0.7400915607705263,3.0,1.0,3.0,"[5, 14, 17, 29]",24.0,44.0,151.0
2.3378378378378377,0.7659677644120415,1.0,0.0,1.0,"[5, 14]",37.0,70.0,114.0
2.445945945945946,0.7635691120783644,2.0,1.0,2.0,"[5, 14]",31.0,55.0,134.0
2.4324324324324325,0.7383682832153002,4.0,0.0,2.0,"[14, 5, 17]",21.0,72.0,125.0
2.445945945945946,0.6551271899974752,1.0,0.0,5.0,"[14, 5, 17]",17.0,86.0,118.0
2.427927927927928,0.7679874587931501,2.0,2.0,2.0,"[5, 14]",32.0,57.0,131.0
2.454954954954955,0.7988950218147028,8.0,0.0,2.0,"[14, 5]",19.0,59.0,136.0
2.436936936936937,0.6680054634301096,0.0,0.0,2.0,"[17, 14, 5]",22.0,81.0,119.0
2.364864864864865,0.7037261716337465,0.0,1.0,1.0,"[17, 14, 5]",29.0,83.0,110.0
2.3018018018018016,0.820493393333259,6.0,0.0,1.0,"[5, 17, 14]",33.0,71.0,112.0
2.418918918918919,0.7370005879911349,5.0,0.0,1.0,"[5, 17, 14, 8]",18.0,78.0,121.0
2.4234234234234235,0.7792507080877087,2.0,0.0,3.0,"[5, 14]",34.0,54.0,132.0
2.509009009009009,0.7829691197310448,8.0,0.0,2.0,"[17, 5, 14]",16.0,53.0,145.0
2.495495495495496,0.7475313685982959,4.0,0.0,4.0,"[14, 10, 5]",22.0,56.0,140.0
2.4414414414414414,0.7014488520416096,2.0,1.0,2.0,"[5, 14]",21.0,76.0,123.0
2.5945945945945947,0.6777441738735334,4.0,1.0,2.0,"[14, 5]",12.0,54.0,152.0
2.4054054054054053,0.8225154924712755,4.0,0.0,4.0,"[14, 5, 26]",36.0,48.0,134.0
2.472972972972973,0.7883135037925646,8.0,1.0,2.0,"[14, 5, 17]",17.0,59.0,138.0
2.5405405405405403,0.6831360183857941,2.0,0.0,3.0,"[14, 17, 5]",18.0,60.0,142.0
2.436936936936937,0.7448681656778928,2.0,0.0,2.0,"[14, 17, 5]",28.0,63.0,129.0
2.418918918918919,0.7551948013368782,2.0,0.0,2.0,"[14, 17, 5]",30.0,63.0,127.0
2.364864864864865,0.7593935003956738,2.0,0.0,4.0,"[14, 17, 26, 5]",32.0,71.0,117.0
2.608108108108108,0.6413553430373512,1.0,1.0,4.0,"[14, 5]",16.0,52.0,153.0
2.351351351351352,0.7804007399456179,4.0,0.0,2.0,"[5, 14]",30.0,72.0,116.0
2.445945945945946,0.7271445154755727,2.0,0.0,3.0,"[14, 5, 29]",25.0,67.0,128.0
2.3873873873873874,0.7748439769518006,6.0,0.0,1.0,"[5, 14]",22.0,74.0,120.0
2.333333333333333,0.7883005758518677,4.0,1.0,3.0,"[14, 17, 5]",32.0,72.0,114.0
2.351351351351352,0.7861775172715918,7.0,1.0,1.0,"[14, 17, 26, 5]",22.0,79.0,114.0
2.5675675675675675,0.7070635423213597,6.0,0.0,2.0,"[14, 5]",10.0,58.0,148.0
2.274774774774775,0.7735407769855778,1.0,0.0,3.0,"[5, 14]",41.0,76.0,104.0
2.454954954954955,0.7277609297100534,1.0,0.0,4.0,"[5, 14]",28.0,62.0,131.0
2.463963963963964,0.7646361087380231,2.0,1.0,3.0,"[5, 14]",31.0,51.0,138.0
2.3873873873873874,0.7389753352342323,1.0,0.0,2.0,"[14, 5]",31.0,71.0,119.0
2.3828828828828827,0.7133343886442182,0.0,0.0,1.0,"[5, 17, 14]",30.0,77.0,115.0
2.4054054054054053,0.816995692522065,4.0,0.0,4.0,"[14, 5]",35.0,50.0,133.0
2.3378378378378377,0.8118526997945068,3.0,0.0,1.0,"[5, 14, 17]",39.0,60.0,120.0
2.4504504504504503,0.7697768230222573,3.0,1.0,2.0,"[5, 26, 14]",29.0,55.0,135.0
2.581081081081081,0.6523210926190791,3.0,0.0,2.0,"[5, 14]",11.0,62.0,146.0
2.391891891891892,0.7813012854635483,3.0,1.0,3.0,"[14, 5, 29, 17]",32.0,62.0,125.0
2.40990990990991,0.7719581911351323,3.0,1.0,4.0,"[5, 26, 17, 14]",30.0,62.0,127.0
2.427927927927928,0.7969025069867963,3.0,0.0,2.0,"[14, 17, 5]",34.0,50.0,135.0
2.400900900900901,0.7766962747799833,4.0,0.0,2.0,"[17, 5, 14, 26]",28.0,65.0,125.0
2.445945945945946,0.7455792832778909,2.0,0.0,1.0,"[5, 17, 14]",28.0,61.0,131.0
2.5315315315315314,0.7095957656193941,2.0,1.0,3.0,"[5, 14, 17]",22.0,54.0,144.0
2.445945945945946,0.7983335339656468,6.0,0.0,1.0,"[5, 14]",25.0,55.0,136.0
2.427927927927928,0.7193097711127743,2.0,0.0,3.0,"[14, 5, 17]",24.0,73.0,123.0
2.369369369369369,0.8175443633380667,6.0,0.0,2.0,"[17, 5, 14, 32]",30.0,62.0,124.0
2.351351351351352,0.7745808809620928,2.0,0.0,2.0,"[14, 17, 29, 5]",35.0,68.0,117.0
2.495495495495496,0.6974273847456756,1.0,1.0,4.0,"[14, 17, 5]",23.0,63.0,135.0
2.400900900900901,0.7347847895591678,0.0,0.0,1.0,"[5, 14]",33.0,67.0,122.0
2.5405405405405403,0.74035314777267,3.0,0.0,2.0,"[5, 14]",24.0,45.0,150.0
2.3963963963963963,0.7402980845062391,3.0,0.0,2.0,"[5, 14, 17, 26]",25.0,75.0,119.0
2.3963963963963963,0.7761055962029545,4.0,0.0,2.0,"[14, 17, 5]",28.0,66.0,124.0
2.468468468468469,0.7159440790596918,2.0,1.0,2.0,"[14, 5]",23.0,66.0,131.0
2.400900900900901,0.7530325412852215,2.0,0.0,4.0,"[5, 17, 14]",30.0,67.0,123.0
2.333333333333333,0.80533664957914,1.0,0.0,4.0,"[14, 5, 17]",44.0,57.0,120.0
2.391891891891892,0.7457432910412645,1.0,0.0,2.0,"[14, 5, 17]",32.0,68.0,121.0
2.599099099099099,0.6635971486190197,3.0,1.0,2.0,"[14, 5]",13.0,54.0,152.0
2.495495495495496,0.6974273847456753,1.0,0.0,4.0,"[14, 5]",23.0,63.0,135.0
2.418918918918919,0.7903276728675162,2.0,0.0,4.0,"[5, 14, 8]",36.0,51.0,133.0
2.418918918918919,0.679501216259672,0.0,1.0,2.0,"[14, 17, 5]",24.0,81.0,117.0
2.5405405405405403,0.7217849140498384,3.0,0.0,2.0,"[5, 14, 17]",21.0,51.0,147.0
2.468468468468469,0.8051847804544444,8.0,1.0,1.0,"[17, 5, 14]",20.0,54.0,140.0
2.40990990990991,0.6980846394189977,2.0,0.0,1.0,"[5, 14, 26]",21.0,83.0,116.0
2.5315315315315314,0.7346599523640841,4.0,0.0,2.0,"[17, 14, 5]",20.0,52.0,146.0
2.59009009009009,0.6648859263170425,2.0,0.0,3.0,"[5, 14, 17]",16.0,53.0,151.0
2.4324324324324325,0.8627182299469187,10.0,0.0,3.0,"[14, 5, 17, 26]",25.0,46.0,141.0
2.45945945945946,0.752477462073259,2.0,0.0,3.0,"[5, 17, 14]",29.0,56.0,135.0
2.536036036036036,0.7220249043464034,4.0,0.0,2.0,"[14, 17, 5]",18.0,55.0,145.0
2.333333333333333,0.7996982839794633,2.0,1.0,2.0,"[14, 26, 17, 5]",40.0,62.0,118.0
2.364864864864865,0.788623710790815,7.0,0.0,2.0,"[14, 5, 17]",22.0,76.0,117.0
2.5405405405405403,0.6561064887603015,1.0,0.0,3.0,"[5, 17, 14]",17.0,65.0,139.0
2.400900900900901,0.7825004006470281,3.0,1.0,2.0,"[14, 5]",32.0,60.0,127.0
2.481981981981982,0.6972081621677554,1.0,0.0,4.0,"[5, 14, 17]",23.0,66.0,132.0
2.274774774774775,0.8299777534464476,2.0,1.0,1.0,"[5, 14]",48.0,59.0,113.0
2.2972972972972974,0.7194089403333658,1.0,1.0,1.0,"[5, 14]",31.0,91.0,99.0
2.436936936936937,0.7387684417222306,3.0,0.0,2.0,"[14, 17, 5]",24.0,68.0,127.0
2.5765765765765765,0.638855729747148,1.0,1.0,1.0,"[5, 14]",15.0,61.0,145.0
2.40990990990991,0.7109301732969732,2.0,0.0,2.0,"[17, 5, 14]",23.0,79.0,118.0
2.445945945945946,0.7208948415896379,2.0,0.0,2.0,"[14, 17, 5]",24.0,69.0,127.0
2.36036036036036,0.7762631544376083,2.0,0.0,3.0,"[14, 5]",35.0,66.0,119.0
2.3963963963963963,0.7279709516267078,2.0,0.0,3.0,"[5, 14]",26.0,76.0,118.0
2.463963963963964,0.6494401059252622,1.0,0.0,2.0,"[14, 17, 5, 29]",16.0,84.0,121.0
2.36036036036036,0.7525858023606357,1.0,0.0,1.0,"[5, 14]",34.0,71.0,116.0
2.463963963963964,0.7763813021301698,4.0,0.0,3.0,"[14, 17, 26, 5]",27.0,53.0,138.0
2.3963963963963963,0.8214244253142174,6.0,0.0,4.0,"[14, 5]",30.0,56.0,130.0
2.4414414414414414,0.7750017916742936,8.0,0.0,1.0,"[5, 17, 14, 32]",15.0,70.0,129.0
2.414414414414414,0.6789460619853407,1.0,1.0,2.0,"[5, 29, 14]",21.0,85.0,115.0
2.558558558558558,0.6884264263660859,4.0,0.0,2.0,"[5, 14]",13.0,60.0,145.0
2.454954954954955,0.7088629271907744,1.0,0.0,2.0,"[14, 5, 17]",25.0,68.0,128.0
2.621621621621621,0.6867070621550706,5.0,1.0,3.0,"[14, 17, 5]",11.0,47.0,159.0
2.472972972972973,0.753086673449858,6.0,0.0,1.0,"[5, 14]",17.0,65.0,134.0
2.310810810810811,0.8003224860595586,2.0,0.0,1.0,"[5, 14, 26]",41.0,65.0,114.0
2.45945945945946,0.8047796560109594,6.0,1.0,2.0,"[5, 14]",26.0,50.0,140.0
2.463963963963964,0.7936732624728556,6.0,0.0,2.0,"[5, 14, 17]",24.0,53.0,139.0
2.468468468468469,0.7159440790596919,1.0,1.0,1.0,"[5, 14, 17]",26.0,63.0,132.0
2.3783783783783785,0.7125767918170451,0.0,0.0,1.0,"[5, 14]",30.0,78.0,114.0
2.3963963963963963,0.7341603913096584,4.0,0.0,1.0,"[5, 17, 14]",21.0,80.0,117.0
2.445945945945946,0.6953346515225058,3.0,0.0,2.0,"[5, 14, 32]",17.0,80.0,122.0
2.364864864864865,0.8278138519685857,5.0,0.0,2.0,"[17, 14, 5]",35.0,56.0,126.0
2.563063063063063,0.7509183430946437,7.0,0.0,2.0,"[5, 17, 14]",14.0,48.0,153.0
2.400900900900901,0.7825004006470281,3.0,0.0,2.0,"[5, 17, 14]",32.0,60.0,127.0
2.5135135135135136,0.7534519638354583,7.0,0.0,2.0,"[5, 14]",14.0,59.0,142.0
2.400900900900901,0.7939813754264463,4.0,0.0,4.0,"[5, 14, 17]",31.0,59.0,128.0
2.400900900900901,0.7649559175179907,2.0,0.0,3.0,"[14, 5, 17]",32.0,63.0,125.0
2.351351351351352,0.7745808809620929,4.0,0.0,3.0,"[14, 5, 17]",29.0,74.0,115.0
2.3423423423423424,0.812743474086136,4.0,0.0,1.0,"[17, 14, 5]",36.0,62.0,120.0
2.536036036036036,0.6965061862423109,2.0,0.0,2.0,"[5, 14, 17]",20.0,57.0,143.0
2.3873873873873874,0.7266257623930175,1.0,0.0,1.0,"[5, 14, 26]",29.0,75.0,117.0
2.4234234234234235,0.8021413597850566,7.0,0.0,2.0,"[14, 17, 5]",23.0,61.0,131.0
2.472972972972973,0.7224200086857316,3.0,2.0,3.0,"[5, 14, 17]",21.0,66.0,132.0
2.369369369369369,0.7173093002183165,2.0,0.0,2.0,"[17, 5, 14]",25.0,84.0,111.0
2.581081081081081,0.7308352023155579,7.0,0.0,2.0,"[14, 29, 5]",11.0,50.0,154.0
2.4324324324324325,0.6743070399319206,1.0,0.0,3.0,"[5, 14, 26]",20.0,83.0,118.0
2.3873873873873874,0.7328265636075769,1.0,0.0,3.0,"[14, 5]",30.0,73.0,118.0
2.4234234234234235,0.8021413597850566,5.0,0.0,2.0,"[17, 5, 14]",29.0,55.0,133.0
2.4864864864864864,0.7101700116999563,3.0,0.0,2.0,"[14, 5]",19.0,67.0,133.0
2.328828828828829,0.8155599234068581,3.0,0.0,2.0,"[5, 14]",40.0,60.0,119.0
2.608108108108108,0.7335076745486333,7.0,1.0,3.0,"[14, 5]",12.0,42.0,161.0
2.545045045045045,0.721516595136096,3.0,0.0,2.0,"[14, 5, 17]",21.0,50.0,148.0
2.4054054054054053,0.7888175282163349,1.0,0.0,3.0,"[5, 17, 14, 26]",39.0,51.0,131.0
2.4414414414414414,0.8148473436098064,8.0,0.0,2.0,"[14, 5, 17]",22.0,56.0,136.0
2.5,0.7353393651236498,2.0,1.0,3.0,"[14, 5, 17, 29]",26.0,53.0,141.0
2.400900900900901,0.7409173103141583,2.0,1.0,5.0,"[17, 14, 5]",28.0,71.0,121.0
2.391891891891892,0.7577813692908847,1.0,0.0,3.0,"[14, 17, 5]",34.0,64.0,123.0
2.6171171171171173,0.6108185849231987,2.0,0.0,2.0,"[14, 5]",9.0,61.0,150.0
2.4414414414414414,0.7923238595204195,4.0,2.0,2.0,"[5, 14, 17]",30.0,52.0,136.0
2.481981981981982,0.7770111197511067,7.0,0.0,3.0,"[5, 14]",18.0,58.0,139.0
2.5045045045045047,0.7475313685982959,3.0,1.0,1.0,"[17, 14, 5]",25.0,51.0,143.0
2.5225225225225225,0.7349928044323726,3.0,0.0,3.0,"[14, 5]",23.0,51.0,145.0
2.414414414414414,0.7303190707702019,1.0,0.0,3.0,"[5, 14, 17]",29.0,69.0,123.0
2.436936936936937,0.7387684417222306,0.0,0.0,4.0,"[5, 17, 14]",33.0,59.0,130.0
2.509009009009009,0.7474904681121161,6.0,1.0,2.0,"[5, 14, 17]",16.0,59.0,141.0
2.351351351351352,0.8088721677038644,2.0,0.0,2.0,"[14, 5]",41.0,56.0,123.0
2.472972972972973,0.7709013289615874,4.0,0.0,3.0,"[14, 5, 26, 17]",26.0,53.0,139.0
2.369369369369369,0.7542090391354558,3.0,1.0,2.0,"[5, 14]",28.0,75.0,116.0
2.445945945945946,0.7576199675064575,3.0,1.0,1.0,"[5, 14, 17]",27.0,60.0,132.0
2.5495495495495497,0.702145886515062,3.0,0.0,3.0,"[17, 5, 14]",18.0,55.0,146.0
2.4414414414414414,0.7632353697170048,4.0,0.0,2.0,"[14, 5, 17]",25.0,62.0,131.0
2.31981981981982,0.7499405490548632,1.0,1.0,1.0,"[17, 5, 14]",35.0,78.0,108.0
2.3828828828828827,0.8028652168061973,3.0,0.0,2.0,"[14, 5, 29]",36.0,56.0,127.0
2.45945945945946,0.810382667932116,10.0,0.0,2.0,"[14, 5]",15.0,60.0,137.0
2.40990990990991,0.800729865584459,5.0,0.0,3.0,"[5, 14]",29.0,58.0,130.0
2.4504504504504503,0.7986270882211046,4.0,1.0,2.0,"[5, 17, 14]",31.0,48.0,139.0
2.414414414414414,0.7898504179192489,3.0,0.0,3.0,"[5, 17, 14]",33.0,55.0,131.0
2.2387387387387387,0.8137585187933882,3.0,0.0,1.0,"[17, 14, 5]",44.0,72.0,103.0
2.418918918918919,0.7551948013368782,2.0,0.0,3.0,"[5, 14, 29, 17]",30.0,63.0,127.0
2.558558558558558,0.7267940472053389,5.0,1.0,3.0,"[5, 14, 17]",16.0,51.0,150.0
2.4414414414414414,0.7329934248059613,1.0,0.0,3.0,"[14, 26, 17, 5]",29.0,63.0,129.0
2.490990990990991,0.8224287560281438,9.0,0.0,3.0,"[14, 5]",20.0,46.0,147.0
2.3783783783783785,0.7557209144425376,3.0,0.0,2.0,"[17, 5, 14, 29]",28.0,73.0,118.0
2.3783783783783785,0.7676025325890851,2.0,1.0,3.0,"[5, 14, 17]",33.0,66.0,121.0
2.5315315315315314,0.7529107296848458,7.0,0.0,3.0,"[5, 17, 14]",14.0,55.0,146.0
2.454954954954955,0.7277609297100535,0.0,0.0,4.0,"[5, 29, 17, 14]",31.0,59.0,132.0
2.527027027027027,0.7348402659495497,3.0,0.0,2.0,"[5, 14]",23.0,50.0,146.0
2.391891891891892,0.769631178653568,1.0,0.0,3.0,"[14, 5]",36.0,60.0,125.0
2.36036036036036,0.6963744869780172,2.0,1.0,2.0,"[14, 5, 17]",22.0,92.0,106.0
2.4234234234234235,0.7616313706697138,4.0,0.0,2.0,"[5, 17, 14]",25.0,66.0,127.0
2.4054054054054053,0.6777441738735333,0.0,0.0,1.0,"[17, 14, 5]",24.0,84.0,114.0
2.463963963963964,0.6494401059252624,0.0,0.0,4.0,"[14, 17, 5]",19.0,81.0,122.0
2.4864864864864864,0.7101700116999563,3.0,0.0,3.0,"[5, 14]",19.0,67.0,133.0
2.463963963963964,0.7220249043464034,2.0,0.0,1.0,"[5, 14]",24.0,65.0,131.0
2.4234234234234235,0.7061404824730856,2.0,0.0,2.0,"[14, 5]",22.0,78.0,120.0
2.391891891891892,0.7517864257145855,4.0,0.0,1.0,"[17, 5, 14]",24.0,75.0,119.0
2.400900900900901,0.7882617907576236,3.0,1.0,5.0,"[17, 5, 14]",33.0,58.0,128.0
2.315315315315315,0.8125929892570568,3.0,0.0,3.0,"[5, 8, 14, 29, 26]",40.0,63.0,116.0
2.495495495495496,0.7944818041237258,8.0,0.0,2.0,"[5, 14, 17]",18.0,52.0,144.0
2.4504504504504503,0.7697768230222574,4.0,0.0,1.0,"[5, 17, 29, 14]",26.0,58.0,134.0
2.599099099099099,0.6837473926255672,3.0,0.0,2.0,"[5, 14]",16.0,48.0,155.0
2.328828828828829,0.7150467361097782,2.0,1.0,1.0,"[14, 17, 5]",26.0,91.0,103.0
2.545045045045045,0.7582116060775658,5.0,0.0,3.0,"[17, 5, 14, 29]",21.0,44.0,152.0
2.3783783783783785,0.7497094949180043,1.0,0.0,3.0,"[5, 14]",33.0,69.0,119.0
2.355855855855856,0.7984356520350697,3.0,1.0,4.0,"[17, 14, 5]",36.0,62.0,121.0
2.4864864864864864,0.7534519638354583,5.0,1.0,2.0,"[5, 17, 14]",20.0,59.0,138.0
2.5135135135135136,0.7474222956614637,5.0,1.0,2.0,"[14, 5, 17]",19.0,55.0,143.0
2.364864864864865,0.8223296174621291,5.0,0.0,2.0,"[14, 5, 17]",34.0,58.0,125.0
2.481981981981982,0.7770111197511066,6.0,0.0,2.0,"[14, 17, 5]",21.0,55.0,140.0
2.581081081081081,0.6991932666762044,4.0,2.0,2.0,"[5, 17, 14]",15.0,51.0,152.0
2.418918918918919,0.7056351733870684,1.0,1.0,2.0,"[17, 14, 5, 29]",25.0,76.0,120.0
2.418918918918919,0.772960871734925,2.0,1.0,4.0,"[14, 5]",33.0,57.0,130.0
2.373873873873874,0.7668719694345218,4.0,0.0,2.0,"[5, 14]",27.0,73.0,118.0
2.445945945945946,0.7516237365922058,3.0,1.0,2.0,"[14, 5]",26.0,62.0,131.0
2.490990990990991,0.7474904681121162,1.0,0.0,2.0,"[5, 26, 14]",31.0,48.0,142.0
2.400900900900901,0.7590176427397027,3.0,0.0,2.0,"[14, 5]",28.0,68.0,123.0
2.5,0.8169582697296344,7.0,1.0,2.0,"[14, 5, 17]",25.0,40.0,150.0
2.472972972972973,0.7224200086857316,1.0,0.0,3.0,"[17, 14, 5]",27.0,60.0,134.0
2.427927927927928,0.7255730980224995,1.0,0.0,2.0,"[14, 5]",28.0,68.0,125.0
2.445945945945946,0.7926453543031855,3.0,0.0,5.0,"[5, 14, 17]",33.0,48.0,138.0
2.5045045045045047,0.7291459564253736,4.0,0.0,2.0,"[5, 14, 17]",19.0,60.0,139.0
2.3423423423423424,0.8561250753919374,7.0,1.0,1.0,"[14, 5]",35.0,55.0,125.0
2.4054054054054053,0.7830602269721479,2.0,0.0,3.0,"[5, 14]",35.0,56.0,129.0
2.436936936936937,0.7387684417222306,1.0,0.0,3.0,"[5, 17, 14]",30.0,62.0,129.0
2.545045045045045,0.7759086034177545,9.0,1.0,2.0,"[17, 5, 14, 26]",12.0,50.0,151.0
2.400900900900901,0.8164591352582785,9.0,0.0,2.0,"[14, 5, 17]",20.0,66.0,127.0
2.418918918918919,0.772960871734925,2.0,0.0,2.0,"[5, 14]",33.0,57.0,130.0
2.454954954954955,0.8267297772903764,8.0,0.0,3.0,"[5, 17, 26, 14]",24.0,49.0,141.0
2.391891891891892,0.7273126802593832,0.0,0.0,1.0,"[14, 5, 26]",32.0,71.0,119.0
2.612612612612613,0.6749717094278729,2.0,0.0,2.0,"[14, 5]",18.0,44.0,158.0
2.4324324324324325,0.7742650477661036,4.0,0.0,3.0,"[14, 29, 17, 5]",27.0,60.0,131.0
2.355855855855856,0.7695782102310242,5.0,0.0,2.0,"[14, 5, 26, 17]",25.0,78.0,114.0
2.5675675675675675,0.7624872567334711,7.0,0.0,2.0,"[5, 14]",16.0,43.0,156.0
2.283783783783784,0.7934164102776268,3.0,0.0,3.0,"[17, 14, 5]",38.0,74.0,107.0
2.414414414414414,0.7606673477341667,2.0,0.0,1.0,"[5, 14, 26]",31.0,62.0,127.0
2.4054054054054053,0.7655285741229414,3.0,1.0,2.0,"[5, 17, 14]",29.0,65.0,125.0
2.3873873873873874,0.7328265636075769,0.0,0.0,2.0,"[14, 5]",33.0,70.0,119.0
2.454954954954955,0.7522200913529669,3.0,0.0,1.0,"[14, 5]",26.0,60.0,133.0
2.630630630630631,0.6299885501786215,1.0,1.0,3.0,"[14, 5]",15.0,49.0,157.0
2.436936936936937,0.681418261190429,0.0,0.0,1.0,"[17, 26, 14, 5]",24.0,77.0,121.0
2.554054054054054,0.7145905113244179,3.0,0.0,5.0,"[5, 17, 14]",20.0,50.0,149.0
2.3423423423423424,0.7669118362786903,3.0,1.0,3.0,"[17, 14, 5]",31.0,75.0,113.0
2.4414414414414414,0.7205413335107572,1.0,0.0,4.0,"[14, 5]",27.0,67.0,127.0
2.414414414414414,0.7240967969650156,1.0,1.0,2.0,"[17, 5, 14]",28.0,71.0,122.0
2.3783783783783785,0.7850878736193457,5.0,0.0,1.0,"[5, 14, 26]",27.0,69.0,121.0
2.40990990990991,0.7359489155686614,2.0,0.0,3.0,"[5, 14]",27.0,71.0,122.0
2.355855855855856,0.8152599657211406,4.0,0.0,2.0,"[5, 14]",36.0,59.0,123.0
2.3783783783783785,0.8244461083622984,7.0,1.0,1.0,"[14, 5, 17, 26]",28.0,61.0,126.0
2.468468468468469,0.7881454240230692,5.0,0.0,2.0,"[14, 5]",26.0,51.0,140.0
2.5045045045045047,0.7038854528606544,1.0,0.0,4.0,"[14, 5, 17]",24.0,59.0,138.0
2.418918918918919,0.7491791602885058,2.0,0.0,2.0,"[5, 14]",29.0,65.0,126.0
2.518018018018018,0.7593398178351377,6.0,0.0,2.0,"[14, 5, 17, 26]",18.0,53.0,145.0
2.4234234234234235,0.7435946634566837,4.0,0.0,2.0,"[14, 5, 17, 26]",22.0,72.0,124.0
2.5045045045045047,0.7830081669895774,7.0,0.0,3.0,"[14, 5]",19.0,51.0,145.0
2.3783783783783785,0.7436494826291168,1.0,0.0,2.0,"[14, 5]",32.0,71.0,118.0
2.454954954954955,0.7088629271907744,3.0,1.0,2.0,"[5, 17, 14]",19.0,74.0,126.0
2.40990990990991,0.754168500796511,2.0,0.0,3.0,"[5, 14, 17]",30.0,65.0,125.0
2.527027027027027,0.6903924971863555,1.0,0.0,3.0,"[14, 5]",22.0,58.0,141.0
2.572072072072072,0.6936911789807386,3.0,0.0,3.0,"[14, 5, 26]",17.0,52.0,150.0
2.373873873873874,0.7727498892009228,4.0,0.0,2.0,"[5, 14, 17]",28.0,71.0,119.0
2.445945945945946,0.7576199675064575,2.0,0.0,2.0,"[5, 14, 17, 26]",30.0,57.0,133.0
2.4324324324324325,0.750524662599186,1.0,0.0,5.0,"[14, 5]",32.0,59.0,130.0
2.3828828828828827,0.8305669299554026,6.0,0.0,2.0,"[14, 5]",32.0,55.0,129.0
2.4504504504504503,0.721219915987482,1.0,0.0,3.0,"[5, 14, 17]",27.0,65.0,129.0
2.414414414414414,0.7606673477341667,1.0,0.0,3.0,"[14, 5]",34.0,59.0,128.0
2.427927927927928,0.8081789115988818,8.0,1.0,3.0,"[5, 29, 14, 8]",21.0,61.0,132.0
2.603603603603604,0.7279709516267079,6.0,0.0,3.0,"[14, 5, 26]",14.0,42.0,160.0
2.4234234234234235,0.6800259450673171,0.0,0.0,3.0,"[14, 5]",24.0,80.0,118.0
2.527027027027027,0.6428789807433583,0.0,0.0,3.0,"[5, 14]",18.0,69.0,135.0
2.418918918918919,0.7787928370169254,3.0,1.0,2.0,"[17, 5, 14]",31.0,58.0,130.0
2.545045045045045,0.7461804688407555,4.0,0.0,2.0,"[5, 29, 14]",22.0,45.0,151.0
2.4234234234234235,0.7556669709816427,2.0,0.0,2.0,"[14, 5, 17]",30.0,62.0,128.0
2.351351351351352,0.7628079664245121,2.0,0.0,3.0,"[14, 5, 17]",33.0,72.0,115.0
2.630630630630631,0.6511796177884638,4.0,1.0,2.0,"[14, 5, 17]",9.0,52.0,157.0
2.495495495495496,0.8057920852149159,7.0,0.0,2.0,"[5, 14, 17]",23.0,45.0,147.0
2.5135135135135136,0.7290341327982417,2.0,1.0,2.0,"[14, 17, 5, 26]",25.0,52.0,143.0
2.373873873873874,0.8769766773509455,7.0,0.0,3.0,"[14, 5, 17, 28]",38.0,42.0,135.0
2.454954954954955,0.8157098608863833,6.0,0.0,4.0,"[5, 14, 29, 17, 26]",28.0,47.0,141.0
2.3783783783783785,0.7436494826291167,3.0,0.0,4.0,"[5, 14]",26.0,77.0,116.0
2.369369369369369,0.7359904574426622,1.0,0.0,3.0,"[14, 5]",31.0,75.0,115.0
2.333333333333333,0.7470404149701632,2.0,0.0,2.0,"[17, 14, 5]",31.0,80.0,109.0
2.414414414414414,0.7051005957365422,4.0,0.0,1.0,"[5, 14]",16.0,86.0,116.0
2.4054054054054053,0.7166838966751345,0.0,0.0,3.0,"[5, 14]",30.0,72.0,120.0
2.355855855855856,0.8425542596687265,5.0,1.0,3.0,"[14, 5]",38.0,52.0,127.0
2.495495495495496,0.7353255058320288,2.0,1.0,5.0,"[14, 5]",26.0,54.0,140.0
2.4504504504504503,0.7149184523156011,1.0,0.0,2.0,"[5, 14, 17, 32]",26.0,67.0,128.0
2.4234234234234235,0.7616313706697138,4.0,1.0,1.0,"[14, 5, 26]",25.0,66.0,127.0
2.3783783783783785,0.7375396797860417,1.0,0.0,3.0,"[5, 14, 26]",31.0,73.0,117.0
2.3423423423423424,0.7786227020423082,2.0,0.0,1.0,"[14, 5, 26]",36.0,68.0,116.0
2.527027027027027,0.7470540569276878,4.0,0.0,3.0,"[14, 5, 26]",22.0,49.0,147.0
2.463963963963964,0.81615950805399,9.0,0.0,3.0,"[14, 17, 5]",19.0,54.0,140.0
2.563063063063063,0.732617933665998,4.0,0.0,3.0,"[14, 5]",20.0,45.0,153.0
2.5315315315315314,0.7031901427276396,1.0,0.0,3.0,"[5, 14, 17]",24.0,53.0,144.0
2.6531531531531534,0.6175883353849775,2.0,0.0,4.0,"[14, 5]",11.0,49.0,160.0
2.4414414414414414,0.7452374845108671,2.0,0.0,3.0,"[14, 5, 26]",28.0,62.0,130.0
2.364864864864865,0.7289921945157668,1.0,1.0,3.0,"[14, 17, 5]",30.0,78.0,113.0
2.418918918918919,0.7056351733870684,1.0,0.0,3.0,"[5, 14]",25.0,76.0,120.0
2.4054054054054053,0.8442338718494355,10.0,1.0,2.0,"[5, 14, 17]",22.0,58.0,132.0
2.436936936936937,0.8630607354694843,11.0,0.0,2.0,"[5, 14, 17]",22.0,48.0,141.0
2.364864864864865,0.7101269593515975,3.0,1.0,1.0,"[5, 14, 26, 17]",21.0,90.0,108.0
2.369369369369369,0.7235899432243008,1.0,0.0,2.0,"[5, 14, 17]",29.0,79.0,113.0
2.4504504504504503,0.7872138708948211,8.0,1.0,2.0,"[5, 14]",17.0,64.0,133.0
2.472972972972973,0.7997110276675081,7.0,0.0,2.0,"[5, 32, 17, 14]",22.0,52.0,141.0
2.373873873873874,0.7901213277256897,2.0,0.0,4.0,"[5, 14, 17]",37.0,59.0,124.0
2.351351351351352,0.791912155746444,3.0,1.0,2.0,"[14, 17, 5]",35.0,65.0,119.0
2.468468468468469,0.7529107296848457,1.0,0.0,4.0,"[5, 14, 17, 26]",32.0,51.0,138.0
2.545045045045045,0.695979239657449,1.0,0.0,4.0,"[17, 5, 14, 26]",23.0,52.0,146.0
2.36036036036036,0.7281389255438672,1.0,0.0,1.0,"[17, 5, 14]",30.0,79.0,112.0
2.463963963963964,0.734451843218972,1.0,1.0,2.0,"[14, 5]",29.0,58.0,134.0
2.454954954954955,0.7582116060775659,2.0,0.0,4.0,"[14, 5]",30.0,55.0,135.0
2.436936936936937,0.7628747639732993,2.0,0.0,3.0,"[5, 14, 17, 26]",31.0,57.0,132.0
2.391891891891892,0.7517864257145856,4.0,0.0,2.0,"[14, 5]",24.0,75.0,119.0
2.40990990990991,0.7719581911351322,2.0,0.0,2.0,"[5, 17, 14]",33.0,59.0,128.0
2.4324324324324325,0.7742650477661036,5.0,1.0,2.0,"[14, 5, 17]",24.0,63.0,130.0
2.369369369369369,0.8175443633380667,3.0,0.0,1.0,"[17, 5, 14]",39.0,53.0,127.0
2.5,0.7535736879479145,3.0,0.0,4.0,"[14, 5]",26.0,50.0,143.0
2.635135135135135,0.6708067201989026,4.0,0.0,3.0,"[5, 14, 29]",12.0,45.0,161.0
2.608108108108108,0.6553138359243383,3.0,1.0,3.0,"[14, 17, 5]",12.0,54.0,153.0
2.364864864864865,0.747381389206262,1.0,0.0,2.0,"[5, 17, 14]",33.0,72.0,116.0
2.4234234234234235,0.7496551188892896,4.0,0.0,2.0,"[14, 5, 17]",23.0,70.0,125.0
2.355855855855856,0.7517321999192386,1.0,0.0,3.0,"[5, 14, 17]",34.0,72.0,115.0
2.414414414414414,0.6789460619853407,2.0,2.0,1.0,"[5, 14]",18.0,88.0,114.0
2.436936936936937,0.7628747639732995,2.0,0.0,3.0,"[14, 5, 29]",31.0,57.0,132.0
2.4414414414414414,0.7329934248059613,1.0,2.0,3.0,"[14, 17, 5]",29.0,63.0,129.0
2.3063063063063063,0.77041203987332,1.0,0.0,3.0,"[14, 5, 17]",39.0,73.0,109.0
2.364864864864865,0.7712185396854166,4.0,0.0,2.0,"[5, 17, 14, 26]",28.0,73.0,117.0
2.369369369369369,0.8063989326099908,5.0,1.0,2.0,"[5, 14, 17]",31.0,63.0,123.0
2.40990990990991,0.7481446075712909,1.0,0.0,2.0,"[14, 5, 17]",32.0,64.0,125.0
2.5315315315315314,0.758896791817058,4.0,0.0,4.0,"[32, 5, 14]",24.0,44.0,150.0
2.472972972972973,0.740972327564573,1.0,1.0,2.0,"[5, 14]",30.0,54.0,137.0
2.391891891891892,0.8263352157037976,6.0,0.0,2.0,"[5, 17, 14]",31.0,55.0,130.0
2.333333333333333,0.7940198811390319,6.0,0.0,3.0,"[5, 14]",27.0,76.0,113.0
2.603603603603604,0.7341603913096584,7.0,2.0,2.0,"[14, 17, 5]",12.0,43.0,160.0
2.427927927927928,0.6805203187887743,1.0,0.0,2.0,"[5, 14]",21.0,82.0,118.0
2.369369369369369,0.7778369814660728,3.0,0.0,4.0,"[5, 14]",32.0,67.0,120.0
2.4324324324324325,0.8414770640131077,8.0,0.0,2.0,"[5, 14, 17]",27.0,48.0,139.0
2.3828828828828827,0.8028652168061973,3.0,0.0,2.0,"[14, 5]",36.0,56.0,127.0
2.518018018018018,0.7593398178351377,6.0,0.0,2.0,"[14, 26, 17, 5]",18.0,53.0,145.0
2.3873873873873874,0.7511218899724985,2.0,1.0,1.0,"[14, 5]",30.0,70.0,120.0
2.495495495495496,0.7166270147434862,4.0,1.0,1.0,"[14, 17, 5]",17.0,66.0,135.0
2.4054054054054053,0.7595947762083725,3.0,1.0,1.0,"[5, 14]",28.0,67.0,124.0
2.495495495495496,0.7887658482262236,5.0,0.0,3.0,"[14, 5, 17]",26.0,45.0,146.0
2.558558558558558,0.7923238595204196,9.0,0.0,3.0,"[5, 17, 14]",15.0,41.0,157.0
2.328828828828829,0.7930566774479464,2.0,0.0,4.0,"[5, 14, 17]",39.0,65.0,116.0
2.3783783783783785,0.7497094949180043,3.0,1.0,1.0,"[14, 5]",27.0,75.0,117.0
2.454954954954955,0.7215165951360962,3.0,0.0,1.0,"[5, 14, 26, 17]",21.0,70.0,128.0
2.527027027027027,0.6838070096273919,0.0,0.0,4.0,"[5, 14, 17]",24.0,57.0,141.0
2.454954954954955,0.7932108686375009,5.0,0.0,2.0,"[5, 14, 17, 26, 29]",27.0,52.0,138.0
2.4504504504504503,0.7458935998114041,1.0,0.0,3.0,"[14, 29, 5]",31.0,57.0,133.0
2.612612612612613,0.7076974475764807,6.0,0.0,3.0,"[5, 14]",11.0,46.0,159.0
2.4414414414414414,0.7329934248059613,4.0,1.0,1.0,"[5, 17, 14]",20.0,72.0,126.0
2.414414414414414,0.772472887174847,3.0,0.0,2.0,"[14, 5]",30.0,61.0,128.0
2.644144144144144,0.6552516265226485,5.0,1.0,2.0,"[14, 5]",7.0,50.0,160.0
2.3963963963963963,0.8269146632261689,6.0,1.0,2.0,"[5, 14, 17]",31.0,54.0,131.0
2.436936936936937,0.6880266131767316,2.0,0.0,2.0,"[14, 17, 5]",19.0,81.0,120.0
2.3963963963963963,0.7819141066723373,3.0,0.0,4.0,"[5, 17, 14]",32.0,61.0,126.0
2.527027027027027,0.6771574799556598,1.0,0.0,2.0,"[5, 14, 17]",20.0,62.0,139.0
2.4864864864864864,0.7771029255060962,5.0,0.0,3.0,"[17, 14, 5]",24.0,51.0,142.0
2.536036036036036,0.7093803034939163,1.0,0.0,4.0,"[14, 5]",25.0,50.0,146.0
2.5405405405405403,0.7934549434075043,8.0,0.0,3.0,"[5, 14, 26]",18.0,42.0,154.0
2.3873873873873874,0.8526898739856527,9.0,0.0,1.0,"[14, 17, 26, 5]",27.0,55.0,131.0
2.5135135135135136,0.7101700116999563,1.0,0.0,2.0,"[14, 5]",25.0,55.0,141.0
2.603603603603604,0.6491104846976525,2.0,0.0,4.0,"[5, 14]",14.0,54.0,152.0
2.5315315315315314,0.7407935065612108,4.0,1.0,2.0,"[14, 5, 17]",21.0,50.0,147.0
2.445945945945946,0.853131976314708,9.0,0.0,2.0,"[14, 5, 17]",26.0,44.0,143.0
2.4234234234234235,0.7061404824730855,1.0,0.0,3.0,"[14, 5, 17]",25.0,75.0,121.0
2.400900900900901,0.7347847895591678,2.0,0.0,3.0,"[14, 5]",27.0,73.0,120.0
2.333333333333333,0.816496580927726,5.0,0.0,1.0,"[17, 14, 5]",34.0,65.0,118.0
2.3963963963963963,0.8158972439879523,4.0,0.0,1.0,"[14, 5, 17]",35.0,52.0,131.0
2.414414414414414,0.6921468793520016,0.0,0.0,3.0,"[5, 14]",26.0,78.0,118.0
2.5135135135135136,0.7101700116999563,2.0,0.0,3.0,"[14, 5, 17]",22.0,58.0,140.0
2.373873873873874,0.730612055040461,4.0,1.0,3.0,"[14, 5, 17]",21.0,85.0,112.0
2.427927927927928,0.6936911789807386,3.0,0.0,2.0,"[14, 17, 5]",17.0,84.0,118.0
2.4414414414414414,0.6818219494585984,1.0,0.0,3.0,"[14, 5, 29]",21.0,79.0,121.0
2.612612612612613,0.6334730980823481,2.0,0.0,2.0,"[5, 14, 17]",12.0,56.0,152.0
2.3963963963963963,0.6830763428217242,0.0,1.0,1.0,"[5, 17, 14]",25.0,84.0,113.0
2.5,0.7291599331729606,3.0,1.0,2.0,"[14, 17, 5]",22.0,58.0,139.0
2.536036036036036,0.7220249043464034,4.0,0.0,2.0,"[5, 14, 17]",18.0,55.0,145.0
2.4234234234234235,0.7964803747250547,5.0,0.0,3.0,"[5, 14, 26]",28.0,57.0,132.0
2.468468468468469,0.6902005718035924,2.0,0.0,2.0,"[5, 14]",19.0,74.0,127.0
2.418918918918919,0.743114823196883,2.0,1.0,2.0,"[14, 17, 5]",28.0,67.0,125.0
2.463963963963964,0.7466719879030266,3.0,1.0,3.0,"[17, 14, 5]",25.0,60.0,134.0
2.36036036036036,0.77041203987332,6.0,0.0,1.0,"[14, 17, 5]",22.0,80.0,114.0
2.536036036036036,0.734451843218972,3.0,0.0,2.0,"[5, 14]",23.0,48.0,148.0
2.45945945945946,0.7091360339445603,2.0,0.0,4.0,"[5, 17, 14]",22.0,70.0,128.0
2.355855855855856,0.7984356520350698,1.0,1.0,3.0,"[14, 5, 17]",42.0,56.0,123.0
2.3963963963963963,0.764356166290448,0.0,0.0,2.0,"[14, 5, 17]",38.0,58.0,126.0
2.36036036036036,0.816047119489444,6.0,1.0,2.0,"[14, 8, 5, 17]",30.0,64.0,122.0
2.4324324324324325,0.8029540665383837,4.0,0.0,3.0,"[14, 5]",32.0,50.0,136.0
2.5855855855855854,0.7364887771624951,6.0,1.0,2.0,"[5, 14, 29, 17]",15.0,44.0,157.0
2.3783783783783785,0.7436494826291168,2.0,0.0,2.0,"[5, 14]",29.0,74.0,117.0
2.40990990990991,0.7235476893856938,1.0,0.0,4.0,"[5, 14, 17]",28.0,72.0,121.0
2.4054054054054053,0.7166838966751344,2.0,0.0,3.0,"[5, 14]",24.0,78.0,118.0
2.563063063063063,0.7074814073220669,4.0,0.0,2.0,"[14, 5, 17]",16.0,53.0,149.0
2.4414414414414414,0.7142338829415783,2.0,0.0,2.0,"[5, 17, 14]",23.0,72.0,125.0
2.3873873873873874,0.7266257623930175,1.0,0.0,2.0,"[14, 17, 5]",29.0,75.0,117.0
2.3423423423423424,0.7786227020423082,2.0,0.0,2.0,"[5, 14, 8]",36.0,68.0,116.0
2.5675675675675675,0.6875969252498596,2.0,1.0,2.0,"[5, 14, 29, 17]",19.0,52.0,149.0
2.445945945945946,0.7869160590194906,7.0,1.0,2.0,"[14, 17, 5]",20.0,62.0,133.0
2.495495495495496,0.765475321813453,8.0,0.0,2.0,"[5, 14, 17]",13.0,62.0,139.0
2.495495495495496,0.722913585441453,2.0,0.0,2.0,"[14, 5]",24.0,58.0,138.0
2.436936936936937,0.7138485241716679,0.0,0.0,4.0,"[14, 5, 17]",29.0,67.0,126.0
2.36036036036036,0.7935576892730575,4.0,1.0,2.0,"[5, 14, 17, 26]",32.0,66.0,120.0
2.4054054054054053,0.777260281572406,2.0,1.0,3.0,"[17, 14, 5]",34.0,58.0,128.0
2.373873873873874,0.7843735964266968,4.0,0.0,1.0,"[14, 5]",30.0,67.0,121.0
2.364864864864865,0.811249932045667,7.0,0.0,3.0,"[14, 5]",26.0,68.0,121.0
2.599099099099099,0.6635971486190196,3.0,0.0,1.0,"[14, 5, 26, 17]",13.0,54.0,152.0
2.400900900900901,0.7223635784396929,3.0,0.0,3.0,"[14, 5]",22.0,80.0,117.0
2.391891891891892,0.7517864257145856,3.0,0.0,2.0,"[14, 5]",27.0,72.0,120.0
2.468468468468469,0.6702443644306437,1.0,1.0,1.0,"[14, 5, 17]",19.0,77.0,125.0
2.4234234234234235,0.7374844064558942,0.0,0.0,2.0,"[14, 5, 26]",33.0,62.0,127.0
2.427927927927928,0.7501036032419736,4.0,0.0,1.0,"[14, 5]",23.0,69.0,126.0
2.5135135135135136,0.6145279594442636,1.0,1.0,1.0,"[5, 14]",11.0,83.0,127.0
2.436936936936937,0.7746466633366657,3.0,1.0,3.0,"[14, 17, 28, 5]",30.0,56.0,133.0
2.518018018018018,0.8277646066471878,10.0,0.0,2.0,"[14, 17, 5, 29]",18.0,41.0,153.0
2.3783783783783785,0.7793030190808256,3.0,0.0,2.0,"[17, 14, 5]",32.0,65.0,122.0
2.527027027027027,0.7097824465554078,3.0,0.0,2.0,"[14, 5]",19.0,58.0,142.0
2.495495495495496,0.765475321813453,5.0,0.0,3.0,"[5, 14]",22.0,53.0,142.0
2.4054054054054053,0.8114383450663103,5.0,0.0,1.0,"[5, 14, 17]",31.0,55.0,131.0
2.527027027027027,0.7530866734498581,5.0,0.0,2.0,"[14, 17, 26, 5]",20.0,50.0,147.0
2.4054054054054053,0.6974858324629156,1.0,1.0,3.0,"[5, 17, 14, 26]",24.0,81.0,116.0
2.369369369369369,0.7950972839868216,2.0,0.0,4.0,"[5, 17, 14]",38.0,58.0,124.0
2.4504504504504503,0.7638760262677339,3.0,1.0,2.0,"[17, 14, 5]",28.0,57.0,134.0
2.355855855855856,0.7272566296520051,1.0,0.0,3.0,"[14, 5, 17]",30.0,80.0,111.0
2.5315315315315314,0.7346599523640843,3.0,0.0,2.0,"[5, 14, 26]",23.0,49.0,147.0
2.4414414414414414,0.7865922225713127,6.0,2.0,1.0,"[14, 5]",23.0,60.0,133.0
2.472972972972973,0.7590713480849012,2.0,0.0,5.0,"[14, 5, 17]",30.0,51.0,139.0
2.3873873873873874,0.7266257623930175,0.0,1.0,3.0,"[5, 17, 14, 29]",32.0,72.0,118.0
2.4504504504504503,0.7814447547802414,6.0,1.0,2.0,"[14, 5, 17]",22.0,60.0,134.0
2.373873873873874,0.8182545944296843,5.0,2.0,2.0,"[5, 14]",33.0,58.0,126.0
2.4234234234234235,0.7061404824730855,1.0,0.0,2.0,"[14, 5, 17, 26]",25.0,75.0,121.0
2.490990990990991,0.7228712920678524,1.0,0.0,3.0,"[14, 5]",27.0,56.0,138.0
2.4234234234234235,0.7850359481010099,4.0,0.0,2.0,"[5, 14, 17]",29.0,58.0,131.0
2.373873873873874,0.8507874140108233,6.0,0.0,3.0,"[5, 14]",36.0,49.0,131.0
2.509009009009009,0.7944433207999922,6.0,0.0,4.0,"[5, 14, 17]",24.0,43.0,149.0
2.436936936936937,0.8200461225223117,8.0,1.0,1.0,"[14, 26, 5]",23.0,55.0,136.0
2.36036036036036,0.7343269494222812,3.0,0.0,2.0,"[17, 14, 5]",25.0,83.0,111.0
2.414414414414414,0.7303190707702019,2.0,0.0,2.0,"[14, 5, 17]",26.0,72.0,122.0
2.355855855855856,0.8152599657211407,4.0,0.0,4.0,"[5, 14]",36.0,59.0,123.0
2.400900900900901,0.7223635784396928,1.0,1.0,1.0,"[5, 14, 17]",28.0,74.0,119.0
2.3828828828828827,0.7564353021323195,6.0,0.0,1.0,"[14, 5, 29]",19.0,81.0,116.0
2.3063063063063063,0.734326949422281,2.0,0.0,2.0,"[5, 17, 14]",30.0,88.0,102.0
2.5945945945945947,0.6777441738735333,4.0,0.0,2.0,"[5, 14, 17]",12.0,54.0,152.0
2.436936936936937,0.7448681656778928,1.0,0.0,4.0,"[5, 14]",31.0,60.0,130.0
2.5765765765765765,0.6866476969453504,1.0,1.0,2.0,"[14, 5]",22.0,47.0,152.0
2.4504504504504503,0.7756327294653673,2.0,1.0,3.0,"[5, 14, 17]",33.0,50.0,137.0
2.563063063063063,0.7074814073220668,3.0,0.0,2.0,"[14, 26, 5]",19.0,50.0,150.0
2.391891891891892,0.7210644639076534,3.0,1.0,2.0,"[14, 5]",22.0,82.0,115.0
2.4414414414414414,0.8528332836361107,9.0,0.0,3.0,"[14, 5, 17]",26.0,45.0,142.0
2.518018018018018,0.7100695521599636,3.0,0.0,2.0,"[14, 5, 17]",19.0,60.0,140.0
2.527027027027027,0.7161291051157163,5.0,0.0,4.0,"[5, 14, 26]",14.0,62.0,141.0
2.463963963963964,0.7936732624728556,8.0,1.0,2.0,"[14, 5, 32]",18.0,59.0,137.0
2.5135135135135136,0.777102925506096,7.0,1.0,3.0,"[14, 5]",18.0,51.0,146.0
2.351351351351352,0.8032586195804515,4.0,1.0,2.0,"[14, 5]",34.0,64.0,120.0
2.400900900900901,0.7649559175179907,2.0,2.0,3.0,"[17, 5, 14]",32.0,63.0,125.0
2.477477477477477,0.7941738853197862,5.0,0.0,2.0,"[14, 5, 26]",27.0,47.0,143.0
2.490990990990991,0.6573014280672795,0.0,0.0,3.0,"[14, 5, 17, 32]",20.0,73.0,129.0
2.436936936936937,0.7746466633366657,3.0,0.0,3.0,"[5, 14]",30.0,56.0,133.0
2.5,0.7229276826828118,3.0,1.0,2.0,"[5, 14]",21.0,60.0,138.0
2.5225225225225225,0.7162856282939059,1.0,1.0,2.0,"[5, 14]",26.0,51.0,144.0
2.495495495495496,0.7166270147434862,2.0,0.0,2.0,"[5, 32, 14, 17]",23.0,60.0,137.0
2.4234234234234235,0.69970322797002,2.0,1.0,3.0,"[5, 14]",21.0,80.0,119.0
2.4414414414414414,0.707870232306846,2.0,0.0,2.0,"[5, 17, 14]",22.0,74.0,124.0
2.355855855855856,0.7695782102310241,1.0,1.0,2.0,"[5, 14, 17]",37.0,66.0,118.0
2.315315315315315,0.7784656213705153,2.0,0.0,2.0,"[14, 17, 5]",37.0,72.0,111.0
2.572072072072072,0.6936911789807387,4.0,1.0,2.0,"[14, 17, 5]",14.0,55.0,149.0
2.490990990990991,0.7291040245750275,3.0,0.0,4.0,"[5, 17, 14]",22.0,60.0,137.0
2.468468468468469,0.7407935065612108,2.0,2.0,4.0,"[5, 17, 14]",27.0,58.0,135.0
2.558558558558558,0.7267940472053389,5.0,0.0,2.0,"[14, 5]",16.0,51.0,150.0
2.427927927927928,0.8137585187933883,5.0,0.0,3.0,"[14, 5, 26]",31.0,50.0,136.0
2.454954954954955,0.6894471178259466,2.0,1.0,2.0,"[14, 17, 5]",19.0,77.0,124.0
2.481981981981982,0.6707459477109904,0.0,1.0,2.0,"[14, 5]",22.0,71.0,129.0
2.3783783783783785,0.8244461083622984,5.0,0.0,1.0,"[14, 17, 26, 15, 5]",34.0,55.0,128.0
2.3828828828828827,0.825100994654525,5.0,0.0,2.0,"[14, 5]",34.0,54.0,129.0
2.5945945945945947,0.7292018618083521,6.0,1.0,2.0,"[14, 5, 29]",14.0,44.0,158.0
2.4054054054054053,0.771416730149379,2.0,0.0,2.0,"[14, 5]",33.0,60.0,127.0
2.581081081081081,0.6728091327729712,2.0,0.0,1.0,"[14, 5, 17]",17.0,53.0,150.0
2.36036036036036,0.77041203987332,2.0,0.0,3.0,"[14, 5]",34.0,68.0,118.0
2.351351351351352,0.7074093792421717,1.0,1.0,3.0,"[17, 14, 5]",27.0,87.0,107.0
2.5,0.7535736879479145,2.0,0.0,2.0,"[14, 29, 5, 17]",29.0,47.0,144.0
2.4324324324324325,0.750524662599186,2.0,0.0,3.0,"[5, 14]",29.0,62.0,129.0
2.414414414414414,0.772472887174847,2.0,0.0,3.0,"[14, 5, 26, 17]",33.0,58.0,129.0
2.414414414414414,0.7364887771624948,5.0,1.0,1.0,"[5, 17, 14]",18.0,79.0,120.0
2.391891891891892,0.7754881848947388,2.0,0.0,2.0,"[5, 14, 17]",34.0,61.0,125.0
2.4864864864864864,0.7594337598258092,2.0,0.0,3.0,"[14, 5]",30.0,48.0,142.0
2.4414414414414414,0.7512846877687184,2.0,0.0,2.0,"[5, 14]",29.0,60.0,131.0
2.3423423423423424,0.749002298632911,3.0,1.0,2.0,"[14, 5]",28.0,81.0,110.0
2.4414414414414414,0.8421550107707242,7.0,1.0,1.0,"[5, 14]",30.0,43.0,142.0
2.5135135135135136,0.7228007976124737,4.0,1.0,2.0,"[5, 17, 14, 26]",18.0,60.0,140.0
2.4504504504504503,0.6891366326344218,1.0,0.0,3.0,"[14, 5, 17, 26]",22.0,75.0,124.0
2.436936936936937,0.7746466633366657,3.0,0.0,2.0,"[14, 5, 17, 29]",30.0,56.0,133.0
2.369369369369369,0.7542090391354558,4.0,0.0,1.0,"[14, 5, 17]",25.0,78.0,115.0
2.527027027027027,0.7286566013597549,2.0,1.0,4.0,"[14, 17, 5]",25.0,49.0,146.0
2.5225225225225225,0.7592190181956643,7.0,0.0,2.0,"[5, 8, 14]",15.0,55.0,145.0
2.364864864864865,0.7101269593515975,1.0,1.0,2.0,"[14, 5, 17]",27.0,84.0,110.0
2.369369369369369,0.7542090391354558,1.0,1.0,2.0,"[5, 29, 14]",34.0,69.0,118.0
2.3873873873873874,0.7203715880138373,1.0,0.0,3.0,"[5, 14]",28.0,77.0,116.0
2.481981981981982,0.7473268437829514,3.0,0.0,3.0,"[14, 5]",25.0,56.0,138.0
2.324324324324324,0.8090233446358832,1.0,0.0,3.0,"[5, 17, 14]",45.0,57.0,119.0
2.445945945945946,0.7145905113244179,2.0,0.0,3.0,"[5, 14]",23.0,71.0,126.0
2.40990990990991,0.7835936423759049,5.0,0.0,2.0,"[5, 14, 17, 26]",26.0,64.0,127.0
2.40990990990991,0.7777976746020018,4.0,0.0,4.0,"[14, 5, 17]",28.0,63.0,127.0
2.612612612612613,0.6816425619660506,2.0,1.0,2.0,"[5, 14]",19.0,42.0,159.0
2.445945945945946,0.7576199675064575,3.0,0.0,2.0,"[14, 5, 26]",27.0,60.0,132.0
2.4864864864864864,0.6907909410602804,2.0,1.0,3.0,"[5, 14]",19.0,70.0,131.0
2.4054054054054053,0.7475858990990503,0.0,0.0,4.0,"[14, 5, 17]",35.0,62.0,125.0
2.45945945945946,0.7403531477726699,2.0,0.0,4.0,"[5, 14, 17, 26]",27.0,60.0,133.0
2.2612612612612613,0.8261748712343142,3.0,0.0,1.0,"[5, 14, 8, 17]",45.0,65.0,109.0
2.509009009009009,0.7829691197310448,5.0,1.0,2.0,"[5, 17, 14]",25.0,44.0,148.0
2.4234234234234235,0.7313230996009538,4.0,0.0,1.0,"[17, 14, 5, 26]",20.0,76.0,122.0
2.5135135135135136,0.7943791777841999,7.0,0.0,2.0,"[14, 5]",21.0,45.0,149.0
2.3783783783783785,0.7497094949180043,3.0,0.0,3.0,"[14, 17, 5]",27.0,75.0,117.0
2.4504504504504503,0.7814447547802416,5.0,0.0,2.0,"[5, 14, 17]",25.0,57.0,135.0
2.4054054054054053,0.7830602269721479,4.0,0.0,3.0,"[5, 14]",29.0,62.0,127.0
2.477477477477477,0.805488490069993,5.0,0.0,2.0,"[14, 5, 17]",29.0,43.0,145.0
2.6486486486486487,0.6331512603853658,2.0,0.0,4.0,"[5, 14]",13.0,46.0,161.0
2.3963963963963963,0.7402980845062391,2.0,2.0,3.0,"[5, 17, 14]",28.0,72.0,120.0
2.427927927927928,0.7379402876149804,3.0,0.0,3.0,"[5, 14, 17]",24.0,70.0,125.0
2.418918918918919,0.7246173605344868,1.0,0.0,2.0,"[14, 17, 5, 26]",28.0,70.0,123.0
2.518018018018018,0.690687662867727,1.0,0.0,2.0,"[14, 5]",22.0,60.0,139.0
2.5765765765765765,0.7061404824730856,4.0,0.0,2.0,"[5, 14]",16.0,50.0,152.0
2.5495495495495497,0.7638760262677337,9.0,0.0,2.0,"[14, 5]",10.0,53.0,150.0
2.4234234234234235,0.7850359481010099,4.0,0.0,3.0,"[14, 17, 5]",29.0,58.0,131.0
2.3828828828828827,0.7321169792385565,1.0,0.0,3.0,"[14, 5]",30.0,74.0,117.0
2.608108108108108,0.7335076745486333,6.0,0.0,3.0,"[5, 17, 14]",15.0,39.0,162.0
2.3378378378378377,0.7834895898385307,1.0,0.0,2.0,"[14, 5, 29]",40.0,64.0,117.0
2.333333333333333,0.8437508728558135,6.0,0.0,3.0,"[5, 14]",36.0,58.0,122.0
2.4234234234234235,0.7435946634566837,2.0,0.0,3.0,"[17, 14, 5]",28.0,66.0,126.0
2.4234234234234235,0.7734221953755525,6.0,0.0,3.0,"[5, 14]",21.0,68.0,127.0
2.351351351351352,0.8630016924911037,7.0,0.0,3.0,"[14, 5, 17]",36.0,51.0,128.0
2.355855855855856,0.7456886257948165,4.0,0.0,4.0,"[5, 17, 14]",24.0,83.0,111.0
2.3783783783783785,0.7497094949180043,1.0,0.0,2.0,"[14, 5]",33.0,69.0,119.0
2.333333333333333,0.8109358130647645,3.0,1.0,1.0,"[14, 5]",39.0,61.0,119.0
2.5045045045045047,0.8113881058720657,6.0,1.0,3.0,"[5, 14, 17]",27.0,38.0,151.0
2.477477477477477,0.6773230091813349,1.0,0.0,4.0,"[14, 5]",20.0,73.0,128.0
2.644144144144144,0.6341966357476267,3.0,1.0,4.0,"[14, 5]",10.0,50.0,159.0
2.40990990990991,0.7660741968667063,1.0,0.0,5.0,"[5, 14, 17]",35.0,58.0,128.0
2.4414414414414414,0.7329934248059613,5.0,0.0,1.0,"[17, 14, 5]",17.0,75.0,125.0
2.391891891891892,0.7210644639076534,2.0,1.0,1.0,"[14, 5, 17]",25.0,79.0,116.0
2.391891891891892,0.7147616297443333,3.0,0.0,1.0,"[14, 5]",21.0,84.0,114.0
2.563063063063063,0.7074814073220668,4.0,0.0,2.0,"[5, 14]",16.0,53.0,149.0
2.4414414414414414,0.7865922225713126,6.0,0.0,1.0,"[14, 17, 5]",23.0,60.0,133.0
2.518018018018018,0.70366824224843,2.0,1.0,2.0,"[17, 5, 14]",21.0,59.0,140.0
2.373873873873874,0.8014931440993859,5.0,0.0,2.0,"[5, 14, 17, 26]",30.0,64.0,123.0
2.400900900900901,0.7286006541390521,2.0,0.0,2.0,"[14, 5, 29]",26.0,75.0,119.0
2.4414414414414414,0.7512846877687185,2.0,0.0,4.0,"[14, 5]",29.0,60.0,131.0
2.3963963963963963,0.7584131955540957,2.0,1.0,3.0,"[14, 17, 5]",31.0,66.0,123.0
2.5225225225225225,0.7349928044323726,3.0,1.0,3.0,"[14, 5, 17]",23.0,51.0,145.0
2.527027027027027,0.7286566013597549,3.0,0.0,3.0,"[14, 5, 17, 26]",22.0,52.0,145.0
2.418918918918919,0.730835202315558,1.0,0.0,1.0,"[14, 32, 5]",29.0,68.0,124.0
2.436936936936937,0.6880266131767316,0.0,0.0,3.0,"[14, 5]",25.0,75.0,122.0
2.3873873873873874,0.763075121535993,2.0,1.0,2.0,"[5, 14, 17]",32.0,66.0,122.0
2.414414414414414,0.6986537599930099,0.0,0.0,1.0,"[14, 17, 5]",27.0,76.0,119.0
2.4324324324324325,0.6607499047222305,0.0,1.0,3.0,"[5, 14]",21.0,84.0,117.0
2.5855855855855854,0.6305706453648231,2.0,1.0,1.0,"[17, 5, 14]",11.0,64.0,145.0
2.463963963963964,0.7527076665443987,7.0,0.0,1.0,"[5, 14]",14.0,70.0,131.0
2.414414414414414,0.7178205887402079,1.0,1.0,2.0,"[5, 17, 14]",27.0,73.0,121.0
2.364864864864865,0.8000168152812708,4.0,0.0,2.0,"[14, 5, 17]",33.0,63.0,122.0
2.518018018018018,0.6972081621677554,2.0,0.0,4.0,"[14, 5, 17]",20.0,61.0,139.0
2.436936936936937,0.7746466633366657,3.0,0.0,3.0,"[14, 5, 17]",30.0,56.0,133.0
2.5045045045045047,0.7414535543665464,6.0,1.0,2.0,"[14, 5]",15.0,62.0,139.0
2.554054054054054,0.7271445154755726,4.0,0.0,2.0,"[5, 14]",19.0,49.0,150.0
2.481981981981982,0.7164136672763212,1.0,1.0,3.0,"[14, 5]",26.0,60.0,135.0
2.418918918918919,0.8771625907382743,10.0,0.0,2.0,"[14, 5]",28.0,43.0,141.0
2.373873873873874,0.8071189712762147,4.0,1.0,2.0,"[5, 29, 26, 17, 14]",34.0,59.0,125.0
2.3828828828828827,0.7741729054797654,1.0,0.0,2.0,"[14, 17, 5]",37.0,60.0,124.0
2.40990990990991,0.754168500796511,4.0,0.0,1.0,"[14, 5, 17]",24.0,71.0,123.0
2.4054054054054053,0.7353809414313258,4.0,0.0,4.0,"[5, 14, 17]",21.0,78.0,119.0
2.391891891891892,0.7754881848947388,3.0,0.0,2.0,"[14, 5]",31.0,64.0,124.0
2.463963963963964,0.6965061862423109,3.0,1.0,2.0,"[14, 5]",17.0,76.0,126.0
2.36036036036036,0.7762631544376083,3.0,0.0,4.0,"[14, 5]",32.0,69.0,118.0
2.4504504504504503,0.702145886515062,2.0,0.0,2.0,"[14, 5]",21.0,74.0,125.0
2.603603603603604,0.6764196303826832,5.0,0.0,3.0,"[5, 14]",9.0,55.0,153.0
2.468468468468469,0.6902005718035923,1.0,0.0,2.0,"[5, 14, 17, 26]",22.0,71.0,128.0
2.472972972972973,0.7470540569276879,5.0,0.0,3.0,"[5, 17, 14]",19.0,64.0,134.0
2.490990990990991,0.6973835457431024,3.0,0.0,4.0,"[5, 14]",17.0,70.0,132.0
2.468468468468469,0.72223659426554,3.0,0.0,2.0,"[14, 5]",21.0,67.0,131.0
2.5045045045045047,0.7772078330901727,7.0,0.0,3.0,"[5, 14]",18.0,53.0,144.0
2.558558558558558,0.6684172523597902,2.0,0.0,2.0,"[14, 17, 5]",16.0,60.0,144.0
2.3378378378378377,0.7776928465851366,2.0,0.0,2.0,"[14, 5]",36.0,69.0,115.0
2.445945945945946,0.7145905113244179,2.0,1.0,2.0,"[5, 14, 26]",23.0,71.0,126.0
2.427927927927928,0.8357045063486458,10.0,0.0,2.0,"[14, 5]",20.0,57.0,135.0
2.509009009009009,0.6842837586571154,1.0,0.0,5.0,"[5, 14, 17]",21.0,64.0,136.0
2.36036036036036,0.7218978605983821,0.0,1.0,2.0,"[5, 17, 14]",32.0,78.0,112.0
2.4054054054054053,0.7353809414313259,5.0,0.0,1.0,"[5, 17, 14]",18.0,81.0,118.0
2.6576576576576576,0.6380895622961018,4.0,0.0,3.0,"[5, 14]",8.0,48.0,162.0
2.2972972972972974,0.7562062324296943,2.0,0.0,1.0,"[14, 5, 17]",34.0,82.0,104.0
2.603603603603604,0.6764196303826832,2.0,0.0,4.0,"[14, 5, 17]",18.0,46.0,156.0
2.5135135135135136,0.7594337598258092,7.0,0.0,3.0,"[5, 14]",15.0,57.0,143.0
2.445945945945946,0.6887964168404686,1.0,0.0,2.0,"[14, 5, 29]",22.0,76.0,123.0
2.391891891891892,0.7019862105792843,0.0,0.0,2.0,"[5, 14]",28.0,79.0,115.0
2.355855855855856,0.8040828714730361,3.0,0.0,3.0,"[17, 5, 14]",37.0,60.0,122.0
2.5045045045045047,0.7830081669895773,5.0,0.0,2.0,"[5, 14, 26, 17]",25.0,45.0,147.0
2.3873873873873874,0.763075121535993,4.0,0.0,2.0,"[5, 17, 14]",26.0,72.0,120.0
2.5,0.7229276826828118,3.0,1.0,2.0,"[5, 14, 26]",21.0,60.0,138.0
2.454954954954955,0.7641561446107582,3.0,0.0,2.0,"[14, 5]",28.0,56.0,135.0
2.4054054054054053,0.7655285741229414,2.0,0.0,5.0,"[5, 14, 17]",32.0,62.0,126.0
2.274774774774775,0.835411781681147,2.0,0.0,1.0,"[5, 14, 17]",49.0,57.0,114.0
2.5675675675675675,0.6875969252498596,2.0,0.0,1.0,"[14, 8, 5]",19.0,52.0,149.0
2.463963963963964,0.7705310847342124,3.0,0.0,3.0,"[5, 14]",29.0,52.0,138.0
2.369369369369369,0.7719977953210719,4.0,1.0,2.0,"[5, 14]",28.0,72.0,118.0
2.599099099099099,0.6357374305738721,1.0,0.0,2.0,"[14, 5, 26]",15.0,56.0,150.0
2.5,0.7535736879479145,5.0,0.0,2.0,"[14, 5, 17]",20.0,56.0,141.0
2.3063063063063063,0.816047119489444,4.0,1.0,3.0,"[5, 14]",38.0,66.0,114.0
2.436936936936937,0.7509183430946437,2.0,0.0,4.0,"[14, 5, 17]",29.0,61.0,130.0
2.3783783783783785,0.7313788385667449,1.0,0.0,3.0,"[5, 14, 17]",30.0,75.0,116.0
2.581081081081081,0.6991932666762044,4.0,1.0,2.0,"[14, 5, 17]",15.0,51.0,152.0
2.45945945945946,0.7027262204322279,1.0,1.0,3.0,"[5, 26, 14]",24.0,69.0,128.0
2.3783783783783785,0.773474900557758,2.0,1.0,3.0,"[14, 5, 29]",34.0,64.0,122.0
2.477477477477477,0.7532355168433922,4.0,0.0,2.0,"[5, 14, 17, 26]",23.0,58.0,137.0
2.445945945945946,0.7811447434292254,5.0,0.0,3.0,"[17, 5, 14, 26]",25.0,58.0,134.0
2.324324324324324,0.7629682707167986,3.0,0.0,1.0,"[14, 17, 5]",31.0,79.0,109.0
2.3378378378378377,0.8118526997945068,4.0,0.0,2.0,"[5, 17, 14]",36.0,63.0,119.0
2.3423423423423424,0.812743474086136,4.0,0.0,2.0,"[5, 14, 8, 17]",36.0,62.0,120.0
2.4504504504504503,0.7274667971616622,1.0,1.0,3.0,"[17, 14, 5]",28.0,63.0,130.0
2.490990990990991,0.7829691197310448,6.0,2.0,3.0,"[14, 5]",22.0,51.0,143.0
2.5765765765765765,0.712519582006683,4.0,0.0,2.0,"[5, 14, 17]",17.0,48.0,153.0
2.333333333333333,0.7649958842149164,2.0,1.0,2.0,"[5, 14]",34.0,74.0,112.0
2.373873873873874,0.7549788540039184,1.0,0.0,3.0,"[5, 26, 17, 14]",34.0,68.0,119.0
2.418918918918919,0.7551948013368782,2.0,1.0,1.0,"[5, 14, 17]",30.0,63.0,127.0
2.4234234234234235,0.7313230996009538,4.0,0.0,3.0,"[14, 5, 17]",20.0,76.0,122.0
2.536036036036036,0.7405871209813207,3.0,0.0,3.0,"[14, 26, 5]",24.0,46.0,149.0
2.369369369369369,0.7601848778220227,2.0,1.0,4.0,"[14, 5]",32.0,70.0,118.0
2.3873873873873874,0.7921694956797131,2.0,0.0,2.0,"[5, 14, 17]",37.0,56.0,127.0
2.5045045045045047,0.8169457950845421,8.0,0.0,2.0,"[17, 5, 14]",22.0,42.0,150.0
2.310810810810811,0.81155137188219,5.0,1.0,2.0,"[14, 5]",34.0,70.0,113.0
2.4504504504504503,0.721219915987482,2.0,0.0,2.0,"[5, 14, 17]",24.0,68.0,128.0
2.536036036036036,0.7093803034939163,3.0,0.0,3.0,"[5, 26, 14]",19.0,56.0,144.0
2.333333333333333,0.7649958842149165,2.0,0.0,3.0,"[14, 5, 17]",34.0,74.0,112.0
2.572072072072072,0.7066165857853886,4.0,1.0,1.0,"[5, 14]",16.0,51.0,151.0
2.4234234234234235,0.7125195820066829,1.0,0.0,4.0,"[5, 14, 26, 17]",26.0,73.0,122.0
2.31981981981982,0.8080275766787114,4.0,0.0,2.0,"[14, 5, 17]",36.0,67.0,115.0
2.36036036036036,0.7935576892730575,3.0,1.0,3.0,"[5, 14, 17]",35.0,63.0,121.0
2.3963963963963963,0.764356166290448,2.0,0.0,3.0,"[5, 14, 17, 26]",32.0,64.0,124.0
2.5225225225225225,0.7532355168433922,6.0,1.0,2.0,"[5, 14]",17.0,54.0,145.0
2.4414414414414414,0.7808185133909296,6.0,2.0,1.0,"[14, 5]",22.0,62.0,132.0
2.558558558558558,0.7391408083473869,7.0,0.0,3.0,"[14, 5, 17, 26]",12.0,53.0,150.0
2.445945945945946,0.6953346515225058,1.0,1.0,2.0,"[17, 5, 14]",23.0,74.0,124.0
2.5045045045045047,0.722913585441453,3.0,0.0,2.0,"[5, 14, 29]",21.0,59.0,139.0
2.684684684684685,0.5704960448858897,1.0,0.0,4.0,"[14, 17, 5]",9.0,49.0,163.0
2.481981981981982,0.7412473525638603,4.0,0.0,1.0,"[5, 14]",21.0,61.0,136.0
2.283783783783784,0.752436830443754,3.0,0.0,3.0,"[5, 14, 17]",31.0,88.0,100.0
2.527027027027027,0.7883135037925646,8.0,1.0,3.0,"[5, 14, 26]",17.0,47.0,150.0
2.5225225225225225,0.677323009181335,2.0,0.0,2.0,"[17, 5, 14]",17.0,66.0,137.0
2.463963963963964,0.8105964278426563,7.0,0.0,2.0,"[14, 5]",24.0,50.0,141.0
2.45945945945946,0.6561064887603015,0.0,0.0,5.0,"[5, 14]",20.0,80.0,122.0
2.4054054054054053,0.7714167301493791,2.0,0.0,2.0,"[14, 17, 5]",33.0,60.0,127.0
2.5765765765765765,0.7374844064558942,5.0,0.0,2.0,"[14, 32, 17, 5]",18.0,43.0,156.0
2.4414414414414414,0.7329934248059613,4.0,1.0,2.0,"[5, 14]",20.0,72.0,126.0
2.472972972972973,0.7097824465554078,2.0,0.0,2.0,"[14, 5, 17]",22.0,67.0,131.0
2.36036036036036,0.715602366807758,2.0,0.0,1.0,"[5, 14]",25.0,86.0,109.0
2.3963963963963963,0.7463853077863087,2.0,2.0,1.0,"[14, 5]",29.0,70.0,121.0
2.5225225225225225,0.6905548539238365,4.0,0.0,1.0,"[14, 32, 5]",13.0,68.0,137.0
2.4864864864864864,0.7653688060790177,1.0,0.0,3.0,"[14, 5]",34.0,43.0,144.0
2.414414414414414,0.8179930020883386,5.0,0.0,3.0,"[14, 5, 26]",32.0,51.0,134.0
2.4504504504504503,0.7274667971616622,3.0,0.0,2.0,"[14, 5]",22.0,69.0,128.0
2.315315315315315,0.8399739489817525,5.0,0.0,5.0,"[14, 5]",39.0,59.0,119.0
2.3873873873873874,0.7076974475764806,0.0,0.0,1.0,"[5, 17, 14]",29.0,78.0,115.0
2.5405405405405403,0.7091360339445602,2.0,0.0,1.0,"[14, 17, 5]",22.0,52.0,146.0
2.5315315315315314,0.7031901427276395,4.0,1.0,1.0,"[5, 14, 17]",15.0,62.0,141.0
2.518018018018018,0.7164136672763212,3.0,1.0,2.0,"[5, 14, 17]",20.0,58.0,141.0
2.490990990990991,0.7038420161008276,1.0,0.0,3.0,"[5, 17, 14, 29]",24.0,62.0,135.0
2.477477477477477,0.7710467334093963,3.0,0.0,4.0,"[14, 5, 17, 8]",29.0,49.0,141.0
2.45945945945946,0.7524774620732592,2.0,0.0,5.0,"[14, 5]",29.0,56.0,135.0
2.5315315315315314,0.7407935065612109,4.0,0.0,2.0,"[14, 5]",21.0,50.0,147.0
2.518018018018018,0.7289362730524662,5.0,1.0,3.0,"[14, 5]",16.0,60.0,141.0
2.3378378378378377,0.7776928465851368,3.0,0.0,1.0,"[14, 17, 5]",33.0,72.0,114.0
2.5135135135135136,0.7474222956614639,4.0,0.0,3.0,"[14, 5, 17]",22.0,52.0,144.0
2.572072072072072,0.7317828190997817,7.0,0.0,3.0,"[14, 5]",11.0,52.0,152.0
2.391891891891892,0.7927996254907698,5.0,0.0,1.0,"[5, 17, 14]",28.0,64.0,125.0
2.400900900900901,0.6968572625965622,1.0,1.0,1.0,"[14, 5]",24.0,82.0,115.0
2.581081081081081,0.6453472198127865,2.0,1.0,2.0,"[5, 14]",13.0,61.0,146.0
2.5765765765765765,0.6932061983825664,3.0,0.0,2.0,"[14, 5, 17, 29]",17.0,51.0,151.0
2.40990990990991,0.8063610180276337,6.0,1.0,1.0,"[5, 14]",27.0,59.0,130.0
2.36036036036036,0.746549138475925,3.0,0.0,2.0,"[5, 14, 17]",27.0,79.0,113.0
2.463963963963964,0.7763813021301699,6.0,1.0,1.0,"[5, 17, 14]",21.0,59.0,136.0
2.369369369369369,0.7836326585153964,2.0,0.0,3.0,"[14, 5, 17]",36.0,62.0,122.0
2.5405405405405403,0.6491732825969623,2.0,0.0,2.0,"[5, 14, 17]",13.0,70.0,137.0
2.495495495495496,0.7291459564253736,1.0,0.0,2.0,"[14, 5, 17]",28.0,53.0,140.0
2.3963963963963963,0.8047290011151729,3.0,0.0,3.0,"[5, 14, 17]",36.0,53.0,130.0
2.4864864864864864,0.7290341327982418,3.0,0.0,2.0,"[14, 5]",22.0,61.0,136.0
2.3783783783783785,0.7557209144425376,5.0,0.0,2.0,"[26, 14, 17, 5]",22.0,79.0,116.0
2.3873873873873874,0.7266257623930173,1.0,0.0,2.0,"[14, 17, 5]",29.0,75.0,117.0
2.418918918918919,0.7611629009101161,2.0,0.0,4.0,"[14, 5]",31.0,61.0,128.0
2.5,0.7595545253127499,4.0,0.0,2.0,"[5, 14, 17]",24.0,51.0,143.0
2.3828828828828827,0.7443754555334969,2.0,1.0,3.0,"[14, 17, 5]",29.0,73.0,118.0
2.463963963963964,0.7879514412758253,5.0,0.0,2.0,"[5, 14]",26.0,52.0,139.0
2.3018018018018016,0.7867088190490744,3.0,1.0,2.0,"[5, 17, 14]",36.0,74.0,109.0
2.603603603603604,0.656044354521916,3.0,0.0,2.0,"[5, 26, 14]",12.0,55.0,152.0
2.6171171171171173,0.6606419302293578,2.0,1.0,2.0,"[14, 17, 5]",16.0,47.0,157.0
2.436936936936937,0.681418261190429,0.0,0.0,4.0,"[14, 5]",24.0,77.0,121.0
2.5135135135135136,0.7165132373331089,2.0,1.0,3.0,"[5, 14]",23.0,56.0,141.0
2.45945945945946,0.7154884264572533,4.0,1.0,4.0,"[14, 5]",17.0,74.0,127.0
2.472972972972973,0.7348402659495497,2.0,1.0,1.0,"[14, 5]",26.0,59.0,135.0
2.454954954954955,0.798895021814703,8.0,0.0,1.0,"[14, 5]",19.0,59.0,136.0
2.27027027027027,0.8502961522510604,4.0,0.0,1.0,"[5, 14, 17]",46.0,58.0,114.0
2.4504504504504503,0.6891366326344219,0.0,0.0,3.0,"[14, 5]",25.0,72.0,125.0
2.472972972972973,0.740972327564573,2.0,0.0,5.0,"[5, 14, 17]",27.0,57.0,136.0
2.427927927927928,0.7501036032419736,5.0,0.0,1.0,"[14, 17, 5]",20.0,72.0,125.0
2.5045045045045047,0.7887658482262238,7.0,1.0,2.0,"[14, 5, 8, 17]",20.0,49.0,146.0
2.545045045045045,0.7461804688407555,3.0,0.0,3.0,"[5, 14, 17]",25.0,42.0,152.0
2.3963963963963963,0.7702532847718907,5.0,0.0,1.0,"[5, 14, 17]",24.0,71.0,122.0
2.364864864864865,0.7828649841868128,1.0,0.0,3.0,"[5, 17, 14]",39.0,60.0,122.0
2.315315315315315,0.7548573564807843,1.0,0.0,1.0,"[14, 5]",36.0,77.0,108.0
2.40990990990991,0.6915724040453726,2.0,1.0,1.0,"[17, 14, 5]",20.0,85.0,115.0
2.4054054054054053,0.7475858990990503,3.0,1.0,3.0,"[14, 5]",26.0,71.0,122.0
2.427927927927928,0.7679874587931501,4.0,0.0,3.0,"[5, 14]",26.0,63.0,129.0
2.3378378378378377,0.7718525700378517,2.0,0.0,3.0,"[14, 5]",35.0,71.0,114.0
2.4864864864864864,0.8168459910654677,5.0,0.0,3.0,"[5, 14, 17]",31.0,37.0,149.0
2.518018018018018,0.690687662867727,2.0,0.0,3.0,"[5, 17, 14]",19.0,63.0,138.0
2.400900900900901,0.7825004006470281,4.0,0.0,1.0,"[5, 17, 14]",29.0,63.0,126.0
2.518018018018018,0.7999658587961695,7.0,0.0,2.0,"[5, 14]",22.0,42.0,151.0
2.468468468468469,0.8051847804544445,8.0,2.0,2.0,"[17, 14, 5]",20.0,54.0,140.0
2.2522522522522523,0.8451990417906147,3.0,0.0,3.0,"[5, 14]",49.0,59.0,111.0
2.4324324324324325,0.785866344681816,3.0,1.0,2.0,"[5, 14]",32.0,53.0,134.0
2.495495495495496,0.7887658482262236,8.0,1.0,4.0,"[5, 14, 17]",17.0,54.0,143.0
2.418918918918919,0.6795012162596721,1.0,0.0,2.0,"[5, 17, 14]",21.0,84.0,116.0
2.369369369369369,0.7601848778220227,3.0,1.0,2.0,"[5, 14]",29.0,73.0,117.0
2.445945945945946,0.7694722624473205,2.0,0.0,3.0,"[5, 14]",32.0,53.0,135.0
2.445945945945946,0.8316460028088966,5.0,0.0,3.0,"[5, 14]",34.0,40.0,143.0
2.3873873873873874,0.7266257623930173,1.0,1.0,2.0,"[14, 17, 5]",29.0,75.0,117.0
2.558558558558558,0.6949681419135957,3.0,1.0,2.0,"[14, 5]",17.0,55.0,147.0
2.36036036036036,0.7935576892730575,3.0,1.0,2.0,"[5, 14, 17]",35.0,63.0,121.0
2.527027027027027,0.7590713480849012,6.0,0.0,3.0,"[14, 5, 29]",18.0,51.0,147.0
2.436936936936937,0.8089351615256727,5.0,1.0,2.0,"[5, 14]",30.0,50.0,137.0
2.4414414414414414,0.7808185133909296,5.0,0.0,3.0,"[5, 14, 17]",25.0,59.0,133.0
2.4864864864864864,0.7474222956614638,2.0,0.0,3.0,"[14, 5, 29, 26, 17]",28.0,52.0,140.0
2.346846846846846,0.7795253016387538,2.0,0.0,1.0,"[14, 5, 26]",36.0,67.0,117.0
2.40990990990991,0.6915724040453726,0.0,0.0,3.0,"[14, 17, 5]",26.0,79.0,117.0
2.463963963963964,0.6899790531009999,3.0,0.0,2.0,"[5, 14, 17]",16.0,78.0,125.0
2.599099099099099,0.677097277476882,2.0,0.0,3.0,"[5, 14]",18.0,47.0,155.0
2.427927927927928,0.7796821688193675,2.0,0.0,3.0,"[14, 5]",34.0,53.0,133.0
2.599099099099099,0.6357374305738721,1.0,1.0,3.0,"[14, 5]",15.0,56.0,150.0
2.445945945945946,0.7516237365922058,2.0,1.0,2.0,"[14, 5]",29.0,59.0,132.0
2.5315315315315314,0.758896791817058,5.0,0.0,3.0,"[14, 5, 29, 17]",21.0,47.0,149.0
2.463963963963964,0.7705310847342124,6.0,0.0,2.0,"[5, 14]",20.0,61.0,135.0
2.581081081081081,0.6592211932511008,2.0,0.0,5.0,"[5, 14]",15.0,57.0,148.0
2.4414414414414414,0.7923238595204196,5.0,0.0,2.0,"[14, 5]",27.0,55.0,135.0
2.630630630630631,0.65809168690904,4.0,0.0,2.0,"[5, 17, 14]",10.0,50.0,158.0
2.509009009009009,0.7535195907699591,5.0,0.0,3.0,"[14, 5]",20.0,54.0,143.0
2.621621621621621,0.6932650019792604,4.0,0.0,2.0,"[5, 14]",15.0,42.0,161.0
2.391891891891892,0.8208411021364522,6.0,0.0,2.0,"[5, 14, 26]",30.0,57.0,129.0
2.477477477477477,0.7288104340716507,2.0,0.0,2.0,"[5, 14]",25.0,60.0,135.0
2.5225225225225225,0.7592190181956643,5.0,1.0,2.0,"[14, 5, 17]",21.0,49.0,147.0
2.68018018018018,0.5719411765816924,1.0,0.0,3.0,"[17, 5, 14]",9.0,50.0,162.0
2.4054054054054053,0.7475858990990503,2.0,0.0,3.0,"[17, 14, 5, 26]",29.0,68.0,123.0
2.509009009009009,0.7228712920678522,4.0,0.0,3.0,"[5, 17, 32, 14]",18.0,61.0,139.0
2.445945945945946,0.7983335339656468,4.0,0.0,3.0,"[17, 5, 14]",31.0,49.0,138.0
2.472972972972973,0.7709013289615873,4.0,0.0,4.0,"[5, 14, 17]",26.0,53.0,139.0
2.5405405405405403,0.7091360339445602,4.0,1.0,2.0,"[5, 14]",16.0,58.0,144.0
2.310810810810811,0.771535619990595,3.0,0.0,2.0,"[5, 14]",33.0,78.0,108.0
2.346846846846846,0.7678282023888402,3.0,0.0,3.0,"[5, 17, 14]",31.0,74.0,114.0
2.351351351351352,0.8144470255588171,3.0,0.0,3.0,"[5, 14]",39.0,57.0,123.0
2.414414414414414,0.705100595736542,3.0,0.0,2.0,"[14, 5]",19.0,83.0,117.0
2.351351351351352,0.7861775172715919,3.0,0.0,3.0,"[14, 5]",34.0,67.0,118.0
2.369369369369369,0.777836981466073,2.0,1.0,3.0,"[14, 5]",35.0,64.0,121.0
2.3783783783783785,0.8021921780789901,4.0,0.0,3.0,"[14, 5]",33.0,60.0,125.0
2.581081081081081,0.666049814493677,1.0,0.0,3.0,"[14, 5]",19.0,52.0,150.0
2.3828828828828827,0.7972093718726632,8.0,1.0,1.0,"[14, 17, 5, 29]",20.0,73.0,121.0
2.355855855855856,0.7517321999192387,3.0,0.0,1.0,"[14, 5]",28.0,78.0,113.0
2.6666666666666665,0.6066499260117115,3.0,1.0,3.0,"[14, 5, 26]",7.0,51.0,161.0
2.373873873873874,0.7668719694345218,3.0,1.0,3.0,"[5, 14]",30.0,70.0,119.0
2.599099099099099,0.6703811970893495,4.0,1.0,2.0,"[14, 5, 17]",11.0,55.0,152.0
2.3378378378378377,0.789243759013022,3.0,0.0,3.0,"[14, 5, 17]",35.0,68.0,116.0
2.373873873873874,0.8127058554911679,4.0,0.0,3.0,"[14, 5]",35.0,57.0,126.0
2.4504504504504503,0.8154474522049159,6.0,1.0,2.0,"[17, 5, 14, 32]",28.0,48.0,140.0
2.558558558558558,0.7808185133909296,7.0,0.0,2.0,"[14, 5, 17]",19.0,39.0,157.0
2.454954954954955,0.7700547948698419,4.0,0.0,2.0,"[5, 14]",26.0,57.0,135.0
2.373873873873874,0.7727498892009227,2.0,0.0,4.0,"[5, 14, 26, 17]",34.0,65.0,121.0
2.436936936936937,0.8310085382083571,8.0,0.0,2.0,"[14, 5, 17]",25.0,51.0,138.0
2.373873873873874,0.7428953644233875,2.0,0.0,2.0,"[14, 5, 17, 26]",29.0,75.0,116.0
2.333333333333333,0.7649958842149164,3.0,1.0,2.0,"[5, 17, 26, 14]",31.0,77.0,111.0
2.4414414414414414,0.8092752434322341,3.0,1.0,5.0,"[5, 17, 14]",36.0,43.0,140.0
2.3783783783783785,0.7313788385667449,2.0,0.0,2.0,"[5, 17, 14, 29]",27.0,78.0,115.0
2.328828828828829,0.7873303753121176,3.0,0.0,1.0,"[14, 5, 26]",35.0,70.0,114.0
2.333333333333333,0.7708881090154511,3.0,0.0,1.0,"[17, 14, 5]",32.0,75.0,112.0
2.4054054054054053,0.7888175282163349,7.0,0.0,3.0,"[14, 5]",21.0,69.0,125.0
2.5,0.7102991530882098,2.0,0.0,2.0,"[5, 14]",22.0,61.0,137.0
2.5675675675675675,0.7134343884588724,4.0,0.0,3.0,"[5, 14, 26, 17]",17.0,50.0,151.0
2.36036036036036,0.7935576892730575,4.0,1.0,3.0,"[14, 5, 26, 17]",32.0,66.0,120.0
2.364864864864865,0.8056529516413646,4.0,0.0,4.0,"[5, 14, 17]",34.0,61.0,123.0
2.427927927927928,0.7440468008404686,4.0,0.0,1.0,"[14, 5]",22.0,71.0,125.0
2.436936936936937,0.7010564655937181,2.0,1.0,2.0,"[14, 5, 29]",21.0,77.0,122.0
2.40990990990991,0.7719581911351321,2.0,0.0,4.0,"[5, 29, 14]",33.0,59.0,128.0
2.333333333333333,0.7940198811390318,3.0,0.0,3.0,"[14, 5, 17]",36.0,67.0,116.0
2.418918918918919,0.7370005879911349,3.0,0.0,3.0,"[17, 5, 14]",24.0,72.0,123.0
2.373873873873874,0.7843735964266968,2.0,0.0,2.0,"[5, 14, 26]",36.0,61.0,123.0
2.36036036036036,0.6963744869780172,0.0,1.0,1.0,"[14, 17, 5]",28.0,86.0,108.0
2.5675675675675675,0.6809844035346221,3.0,0.0,3.0,"[5, 14]",15.0,57.0,147.0
2.4504504504504503,0.7986270882211047,5.0,1.0,3.0,"[5, 14, 17]",28.0,51.0,138.0
2.468468468468469,0.7648360048963956,7.0,1.0,1.0,"[14, 17, 5]",16.0,65.0,134.0
2.333333333333333,0.7767356373806173,3.0,0.0,2.0,"[5, 14, 29]",33.0,73.0,113.0
2.481981981981982,0.7473268437829514,3.0,0.0,6.0,"[14, 17, 26, 5]",25.0,56.0,138.0
2.355855855855856,0.82628588225804,7.0,0.0,1.0,"[14, 5]",29.0,64.0,122.0
2.5405405405405403,0.6897279125652752,1.0,0.0,3.0,"[5, 14]",22.0,55.0,144.0
2.581081081081081,0.7056351733870684,3.0,1.0,2.0,"[5, 14]",19.0,46.0,154.0
2.391891891891892,0.7696311786535681,1.0,0.0,1.0,"[14, 5]",36.0,60.0,125.0
2.445945945945946,0.8424574894315602,10.0,2.0,3.0,"[5, 17, 14, 26]",21.0,51.0,140.0
2.414414414414414,0.7606673477341667,4.0,1.0,1.0,"[14, 17, 29, 5]",25.0,68.0,125.0
2.4414414414414414,0.7865922225713127,7.0,0.0,2.0,"[14, 5]",20.0,63.0,132.0
2.373873873873874,0.7843735964266968,2.0,0.0,3.0,"[5, 14]",36.0,61.0,123.0
2.45945945945946,0.7154884264572533,2.0,0.0,4.0,"[5, 17, 14]",23.0,68.0,129.0
2.5945945945945947,0.6434969280744374,3.0,1.0,2.0,"[14, 5]",10.0,61.0,148.0
2.445945945945946,0.7926453543031855,4.0,0.0,2.0,"[5, 14, 26]",30.0,51.0,137.0
2.40990990990991,0.8007298655844589,3.0,0.0,3.0,"[14, 5, 17]",35.0,52.0,132.0
2.427927927927928,0.7379402876149803,2.0,0.0,4.0,"[5, 17, 14]",27.0,67.0,126.0
2.36036036036036,0.77041203987332,6.0,0.0,1.0,"[5, 14, 17]",22.0,80.0,114.0
2.626126126126126,0.6309099528741038,2.0,0.0,2.0,"[5, 14, 17]",12.0,53.0,155.0
2.3378378378378377,0.7480356240523658,4.0,0.0,2.0,"[14, 17, 5]",25.0,85.0,108.0
2.4864864864864864,0.7352146220938077,3.0,1.0,3.0,"[14, 5, 17, 29]",23.0,59.0,137.0
2.4504504504504503,0.7519355264883228,1.0,0.0,1.0,"[14, 5]",32.0,55.0,134.0
2.436936936936937,0.7264153515540407,5.0,0.0,1.0,"[14, 5, 17]",16.0,78.0,123.0
2.599099099099099,0.6428155679417892,1.0,0.0,4.0,"[5, 14]",16.0,54.0,151.0
2.6171171171171173,0.6467984326402312,1.0,1.0,2.0,"[14, 5, 17]",17.0,48.0,156.0
2.328828828828829,0.7520574960434764,3.0,1.0,2.0,"[5, 14]",29.0,82.0,108.0
2.5135135135135136,0.7712581818525345,7.0,0.0,2.0,"[14, 5]",17.0,53.0,145.0
2.414414414414414,0.7783085089962077,4.0,0.0,2.0,"[5, 14, 17]",28.0,62.0,128.0
2.4234234234234235,0.7374844064558942,2.0,0.0,3.0,"[8, 5, 14, 26]",27.0,68.0,125.0
2.369369369369369,0.8501043633341623,7.0,0.0,1.0,"[14, 17, 5, 29]",33.0,53.0,129.0
2.445945945945946,0.7394854250744348,1.0,0.0,3.0,"[17, 14, 5]",30.0,60.0,131.0
2.463963963963964,0.7586953308346965,4.0,0.0,4.0,"[5, 14]",24.0,59.0,135.0
2.4504504504504503,0.7085609498876426,1.0,0.0,3.0,"[5, 14]",25.0,69.0,127.0
2.563063063063063,0.7010564655937181,3.0,1.0,1.0,"[14, 5, 17]",18.0,52.0,149.0
2.373873873873874,0.823765958911233,5.0,1.0,3.0,"[14, 5]",34.0,56.0,127.0
2.477477477477477,0.7532355168433923,2.0,0.0,4.0,"[14, 5]",29.0,52.0,139.0
2.4324324324324325,0.8360824573595979,10.0,0.0,2.0,"[14, 5, 17]",20.0,56.0,136.0
2.563063063063063,0.7074814073220669,2.0,1.0,3.0,"[14, 5]",22.0,47.0,151.0
2.490990990990991,0.7535195907699592,4.0,0.0,3.0,"[5, 17, 14]",23.0,55.0,140.0
2.630630630630631,0.6850428916508879,3.0,0.0,4.0,"[5, 14]",17.0,39.0,163.0
2.518018018018018,0.7828129112198677,6.0,0.0,2.0,"[5, 14, 17]",22.0,45.0,149.0
2.472972972972973,0.7940327159616068,7.0,1.0,2.0,"[5, 14, 29]",21.0,54.0,140.0
2.5045045045045047,0.6909089543764332,2.0,0.0,2.0,"[5, 14, 17]",19.0,66.0,135.0
2.427927927927928,0.8248045067894098,6.0,0.0,3.0,"[14, 26, 17, 5]",30.0,49.0,137.0
2.472972972972973,0.740972327564573,3.0,0.0,3.0,"[14, 5, 17]",24.0,60.0,135.0
2.391891891891892,0.8532753116612023,10.0,1.0,2.0,"[5, 14]",24.0,57.0,131.0
2.3018018018018016,0.7751201316301087,3.0,0.0,3.0,"[14, 17, 29, 5]",34.0,78.0,107.0
2.333333333333333,0.7530731407734906,1.0,1.0,2.0,"[5, 17, 14]",35.0,75.0,111.0
2.4864864864864864,0.7653688060790177,6.0,1.0,1.0,"[17, 14, 5]",19.0,58.0,139.0
2.3828828828828827,0.7799958085365829,2.0,1.0,2.0,"[5, 14]",35.0,61.0,124.0
2.454954954954955,0.8045390168512468,3.0,0.0,2.0,"[5, 17, 14]",35.0,42.0,142.0
2.355855855855856,0.7754356165524271,4.0,1.0,1.0,"[5, 14]",29.0,73.0,116.0
2.536036036036036,0.6899790531009999,2.0,1.0,3.0,"[14, 5]",19.0,59.0,142.0
2.527027027027027,0.728656601359755,2.0,0.0,5.0,"[5, 14]",25.0,49.0,146.0
2.400900900900901,0.7766962747799833,5.0,0.0,1.0,"[14, 26, 5]",25.0,68.0,124.0
2.4504504504504503,0.7274667971616621,1.0,0.0,3.0,"[17, 14, 5]",28.0,63.0,130.0
2.3828828828828827,0.7382716607354266,2.0,0.0,2.0,"[14, 5]",28.0,75.0,117.0
2.36036036036036,0.7281389255438672,0.0,0.0,2.0,"[5, 17, 14]",33.0,76.0,113.0
2.454954954954955,0.6959792396574489,0.0,0.0,2.0,"[5, 14]",26.0,69.0,127.0
2.400900900900901,0.7708484478167205,4.0,0.0,4.0,"[5, 14, 17]",27.0,67.0,124.0
2.355855855855856,0.7870196585405951,2.0,0.0,3.0,"[14, 5, 17]",37.0,63.0,120.0
2.333333333333333,0.8329561740773851,5.0,0.0,3.0,"[5, 17, 14, 26]",37.0,59.0,121.0
2.5,0.7595545253127499,5.0,0.0,3.0,"[17, 14, 5]",21.0,54.0,142.0
2.40990990990991,0.7719581911351323,2.0,0.0,3.0,"[14, 5, 17]",33.0,59.0,128.0
2.3063063063063063,0.799239375881876,3.0,0.0,2.0,"[14, 5]",38.0,69.0,112.0
2.545045045045045,0.7874856877232769,7.0,1.0,3.0,"[17, 14, 26, 5]",20.0,40.0,155.0
2.4504504504504503,0.6691486958604506,0.0,1.0,3.0,"[14, 5]",22.0,78.0,122.0
2.5,0.7291599331729606,4.0,0.0,2.0,"[5, 17, 14]",19.0,61.0,138.0
2.391891891891892,0.8426026406196517,7.0,0.0,2.0,"[5, 14, 28]",31.0,52.0,132.0
2.454954954954955,0.8157098608863835,8.0,0.0,1.0,"[14, 5, 29, 17]",22.0,53.0,139.0
2.414414414414414,0.7051005957365422,0.0,0.0,3.0,"[14, 5]",28.0,74.0,120.0
2.472972972972973,0.6838070096273918,1.0,0.0,3.0,"[14, 5, 17]",21.0,72.0,128.0
2.5315315315315314,0.7765781750069928,7.0,0.0,2.0,"[5, 14, 17]",18.0,47.0,150.0
2.468468468468469,0.6902005718035923,1.0,0.0,3.0,"[17, 14, 5]",22.0,71.0,128.0
2.351351351351352,0.8032586195804513,1.0,0.0,3.0,"[5, 14]",43.0,55.0,123.0
2.3783783783783785,0.8620091657768676,6.0,0.0,3.0,"[14, 5]",38.0,44.0,134.0
2.3828828828828827,0.768305872568553,3.0,0.0,2.0,"[5, 14, 17]",30.0,68.0,121.0
2.436936936936937,0.7804660317876017,5.0,0.0,2.0,"[14, 5, 17]",25.0,60.0,132.0
2.5045045045045047,0.7772078330901728,4.0,0.0,2.0,"[5, 14, 17, 8]",27.0,44.0,147.0
2.3963963963963963,0.7402980845062391,2.0,1.0,3.0,"[14, 5]",28.0,72.0,120.0
2.3828828828828827,0.7741729054797654,5.0,0.0,2.0,"[17, 5, 14, 29]",25.0,72.0,120.0
2.391891891891892,0.7637292566086652,2.0,0.0,3.0,"[14, 5]",32.0,65.0,123.0
2.5045045045045047,0.6843284368502306,2.0,0.0,2.0,"[5, 14]",18.0,68.0,134.0
2.324324324324324,0.7805574311910369,3.0,0.0,4.0,"[5, 17, 14]",34.0,73.0,112.0
2.472972972972973,0.8165090624359231,9.0,0.0,2.0,"[5, 14, 17]",19.0,52.0,142.0
2.445945945945946,0.7811447434292254,3.0,0.0,5.0,"[14, 5]",31.0,52.0,136.0
2.346846846846846,0.7128198822863829,0.0,1.0,2.0,"[14, 5]",31.0,83.0,108.0
2.5855855855855854,0.69865375999301,3.0,0.0,4.0,"[17, 5, 14]",18.0,47.0,154.0
2.468468468468469,0.6426728662612208,1.0,0.0,2.0,"[5, 17, 14]",15.0,85.0,121.0
2.4054054054054053,0.8225154924712754,6.0,0.0,2.0,"[14, 5]",30.0,54.0,132.0
2.545045045045045,0.6761935971060304,1.0,0.0,5.0,"[17, 14, 5]",20.0,58.0,143.0
2.414414414414414,0.7178205887402079,2.0,1.0,1.0,"[14, 5]",24.0,76.0,120.0
2.427927927927928,0.6670894668431384,0.0,1.0,1.0,"[5, 14, 17]",22.0,83.0,117.0
2.527027027027027,0.7348402659495497,2.0,0.0,2.0,"[14, 5]",26.0,47.0,147.0
2.355855855855856,0.7984356520350698,3.0,0.0,2.0,"[5, 14]",36.0,62.0,121.0
2.468468468468469,0.7588967918170579,5.0,0.0,2.0,"[17, 5, 14]",21.0,61.0,135.0
2.603603603603604,0.656044354521916,2.0,0.0,4.0,"[14, 5]",15.0,52.0,153.0
2.373873873873874,0.7901213277256897,5.0,1.0,3.0,"[5, 14]",28.0,68.0,121.0
2.310810810810811,0.7537359561857875,0.0,0.0,2.0,"[5, 17, 14]",39.0,75.0,108.0
2.554054054054054,0.7145905113244179,5.0,0.0,2.0,"[14, 5, 17]",14.0,56.0,147.0
2.4324324324324325,0.6941464581547017,1.0,0.0,4.0,"[14, 5, 32, 17]",23.0,77.0,121.0
2.445945945945946,0.7753304691752118,2.0,0.0,4.0,"[14, 29, 5, 17]",33.0,51.0,136.0
2.5405405405405403,0.7280269472386229,5.0,1.0,2.0,"[5, 17, 14]",16.0,55.0,146.0
2.4234234234234235,0.7734221953755525,3.0,0.0,3.0,"[5, 17, 14, 29]",30.0,59.0,130.0
2.427927927927928,0.7255730980224996,3.0,0.0,2.0,"[17, 5, 14]",22.0,74.0,123.0
2.481981981981982,0.7770111197511066,6.0,1.0,1.0,"[5, 14]",21.0,55.0,140.0
2.369369369369369,0.7235899432243009,1.0,0.0,3.0,"[14, 17, 5]",29.0,79.0,113.0
2.400900900900901,0.8052986849830215,6.0,0.0,2.0,"[14, 5, 26, 29]",27.0,61.0,128.0
2.400900900900901,0.7409173103141583,1.0,0.0,2.0,"[14, 5, 17]",31.0,68.0,122.0
2.283783783783784,0.7990991013969992,5.0,0.0,3.0,"[5, 14]",33.0,78.0,106.0
2.400900900900901,0.7530325412852215,4.0,1.0,1.0,"[14, 5]",24.0,73.0,121.0
2.3963963963963963,0.7217284341472479,1.0,0.0,3.0,"[14, 5]",28.0,75.0,118.0
2.414414414414414,0.7665928434733705,3.0,0.0,3.0,"[17, 14, 5]",29.0,63.0,127.0
2.477477477477477,0.7941738853197863,8.0,0.0,2.0,"[5, 14, 26]",18.0,56.0,140.0
2.391891891891892,0.8153099663323939,5.0,1.0,1.0,"[14, 5, 17]",32.0,56.0,129.0
2.310810810810811,0.8003224860595586,5.0,0.0,1.0,"[14, 5, 17]",32.0,74.0,111.0
2.414414414414414,0.7486756750406809,1.0,1.0,4.0,"[5, 14]",32.0,63.0,126.0
2.3963963963963963,0.7402980845062391,1.0,0.0,3.0,"[14, 26, 5]",31.0,69.0,121.0
2.558558558558558,0.7267940472053389,3.0,1.0,3.0,"[14, 17, 5]",22.0,45.0,152.0
2.427927927927928,0.7796821688193675,3.0,0.0,4.0,"[5, 14]",31.0,56.0,132.0
2.477477477477477,0.805488490069993,7.0,1.0,4.0,"[14, 5]",23.0,49.0,143.0
2.3963963963963963,0.7524232860796634,2.0,0.0,3.0,"[5, 14, 17]",30.0,68.0,122.0
2.608108108108108,0.6757111400745431,4.0,0.0,3.0,"[14, 17, 5, 26]",12.0,51.0,155.0
2.333333333333333,0.7767356373806175,1.0,1.0,3.0,"[5, 14, 17]",39.0,67.0,115.0
2.5,0.7772209455425434,5.0,0.0,2.0,"[14, 5, 17]",24.0,48.0,145.0
2.355855855855856,0.8096907051164534,3.0,0.0,2.0,"[14, 17, 5]",38.0,58.0,123.0
2.4054054054054053,0.7475858990990503,2.0,0.0,2.0,"[5, 14, 26]",29.0,68.0,123.0
2.3423423423423424,0.8401195292622843,6.0,1.0,2.0,"[17, 14, 5]",35.0,58.0,123.0
2.3963963963963963,0.8591196091304079,8.0,0.0,2.0,"[5, 14]",31.0,48.0,135.0
2.599099099099099,0.6428155679417892,1.0,0.0,2.0,"[14, 32, 29, 5]",16.0,54.0,151.0
2.518018018018018,0.7533572759283899,4.0,1.0,2.0,"[14, 5]",23.0,49.0,146.0
2.3783783783783785,0.7436494826291168,1.0,0.0,1.0,"[14, 17, 5]",32.0,71.0,118.0
2.558558558558558,0.6818219494585984,2.0,1.0,3.0,"[5, 14, 17]",18.0,56.0,146.0
2.3378378378378377,0.7540603879047543,5.0,0.0,1.0,"[14, 17, 26, 5]",23.0,86.0,108.0
2.518018018018018,0.7412473525638604,3.0,0.0,4.0,"[5, 29, 14]",24.0,50.0,145.0
2.4504504504504503,0.7336604900962728,2.0,0.0,2.0,"[5, 14, 26]",26.0,64.0,130.0
2.5,0.7535736879479145,3.0,0.0,2.0,"[14, 5, 17]",26.0,50.0,143.0
2.5315315315315314,0.7529107296848457,7.0,0.0,2.0,"[14, 17, 5]",14.0,55.0,146.0
2.4504504504504503,0.7085609498876427,0.0,0.0,2.0,"[5, 17, 14]",28.0,66.0,128.0
2.509009009009009,0.7654353801500418,6.0,1.0,2.0,"[5, 14]",19.0,53.0,144.0
2.5045045045045047,0.7353255058320288,3.0,0.0,1.0,"[5, 14, 17, 8]",23.0,55.0,141.0
2.40990990990991,0.742071815987068,2.0,0.0,2.0,"[17, 5, 14, 29, 26]",28.0,69.0,123.0
2.445945945945946,0.7082300651054266,1.0,0.0,2.0,"[14, 5]",25.0,70.0,126.0
2.509009009009009,0.777168494405654,7.0,0.0,2.0,"[5, 14]",18.0,52.0,145.0
2.5945945945945947,0.6574099512119891,3.0,0.0,4.0,"[14, 5, 17]",12.0,57.0,150.0
2.4414414414414414,0.745237484510867,2.0,1.0,1.0,"[5, 14]",28.0,62.0,130.0
2.509009009009009,0.777168494405654,5.0,0.0,3.0,"[17, 5, 14]",24.0,46.0,147.0
2.418918918918919,0.7787928370169254,3.0,1.0,3.0,"[5, 14, 17]",31.0,58.0,130.0
2.351351351351352,0.7687169618242827,1.0,0.0,3.0,"[14, 17, 5]",37.0,67.0,117.0
2.4324324324324325,0.7070635423213599,3.0,0.0,1.0,"[14, 5, 17]",19.0,79.0,121.0
2.63963963963964,0.6766004026358013,5.0,1.0,2.0,"[17, 5, 14]",10.0,45.0,162.0
2.364864864864865,0.6841646025448268,0.0,0.0,1.0,"[17, 32, 14, 5]",26.0,89.0,107.0
2.369369369369369,0.7542090391354558,3.0,0.0,1.0,"[5, 17, 14]",28.0,75.0,116.0
2.4054054054054053,0.7039433643711279,0.0,0.0,3.0,"[14, 5]",28.0,76.0,118.0
2.414414414414414,0.8235061172943093,7.0,0.0,2.0,"[14, 5]",27.0,55.0,133.0
2.4054054054054053,0.7166838966751345,3.0,0.0,2.0,"[14, 17, 5]",21.0,81.0,117.0
2.536036036036036,0.7282648805565796,7.0,0.0,2.0,"[5, 14, 17]",10.0,62.0,143.0
2.418918918918919,0.7551948013368782,3.0,0.0,4.0,"[14, 17, 5]",27.0,66.0,126.0
2.5225225225225225,0.6839709295884694,1.0,0.0,3.0,"[5, 14, 17]",21.0,61.0,139.0
2.5135135135135136,0.7413435872091946,2.0,1.0,4.0,"[14, 5, 26]",27.0,48.0,145.0
2.6576576576576576,0.6309584104801002,1.0,1.0,4.0,"[14, 5, 26, 17]",16.0,41.0,164.0
2.3783783783783785,0.7125767918170451,0.0,0.0,2.0,"[5, 17, 14]",30.0,78.0,114.0
2.4054054054054053,0.8114383450663103,6.0,0.0,2.0,"[5, 14, 32, 17]",28.0,58.0,130.0
2.45945945945946,0.7464399220115152,3.0,0.0,4.0,"[14, 17, 5]",25.0,61.0,133.0
2.563063063063063,0.6747451911115274,3.0,1.0,1.0,"[14, 5, 17, 26]",14.0,60.0,145.0
2.427927927927928,0.6805203187887743,3.0,1.0,1.0,"[14, 5, 17]",15.0,88.0,116.0
2.518018018018018,0.7100695521599636,3.0,0.0,2.0,"[14, 5]",19.0,60.0,140.0
2.4324324324324325,0.750524662599186,1.0,0.0,3.0,"[5, 29, 17, 14]",32.0,59.0,130.0
2.3828828828828827,0.7196497229750572,3.0,0.0,1.0,"[14, 5]",22.0,84.0,113.0
2.445945945945946,0.7576199675064575,6.0,1.0,3.0,"[14, 17, 5]",18.0,69.0,129.0
2.626126126126126,0.6236967170668352,2.0,2.0,3.0,"[5, 14]",11.0,55.0,154.0
2.635135135135135,0.7037261716337465,4.0,0.0,3.0,"[14, 5]",17.0,35.0,166.0
2.603603603603604,0.6830763428217244,2.0,0.0,3.0,"[5, 14]",19.0,44.0,157.0
2.351351351351352,0.7568528389885602,1.0,0.0,2.0,"[5, 17, 14]",35.0,71.0,115.0
2.563063063063063,0.7138485241716679,5.0,0.0,4.0,"[14, 17, 32, 5]",14.0,54.0,149.0
2.454954954954955,0.6694684510949984,2.0,0.0,2.0,"[5, 14]",16.0,83.0,121.0
2.355855855855856,0.8317440309221364,6.0,0.0,2.0,"[5, 14]",33.0,59.0,124.0
2.477477477477477,0.7998511948353775,7.0,0.0,4.0,"[14, 5]",22.0,51.0,142.0
2.3828828828828827,0.7623936909941407,3.0,0.0,2.0,"[14, 5, 17]",29.0,70.0,120.0
2.373873873873874,0.766871969434522,2.0,0.0,1.0,"[14, 5, 17]",33.0,67.0,120.0
2.5405405405405403,0.7584669436988465,8.0,0.0,3.0,"[14, 17, 5]",12.0,54.0,148.0
2.3963963963963963,0.7819141066723375,5.0,0.0,4.0,"[5, 17, 14]",26.0,67.0,124.0
2.4324324324324325,0.750524662599186,2.0,1.0,1.0,"[17, 14, 5]",29.0,62.0,129.0
2.36036036036036,0.746549138475925,1.0,1.0,3.0,"[5, 14, 17, 29]",33.0,73.0,115.0
2.5045045045045047,0.6909089543764332,1.0,1.0,1.0,"[5, 17, 14]",22.0,63.0,136.0
2.3873873873873874,0.7076974475764807,2.0,0.0,3.0,"[14, 5]",23.0,84.0,113.0
2.436936936936937,0.8418282117430508,9.0,1.0,2.0,"[14, 5, 17]",24.0,50.0,139.0
2.369369369369369,0.6981284343963671,1.0,1.0,2.0,"[17, 5, 14]",25.0,87.0,109.0
2.5765765765765765,0.7061404824730856,2.0,1.0,4.0,"[5, 14]",22.0,44.0,154.0
2.436936936936937,0.7138485241716679,1.0,0.0,2.0,"[5, 14, 17]",26.0,70.0,125.0
2.59009009009009,0.64414592581767,3.0,0.0,2.0,"[14, 5, 17]",10.0,62.0,147.0
2.333333333333333,0.7825394712937681,2.0,1.0,2.0,"[14, 5]",37.0,68.0,115.0
2.5315315315315314,0.7407935065612108,3.0,0.0,2.0,"[14, 5]",24.0,47.0,148.0
2.4324324324324325,0.8029540665383835,5.0,0.0,2.0,"[5, 17, 14]",29.0,53.0,135.0
2.2927927927927927,0.7727498892009227,2.0,1.0,2.0,"[5, 14, 17]",37.0,77.0,106.0
2.3423423423423424,0.7786227020423082,3.0,0.0,2.0,"[14, 5, 17]",33.0,71.0,115.0
2.4054054054054053,0.7536142582829702,0.0,2.0,1.0,"[14, 5]",36.0,60.0,126.0
2.495495495495496,0.8169457950845421,9.0,0.0,2.0,"[5, 17, 14]",19.0,47.0,147.0
2.59009009009009,0.6370825692104966,1.0,0.0,3.0,"[5, 17, 14]",15.0,58.0,148.0
2.5225225225225225,0.7225751691388597,5.0,1.0,2.0,"[14, 5, 17]",15.0,61.0,141.0
2.472972972972973,0.8165090624359231,7.0,0.0,3.0,"[5, 14, 32]",25.0,46.0,144.0
2.346846846846846,0.7559501312073208,1.0,0.0,2.0,"[5, 14]",35.0,72.0,114.0
2.477477477477477,0.7826957343774226,7.0,1.0,2.0,"[17, 5, 29, 14]",19.0,57.0,139.0
2.4324324324324325,0.7624872567334712,3.0,0.0,4.0,"[5, 17, 14]",28.0,61.0,130.0
2.509009009009009,0.6973835457431024,3.0,1.0,4.0,"[14, 5, 17]",17.0,66.0,136.0
2.373873873873874,0.7181186722674276,2.0,0.0,1.0,"[17, 5, 14]",25.0,83.0,112.0
2.36036036036036,0.8852005196849742,10.0,0.0,3.0,"[14, 17, 5]",31.0,50.0,131.0
2.310810810810811,0.7831773492802151,2.0,1.0,3.0,"[17, 14, 5]",38.0,71.0,111.0
2.5135135135135136,0.7829040366390949,7.0,0.0,2.0,"[14, 5, 26]",19.0,49.0,147.0
2.5,0.6776990616044466,1.0,1.0,2.0,"[5, 14]",20.0,68.0,133.0
2.5225225225225225,0.7532355168433923,7.0,1.0,2.0,"[14, 5, 17]",14.0,57.0,144.0
2.495495495495496,0.6641958206846169,0.0,0.0,5.0,"[14, 5]",21.0,70.0,131.0
2.644144144144144,0.6621211881643968,4.0,0.0,2.0,"[5, 17, 14, 29]",11.0,45.0,162.0
2.5315315315315314,0.7407935065612109,5.0,0.0,3.0,"[5, 14]",18.0,53.0,146.0
2.36036036036036,0.816047119489444,4.0,0.0,1.0,"[17, 14, 5]",36.0,58.0,124.0
2.346846846846846,0.7678282023888402,2.0,0.0,3.0,"[17, 14, 5]",34.0,71.0,115.0
2.5135135135135136,0.6572239005640828,2.0,0.0,2.0,"[14, 5]",14.0,74.0,132.0
2.391891891891892,0.7517864257145856,6.0,0.0,1.0,"[5, 14]",18.0,81.0,117.0
2.612612612612613,0.6545513633482224,2.0,0.0,2.0,"[5, 29, 17, 14]",15.0,50.0,155.0
2.4864864864864864,0.8056908995442444,8.0,0.0,2.0,"[5, 8, 14]",20.0,50.0,144.0
2.418918918918919,0.7120188000865245,2.0,0.0,2.0,"[17, 14, 5]",23.0,77.0,120.0
2.364864864864865,0.8112499320456669,4.0,1.0,2.0,"[14, 17, 5]",35.0,59.0,124.0
2.4234234234234235,0.8077626723447153,4.0,1.0,3.0,"[5, 14]",33.0,50.0,135.0
2.608108108108108,0.634260910262411,2.0,0.0,3.0,"[5, 14, 8]",12.0,57.0,151.0
2.400900900900901,0.7882617907576236,3.0,2.0,2.0,"[5, 14]",33.0,58.0,128.0
2.518018018018018,0.7770111197511066,7.0,0.0,3.0,"[5, 17, 14]",18.0,50.0,147.0
2.351351351351352,0.7628079664245121,2.0,1.0,3.0,"[5, 14]",33.0,72.0,115.0
2.3378378378378377,0.7949562786069818,3.0,1.0,1.0,"[14, 5]",36.0,66.0,117.0
2.572072072072072,0.6805203187887743,3.0,0.0,3.0,"[14, 5]",15.0,56.0,148.0
2.40990990990991,0.7172666763901139,1.0,0.0,3.0,"[14, 17, 5]",27.0,74.0,120.0
2.36036036036036,0.7343269494222812,0.0,0.0,3.0,"[17, 14, 5]",34.0,74.0,114.0
2.445945945945946,0.7869160590194905,4.0,1.0,2.0,"[5, 14, 17, 26]",29.0,53.0,136.0
2.436936936936937,0.7387684417222306,4.0,0.0,1.0,"[14, 5]",21.0,71.0,126.0
2.5135135135135136,0.7228007976124738,2.0,0.0,3.0,"[5, 14]",24.0,54.0,142.0
2.4054054054054053,0.7415085318295935,3.0,1.0,4.0,"[14, 5]",25.0,73.0,121.0
2.477477477477477,0.6905548539238363,3.0,1.0,1.0,"[5, 14]",16.0,75.0,128.0
2.495495495495496,0.7654753218134531,6.0,1.0,3.0,"[14, 5, 17]",19.0,56.0,141.0
2.468468468468469,0.7707294519749036,6.0,1.0,1.0,"[5, 14, 17]",20.0,60.0,136.0
2.328828828828829,0.775750973172324,2.0,0.0,1.0,"[5, 17, 29, 14]",36.0,71.0,113.0
2.3963963963963963,0.7524232860796634,3.0,1.0,1.0,"[5, 14]",27.0,71.0,121.0
2.4054054054054053,0.7772602815724059,5.0,0.0,2.0,"[5, 17, 14]",25.0,67.0,125.0
2.545045045045045,0.6694684510949985,1.0,0.0,3.0,"[14, 5]",19.0,60.0,142.0
2.454954954954955,0.798895021814703,4.0,0.0,3.0,"[5, 14]",31.0,47.0,140.0
2.27027027027027,0.8009716491437467,2.0,1.0,2.0,"[14, 5]",43.0,70.0,107.0
2.3963963963963963,0.804729001115173,6.0,1.0,1.0,"[14, 5, 17, 26]",27.0,62.0,127.0
2.4414414414414414,0.8258787688875833,7.0,1.0,2.0,"[5, 14, 17, 29, 26]",27.0,49.0,139.0
2.468468468468469,0.7159440790596918,2.0,0.0,4.0,"[14, 5, 32]",23.0,66.0,131.0
2.5135135135135136,0.7594337598258092,5.0,2.0,3.0,"[5, 14]",21.0,51.0,145.0
2.346846846846846,0.8463196683067593,7.0,0.0,3.0,"[14, 5]",33.0,58.0,124.0
2.495495495495496,0.6974273847456754,1.0,0.0,2.0,"[14, 5]",23.0,63.0,135.0
2.454954954954955,0.8045390168512468,7.0,0.0,5.0,"[14, 5, 26, 17]",23.0,54.0,138.0
2.4864864864864864,0.6503026078042523,2.0,1.0,4.0,"[17, 14, 5]",13.0,82.0,125.0
2.554054054054054,0.7576199675064575,7.0,0.0,2.0,"[5, 14]",15.0,48.0,152.0
2.4234234234234235,0.7675494241701202,3.0,1.0,5.0,"[14, 5, 29]",29.0,61.0,129.0
2.3783783783783785,0.7436494826291168,2.0,0.0,2.0,"[5, 14, 17, 26]",29.0,74.0,117.0
2.5495495495495497,0.7085609498876426,3.0,0.0,2.0,"[5, 14, 17]",19.0,53.0,147.0
2.5855855855855854,0.6855782441421682,2.0,0.0,3.0,"[5, 14]",19.0,48.0,153.0
2.45945945945946,0.6962574000520987,0.0,0.0,5.0,"[14, 5, 17]",26.0,68.0,128.0
2.400900900900901,0.8596532496256526,9.0,0.0,1.0,"[5, 14]",28.0,50.0,135.0
2.472972972972973,0.7709013289615874,6.0,1.0,2.0,"[17, 14, 5]",20.0,59.0,137.0
2.373873873873874,0.7181186722674279,3.0,1.0,3.0,"[14, 17, 5]",22.0,86.0,111.0
2.364864864864865,0.8278138519685857,5.0,0.0,2.0,"[14, 5]",35.0,56.0,126.0
2.351351351351352,0.7200885899325907,0.0,0.0,2.0,"[5, 14]",32.0,80.0,110.0
2.400900900900901,0.7766962747799833,3.0,0.0,3.0,"[14, 5]",31.0,62.0,126.0
2.472972972972973,0.7033785237569627,2.0,0.0,3.0,"[5, 17, 26, 14]",21.0,69.0,130.0
2.3963963963963963,0.7819141066723374,5.0,2.0,2.0,"[5, 29, 14]",26.0,67.0,124.0
2.3828828828828827,0.7321169792385565,3.0,0.0,2.0,"[17, 14, 5]",24.0,80.0,115.0
2.5135135135135136,0.7352146220938077,2.0,0.0,2.0,"[5, 14]",26.0,50.0,144.0
2.45945945945946,0.770306206774411,3.0,0.0,1.0,"[14, 17, 5]",29.0,53.0,137.0
2.391891891891892,0.7517864257145855,2.0,1.0,2.0,"[14, 5]",30.0,69.0,121.0
2.414414414414414,0.7364887771624951,3.0,0.0,4.0,"[14, 5]",24.0,73.0,122.0
2.4414414414414414,0.7691410815596245,6.0,0.0,2.0,"[14, 29, 5]",20.0,66.0,130.0
2.3873873873873874,0.8091241135650448,4.0,0.0,4.0,"[14, 5]",34.0,56.0,128.0
2.369369369369369,0.7836326585153964,2.0,0.0,5.0,"[5, 17, 14]",36.0,62.0,122.0
2.3963963963963963,0.721728434147248,2.0,0.0,3.0,"[5, 14]",25.0,78.0,117.0
2.5,0.7038999311849462,3.0,0.0,3.0,"[17, 14, 5]",18.0,66.0,135.0
2.472972972972973,0.7590713480849012,1.0,0.0,4.0,"[5, 14, 29]",33.0,48.0,140.0
2.373873873873874,0.7549788540039184,2.0,0.0,3.0,"[14, 5]",31.0,71.0,118.0
2.333333333333333,0.7649958842149164,2.0,0.0,2.0,"[5, 14, 17]",34.0,74.0,112.0
2.427927927927928,0.7255730980224996,2.0,1.0,1.0,"[5, 14]",25.0,71.0,124.0
2.40990990990991,0.7719581911351322,1.0,0.0,4.0,"[14, 5]",36.0,56.0,129.0
2.3783783783783785,0.8299163568392869,3.0,0.0,3.0,"[14, 5]",41.0,47.0,131.0
2.4234234234234235,0.7496551188892895,4.0,1.0,2.0,"[14, 5]",23.0,70.0,125.0
2.346846846846846,0.8191508482474903,3.0,0.0,2.0,"[14, 26, 5, 17]",40.0,56.0,123.0
2.481981981981982,0.7473268437829514,3.0,0.0,2.0,"[5, 17, 14]",25.0,56.0,138.0
2.427927927927928,0.6871373065407169,1.0,1.0,5.0,"[5, 14]",22.0,80.0,119.0
2.3783783783783785,0.7557209144425376,3.0,0.0,2.0,"[14, 5]",28.0,73.0,118.0
2.274774774774775,0.7793684028847381,5.0,0.0,2.0,"[5, 14, 17, 28]",30.0,86.0,101.0
2.4504504504504503,0.7336604900962725,2.0,0.0,3.0,"[5, 14, 17]",26.0,64.0,130.0
2.454954954954955,0.8045390168512467,6.0,1.0,2.0,"[5, 14]",26.0,51.0,139.0
2.3378378378378377,0.8006280401361905,2.0,0.0,2.0,"[17, 5, 14]",40.0,61.0,119.0
2.36036036036036,0.7762631544376083,2.0,0.0,2.0,"[14, 5, 26]",35.0,66.0,119.0
2.5225225225225225,0.7710467334093963,7.0,1.0,2.0,"[5, 14]",17.0,51.0,147.0
2.4504504504504503,0.6825390279559507,2.0,0.0,2.0,"[14, 5]",18.0,80.0,122.0
2.3828828828828827,0.8028652168061973,7.0,0.0,3.0,"[14, 5]",24.0,68.0,123.0
2.414414414414414,0.7955585814023177,3.0,0.0,1.0,"[14, 5, 26, 29]",34.0,53.0,132.0
2.36036036036036,0.7878350287012748,2.0,1.0,3.0,"[14, 17, 29, 5]",37.0,62.0,121.0
2.3963963963963963,0.7217284341472481,4.0,0.0,2.0,"[14, 17, 5]",19.0,84.0,115.0
2.495495495495496,0.7475313685982958,1.0,1.0,4.0,"[5, 17, 14]",31.0,47.0,143.0
2.400900900900901,0.7223635784396929,1.0,0.0,2.0,"[5, 14, 26]",28.0,74.0,119.0
2.346846846846846,0.7910494569913453,3.0,0.0,2.0,"[5, 14, 17]",35.0,66.0,118.0
2.31981981981982,0.7619123142645889,2.0,0.0,2.0,"[5, 14, 17]",34.0,77.0,109.0
2.36036036036036,0.8645119230108536,7.0,0.0,2.0,"[5, 14]",36.0,49.0,130.0
2.40990990990991,0.7601446581732407,3.0,0.0,2.0,"[5, 14]",28.0,66.0,125.0
2.490990990990991,0.6973835457431022,1.0,1.0,2.0,"[14, 5]",23.0,64.0,134.0
2.4414414414414414,0.7329934248059613,2.0,0.0,4.0,"[17, 14, 5]",26.0,66.0,128.0
2.463963963963964,0.7405871209813207,2.0,0.0,3.0,"[14, 5, 26]",27.0,59.0,134.0
2.3963963963963963,0.7090785465273407,1.0,1.0,1.0,"[14, 5, 17]",26.0,79.0,116.0
2.414414414414414,0.8235061172943093,9.0,0.0,1.0,"[14, 17, 5]",21.0,61.0,131.0
2.4324324324324325,0.7383682832153002,1.0,0.0,3.0,"[17, 14, 5]",30.0,63.0,128.0
2.400900900900901,0.7530325412852216,0.0,0.0,3.0,"[5, 14]",36.0,61.0,125.0
2.477477477477477,0.7288104340716506,2.0,1.0,5.0,"[17, 5, 14]",25.0,60.0,135.0
2.400900900900901,0.7530325412852215,2.0,0.0,2.0,"[8, 14, 29, 5]",30.0,67.0,123.0
2.45945945945946,0.7644094965655027,3.0,1.0,3.0,"[14, 5]",28.0,55.0,136.0
2.4504504504504503,0.7149184523156014,2.0,0.0,1.0,"[5, 14, 17]",23.0,70.0,127.0
2.3783783783783785,0.7850878736193457,4.0,1.0,2.0,"[14, 17, 5]",30.0,66.0,122.0
2.536036036036036,0.7405871209813208,3.0,0.0,3.0,"[14, 5]",24.0,46.0,149.0
2.5945945945945947,0.6777441738735334,2.0,0.0,2.0,"[14, 5, 32]",18.0,48.0,154.0
2.545045045045045,0.6761935971060303,1.0,0.0,3.0,"[14, 17, 32, 5]",20.0,58.0,143.0
2.310810810810811,0.8059564848353838,3.0,1.0,3.0,"[5, 14, 17]",39.0,66.0,114.0
2.5135135135135136,0.7771029255060962,5.0,0.0,4.0,"[5, 14, 26]",24.0,45.0,148.0
2.3873873873873874,0.7450733654078652,5.0,1.0,2.0,"[5, 14]",20.0,81.0,116.0
2.445945945945946,0.7145905113244179,1.0,0.0,3.0,"[14, 5, 26]",26.0,68.0,127.0
2.36036036036036,0.746549138475925,0.0,1.0,1.0,"[14, 5, 17]",36.0,70.0,116.0
2.5135135135135136,0.7228007976124738,2.0,0.0,5.0,"[5, 14]",24.0,54.0,142.0
2.445945945945946,0.661998042919799,1.0,1.0,3.0,"[5, 14]",18.0,84.0,119.0
2.418918918918919,0.8456450603277623,10.0,0.0,2.0,"[14, 5]",22.0,55.0,135.0
2.454954954954955,0.733952140516054,2.0,1.0,2.0,"[5, 14]",26.0,63.0,131.0
2.355855855855856,0.8152599657211406,5.0,0.0,4.0,"[5, 14, 17]",33.0,62.0,122.0
2.4414414414414414,0.745237484510867,3.0,0.0,4.0,"[14, 5]",25.0,65.0,129.0
2.4414414414414414,0.7452374845108669,2.0,0.0,3.0,"[14, 5]",28.0,62.0,130.0
2.3963963963963963,0.7702532847718907,4.0,0.0,1.0,"[14, 5]",27.0,68.0,123.0
2.414414414414414,0.742607226359913,3.0,0.0,2.0,"[5, 14]",25.0,71.0,123.0
2.4324324324324325,0.8085697290439355,7.0,1.0,2.0,"[5, 29, 14, 17]",24.0,57.0,134.0
2.315315315315315,0.8070053236714507,3.0,1.0,3.0,"[5, 14, 17]",39.0,65.0,115.0
2.445945945945946,0.8261872065291008,8.0,0.0,1.0,"[5, 14, 17]",24.0,51.0,139.0
2.369369369369369,0.7109731770074275,1.0,1.0,3.0,"[5, 14]",27.0,83.0,111.0
2.45945945945946,0.7217849140498382,1.0,0.0,1.0,"[14, 5, 17]",27.0,63.0,131.0
2.364864864864865,0.735173036380259,1.0,0.0,3.0,"[14, 5]",31.0,76.0,114.0
2.436936936936937,0.8255455268000272,10.0,2.0,1.0,"[5, 14]",18.0,59.0,135.0
2.603603603603604,0.721728434147248,7.0,1.0,2.0,"[5, 14]",10.0,47.0,158.0
2.3873873873873874,0.7571220954056976,1.0,0.0,3.0,"[5, 17, 14]",34.0,65.0,122.0
2.4864864864864864,0.6973104746141447,2.0,1.0,4.0,"[14, 5, 17]",20.0,68.0,132.0
2.536036036036036,0.7029727172724876,1.0,0.0,4.0,"[5, 14]",24.0,52.0,145.0
2.436936936936937,0.7509183430946437,3.0,0.0,3.0,"[5, 14, 26]",26.0,64.0,129.0
2.4324324324324325,0.7444712858223385,3.0,1.0,2.0,"[5, 14, 17]",25.0,67.0,127.0
2.490990990990991,0.71658435033162,3.0,0.0,1.0,"[5, 17, 14]",20.0,64.0,135.0
2.490990990990991,0.6973835457431024,1.0,1.0,3.0,"[14, 17, 5]",23.0,64.0,134.0
2.5225225225225225,0.716285628293906,4.0,1.0,2.0,"[5, 14]",17.0,60.0,141.0
2.391891891891892,0.820841102136452,5.0,0.0,2.0,"[17, 5, 14]",33.0,54.0,130.0
2.468468468468469,0.7284747571823903,4.0,0.0,2.0,"[17, 5, 26, 14]",19.0,68.0,131.0
2.5945945945945947,0.7166838966751345,4.0,0.0,2.0,"[5, 14, 17]",18.0,42.0,158.0
2.4054054054054053,0.777260281572406,3.0,1.0,2.0,"[5, 17, 14, 26]",31.0,61.0,127.0
2.373873873873874,0.8346795208774777,7.0,1.0,1.0,"[5, 17, 14]",30.0,58.0,127.0
2.463963963963964,0.7705310847342124,8.0,0.0,1.0,"[5, 14, 29]",14.0,67.0,133.0
2.572072072072072,0.7561118894398158,8.0,0.0,3.0,"[5, 14]",12.0,47.0,155.0
2.400900900900901,0.7033205657374382,1.0,0.0,1.0,"[5, 14]",25.0,80.0,116.0
2.626126126126126,0.6380416462827956,2.0,0.0,2.0,"[5, 14]",13.0,51.0,156.0
2.3783783783783785,0.7497094949180043,1.0,1.0,2.0,"[14, 5, 17]",33.0,69.0,119.0
2.3063063063063063,0.8104832678540393,3.0,0.0,1.0,"[5, 17, 14]",40.0,65.0,114.0
2.5135135135135136,0.7352146220938077,3.0,0.0,1.0,"[5, 14, 29]",23.0,53.0,143.0
2.472972972972973,0.753086673449858,4.0,1.0,3.0,"[5, 14, 17]",23.0,59.0,136.0
2.445945945945946,0.6687983123373595,0.0,0.0,2.0,"[14, 5, 26]",22.0,79.0,121.0
2.468468468468469,0.8107849927268806,8.0,0.0,1.0,"[5, 14, 29, 32]",21.0,52.0,141.0
2.509009009009009,0.71658435033162,2.0,0.0,3.0,"[14, 5, 26]",23.0,57.0,140.0
2.391891891891892,0.7273126802593832,0.0,0.0,4.0,"[14, 17, 5]",32.0,71.0,119.0
2.454954954954955,0.7461804688407555,1.0,0.0,2.0,"[14, 5]",31.0,56.0,134.0
2.436936936936937,0.7264153515540406,2.0,1.0,3.0,"[5, 14]",25.0,69.0,126.0
2.4324324324324325,0.7444712858223386,3.0,0.0,3.0,"[5, 14]",25.0,67.0,127.0
2.4324324324324325,0.7683987183985866,3.0,0.0,5.0,"[14, 5]",29.0,59.0,131.0
2.414414414414414,0.7898504179192489,4.0,1.0,2.0,"[5, 14]",30.0,58.0,130.0
2.4864864864864864,0.7653688060790177,4.0,0.0,3.0,"[14, 5]",25.0,52.0,141.0
2.283783783783784,0.8323809322584391,2.0,2.0,5.0,"[14, 5, 17]",48.0,57.0,115.0
2.5225225225225225,0.6839709295884694,2.0,1.0,5.0,"[14, 5]",18.0,64.0,138.0
2.4504504504504503,0.7638760262677337,5.0,1.0,1.0,"[14, 5, 29]",22.0,63.0,132.0
2.463963963963964,0.7093803034939163,1.0,0.0,4.0,"[14, 5, 17]",25.0,66.0,130.0
2.495495495495496,0.7414535543665464,8.0,1.0,1.0,"[5, 14, 17]",9.0,70.0,135.0
2.3873873873873874,0.763075121535993,2.0,0.0,4.0,"[5, 14]",32.0,66.0,122.0
2.5675675675675675,0.6941464581547018,4.0,0.0,1.0,"[14, 5]",14.0,56.0,148.0
2.3963963963963963,0.7463853077863087,2.0,0.0,3.0,"[14, 17, 5]",29.0,70.0,121.0
2.3873873873873874,0.7571220954056976,2.0,0.0,2.0,"[17, 5, 14, 26]",31.0,68.0,121.0
2.495495495495496,0.80015692888292,6.0,0.0,2.0,"[14, 3, 5, 17]",25.0,44.0,147.0
2.4234234234234235,0.6932061983825664,0.0,1.0,2.0,"[5, 17, 14]",26.0,76.0,120.0
2.5675675675675675,0.6538659364386407,1.0,0.0,3.0,"[14, 5]",17.0,59.0,145.0
2.490990990990991,0.8057541420774899,9.0,0.0,3.0,"[5, 14, 17, 29]",17.0,52.0,144.0
2.4234234234234235,0.8188895422123719,8.0,0.0,1.0,"[5, 14]",23.0,58.0,133.0
2.509009009009009,0.6363142667521424,0.0,1.0,2.0,"[17, 5, 14]",17.0,75.0,130.0
2.468468468468469,0.7222365942655401,2.0,0.0,2.0,"[14, 17, 5]",24.0,64.0,132.0
2.40990990990991,0.81750696566199,8.0,1.0,2.0,"[14, 5]",23.0,61.0,130.0
2.4414414414414414,0.7391408083473869,4.0,0.0,1.0,"[5, 14, 17]",21.0,70.0,127.0
2.36036036036036,0.8104832678540396,5.0,0.0,3.0,"[17, 14, 8, 5]",32.0,63.0,122.0
2.391891891891892,0.8532753116612023,9.0,0.0,1.0,"[17, 5, 14]",27.0,54.0,132.0
2.495495495495496,0.7535601640175105,3.0,0.0,3.0,"[5, 17, 14]",26.0,51.0,142.0
2.31981981981982,0.8301250867766226,4.0,0.0,2.0,"[5, 14, 17]",40.0,59.0,119.0
2.5045045045045047,0.7654753218134532,4.0,0.0,2.0,"[5, 17, 14]",25.0,48.0,145.0
2.621621621621621,0.6997614855970284,4.0,1.0,3.0,"[14, 5]",16.0,40.0,162.0
2.427927927927928,0.7440468008404686,1.0,0.0,2.0,"[17, 14, 5]",31.0,62.0,128.0
2.3963963963963963,0.7090785465273409,1.0,1.0,2.0,"[5, 14]",26.0,79.0,116.0
2.3018018018018016,0.8422639156025565,6.0,0.0,2.0,"[14, 17, 5]",37.0,63.0,116.0
2.5,0.7166412356496688,2.0,2.0,2.0,"[5, 14]",23.0,59.0,138.0
2.644144144144144,0.634196635747627,2.0,0.0,2.0,"[14, 5, 17]",13.0,47.0,160.0
2.373873873873874,0.7843735964266968,3.0,0.0,4.0,"[5, 14, 17, 26]",33.0,64.0,122.0
2.5315315315315314,0.7222365942655401,3.0,1.0,2.0,"[5, 14, 17]",21.0,53.0,145.0
2.436936936936937,0.7264153515540407,2.0,0.0,4.0,"[14, 5]",25.0,69.0,126.0
2.6171171171171173,0.6397643618631812,2.0,0.0,3.0,"[17, 14, 5]",13.0,53.0,154.0
2.5135135135135136,0.80005503051525,7.0,0.0,2.0,"[5, 14, 26]",22.0,43.0,150.0
2.481981981981982,0.7351175851027343,3.0,0.0,2.0,"[5, 17, 14]",23.0,60.0,136.0
2.4234234234234235,0.7850359481010099,3.0,1.0,2.0,"[14, 5, 17, 26]",32.0,55.0,132.0
2.3963963963963963,0.7524232860796635,1.0,1.0,3.0,"[14, 5]",33.0,65.0,123.0
2.4054054054054053,0.7830602269721482,4.0,0.0,2.0,"[14, 5]",29.0,62.0,127.0
2.4324324324324325,0.6875969252498595,1.0,0.0,2.0,"[14, 5]",22.0,79.0,120.0
2.436936936936937,0.7387684417222306,1.0,0.0,4.0,"[5, 14, 17]",30.0,62.0,129.0
2.4054054054054053,0.7536142582829702,3.0,1.0,2.0,"[14, 29, 5]",27.0,69.0,123.0
2.45945945945946,0.70913603394456,1.0,0.0,2.0,"[14, 17, 5]",25.0,67.0,129.0
2.3828828828828827,0.7504296053304116,5.0,0.0,1.0,"[14, 5]",21.0,80.0,116.0
2.315315315315315,0.7957122877791639,3.0,0.0,1.0,"[14, 5]",37.0,69.0,113.0
2.3828828828828827,0.779995808536583,1.0,0.0,2.0,"[5, 14]",38.0,58.0,125.0
2.436936936936937,0.7387684417222306,2.0,0.0,2.0,"[14, 17, 5]",27.0,65.0,128.0
2.355855855855856,0.7456886257948167,3.0,0.0,2.0,"[5, 14]",27.0,80.0,112.0
2.490990990990991,0.6973835457431024,4.0,1.0,2.0,"[5, 14]",14.0,73.0,131.0
2.40990990990991,0.7660741968667063,3.0,0.0,4.0,"[5, 14, 17]",29.0,64.0,126.0
2.36036036036036,0.734326949422281,2.0,0.0,1.0,"[5, 17, 14]",28.0,80.0,112.0
2.364864864864865,0.811249932045667,5.0,1.0,2.0,"[5, 14, 29, 17]",32.0,62.0,123.0
2.346846846846846,0.8191508482474903,4.0,2.0,2.0,"[14, 17, 5]",37.0,59.0,122.0
2.31981981981982,0.8409561268028239,8.0,0.0,1.0,"[14, 17, 5]",30.0,67.0,117.0
2.346846846846846,0.8726430253781576,7.0,0.0,1.0,"[5, 17, 14]",38.0,48.0,129.0
2.328828828828829,0.842844503716837,3.0,0.0,2.0,"[14, 5]",45.0,50.0,124.0
2.36036036036036,0.7935576892730575,1.0,0.0,3.0,"[17, 5, 14]",41.0,57.0,123.0
2.445945945945946,0.7394854250744348,2.0,1.0,4.0,"[14, 5]",27.0,63.0,130.0
2.3783783783783785,0.790830413590551,2.0,1.0,2.0,"[5, 14, 17]",37.0,58.0,125.0
2.5135135135135136,0.6973104746141447,3.0,1.0,2.0,"[5, 14, 17]",17.0,65.0,137.0
2.4324324324324325,0.8029540665383836,3.0,1.0,2.0,"[5, 14, 29]",35.0,47.0,137.0
2.4864864864864864,0.7534519638354583,5.0,0.0,2.0,"[14, 5]",20.0,59.0,138.0
2.436936936936937,0.7326179336659979,2.0,1.0,3.0,"[14, 5]",26.0,67.0,127.0
2.454954954954955,0.7582116060775659,6.0,0.0,2.0,"[5, 14]",18.0,67.0,131.0
2.6936936936936937,0.559456633490417,2.0,0.0,2.0,"[14, 5]",5.0,52.0,163.0
2.4504504504504503,0.7458935998114042,1.0,0.0,3.0,"[17, 14, 5]",31.0,57.0,133.0
2.400900900900901,0.7590176427397026,1.0,0.0,4.0,"[5, 14, 17]",34.0,62.0,125.0
2.400900900900901,0.7649559175179907,3.0,0.0,2.0,"[14, 5, 17, 26]",29.0,66.0,124.0
2.3828828828828827,0.8195986076270692,4.0,0.0,2.0,"[14, 5, 17]",36.0,53.0,129.0
2.418918918918919,0.7120188000865245,4.0,0.0,1.0,"[14, 5, 17]",17.0,83.0,118.0
2.400900900900901,0.696857262596562,1.0,0.0,2.0,"[5, 14]",24.0,82.0,115.0
2.5135135135135136,0.7534519638354583,5.0,1.0,3.0,"[5, 14, 29]",20.0,53.0,144.0
2.5765765765765765,0.6733390766983909,1.0,0.0,3.0,"[5, 14]",20.0,51.0,150.0
2.5405405405405403,0.7217849140498384,6.0,0.0,4.0,"[14, 17, 5]",12.0,60.0,144.0
2.608108108108108,0.6483721537806929,1.0,1.0,3.0,"[17, 14, 5]",17.0,50.0,154.0
2.418918918918919,0.7370005879911349,2.0,0.0,4.0,"[17, 14, 5]",27.0,69.0,124.0
2.4324324324324325,0.7683987183985865,2.0,0.0,2.0,"[5, 14]",32.0,56.0,132.0
2.4414414414414414,0.7267940472053389,1.0,1.0,3.0,"[17, 14, 5, 29]",28.0,65.0,128.0
2.40990990990991,0.6915724040453726,0.0,0.0,1.0,"[5, 14]",26.0,79.0,117.0
2.333333333333333,0.782539471293768,1.0,0.0,3.0,"[5, 17, 14, 26]",40.0,65.0,116.0
2.5135135135135136,0.684209288518719,1.0,1.0,3.0,"[5, 17, 14]",21.0,63.0,137.0
2.45945945945946,0.6831360183857941,2.0,0.0,2.0,"[17, 5, 14]",18.0,78.0,124.0
2.436936936936937,0.7264153515540406,0.0,0.0,2.0,"[14, 17, 5]",31.0,63.0,128.0
2.3018018018018016,0.820493393333259,5.0,0.0,2.0,"[14, 26, 5]",36.0,68.0,113.0
2.3963963963963963,0.8323686887516278,8.0,1.0,1.0,"[14, 5]",26.0,58.0,130.0
2.351351351351352,0.7861775172715919,2.0,0.0,3.0,"[14, 5, 32]",37.0,64.0,119.0
2.3963963963963963,0.7463853077863087,1.0,0.0,3.0,"[14, 17, 5]",32.0,67.0,122.0
2.4864864864864864,0.7290341327982417,2.0,0.0,1.0,"[5, 17, 14]",25.0,58.0,137.0
2.427927927927928,0.7501036032419736,2.0,1.0,1.0,"[14, 5]",29.0,63.0,128.0
2.472972972972973,0.7224200086857315,2.0,0.0,2.0,"[14, 17, 5]",24.0,63.0,133.0
2.391891891891892,0.7457432910412645,2.0,1.0,3.0,"[17, 5, 14]",29.0,71.0,120.0
2.454954954954955,0.6558112986982034,1.0,1.0,3.0,"[17, 14, 5]",17.0,84.0,120.0
2.4504504504504503,0.6956716698230324,1.0,0.0,4.0,"[14, 5]",23.0,73.0,125.0
2.373873873873874,0.7727498892009228,1.0,1.0,2.0,"[5, 14, 17]",37.0,62.0,122.0
2.4234234234234235,0.7907788651491057,4.0,0.0,1.0,"[14, 5]",30.0,56.0,132.0
2.274774774774775,0.8515058227861021,6.0,0.0,3.0,"[5, 14]",40.0,63.0,113.0
2.612612612612613,0.6947921486278852,3.0,0.0,2.0,"[5, 14]",18.0,41.0,160.0
2.427927927927928,0.7561118894398158,4.0,0.0,1.0,"[17, 5, 14, 29]",24.0,67.0,127.0
2.414414414414414,0.6921468793520016,0.0,0.0,4.0,"[14, 5]",26.0,78.0,118.0
2.4234234234234235,0.7251094415702297,1.0,0.0,4.0,"[5, 17, 26, 14]",28.0,69.0,124.0
2.454954954954955,0.7582116060775659,2.0,0.0,4.0,"[5, 14, 29]",30.0,55.0,135.0
2.445945945945946,0.7394854250744348,4.0,0.0,1.0,"[14, 5, 17]",21.0,69.0,128.0
2.5405405405405403,0.7761581191682771,8.0,0.0,2.0,"[5, 14]",15.0,48.0,151.0
2.351351351351352,0.8417676794816282,4.0,1.0,1.0,"[17, 29, 5, 14]",41.0,50.0,127.0
2.4324324324324325,0.7260083843503446,0.0,0.0,4.0,"[5, 14, 17]",31.0,64.0,127.0
2.4234234234234235,0.8021413597850566,4.0,1.0,4.0,"[5, 14, 17]",32.0,52.0,134.0
2.45945945945946,0.7280269472386229,2.0,0.0,3.0,"[14, 5, 17]",25.0,64.0,131.0
2.391891891891892,0.8532753116612024,6.0,0.0,1.0,"[5, 14]",36.0,45.0,135.0
2.36036036036036,0.7762631544376083,4.0,0.0,3.0,"[14, 5]",29.0,72.0,117.0
2.463963963963964,0.7282648805565796,2.0,0.0,3.0,"[17, 14, 5]",25.0,63.0,132.0
2.369369369369369,0.823060483671462,3.0,0.0,1.0,"[17, 5, 14]",40.0,51.0,128.0
2.4054054054054053,0.7888175282163348,3.0,0.0,5.0,"[5, 14]",33.0,57.0,129.0
2.2972972972972974,0.768080343113157,0.0,0.0,1.0,"[14, 5]",42.0,72.0,108.0
2.477477477477477,0.716285628293906,3.0,1.0,2.0,"[5, 14]",20.0,67.0,132.0
2.4234234234234235,0.6932061983825663,2.0,1.0,3.0,"[5, 17, 14]",20.0,82.0,118.0
2.5495495495495497,0.7638760262677337,7.0,2.0,2.0,"[5, 14]",16.0,47.0,152.0
2.2927927927927927,0.8292406941392827,4.0,1.0,2.0,"[5, 14, 17]",41.0,63.0,114.0
2.5315315315315314,0.656603350996418,1.0,1.0,3.0,"[14, 5, 17, 29]",17.0,67.0,137.0
2.4234234234234235,0.7061404824730856,1.0,1.0,3.0,"[5, 17, 14]",25.0,75.0,121.0
2.490990990990991,0.8113504244348972,10.0,1.0,3.0,"[5, 14, 29]",15.0,53.0,144.0
2.364864864864865,0.7943406894885411,3.0,1.0,1.0,"[17, 5, 14]",35.0,62.0,122.0
2.373873873873874,0.7243922978709737,1.0,0.0,3.0,"[5, 14, 26, 17]",29.0,78.0,114.0
2.5495495495495497,0.6623520237880199,1.0,0.0,3.0,"[14, 5, 17]",18.0,61.0,142.0
2.328828828828829,0.8210893754172298,3.0,0.0,3.0,"[5, 14]",41.0,58.0,120.0
2.3783783783783785,0.7497094949180043,2.0,0.0,4.0,"[14, 17, 5]",30.0,72.0,118.0
2.454954954954955,0.7088629271907743,1.0,0.0,3.0,"[14, 5]",25.0,68.0,128.0
2.4324324324324325,0.7383682832153002,1.0,0.0,3.0,"[5, 14]",30.0,63.0,128.0
2.400900900900901,0.7708484478167205,1.0,0.0,2.0,"[5, 17, 14]",36.0,58.0,127.0
2.581081081081081,0.7491791602885058,5.0,1.0,4.0,"[5, 14, 17]",20.0,38.0,159.0
2.355855855855856,0.8152599657211407,3.0,1.0,1.0,"[5, 14, 17, 29]",39.0,56.0,124.0
2.454954954954955,0.721516595136096,0.0,0.0,5.0,"[14, 5]",30.0,61.0,131.0
2.3873873873873874,0.7328265636075769,1.0,0.0,2.0,"[5, 14, 29, 17]",30.0,73.0,118.0
2.3783783783783785,0.7375396797860417,2.0,0.0,1.0,"[5, 17, 14]",28.0,76.0,116.0
2.436936936936937,0.7326179336659979,4.0,0.0,1.0,"[14, 5, 26]",20.0,73.0,125.0
2.454954954954955,0.7522200913529669,1.0,0.0,5.0,"[17, 5, 29, 14]",32.0,54.0,135.0
2.536036036036036,0.7527076665443986,5.0,0.0,2.0,"[14, 5]",20.0,48.0,149.0
2.418918918918919,0.6991932666762044,1.0,0.0,2.0,"[5, 17, 14]",24.0,78.0,119.0
2.36036036036036,0.799239375881876,4.0,0.0,2.0,"[5, 14]",33.0,64.0,121.0
2.4504504504504503,0.702145886515062,2.0,1.0,4.0,"[5, 14, 17]",21.0,74.0,125.0
2.3783783783783785,0.8620091657768677,6.0,0.0,3.0,"[14, 5]",38.0,44.0,134.0
2.351351351351352,0.6813434778561912,1.0,1.0,1.0,"[5, 14]",23.0,95.0,103.0
2.5045045045045047,0.7535601640175106,4.0,0.0,3.0,"[14, 5]",23.0,52.0,143.0
2.4234234234234235,0.7675494241701202,2.0,0.0,4.0,"[14, 5, 17]",32.0,58.0,130.0
2.463963963963964,0.7936732624728556,4.0,1.0,3.0,"[5, 17, 14]",30.0,47.0,141.0
2.5765765765765765,0.7125195820066829,4.0,1.0,2.0,"[5, 14, 26]",17.0,48.0,153.0
2.418918918918919,0.7246173605344868,1.0,0.0,2.0,"[5, 14]",28.0,70.0,123.0
2.427927927927928,0.78546423096824,4.0,0.0,3.0,"[14, 5]",29.0,57.0,132.0
2.310810810810811,0.7477085781851425,1.0,0.0,2.0,"[14, 5]",35.0,80.0,106.0
2.418918918918919,0.7183457005038106,0.0,0.0,3.0,"[14, 5]",30.0,69.0,123.0
2.509009009009009,0.7474904681121162,3.0,1.0,4.0,"[5, 14]",25.0,50.0,144.0
2.5045045045045047,0.7944818041237258,8.0,1.0,2.0,"[5, 17, 14]",18.0,50.0,146.0
2.527027027027027,0.7161291051157161,3.0,0.0,2.0,"[17, 14, 26, 5]",20.0,56.0,143.0
2.418918918918919,0.749179160288506,3.0,1.0,1.0,"[14, 5, 17]",26.0,68.0,125.0
2.328828828828829,0.8265818387665633,3.0,0.0,3.0,"[5, 14, 29]",42.0,56.0,121.0
2.400900900900901,0.7033205657374381,1.0,0.0,2.0,"[14, 5, 17]",25.0,80.0,116.0
2.477477477477477,0.7998511948353776,9.0,0.0,1.0,"[5, 14]",16.0,57.0,140.0
2.418918918918919,0.7370005879911349,2.0,0.0,2.0,"[17, 5, 14, 29]",27.0,69.0,124.0
2.369369369369369,0.7235899432243008,1.0,0.0,2.0,"[14, 5]",29.0,79.0,113.0
2.414414414414414,0.7364887771624948,1.0,0.0,3.0,"[5, 14, 17]",30.0,67.0,124.0
2.351351351351352,0.8254838005393667,5.0,1.0,2.0,"[5, 14, 29]",35.0,59.0,123.0
2.554054054054054,0.7694722624473205,8.0,1.0,2.0,"[5, 14, 17]",14.0,47.0,153.0
2.4864864864864864,0.7474222956614639,2.0,0.0,4.0,"[14, 5]",28.0,52.0,140.0
2.4504504504504503,0.8154474522049159,9.0,1.0,1.0,"[5, 17, 14]",19.0,57.0,137.0
2.518018018018018,0.6707459477109904,0.0,0.0,4.0,"[14, 5, 17]",22.0,63.0,137.0
2.40990990990991,0.8063610180276337,6.0,0.0,2.0,"[17, 32, 5, 14]",27.0,59.0,130.0
2.45945945945946,0.8159472055472893,6.0,1.0,2.0,"[17, 14, 5, 29]",28.0,46.0,142.0
2.3423423423423424,0.8923556247396233,11.0,0.0,3.0,"[5, 14, 26, 29]",30.0,53.0,128.0
2.472972972972973,0.7883135037925646,7.0,0.0,2.0,"[14, 5]",20.0,56.0,139.0
2.59009009009009,0.7109301732969731,5.0,0.0,3.0,"[17, 14, 5]",14.0,48.0,155.0
2.373873873873874,0.7428953644233875,1.0,1.0,2.0,"[5, 14]",32.0,72.0,117.0
2.5135135135135136,0.70376961554351,2.0,0.0,4.0,"[14, 5]",21.0,60.0,139.0
2.468468468468469,0.8051847804544445,8.0,1.0,1.0,"[14, 17, 26, 5]",20.0,54.0,140.0
2.563063063063063,0.7201593498787088,5.0,0.0,1.0,"[5, 14]",15.0,52.0,150.0
2.4234234234234235,0.7850359481010099,4.0,0.0,3.0,"[5, 14, 17, 29]",29.0,58.0,131.0
2.31981981981982,0.8301250867766227,6.0,0.0,2.0,"[17, 14, 5, 29]",34.0,65.0,117.0
2.2927927927927927,0.7901213277256897,2.0,0.0,3.0,"[14, 5, 17]",40.0,71.0,109.0
2.490990990990991,0.7887270860114184,8.0,1.0,2.0,"[14, 5]",17.0,55.0,142.0
2.445945945945946,0.7694722624473205,1.0,1.0,3.0,"[5, 14, 17, 29]",35.0,50.0,136.0
2.463963963963964,0.7466719879030266,2.0,1.0,3.0,"[5, 14, 17]",28.0,57.0,135.0
2.364864864864865,0.7886237107908147,2.0,0.0,2.0,"[5, 14]",37.0,61.0,122.0
2.3828828828828827,0.8140590297199426,4.0,0.0,2.0,"[17, 5, 14]",35.0,55.0,128.0
2.554054054054054,0.7082300651054266,3.0,0.0,3.0,"[14, 17, 5]",19.0,52.0,148.0
2.4324324324324325,0.750524662599186,2.0,0.0,2.0,"[14, 17, 5]",29.0,62.0,129.0
2.5495495495495497,0.702145886515062,3.0,0.0,2.0,"[14, 5, 17]",18.0,55.0,146.0
2.427927927927928,0.7912040393515347,4.0,1.0,2.0,"[5, 14, 17]",30.0,55.0,133.0
2.463963963963964,0.7405871209813207,3.0,0.0,2.0,"[5, 14, 17]",24.0,62.0,133.0
2.45945945945946,0.7217849140498384,1.0,1.0,3.0,"[5, 14, 17]",27.0,63.0,131.0
2.4414414414414414,0.707870232306846,2.0,0.0,3.0,"[5, 14, 17]",22.0,74.0,124.0
2.400900900900901,0.8753016799132247,11.0,1.0,1.0,"[14, 5, 29, 17]",25.0,50.0,136.0
2.4234234234234235,0.7496551188892895,3.0,0.0,2.0,"[17, 5, 14]",26.0,67.0,126.0
2.3063063063063063,0.7992393758818759,4.0,1.0,3.0,"[5, 14]",35.0,72.0,111.0
2.418918918918919,0.7960324140735977,2.0,0.0,2.0,"[14, 17, 5]",37.0,49.0,134.0
2.5495495495495497,0.6691486958604506,1.0,1.0,4.0,"[5, 14, 17]",19.0,59.0,143.0
2.468468468468469,0.7407935065612108,5.0,0.0,2.0,"[5, 14]",18.0,67.0,132.0
2.427927927927928,0.7501036032419736,3.0,0.0,1.0,"[14, 17, 5]",26.0,66.0,127.0
2.59009009009009,0.6980846394189978,3.0,0.0,5.0,"[14, 5, 29]",18.0,46.0,155.0
2.36036036036036,0.7935576892730575,4.0,0.0,4.0,"[5, 14]",32.0,66.0,120.0
2.3828828828828827,0.7972093718726632,3.0,0.0,4.0,"[14, 17, 26, 5]",35.0,58.0,126.0
2.351351351351352,0.8199839822809105,5.0,0.0,2.0,"[14, 5, 17]",34.0,61.0,122.0
2.4054054054054053,0.7475858990990503,2.0,0.0,3.0,"[14, 5]",29.0,68.0,123.0
2.5495495495495497,0.7519355264883228,6.0,1.0,1.0,"[5, 14, 17, 29]",17.0,48.0,151.0
2.324324324324324,0.8631433888540143,8.0,2.0,2.0,"[14, 5, 29]",34.0,58.0,122.0
2.31981981981982,0.7619123142645889,5.0,1.0,1.0,"[14, 17, 5]",25.0,86.0,106.0
2.5,0.6974419971341816,1.0,0.0,3.0,"[17, 14, 5, 26]",23.0,62.0,136.0
2.3873873873873874,0.8035123256035114,2.0,1.0,4.0,"[14, 5, 17]",39.0,52.0,129.0
2.454954954954955,0.7759086034177545,3.0,1.0,2.0,"[5, 14]",30.0,52.0,137.0
2.5,0.7887787685411908,7.0,0.0,2.0,"[5, 14, 26]",20.0,50.0,145.0
2.5045045045045047,0.6146606152384574,0.0,0.0,3.0,"[17, 14, 5, 8]",14.0,82.0,126.0
2.2927927927927927,0.8127058554911679,2.0,0.0,3.0,"[5, 29, 14]",44.0,63.0,113.0
2.4324324324324325,0.7742650477661035,1.0,0.0,3.0,"[5, 14]",36.0,51.0,134.0
2.554054054054054,0.7271445154755726,5.0,0.0,2.0,"[17, 14, 5]",16.0,52.0,149.0
2.490990990990991,0.670928248660464,3.0,0.0,3.0,"[17, 26, 14, 5]",13.0,78.0,128.0
2.4054054054054053,0.7475858990990502,2.0,0.0,4.0,"[5, 14]",29.0,68.0,123.0
2.369369369369369,0.7298165383786552,2.0,0.0,3.0,"[14, 17, 5]",27.0,80.0,113.0
2.418918918918919,0.6795012162596721,0.0,1.0,2.0,"[14, 5]",24.0,81.0,117.0
2.3963963963963963,0.7090785465273408,0.0,1.0,2.0,"[5, 14]",29.0,76.0,117.0
2.5315315315315314,0.7159440790596918,5.0,0.0,2.0,"[14, 5]",14.0,61.0,142.0
2.481981981981982,0.6906876628677271,2.0,0.0,2.0,"[5, 14]",19.0,71.0,130.0
2.4414414414414414,0.7205413335107572,1.0,0.0,4.0,"[5, 29, 14]",27.0,67.0,127.0
2.509009009009009,0.6973835457431024,2.0,1.0,2.0,"[5, 17, 14, 29]",20.0,63.0,137.0
2.315315315315315,0.7900052348985382,2.0,0.0,2.0,"[14, 5, 29]",39.0,68.0,113.0
2.6621621621621623,0.6369545831574325,3.0,0.0,3.0,"[14, 5, 26]",11.0,44.0,164.0
2.4054054054054053,0.7166838966751345,2.0,1.0,2.0,"[14, 17, 5]",24.0,78.0,118.0
2.355855855855856,0.775435616552427,2.0,1.0,2.0,"[14, 17, 26, 5]",35.0,67.0,118.0
2.4054054054054053,0.7888175282163347,4.0,0.0,3.0,"[5, 14]",30.0,60.0,128.0
2.4324324324324325,0.6875969252498596,0.0,0.0,2.0,"[5, 14]",25.0,76.0,121.0
2.468468468468469,0.7222365942655401,1.0,0.0,4.0,"[14, 5]",27.0,61.0,133.0
2.45945945945946,0.7819662394927889,4.0,1.0,2.0,"[14, 5, 17]",28.0,52.0,138.0
2.5225225225225225,0.7472041020221155,3.0,0.0,2.0,"[5, 14]",25.0,47.0,147.0
2.463963963963964,0.7821877652156125,6.0,0.0,2.0,"[5, 17, 32, 14]",22.0,57.0,137.0
2.436936936936937,0.7387684417222306,2.0,0.0,3.0,"[14, 5, 26]",27.0,65.0,128.0
2.3828828828828827,0.7133343886442184,0.0,0.0,2.0,"[14, 29, 17, 5]",30.0,77.0,115.0
2.418918918918919,0.8129064678810275,7.0,0.0,3.0,"[5, 14, 17]",25.0,58.0,132.0
2.45945945945946,0.7154884264572533,3.0,0.0,1.0,"[5, 14, 26]",20.0,71.0,128.0
2.477477477477477,0.8276537939608939,8.0,0.0,2.0,"[5, 14]",24.0,44.0,146.0
2.5315315315315314,0.7159440790596918,2.0,0.0,2.0,"[5, 14]",23.0,52.0,145.0
2.518018018018018,0.7351175851027343,4.0,0.0,3.0,"[14, 5, 17]",20.0,55.0,143.0
2.418918918918919,0.730835202315558,1.0,0.0,3.0,"[17, 14, 5]",29.0,68.0,124.0
2.4414414414414414,0.7391408083473869,1.0,1.0,1.0,"[14, 5]",30.0,61.0,130.0
2.468468468468469,0.7938658470825909,8.0,0.0,3.0,"[17, 14, 5]",18.0,58.0,138.0
2.509009009009009,0.7038420161008277,1.0,1.0,4.0,"[5, 14, 17]",24.0,58.0,139.0
2.468468468468469,0.7588967918170579,3.0,0.0,4.0,"[5, 17, 14]",27.0,55.0,137.0
2.509009009009009,0.6908647017452589,1.0,0.0,5.0,"[14, 5, 17]",22.0,62.0,137.0
2.4864864864864864,0.6640730601585366,1.0,0.0,2.0,"[5, 14]",18.0,75.0,128.0
2.36036036036036,0.7092509948002956,0.0,1.0,1.0,"[14, 5, 17]",30.0,82.0,110.0
2.324324324324324,0.7449639325857419,1.0,1.0,1.0,"[5, 14]",34.0,79.0,108.0
2.427927927927928,0.6738383563798657,1.0,0.0,4.0,"[14, 17, 5]",20.0,84.0,117.0
2.490990990990991,0.6973835457431024,2.0,1.0,4.0,"[14, 5]",20.0,67.0,133.0
2.490990990990991,0.7414123185939215,3.0,1.0,3.0,"[5, 14, 17]",24.0,56.0,139.0
2.3378378378378377,0.7540603879047543,1.0,0.0,1.0,"[5, 29, 14]",35.0,74.0,112.0
2.599099099099099,0.6903334489056124,4.0,1.0,3.0,"[14, 17, 5]",14.0,49.0,155.0
2.279279279279279,0.8473666546672769,3.0,0.0,1.0,"[5, 14, 17]",48.0,55.0,116.0
2.468468468468469,0.7095957656193941,4.0,0.0,1.0,"[14, 5, 17]",16.0,74.0,128.0
2.572072072072072,0.7255730980224996,3.0,0.0,3.0,"[14, 5]",22.0,42.0,155.0
2.468468468468469,0.6967256296948333,2.0,0.0,3.0,"[14, 17, 5, 8]",20.0,72.0,128.0
2.369369369369369,0.7235899432243008,1.0,1.0,1.0,"[5, 17, 14]",29.0,79.0,113.0
2.3828828828828827,0.8359971285185128,6.0,1.0,1.0,"[5, 17, 14]",33.0,53.0,130.0
2.509009009009009,0.7595008541336756,5.0,2.0,2.0,"[14, 5]",21.0,52.0,144.0
2.518018018018018,0.7652755926498351,5.0,0.0,2.0,"[14, 5, 17]",22.0,48.0,147.0
2.436936936936937,0.7687832459562145,3.0,1.0,2.0,"[14, 26, 17, 5]",29.0,58.0,132.0
2.490990990990991,0.7595008541336756,3.0,0.0,3.0,"[14, 5, 17]",27.0,50.0,142.0
2.536036036036036,0.734451843218972,5.0,0.0,4.0,"[14, 5]",17.0,54.0,146.0
2.6171171171171173,0.6808796378539602,3.0,0.0,2.0,"[5, 14]",16.0,44.0,159.0
2.391891891891892,0.7637292566086652,2.0,0.0,3.0,"[14, 5, 29, 17]",32.0,65.0,123.0
2.4414414414414414,0.7329934248059613,4.0,0.0,1.0,"[17, 14, 5]",20.0,72.0,126.0
2.554054054054054,0.6953346515225058,2.0,1.0,2.0,"[5, 14]",20.0,53.0,147.0
2.355855855855856,0.7395956685136184,1.0,0.0,1.0,"[5, 14]",32.0,76.0,113.0
2.4864864864864864,0.70376961554351,1.0,0.0,3.0,"[5, 17, 14]",24.0,63.0,134.0
2.427927927927928,0.7066165857853886,1.0,0.0,1.0,"[5, 14, 17]",25.0,74.0,122.0
2.436936936936937,0.7804660317876017,5.0,0.0,2.0,"[17, 14, 5]",25.0,60.0,132.0
2.495495495495496,0.6709738161586992,1.0,0.0,2.0,"[5, 14, 26, 17]",19.0,71.0,131.0
2.391891891891892,0.7927996254907698,6.0,0.0,1.0,"[14, 5, 17]",25.0,67.0,124.0
2.436936936936937,0.7804660317876017,5.0,0.0,4.0,"[17, 5, 14, 26]",25.0,60.0,132.0
2.4414414414414414,0.7865922225713126,2.0,0.0,3.0,"[5, 14, 26, 29]",35.0,48.0,137.0
2.5045045045045047,0.6292115855867811,0.0,0.0,3.0,"[14, 5]",16.0,78.0,128.0
2.427927927927928,0.8570887450865623,8.0,0.0,3.0,"[14, 5, 29]",30.0,43.0,141.0
2.5855855855855854,0.6654834389931051,2.0,0.0,2.0,"[5, 14]",16.0,54.0,150.0
2.4414414414414414,0.7267940472053388,4.0,1.0,1.0,"[5, 14]",19.0,74.0,125.0
2.391891891891892,0.7870714531874784,4.0,1.0,2.0,"[5, 14]",30.0,63.0,125.0
2.3963963963963963,0.7524232860796635,4.0,0.0,1.0,"[5, 17, 14]",24.0,74.0,120.0
2.495495495495496,0.7353255058320288,4.0,1.0,2.0,"[17, 5, 14]",20.0,60.0,138.0
2.472972972972973,0.7767487578042191,3.0,0.0,2.0,"[14, 5]",30.0,48.0,141.0
2.5045045045045047,0.7102848052045776,3.0,1.0,4.0,"[14, 5, 17]",19.0,63.0,137.0
2.45945945945946,0.6897279125652752,2.0,1.0,3.0,"[5, 17, 14]",19.0,76.0,125.0
2.3828828828828827,0.7504296053304115,2.0,0.0,2.0,"[5, 14]",30.0,71.0,119.0
2.369369369369369,0.777836981466073,4.0,1.0,1.0,"[5, 14, 29, 17]",29.0,70.0,119.0
2.400900900900901,0.7409173103141583,2.0,0.0,2.0,"[17, 14, 5]",28.0,71.0,121.0
2.5315315315315314,0.6566033509964179,2.0,1.0,2.0,"[5, 14, 17]",14.0,70.0,136.0
2.400900900900901,0.7708484478167204,5.0,1.0,1.0,"[5, 14, 17]",24.0,70.0,123.0
2.355855855855856,0.7812491082706582,2.0,0.0,4.0,"[5, 14, 17]",36.0,65.0,119.0
2.581081081081081,0.730835202315558,6.0,1.0,2.0,"[14, 5]",14.0,47.0,155.0
2.495495495495496,0.7475313685982959,3.0,0.0,3.0,"[5, 17, 14]",25.0,53.0,141.0
2.3963963963963963,0.7279709516267078,1.0,0.0,3.0,"[5, 14, 26, 17]",29.0,73.0,119.0
2.36036036036036,0.816047119489444,7.0,1.0,1.0,"[5, 14]",27.0,67.0,121.0
2.5315315315315314,0.7159440790596919,2.0,0.0,3.0,"[5, 14, 17, 26]",23.0,52.0,145.0
2.391891891891892,0.7637292566086652,3.0,0.0,2.0,"[14, 17, 5]",29.0,68.0,122.0
2.4414414414414414,0.7750017916742937,2.0,0.0,3.0,"[5, 26, 14, 28]",33.0,52.0,135.0
2.40990990990991,0.7420718159870678,4.0,0.0,3.0,"[14, 5]",22.0,75.0,121.0
2.3963963963963963,0.7463853077863087,0.0,0.0,2.0,"[14, 29, 5]",35.0,64.0,123.0
2.333333333333333,0.8329561740773851,6.0,2.0,3.0,"[5, 17, 14]",34.0,62.0,120.0
2.463963963963964,0.6899790531009999,1.0,0.0,1.0,"[14, 5, 17]",22.0,72.0,127.0
2.572072072072072,0.6871373065407168,2.0,0.0,4.0,"[5, 14, 17]",19.0,51.0,150.0
2.4234234234234235,0.7907788651491057,6.0,0.0,1.0,"[5, 14, 17]",24.0,62.0,130.0
2.4234234234234235,0.7374844064558942,1.0,0.0,2.0,"[14, 5]",30.0,65.0,126.0
2.563063063063063,0.6403375704656499,2.0,0.0,2.0,"[14, 5]",12.0,67.0,141.0
2.3828828828828827,0.7857755627978601,3.0,0.0,2.0,"[5, 14, 26]",33.0,62.0,124.0
2.391891891891892,0.8317930406464685,7.0,0.0,1.0,"[5, 14]",29.0,56.0,130.0
2.3378378378378377,0.7718525700378518,1.0,0.0,2.0,"[5, 32, 14]",38.0,68.0,115.0
2.414414414414414,0.7426072263599132,1.0,0.0,5.0,"[5, 14, 29]",31.0,65.0,125.0
2.40990990990991,0.748144607571291,2.0,1.0,3.0,"[14, 29, 5, 17]",29.0,67.0,124.0
2.3963963963963963,0.7934035654851268,3.0,0.0,3.0,"[14, 5]",34.0,57.0,128.0
2.4864864864864864,0.7594337598258092,3.0,0.0,3.0,"[14, 5]",27.0,51.0,141.0
2.3423423423423424,0.7368208030763466,3.0,0.0,3.0,"[14, 5, 17]",26.0,85.0,108.0
2.4324324324324325,0.7197488453560322,2.0,0.0,2.0,"[5, 14]",24.0,72.0,124.0
2.5045045045045047,0.7353255058320288,7.0,1.0,1.0,"[17, 5, 14]",11.0,67.0,137.0
2.468468468468469,0.7284747571823902,3.0,1.0,1.0,"[5, 14, 17]",22.0,65.0,132.0
2.463963963963964,0.6767359501362702,2.0,1.0,2.0,"[14, 5]",17.0,79.0,124.0
2.3873873873873874,0.7076974475764807,1.0,0.0,1.0,"[17, 14, 5]",26.0,81.0,114.0
2.545045045045045,0.7582116060775659,3.0,0.0,3.0,"[14, 5, 26, 17]",27.0,38.0,154.0
2.5855855855855854,0.6517427867362842,2.0,0.0,2.0,"[5, 14]",14.0,58.0,148.0
2.477477477477477,0.805488490069993,8.0,0.0,2.0,"[5, 14]",20.0,52.0,142.0
2.463963963963964,0.7282648805565796,3.0,1.0,1.0,"[14, 5]",22.0,66.0,131.0
2.4504504504504503,0.7519355264883228,1.0,1.0,2.0,"[14, 5, 17]",32.0,55.0,134.0
2.472972972972973,0.6568050939151823,0.0,0.0,2.0,"[5, 14, 17]",20.0,77.0,125.0
2.59009009009009,0.6370825692104966,1.0,1.0,3.0,"[5, 17, 14]",15.0,58.0,148.0
2.463963963963964,0.7157305280206909,1.0,0.0,2.0,"[14, 5]",26.0,64.0,131.0
2.558558558558558,0.7014488520416096,4.0,1.0,3.0,"[14, 17, 5]",15.0,56.0,147.0
2.490990990990991,0.7291040245750274,1.0,0.0,3.0,"[14, 5]",28.0,54.0,139.0
2.472972972972973,0.6903924971863555,1.0,0.0,1.0,"[14, 5, 26]",22.0,70.0,129.0
2.468468468468469,0.6634589168105145,0.0,1.0,2.0,"[17, 14, 5]",21.0,76.0,125.0
2.436936936936937,0.8364358698255632,8.0,0.0,2.0,"[14, 5]",26.0,49.0,139.0
2.436936936936937,0.7010564655937181,0.0,0.0,3.0,"[14, 17, 5, 32]",27.0,71.0,124.0
2.40990990990991,0.7481446075712909,3.0,0.0,3.0,"[17, 5, 14]",26.0,70.0,123.0
2.414414414414414,0.8068537686310826,4.0,0.0,3.0,"[5, 14, 17]",33.0,52.0,133.0
2.630630630630631,0.6441933877862096,3.0,0.0,3.0,"[5, 14, 26]",11.0,51.0,157.0
2.2972972972972974,0.7969920214500931,3.0,1.0,2.0,"[14, 5, 26, 17]",38.0,71.0,110.0
2.418918918918919,0.7246173605344868,1.0,0.0,2.0,"[5, 14, 17, 29]",28.0,70.0,123.0
2.472972972972973,0.7033785237569627,0.0,1.0,4.0,"[14, 5]",27.0,63.0,132.0
2.414414414414414,0.7364887771624951,2.0,0.0,4.0,"[5, 14]",27.0,70.0,123.0
2.369369369369369,0.7778369814660728,2.0,0.0,2.0,"[5, 14]",35.0,64.0,121.0
2.315315315315315,0.7842566527683643,2.0,1.0,3.0,"[5, 17, 29, 26, 14]",38.0,70.0,112.0
2.4054054054054053,0.7772602815724059,2.0,0.0,6.0,"[5, 14, 17]",34.0,58.0,128.0
2.527027027027027,0.7883135037925646,7.0,0.0,2.0,"[5, 17, 26, 14]",20.0,44.0,151.0
2.369369369369369,0.823060483671462,6.0,0.0,2.0,"[5, 14]",31.0,60.0,125.0
2.436936936936937,0.7628747639732993,2.0,0.0,2.0,"[14, 5]",31.0,57.0,132.0
2.3423423423423424,0.7786227020423082,3.0,0.0,3.0,"[14, 5]",33.0,71.0,115.0
2.445945945945946,0.7811447434292254,4.0,0.0,2.0,"[5, 17, 14, 29]",28.0,55.0,135.0
2.436936936936937,0.7509183430946437,3.0,1.0,3.0,"[5, 14, 17]",26.0,64.0,129.0
2.436936936936937,0.8630607354694844,12.0,0.0,2.0,"[5, 14]",19.0,51.0,140.0
2.3828828828828827,0.7382716607354267,2.0,1.0,4.0,"[17, 5, 14]",28.0,75.0,117.0
2.45945945945946,0.7403531477726699,3.0,1.0,5.0,"[5, 14]",24.0,63.0,132.0
2.6531531531531534,0.6462309548653731,4.0,0.0,2.0,"[5, 14]",9.0,47.0,162.0
2.454954954954955,0.733952140516054,4.0,0.0,2.0,"[14, 17, 5]",20.0,69.0,129.0
2.463963963963964,0.7093803034939163,3.0,1.0,1.0,"[5, 17, 14]",19.0,72.0,128.0
2.4054054054054053,0.7595947762083726,3.0,0.0,1.0,"[14, 5]",28.0,67.0,124.0
2.40990990990991,0.7172666763901139,1.0,1.0,2.0,"[17, 14, 5]",27.0,74.0,120.0
2.4414414414414414,0.7142338829415783,2.0,0.0,2.0,"[14, 5, 17]",23.0,72.0,125.0
2.445945945945946,0.7018119772158216,0.0,0.0,3.0,"[14, 5]",27.0,69.0,126.0
2.400900900900901,0.7286006541390521,3.0,0.0,2.0,"[5, 14, 17]",23.0,78.0,118.0
2.495495495495496,0.7535601640175106,6.0,0.0,2.0,"[14, 5]",17.0,60.0,139.0
2.418918918918919,0.7246173605344868,2.0,0.0,2.0,"[14, 26, 5]",25.0,73.0,122.0
2.5045045045045047,0.7166270147434862,1.0,0.0,1.0,"[5, 14, 17]",26.0,55.0,140.0
2.418918918918919,0.730835202315558,1.0,0.0,3.0,"[5, 17, 29, 14]",29.0,68.0,124.0
2.436936936936937,0.7264153515540407,1.0,0.0,2.0,"[5, 17, 14]",28.0,66.0,127.0
2.436936936936937,0.7569201620723688,3.0,0.0,3.0,"[5, 14, 17]",27.0,62.0,130.0
2.463963963963964,0.7157305280206909,3.0,0.0,2.0,"[5, 14, 17]",20.0,70.0,129.0
2.400900900900901,0.7409173103141582,3.0,0.0,2.0,"[14, 26, 5]",25.0,74.0,120.0
2.4324324324324325,0.7197488453560322,1.0,0.0,3.0,"[14, 5, 17]",27.0,69.0,125.0
2.40990990990991,0.7420718159870678,1.0,2.0,1.0,"[14, 5]",31.0,66.0,124.0
2.445945945945946,0.7208948415896379,3.0,1.0,4.0,"[5, 17, 14]",21.0,72.0,126.0
2.3423423423423424,0.8015312889452847,1.0,0.0,4.0,"[5, 14]",43.0,57.0,121.0
2.3873873873873874,0.7389753352342323,1.0,0.0,3.0,"[5, 14]",31.0,71.0,119.0
2.4864864864864864,0.811287618150351,4.0,0.0,3.0,"[14, 5, 26]",33.0,36.0,149.0
2.427927927927928,0.7129914256585809,0.0,0.0,4.0,"[5, 14, 17]",29.0,69.0,124.0
2.445945945945946,0.6821955218972142,1.0,0.0,5.0,"[5, 14, 17]",21.0,78.0,122.0
2.45945945945946,0.7154884264572534,2.0,1.0,2.0,"[14, 5]",23.0,68.0,129.0
2.5855855855855854,0.7303190707702019,6.0,0.0,2.0,"[14, 5, 29]",14.0,46.0,156.0
2.527027027027027,0.7940327159616068,8.0,0.0,2.0,"[14, 5, 26]",18.0,45.0,151.0
2.3378378378378377,0.8062599037580708,4.0,2.0,3.0,"[5, 17, 14]",35.0,65.0,118.0
2.5315315315315314,0.7284747571823902,1.0,1.0,4.0,"[5, 14]",28.0,45.0,148.0
2.4324324324324325,0.6941464581547018,0.0,1.0,2.0,"[14, 5, 17]",26.0,74.0,122.0
2.45945945945946,0.8378358653477748,10.0,0.0,1.0,"[14, 5]",20.0,50.0,142.0
2.418918918918919,0.7551948013368782,1.0,1.0,2.0,"[5, 14, 17]",33.0,60.0,128.0
2.391891891891892,0.7147616297443333,0.0,0.0,3.0,"[5, 26, 17, 14]",30.0,75.0,117.0
2.536036036036036,0.7646361087380231,4.0,1.0,3.0,"[5, 14, 17]",25.0,41.0,152.0
2.346846846846846,0.7499405490548631,2.0,0.0,2.0,"[14, 17, 5]",31.0,77.0,112.0
2.5765765765765765,0.6997032279700202,5.0,0.0,3.0,"[17, 5, 14]",12.0,55.0,150.0
2.5,0.8058047325303604,9.0,1.0,2.0,"[5, 14]",17.0,50.0,146.0
2.328828828828829,0.8210893754172298,5.0,1.0,2.0,"[14, 5, 17]",35.0,64.0,118.0
2.4504504504504503,0.8319278025011886,9.0,1.0,2.0,"[5, 14, 17]",22.0,51.0,140.0
2.369369369369369,0.8007680467893785,3.0,0.0,2.0,"[5, 14, 17]",36.0,59.0,124.0
2.5045045045045047,0.7475313685982959,5.0,1.0,4.0,"[14, 17, 5]",19.0,57.0,141.0
2.563063063063063,0.7201593498787088,4.0,0.0,2.0,"[5, 14]",18.0,49.0,151.0
2.418918918918919,0.7845814532249201,4.0,0.0,1.0,"[14, 5]",29.0,59.0,130.0
2.436936936936937,0.6945720943106626,2.0,0.0,2.0,"[14, 5]",20.0,79.0,121.0
2.5495495495495497,0.7149184523156012,3.0,0.0,2.0,"[14, 17, 5]",20.0,51.0,148.0
2.310810810810811,0.771535619990595,0.0,1.0,2.0,"[5, 14]",42.0,69.0,111.0
2.36036036036036,0.7935576892730575,3.0,0.0,2.0,"[5, 14]",35.0,63.0,121.0
2.45945945945946,0.7027262204322279,3.0,0.0,3.0,"[17, 5, 29, 14]",18.0,75.0,126.0
2.351351351351352,0.8088721677038644,5.0,1.0,3.0,"[5, 14]",32.0,65.0,120.0
2.4414414414414414,0.7691410815596245,7.0,0.0,2.0,"[14, 32, 5, 17]",17.0,69.0,129.0
2.558558558558558,0.6751528693620931,2.0,0.0,2.0,"[5, 14, 17, 26]",17.0,58.0,145.0
2.5765765765765765,0.7496551188892895,5.0,0.0,2.0,"[14, 5]",20.0,39.0,158.0
2.418918918918919,0.7120188000865245,4.0,0.0,1.0,"[14, 5]",17.0,83.0,118.0
2.373873873873874,0.7785834348454215,2.0,0.0,2.0,"[14, 5, 29]",35.0,63.0,122.0
2.518018018018018,0.7100695521599636,2.0,1.0,2.0,"[14, 5, 17, 29]",22.0,57.0,141.0
2.490990990990991,0.7887270860114184,7.0,0.0,2.0,"[5, 14]",20.0,52.0,143.0
2.45945945945946,0.7217849140498382,2.0,1.0,3.0,"[14, 5, 26]",24.0,66.0,130.0
2.400900900900901,0.7409173103141583,1.0,1.0,2.0,"[14, 17, 5]",31.0,68.0,122.0
2.333333333333333,0.7825394712937681,4.0,0.0,2.0,"[5, 14]",31.0,74.0,113.0
2.364864864864865,0.7164705661460221,1.0,0.0,2.0,"[5, 14, 17, 26]",28.0,82.0,111.0
2.391891891891892,0.7754881848947388,2.0,0.0,1.0,"[14, 5]",34.0,61.0,125.0
2.572072072072072,0.6670894668431384,3.0,0.0,2.0,"[5, 14]",13.0,60.0,146.0
2.509009009009009,0.7102417598145958,1.0,1.0,3.0,"[5, 14]",25.0,56.0,140.0
2.373873873873874,0.801493144099386,4.0,0.0,3.0,"[14, 5, 17]",33.0,61.0,124.0
2.3783783783783785,0.7965315541869373,5.0,0.0,4.0,"[14, 5, 26]",29.0,65.0,123.0
2.400900900900901,0.7469994876027845,1.0,0.0,3.0,"[5, 14]",32.0,66.0,123.0
2.635135135135135,0.6432593262762571,3.0,0.0,3.0,"[14, 5]",11.0,50.0,158.0
2.626126126126126,0.6989600175919685,6.0,1.0,3.0,"[14, 5]",10.0,45.0,161.0
2.373873873873874,0.7785834348454213,1.0,1.0,4.0,"[14, 17, 5]",38.0,60.0,123.0
2.5675675675675675,0.7444712858223383,6.0,0.0,2.0,"[5, 14, 17]",16.0,46.0,154.0
2.418918918918919,0.6926914539747735,0.0,0.0,2.0,"[5, 14, 17]",26.0,77.0,119.0
2.490990990990991,0.7654353801500418,4.0,0.0,3.0,"[5, 17, 14]",25.0,51.0,142.0
2.400900900900901,0.7409173103141583,3.0,0.0,3.0,"[5, 14]",25.0,74.0,120.0
2.414414414414414,0.6789460619853407,1.0,1.0,3.0,"[5, 14]",21.0,85.0,115.0
2.4054054054054053,0.6909679534760135,3.0,1.0,1.0,"[5, 17, 14]",17.0,89.0,113.0
2.4324324324324325,0.7444712858223385,3.0,1.0,3.0,"[5, 14]",25.0,67.0,127.0
2.346846846846846,0.731615681795942,1.0,0.0,2.0,"[14, 5, 17]",31.0,80.0,110.0
2.4504504504504503,0.7519355264883228,5.0,0.0,1.0,"[5, 14]",20.0,67.0,130.0
2.427927927927928,0.700183708430397,2.0,0.0,2.0,"[5, 17, 14]",21.0,79.0,120.0
2.4414414414414414,0.745237484510867,2.0,0.0,3.0,"[14, 17, 5]",28.0,62.0,130.0
2.36036036036036,0.7028422297141463,2.0,1.0,2.0,"[14, 17, 5, 26]",23.0,90.0,107.0
2.3963963963963963,0.8431709088467275,11.0,1.0,3.0,"[14, 5, 17]",19.0,63.0,129.0
2.558558558558558,0.7391408083473869,6.0,0.0,2.0,"[14, 17, 5]",15.0,50.0,151.0
2.463963963963964,0.6563704936542106,0.0,0.0,1.0,"[5, 14, 17]",20.0,79.0,123.0
2.5045045045045047,0.7595411078735328,5.0,0.0,2.0,"[14, 5]",21.0,53.0,143.0
2.554054054054054,0.6821955218972142,2.0,1.0,2.0,"[17, 5, 14]",18.0,57.0,145.0
2.5855855855855854,0.6722484520843064,4.0,1.0,2.0,"[5, 14]",11.0,58.0,149.0
2.427927927927928,0.7738569057772997,2.0,0.0,3.0,"[14, 5]",33.0,55.0,132.0
2.4234234234234235,0.7850359481010099,3.0,0.0,4.0,"[5, 17, 14, 26]",32.0,55.0,132.0
2.3828828828828827,0.8305669299554026,6.0,0.0,4.0,"[14, 5]",32.0,55.0,129.0
2.5405405405405403,0.7280269472386229,6.0,1.0,3.0,"[5, 14]",13.0,58.0,145.0
2.400900900900901,0.7409173103141582,2.0,0.0,3.0,"[14, 5]",28.0,71.0,121.0
2.3378378378378377,0.8392578119635885,6.0,2.0,2.0,"[5, 14, 29, 17]",35.0,59.0,122.0
2.5315315315315314,0.7031901427276396,1.0,0.0,2.0,"[5, 14]",24.0,53.0,144.0
2.463963963963964,0.8216849252253488,9.0,1.0,2.0,"[5, 14, 17, 29]",20.0,52.0,141.0
2.4324324324324325,0.7197488453560322,2.0,0.0,2.0,"[14, 5]",24.0,72.0,124.0
2.364864864864865,0.8000168152812708,2.0,0.0,2.0,"[14, 5, 10]",39.0,57.0,124.0
2.5945945945945947,0.6974858324629156,5.0,1.0,3.0,"[5, 17, 14]",12.0,51.0,154.0
2.477477477477477,0.8221684917960586,9.0,0.0,3.0,"[14, 5]",20.0,49.0,144.0
2.4864864864864864,0.777102925506096,3.0,1.0,2.0,"[5, 14]",30.0,45.0,144.0
2.599099099099099,0.7097250114973306,4.0,0.0,2.0,"[14, 17, 5]",17.0,43.0,158.0
2.3783783783783785,0.7497094949180043,3.0,0.0,2.0,"[5, 14, 17]",27.0,75.0,117.0
2.554054054054054,0.7018119772158216,4.0,1.0,4.0,"[5, 17, 29, 14]",15.0,57.0,146.0
2.5,0.6573634434866144,0.0,0.0,4.0,"[5, 14]",20.0,71.0,131.0
2.355855855855856,0.7636758788299722,2.0,0.0,4.0,"[5, 14, 26, 17]",33.0,71.0,116.0
2.5315315315315314,0.6566033509964179,1.0,1.0,2.0,"[14, 17, 5]",17.0,67.0,137.0
2.4234234234234235,0.7616313706697138,5.0,1.0,2.0,"[14, 5, 26]",22.0,69.0,126.0
2.364864864864865,0.7770635815106525,2.0,1.0,2.0,"[5, 14]",35.0,65.0,120.0
2.481981981981982,0.6841050167057883,1.0,1.0,2.0,"[14, 5, 17]",21.0,70.0,130.0
2.5495495495495497,0.6891366326344218,3.0,0.0,2.0,"[14, 17, 5]",16.0,59.0,144.0
2.472972972972973,0.7097824465554078,0.0,1.0,2.0,"[5, 14]",28.0,61.0,133.0
2.536036036036036,0.7405871209813207,6.0,1.0,3.0,"[26, 14, 8, 5]",15.0,55.0,146.0
2.40990990990991,0.7541685007965109,5.0,1.0,3.0,"[17, 14, 5]",21.0,74.0,122.0
2.445945945945946,0.7576199675064575,2.0,0.0,4.0,"[5, 14]",30.0,57.0,133.0
2.509009009009009,0.7038420161008276,1.0,0.0,3.0,"[14, 5]",24.0,58.0,139.0
2.626126126126126,0.652071077339405,3.0,1.0,1.0,"[5, 14]",12.0,50.0,157.0
2.5675675675675675,0.6538659364386407,2.0,1.0,2.0,"[14, 5, 17]",14.0,62.0,144.0
2.3828828828828827,0.7623936909941408,2.0,0.0,2.0,"[5, 14]",32.0,67.0,121.0
2.5,0.7414672991144712,4.0,0.0,3.0,"[17, 14, 5]",21.0,57.0,140.0
2.36036036036036,0.77041203987332,2.0,0.0,1.0,"[5, 29, 14]",34.0,68.0,118.0
2.427927927927928,0.6936911789807386,1.0,0.0,1.0,"[5, 14, 17]",23.0,78.0,120.0
2.477477477477477,0.7592190181956642,2.0,1.0,3.0,"[5, 14]",30.0,50.0,140.0
2.490990990990991,0.7352839263897712,4.0,0.0,3.0,"[17, 14, 26, 5]",20.0,61.0,137.0
2.445945945945946,0.7333409303604029,1.0,0.0,5.0,"[14, 5]",29.0,62.0,130.0
2.414414414414414,0.7303190707702019,0.0,0.0,2.0,"[5, 17, 14]",32.0,66.0,124.0
2.400900900900901,0.7882617907576236,3.0,0.0,2.0,"[5, 14]",33.0,58.0,128.0
2.40990990990991,0.7045366828976389,0.0,0.0,3.0,"[14, 17, 5]",28.0,75.0,119.0
2.31981981981982,0.8569460475865301,5.0,0.0,1.0,"[5, 14]",42.0,52.0,123.0
2.373873873873874,0.7243922978709737,1.0,0.0,1.0,"[14, 17, 5]",29.0,78.0,114.0
2.5,0.747545001596402,6.0,1.0,2.0,"[5, 17, 14]",16.0,61.0,139.0
2.5855855855855854,0.6921468793520017,5.0,0.0,2.0,"[17, 14, 5]",11.0,55.0,151.0
2.4414414414414414,0.7865922225713126,4.0,0.0,3.0,"[29, 5, 14]",29.0,54.0,135.0
2.36036036036036,0.7092509948002956,1.0,1.0,3.0,"[5, 14]",27.0,85.0,109.0
2.4054054054054053,0.8654073754021939,10.0,1.0,3.0,"[5, 14]",26.0,50.0,136.0
2.4054054054054053,0.7353809414313259,2.0,0.0,2.0,"[5, 14, 29]",27.0,72.0,121.0
2.36036036036036,0.8104832678540396,2.0,0.0,4.0,"[5, 14, 17]",41.0,54.0,125.0
2.2882882882882885,0.8335432453407355,5.0,1.0,2.0,"[14, 32, 5]",39.0,65.0,113.0
2.545045045045045,0.7152177453762798,2.0,0.0,4.0,"[5, 14]",23.0,49.0,148.0
2.427927927927928,0.6936911789807386,1.0,0.0,3.0,"[17, 14, 5]",23.0,78.0,120.0
2.468468468468469,0.7648360048963956,4.0,0.0,4.0,"[14, 5]",25.0,56.0,137.0
2.63963963963964,0.6630901577731464,4.0,0.0,3.0,"[17, 14, 5]",11.0,46.0,161.0
2.472972972972973,0.7650092059832255,3.0,2.0,5.0,"[14, 5]",28.0,52.0,139.0
2.427927927927928,0.7317828190997817,3.0,0.0,2.0,"[5, 14, 17]",23.0,72.0,124.0
2.373873873873874,0.7727498892009227,3.0,0.0,3.0,"[14, 5]",31.0,68.0,120.0
2.630630630630631,0.6299885501786215,3.0,0.0,3.0,"[14, 5, 26]",9.0,55.0,155.0
2.481981981981982,0.7828129112198677,7.0,2.0,1.0,"[5, 17, 14]",19.0,56.0,140.0
2.3018018018018016,0.852940825050286,6.0,0.0,3.0,"[14, 5, 17]",39.0,59.0,118.0
2.427927927927928,0.7738569057772997,2.0,1.0,2.0,"[14, 5]",33.0,55.0,132.0
2.4504504504504503,0.7638760262677337,3.0,0.0,3.0,"[5, 14]",28.0,57.0,134.0
2.563063063063063,0.6680054634301096,2.0,0.0,3.0,"[5, 14]",16.0,59.0,145.0
2.436936936936937,0.732617933665998,1.0,1.0,2.0,"[14, 5, 17]",29.0,64.0,128.0
2.4324324324324325,0.7260083843503446,5.0,0.0,1.0,"[5, 17, 14, 29]",16.0,79.0,122.0
2.414414414414414,0.717820588740208,2.0,0.0,4.0,"[5, 14]",24.0,76.0,120.0
2.5135135135135136,0.7037696155435101,1.0,0.0,2.0,"[14, 26, 5]",24.0,57.0,140.0
2.3963963963963963,0.7702532847718906,0.0,0.0,2.0,"[14, 5]",39.0,56.0,127.0
2.445945945945946,0.7516237365922058,3.0,0.0,2.0,"[14, 5]",26.0,62.0,131.0
2.400900900900901,0.7708484478167205,2.0,0.0,3.0,"[5, 14, 26]",33.0,61.0,126.0
2.5765765765765765,0.6866476969453503,2.0,0.0,2.0,"[14, 5, 26]",19.0,50.0,151.0
2.418918918918919,0.7787928370169254,3.0,0.0,4.0,"[14, 5]",31.0,58.0,130.0
2.373873873873874,0.7054040543885619,2.0,0.0,2.0,"[5, 14]",23.0,87.0,110.0
2.3423423423423424,0.7958659644705466,4.0,1.0,2.0,"[5, 14]",33.0,68.0,117.0
2.436936936936937,0.7509183430946436,2.0,0.0,4.0,"[14, 5, 26]",29.0,61.0,130.0
2.373873873873874,0.7489614784736355,3.0,0.0,3.0,"[14, 5]",27.0,76.0,116.0
2.40990990990991,0.7235476893856938,4.0,0.0,1.0,"[5, 17, 14]",19.0,81.0,118.0
2.351351351351352,0.7325483771481711,1.0,0.0,2.0,"[14, 5]",31.0,79.0,111.0
2.603603603603604,0.696198849204747,3.0,1.0,3.0,"[5, 14]",18.0,43.0,158.0
2.45945945945946,0.7154884264572533,1.0,0.0,2.0,"[14, 5]",26.0,65.0,130.0
2.454954954954955,0.7641561446107582,2.0,2.0,3.0,"[5, 29, 17, 14]",31.0,53.0,136.0
2.4504504504504503,0.6891366326344218,2.0,0.0,2.0,"[17, 5, 14, 29]",19.0,78.0,123.0
2.3783783783783785,0.7676025325890851,3.0,1.0,2.0,"[5, 14]",30.0,69.0,120.0
2.5315315315315314,0.7284747571823903,5.0,1.0,3.0,"[14, 5]",16.0,57.0,144.0
2.418918918918919,0.7120188000865245,1.0,0.0,2.0,"[14, 17, 5]",26.0,74.0,121.0
2.3783783783783785,0.7734749005577581,3.0,0.0,3.0,"[5, 14]",31.0,67.0,121.0
2.418918918918919,0.8294373073293583,7.0,0.0,1.0,"[14, 5]",28.0,52.0,135.0
2.6486486486486487,0.6186929537470628,2.0,0.0,2.0,"[14, 5]",11.0,50.0,159.0
2.283783783783784,0.8643822412112392,6.0,1.0,2.0,"[14, 5]",42.0,57.0,117.0
2.495495495495496,0.7038854528606543,1.0,0.0,4.0,"[5, 14]",24.0,61.0,136.0
2.364864864864865,0.747381389206262,5.0,0.0,1.0,"[17, 14, 5]",21.0,84.0,112.0
2.4324324324324325,0.7260083843503446,0.0,1.0,2.0,"[14, 5]",31.0,64.0,127.0
2.400900900900901,0.8804560208293025,12.0,1.0,1.0,"[5, 14, 17]",23.0,51.0,136.0
2.283783783783784,0.7643694992080432,2.0,0.0,1.0,"[14, 17, 5]",36.0,81.0,103.0
2.4324324324324325,0.8306528166140218,8.0,0.0,2.0,"[5, 14, 17]",25.0,52.0,137.0
2.364864864864865,0.7164705661460221,1.0,0.0,3.0,"[17, 14, 5, 26]",28.0,82.0,111.0
2.445945945945946,0.7208948415896378,1.0,0.0,3.0,"[5, 14, 17]",27.0,66.0,128.0
2.4864864864864864,0.7228007976124737,2.0,0.0,2.0,"[14, 5]",24.0,60.0,136.0
2.4324324324324325,0.8085697290439354,6.0,1.0,3.0,"[14, 17, 5, 32]",27.0,54.0,135.0
2.603603603603604,0.6764196303826832,3.0,0.0,2.0,"[14, 5]",15.0,49.0,155.0
2.333333333333333,0.7940198811390319,3.0,0.0,2.0,"[14, 17, 5]",36.0,67.0,116.0
2.333333333333333,0.7767356373806175,3.0,0.0,2.0,"[14, 29, 17, 10, 5]",33.0,73.0,113.0
2.468468468468469,0.7707294519749036,3.0,0.0,2.0,"[5, 14]",29.0,51.0,139.0
2.454954954954955,0.7817185776309441,5.0,1.0,2.0,"[5, 14, 17]",25.0,56.0,136.0
2.5675675675675675,0.7006347687093278,5.0,1.0,2.0,"[14, 5]",12.0,57.0,148.0
2.355855855855856,0.8096907051164534,5.0,0.0,3.0,"[14, 5]",32.0,64.0,121.0
2.527027027027027,0.7470540569276878,3.0,0.0,3.0,"[14, 5]",25.0,46.0,148.0
2.5225225225225225,0.7592190181956643,5.0,0.0,2.0,"[5, 17, 14]",21.0,49.0,147.0
2.536036036036036,0.7344518432189718,4.0,1.0,1.0,"[14, 5]",20.0,51.0,147.0
2.5315315315315314,0.6634589168105145,1.0,0.0,4.0,"[5, 26, 14]",18.0,65.0,138.0
2.481981981981982,0.7164136672763212,1.0,0.0,1.0,"[5, 14]",26.0,60.0,135.0
2.3873873873873874,0.7203715880138372,1.0,0.0,2.0,"[17, 14, 5]",28.0,77.0,116.0
2.3828828828828827,0.7196497229750572,1.0,0.0,3.0,"[14, 17, 5]",28.0,78.0,115.0
2.477477477477477,0.6706091894768538,2.0,0.0,3.0,"[17, 14, 5]",16.0,78.0,126.0
2.445945945945946,0.7576199675064575,2.0,0.0,3.0,"[5, 14, 17]",30.0,57.0,133.0
2.4504504504504503,0.6891366326344219,1.0,1.0,2.0,"[14, 5, 29, 17]",22.0,75.0,124.0
2.418918918918919,0.7120188000865245,0.0,0.0,2.0,"[5, 14]",29.0,71.0,122.0
2.3783783783783785,0.7497094949180043,2.0,1.0,3.0,"[14, 5]",30.0,72.0,118.0
2.373873873873874,0.7958275480797726,3.0,1.0,2.0,"[5, 14, 17]",35.0,60.0,124.0
2.45945945945946,0.7761581191682771,4.0,0.0,2.0,"[17, 5, 32, 14]",27.0,54.0,137.0
2.4324324324324325,0.6469087177331314,0.0,1.0,3.0,"[14, 5, 17]",19.0,88.0,115.0
2.5855855855855854,0.6921468793520017,2.0,0.0,2.0,"[5, 14]",20.0,46.0,154.0
2.4414414414414414,0.7205413335107571,4.0,0.0,1.0,"[5, 14, 29, 17]",18.0,76.0,124.0
2.5855855855855854,0.7051005957365422,4.0,1.0,3.0,"[14, 5, 17]",16.0,48.0,154.0
2.5045045045045047,0.7535601640175105,4.0,0.0,3.0,"[14, 5]",23.0,52.0,143.0
2.346846846846846,0.7191397349183459,0.0,0.0,3.0,"[5, 14]",32.0,81.0,109.0
2.495495495495496,0.7535601640175106,4.0,0.0,3.0,"[14, 5]",23.0,54.0,141.0
2.3873873873873874,0.8091241135650448,6.0,0.0,3.0,"[5, 14, 26]",28.0,62.0,126.0
2.3783783783783785,0.7793030190808257,5.0,1.0,2.0,"[17, 14, 5]",26.0,71.0,120.0
2.418918918918919,0.8456450603277623,8.0,0.0,4.0,"[5, 14]",28.0,49.0,137.0
2.400900900900901,0.7223635784396929,2.0,0.0,2.0,"[17, 14, 5]",25.0,77.0,118.0
2.5945945945945947,0.7039433643711279,4.0,0.0,3.0,"[17, 14, 5]",16.0,46.0,156.0
2.3873873873873874,0.8202325150003087,5.0,0.0,2.0,"[14, 5, 17, 26]",33.0,55.0,129.0
2.414414414414414,0.7240967969650156,3.0,0.0,3.0,"[14, 17, 5]",22.0,77.0,120.0
2.445945945945946,0.7516237365922058,1.0,1.0,2.0,"[14, 5]",32.0,56.0,133.0
2.3873873873873874,0.7076974475764807,1.0,0.0,1.0,"[5, 17, 14, 26]",26.0,81.0,114.0
2.4504504504504503,0.7458935998114042,2.0,0.0,3.0,"[14, 5]",28.0,60.0,132.0
2.63963963963964,0.6492988601748073,3.0,0.0,3.0,"[17, 5, 14]",12.0,47.0,160.0
2.563063063063063,0.732617933665998,4.0,0.0,4.0,"[5, 14, 26]",20.0,45.0,153.0
2.36036036036036,0.8048809562386892,6.0,1.0,2.0,"[5, 29, 14]",28.0,68.0,120.0
2.364864864864865,0.794340689488541,5.0,0.0,4.0,"[5, 14]",29.0,68.0,120.0
2.518018018018018,0.765275592649835,8.0,0.0,4.0,"[5, 17, 14]",13.0,57.0,144.0
2.3963963963963963,0.7341603913096583,4.0,0.0,1.0,"[14, 5]",21.0,80.0,117.0
2.5315315315315314,0.7284747571823902,4.0,0.0,2.0,"[17, 5, 14]",19.0,54.0,145.0
2.472972972972973,0.7883135037925646,3.0,1.0,5.0,"[14, 5]",32.0,44.0,143.0
2.3423423423423424,0.8182919579375431,4.0,0.0,2.0,"[14, 5, 17]",37.0,60.0,121.0
2.4504504504504503,0.7085609498876426,3.0,1.0,1.0,"[14, 5, 17]",19.0,75.0,125.0
2.418918918918919,0.772960871734925,4.0,1.0,2.0,"[14, 5, 17, 26]",27.0,63.0,128.0
2.45945945945946,0.7877315364146276,4.0,1.0,2.0,"[14, 5, 17]",29.0,50.0,139.0
2.4054054054054053,0.7039433643711279,1.0,0.0,4.0,"[14, 17, 5]",25.0,79.0,117.0
2.5135135135135136,0.7474222956614639,3.0,0.0,2.0,"[5, 17, 14]",25.0,49.0,145.0
2.495495495495496,0.7475313685982958,5.0,0.0,1.0,"[14, 5, 26]",19.0,59.0,139.0
2.477477477477477,0.6970765955283731,1.0,0.0,2.0,"[14, 5]",23.0,67.0,131.0
2.4504504504504503,0.8098794808808483,7.0,0.0,2.0,"[5, 17, 14]",24.0,53.0,138.0
2.454954954954955,0.7088629271907744,2.0,0.0,2.0,"[5, 14]",22.0,71.0,127.0
2.391891891891892,0.8153099663323939,6.0,1.0,2.0,"[5, 14]",29.0,59.0,128.0
2.328828828828829,0.7399263002785285,1.0,0.0,3.0,"[14, 5]",33.0,80.0,108.0
2.509009009009009,0.6842837586571154,2.0,0.0,3.0,"[26, 14, 5, 17]",18.0,67.0,135.0
2.5315315315315314,0.7707294519749036,5.0,0.0,3.0,"[5, 14, 17, 26]",23.0,43.0,151.0
2.40990990990991,0.7420718159870678,3.0,0.0,3.0,"[14, 5, 26]",25.0,72.0,122.0
2.603603603603604,0.6830763428217242,3.0,0.0,2.0,"[5, 14, 26]",16.0,47.0,156.0
2.445945945945946,0.7869160590194906,4.0,2.0,3.0,"[14, 5, 29, 26]",29.0,53.0,136.0
2.554054054054054,0.6619980429197991,1.0,1.0,4.0,"[5, 14, 17]",18.0,60.0,143.0
2.355855855855856,0.7334520973645449,0.0,1.0,1.0,"[5, 17, 14]",34.0,75.0,113.0
2.5045045045045047,0.7654753218134532,5.0,2.0,1.0,"[5, 14, 17, 29]",22.0,51.0,144.0
2.5405405405405403,0.7761581191682771,8.0,0.0,3.0,"[14, 5, 17]",15.0,48.0,151.0
2.545045045045045,0.6959792396574489,2.0,2.0,2.0,"[5, 14]",20.0,55.0,145.0
2.391891891891892,0.7457432910412645,4.0,0.0,3.0,"[14, 17, 5, 26]",23.0,77.0,118.0
2.481981981981982,0.7533572759283897,3.0,0.0,3.0,"[5, 14]",26.0,54.0,139.0
2.5405405405405403,0.7027262204322279,2.0,2.0,2.0,"[14, 17, 5]",21.0,54.0,145.0
2.4414414414414414,0.7391408083473869,2.0,0.0,3.0,"[5, 14, 17]",27.0,64.0,129.0
2.536036036036036,0.7646361087380231,5.0,0.0,3.0,"[14, 5, 26, 17]",22.0,44.0,151.0
2.563063063063063,0.7138485241716679,2.0,0.0,3.0,"[14, 5, 8]",23.0,45.0,152.0
2.4234234234234235,0.666585132187469,0.0,0.0,2.0,"[14, 17, 5]",22.0,84.0,116.0
2.369369369369369,0.7481854722981269,5.0,0.0,1.0,"[5, 14, 17]",21.0,83.0,113.0
2.3963963963963963,0.7524232860796634,3.0,0.0,2.0,"[17, 5, 14]",27.0,71.0,121.0
2.328828828828829,0.8265818387665632,4.0,1.0,2.0,"[14, 5]",39.0,59.0,120.0
2.3828828828828827,0.7259101167043567,1.0,1.0,2.0,"[14, 5, 17]",29.0,76.0,116.0
2.5,0.7713770961302838,3.0,0.0,2.0,"[14, 5, 29]",29.0,44.0,146.0
2.2927927927927927,0.7668719694345218,2.0,0.0,1.0,"[5, 14, 17]",36.0,79.0,105.0
2.418918918918919,0.7491791602885058,1.0,0.0,3.0,"[5, 14]",32.0,62.0,127.0
2.40990990990991,0.7420718159870678,1.0,1.0,2.0,"[14, 5]",31.0,66.0,124.0
2.608108108108108,0.6757111400745431,3.0,1.0,4.0,"[14, 5, 29]",15.0,48.0,156.0
2.5765765765765765,0.6597620515744517,2.0,2.0,2.0,"[5, 14]",15.0,58.0,147.0
2.373873873873874,0.8507874140108231,9.0,0.0,3.0,"[5, 14]",27.0,58.0,128.0
2.527027027027027,0.7767487578042191,8.0,0.0,2.0,"[14, 5, 17]",15.0,51.0,148.0
2.328828828828829,0.775750973172324,1.0,0.0,1.0,"[17, 14, 5]",39.0,68.0,114.0
2.414414414414414,0.8505358275813132,9.0,1.0,2.0,"[14, 5]",26.0,51.0,136.0
2.2117117117117115,0.8694137764631086,3.0,0.0,3.0,"[14, 5, 17]",56.0,54.0,109.0
2.2882882882882885,0.7773651679208455,1.0,0.0,2.0,"[5, 14, 29]",41.0,73.0,107.0
2.4414414414414414,0.7267940472053389,2.0,0.0,3.0,"[5, 14, 17]",25.0,68.0,127.0
2.463963963963964,0.7282648805565796,6.0,1.0,1.0,"[5, 17, 26, 14]",13.0,75.0,128.0
2.4234234234234235,0.6866476969453503,0.0,0.0,1.0,"[14, 5, 17]",25.0,78.0,119.0
2.369369369369369,0.8285398804747766,7.0,0.0,2.0,"[14, 5, 29]",29.0,61.0,125.0
2.2972972972972974,0.8518767632772165,7.0,1.0,2.0,"[5, 14, 29]",36.0,63.0,116.0
2.40990990990991,0.7235476893856938,1.0,0.0,1.0,"[5, 17, 14]",28.0,72.0,121.0
2.463963963963964,0.734451843218972,3.0,0.0,4.0,"[14, 5]",23.0,64.0,132.0
2.391891891891892,0.6889739416931173,1.0,1.0,1.0,"[14, 5, 17]",23.0,86.0,112.0
2.333333333333333,0.7348263972446016,2.0,0.0,2.0,"[5, 14, 17]",29.0,84.0,107.0
2.373873873873874,0.7243922978709737,1.0,1.0,2.0,"[5, 17, 14]",29.0,78.0,114.0
2.4054054054054053,0.8442338718494355,9.0,0.0,2.0,"[17, 5, 14]",25.0,55.0,133.0
2.418918918918919,0.7370005879911349,4.0,0.0,4.0,"[5, 14]",21.0,75.0,122.0
2.400900900900901,0.7469994876027847,2.0,0.0,2.0,"[5, 14]",29.0,69.0,122.0
2.355855855855856,0.8040828714730361,3.0,0.0,5.0,"[14, 5, 17]",37.0,60.0,122.0
2.391891891891892,0.8041335670705564,4.0,2.0,3.0,"[14, 17, 5, 26]",33.0,57.0,128.0
2.4234234234234235,0.7313230996009538,2.0,0.0,4.0,"[5, 17, 14]",26.0,70.0,124.0
2.369369369369369,0.7542090391354558,5.0,1.0,1.0,"[14, 5, 17, 26]",22.0,81.0,114.0
2.5315315315315314,0.7648360048963956,6.0,0.0,3.0,"[14, 5]",19.0,48.0,149.0
2.612612612612613,0.6545513633482224,4.0,1.0,3.0,"[14, 5, 17]",9.0,56.0,153.0
2.351351351351352,0.7919121557464439,4.0,0.0,3.0,"[5, 14]",32.0,68.0,118.0
2.481981981981982,0.8277646066471878,9.0,0.0,2.0,"[14, 5]",21.0,46.0,146.0
2.40990990990991,0.7481446075712909,5.0,1.0,2.0,"[5, 17, 14]",20.0,76.0,121.0
2.355855855855856,0.7334520973645449,1.0,0.0,1.0,"[5, 17, 14]",31.0,78.0,112.0
2.4234234234234235,0.7964803747250547,4.0,0.0,3.0,"[14, 5]",31.0,54.0,133.0
2.369369369369369,0.7950972839868214,3.0,0.0,3.0,"[5, 14]",35.0,61.0,123.0
2.391891891891892,0.7457432910412645,1.0,0.0,3.0,"[5, 14, 17]",32.0,68.0,121.0
2.4504504504504503,0.6623520237880198,0.0,0.0,2.0,"[5, 14]",21.0,80.0,121.0
2.351351351351352,0.8309472177633023,6.0,1.0,2.0,"[5, 14, 26]",33.0,60.0,123.0
2.545045045045045,0.7024506216025558,1.0,0.0,3.0,"[5, 14]",24.0,50.0,147.0
2.364864864864865,0.7534113847610335,4.0,0.0,2.0,"[14, 5, 17]",25.0,79.0,114.0
2.418918918918919,0.7056351733870684,0.0,0.0,3.0,"[17, 5, 14]",28.0,73.0,121.0
2.3783783783783785,0.8078131370105157,5.0,0.0,2.0,"[5, 14, 17]",31.0,61.0,125.0
2.509009009009009,0.7535195907699591,7.0,0.0,2.0,"[14, 5, 8, 17]",14.0,60.0,141.0
2.40990990990991,0.7045366828976389,1.0,0.0,3.0,"[5, 17, 14]",25.0,78.0,118.0
2.45945945945946,0.7342159148787533,2.0,0.0,4.0,"[5, 8, 17, 14]",26.0,62.0,132.0
2.369369369369369,0.7421130151144874,3.0,0.0,2.0,"[17, 14, 5, 29]",26.0,79.0,114.0
2.36036036036036,0.7645161459551485,2.0,0.0,3.0,"[5, 14]",33.0,70.0,117.0
2.369369369369369,0.7359904574426622,1.0,1.0,2.0,"[5, 17, 14, 29]",31.0,75.0,115.0
2.4504504504504503,0.6956716698230325,0.0,1.0,3.0,"[5, 14]",26.0,70.0,126.0
2.45945945945946,0.7644094965655027,2.0,0.0,1.0,"[14, 5]",31.0,52.0,137.0
2.477477477477477,0.7651557301266484,4.0,1.0,3.0,"[14, 5]",25.0,54.0,139.0
2.4414414414414414,0.7923238595204195,6.0,0.0,3.0,"[14, 5]",24.0,58.0,134.0
2.612612612612613,0.674971709427873,3.0,1.0,3.0,"[14, 5]",15.0,47.0,157.0
2.4324324324324325,0.750524662599186,2.0,0.0,3.0,"[5, 14]",29.0,62.0,129.0
2.4234234234234235,0.7616313706697138,2.0,0.0,4.0,"[5, 14, 17]",31.0,60.0,129.0
2.4504504504504503,0.7085609498876426,2.0,0.0,1.0,"[14, 5, 17]",22.0,72.0,126.0
2.36036036036036,0.8379331693217803,5.0,0.0,3.0,"[5, 14, 17]",37.0,53.0,127.0
2.495495495495496,0.677684023514074,2.0,0.0,2.0,"[14, 5]",17.0,72.0,131.0
2.545045045045045,0.6694684510949985,2.0,0.0,2.0,"[14, 5]",16.0,63.0,141.0
2.5945945945945947,0.6909679534760135,2.0,1.0,2.0,"[5, 14, 26]",20.0,44.0,156.0
2.364864864864865,0.7227584976389122,3.0,0.0,2.0,"[14, 5, 17]",23.0,86.0,110.0
2.621621621621621,0.6459628059568998,3.0,0.0,4.0,"[14, 5, 17]",11.0,53.0,155.0
2.4864864864864864,0.70376961554351,1.0,0.0,5.0,"[5, 14]",24.0,63.0,134.0
2.400900900900901,0.7469994876027847,3.0,1.0,2.0,"[5, 14]",26.0,72.0,121.0
2.536036036036036,0.7466719879030266,6.0,0.0,2.0,"[14, 26, 5]",16.0,53.0,147.0
2.518018018018018,0.7412473525638603,5.0,0.0,2.0,"[5, 14, 32]",18.0,56.0,143.0
2.40990990990991,0.7719581911351321,4.0,0.0,1.0,"[5, 14, 26, 17]",27.0,65.0,126.0
2.545045045045045,0.7400915607705263,2.0,1.0,3.0,"[14, 5]",27.0,41.0,152.0
2.4414414414414414,0.8148473436098064,5.0,0.0,2.0,"[17, 14, 5, 26]",31.0,47.0,139.0
2.351351351351352,0.7200885899325907,2.0,0.0,1.0,"[5, 17, 29, 14]",26.0,86.0,108.0
2.558558558558558,0.7014488520416096,2.0,0.0,2.0,"[14, 17, 5]",21.0,50.0,149.0
2.5045045045045047,0.8169457950845421,10.0,1.0,3.0,"[14, 5]",16.0,48.0,148.0
2.509009009009009,0.7654353801500418,5.0,1.0,3.0,"[5, 14, 17]",22.0,50.0,145.0
2.346846846846846,0.9032189614235744,12.0,0.0,3.0,"[5, 14, 26]",29.0,51.0,130.0
2.495495495495496,0.6641958206846169,1.0,0.0,2.0,"[14, 5]",18.0,73.0,130.0
2.3783783783783785,0.7497094949180043,1.0,1.0,1.0,"[5, 17, 14]",33.0,69.0,119.0
2.36036036036036,0.740463262021479,1.0,1.0,2.0,"[14, 5]",32.0,75.0,114.0
2.477477477477477,0.7099403690062563,2.0,1.0,2.0,"[5, 14]",22.0,66.0,132.0
2.346846846846846,0.8080275766787112,3.0,1.0,2.0,"[14, 17, 5]",38.0,60.0,121.0
2.477477477477477,0.7035378836914778,3.0,0.0,3.0,"[14, 17, 5]",18.0,71.0,130.0
2.3783783783783785,0.7497094949180043,1.0,0.0,5.0,"[5, 17, 14]",33.0,69.0,119.0
2.4414414414414414,0.7142338829415783,1.0,0.0,3.0,"[5, 14, 17]",26.0,69.0,126.0
2.554054054054054,0.7516237365922058,7.0,1.0,2.0,"[5, 14]",14.0,50.0,151.0
2.40990990990991,0.7297746450590296,1.0,0.0,2.0,"[14, 17, 5]",29.0,70.0,122.0
2.436936936936937,0.7804660317876015,4.0,1.0,2.0,"[5, 17, 14]",28.0,57.0,133.0
2.558558558558558,0.6818219494585986,1.0,0.0,3.0,"[14, 5, 26]",21.0,53.0,147.0
2.3873873873873874,0.7076974475764807,1.0,0.0,1.0,"[14, 5, 26]",26.0,81.0,114.0
2.4324324324324325,0.7444712858223385,3.0,0.0,3.0,"[14, 5, 17]",25.0,67.0,127.0
2.5855855855855854,0.7051005957365422,2.0,1.0,3.0,"[5, 14]",22.0,42.0,156.0
2.418918918918919,0.772960871734925,5.0,0.0,1.0,"[14, 5, 17, 26]",24.0,66.0,127.0
2.436936936936937,0.7264153515540407,1.0,0.0,3.0,"[5, 14, 26]",28.0,66.0,127.0
2.671171171171171,0.6416730659058625,4.0,0.0,2.0,"[5, 14]",9.0,43.0,166.0
2.3423423423423424,0.7786227020423082,4.0,0.0,2.0,"[14, 5, 17]",30.0,74.0,114.0
2.4504504504504503,0.8098794808808483,6.0,0.0,3.0,"[17, 14, 5]",27.0,50.0,139.0
2.536036036036036,0.7466719879030266,4.0,0.0,2.0,"[14, 17, 5, 32]",22.0,47.0,149.0
2.3378378378378377,0.8605537577423822,8.0,1.0,1.0,"[17, 5, 14]",33.0,57.0,124.0
2.40990990990991,0.7109301732969731,2.0,0.0,2.0,"[5, 26, 17, 14]",23.0,79.0,118.0
2.5225225225225225,0.7225751691388597,1.0,1.0,3.0,"[14, 5, 17]",27.0,49.0,145.0
2.346846846846846,0.731615681795942,2.0,1.0,1.0,"[14, 5, 17]",28.0,83.0,109.0
2.4504504504504503,0.7458935998114041,2.0,0.0,4.0,"[14, 5]",28.0,60.0,132.0
2.468468468468469,0.7823831770001496,3.0,1.0,4.0,"[5, 26, 14]",31.0,47.0,141.0
2.4324324324324325,0.7006347687093277,1.0,0.0,3.0,"[17, 5, 14]",24.0,75.0,122.0
2.328828828828829,0.7337854973275331,1.0,0.0,3.0,"[17, 5, 14]",32.0,82.0,107.0
2.536036036036036,0.7879514412758253,6.0,0.0,4.0,"[14, 5]",23.0,39.0,154.0
2.3378378378378377,0.8174072301608823,4.0,0.0,2.0,"[14, 5, 17]",37.0,61.0,120.0
2.608108108108108,0.634260910262411,1.0,0.0,3.0,"[5, 17, 14]",15.0,54.0,152.0
2.4414414414414414,0.707870232306846,1.0,0.0,3.0,"[17, 14, 5, 29]",25.0,71.0,125.0
2.315315315315315,0.8070053236714508,4.0,1.0,2.0,"[14, 5, 17]",36.0,68.0,114.0
2.5,0.7595545253127499,7.0,1.0,3.0,"[5, 14, 17]",15.0,60.0,140.0
2.5405405405405403,0.7524774620732592,4.0,1.0,3.0,"[5, 14]",23.0,44.0,151.0
2.5225225225225225,0.7472041020221156,4.0,0.0,3.0,"[14, 5]",22.0,50.0,146.0
2.36036036036036,0.7281389255438672,0.0,0.0,4.0,"[5, 14]",33.0,76.0,113.0
2.5,0.7102991530882098,1.0,1.0,2.0,"[5, 14, 17]",25.0,58.0,138.0
2.3828828828828827,0.7799958085365829,3.0,0.0,3.0,"[17, 14, 29, 5]",32.0,64.0,123.0
2.3828828828828827,0.7564353021323194,2.0,1.0,3.0,"[5, 14]",31.0,69.0,120.0
2.5495495495495497,0.7085609498876426,5.0,0.0,5.0,"[5, 14, 26]",13.0,59.0,145.0
2.3378378378378377,0.8229242697083018,2.0,0.0,2.0,"[5, 14, 17]",44.0,53.0,123.0
2.400900900900901,0.7160721791136297,3.0,1.0,2.0,"[14, 5]",21.0,82.0,116.0
2.481981981981982,0.7828129112198678,5.0,0.0,2.0,"[5, 14, 17]",25.0,50.0,142.0
2.400900900900901,0.7825004006470281,4.0,1.0,2.0,"[14, 17, 5]",29.0,63.0,126.0
2.603603603603604,0.7154314494771545,5.0,0.0,2.0,"[14, 5]",15.0,43.0,159.0
2.518018018018018,0.7289362730524662,3.0,1.0,4.0,"[14, 5, 17]",22.0,54.0,143.0
2.3828828828828827,0.8028652168061973,5.0,1.0,3.0,"[5, 14]",30.0,62.0,125.0
2.328828828828829,0.775750973172324,1.0,0.0,1.0,"[5, 17, 14]",39.0,68.0,114.0
2.400900900900901,0.7469994876027846,2.0,0.0,2.0,"[5, 14, 17, 29]",29.0,69.0,122.0
2.445945945945946,0.7145905113244179,1.0,0.0,4.0,"[5, 14, 17, 29, 26]",26.0,68.0,127.0
2.328828828828829,0.8374587056625687,3.0,0.0,2.0,"[17, 14, 5, 26]",44.0,52.0,123.0
2.400900900900901,0.7097250114973306,1.0,0.0,4.0,"[5, 17, 14, 29]",26.0,78.0,117.0
2.4324324324324325,0.7444712858223385,2.0,0.0,4.0,"[14, 5, 10]",28.0,64.0,128.0
2.545045045045045,0.7582116060775659,5.0,1.0,2.0,"[5, 14]",21.0,44.0,152.0
2.414414414414414,0.7898504179192489,2.0,1.0,2.0,"[5, 29, 14]",36.0,52.0,132.0
2.364864864864865,0.8000168152812708,7.0,0.0,1.0,"[14, 5, 17]",24.0,72.0,119.0
2.315315315315315,0.8125929892570567,4.0,1.0,1.0,"[5, 14]",37.0,66.0,115.0
2.5,0.7229276826828118,4.0,0.0,2.0,"[17, 14, 5, 29]",18.0,63.0,137.0
2.4054054054054053,0.7166838966751345,0.0,0.0,3.0,"[5, 14]",30.0,72.0,120.0
2.427927927927928,0.6805203187887743,0.0,0.0,4.0,"[14, 17, 5, 26]",24.0,79.0,119.0
2.5675675675675675,0.7260083843503444,3.0,0.0,2.0,"[14, 5, 8]",22.0,43.0,154.0
2.3828828828828827,0.8195986076270692,7.0,0.0,1.0,"[14, 5, 17]",27.0,62.0,126.0
2.3873873873873874,0.8091241135650447,5.0,1.0,2.0,"[14, 5]",31.0,59.0,127.0
2.391891891891892,0.7927996254907698,2.0,0.0,3.0,"[14, 5, 26]",37.0,55.0,128.0
2.454954954954955,0.733952140516054,1.0,0.0,4.0,"[14, 17, 5]",29.0,60.0,132.0
2.418918918918919,0.7246173605344868,2.0,0.0,2.0,"[14, 5]",25.0,73.0,122.0
2.418918918918919,0.7611629009101161,2.0,0.0,3.0,"[5, 14]",31.0,61.0,128.0
2.3963963963963963,0.8485204507146972,5.0,0.0,1.0,"[14, 5]",38.0,43.0,136.0
2.463963963963964,0.7093803034939163,3.0,0.0,1.0,"[14, 5, 17]",19.0,72.0,128.0
2.472972972972973,0.7883135037925646,7.0,0.0,3.0,"[14, 5]",20.0,56.0,139.0
2.3828828828828827,0.7382716607354267,1.0,1.0,2.0,"[14, 5]",31.0,72.0,118.0
2.509009009009009,0.7038420161008277,1.0,0.0,3.0,"[5, 14]",24.0,58.0,139.0
2.414414414414414,0.8505358275813131,10.0,1.0,3.0,"[5, 14, 17, 29]",23.0,54.0,135.0
2.5,0.7291599331729606,3.0,1.0,4.0,"[14, 5, 17]",22.0,58.0,139.0
2.3873873873873874,0.8366186107962815,5.0,0.0,2.0,"[5, 14]",36.0,49.0,132.0
2.4054054054054053,0.7475858990990503,3.0,0.0,2.0,"[14, 5, 17]",26.0,71.0,122.0
2.351351351351352,0.7687169618242827,3.0,1.0,2.0,"[5, 14]",31.0,73.0,115.0
2.414414414414414,0.7665928434733705,2.0,0.0,1.0,"[17, 32, 5, 14]",32.0,60.0,128.0
2.400900900900901,0.6837473926255673,1.0,1.0,3.0,"[14, 17, 5]",22.0,86.0,113.0
2.3963963963963963,0.7524232860796634,2.0,0.0,2.0,"[5, 14]",30.0,68.0,122.0
2.527027027027027,0.7825524944091954,7.0,1.0,3.0,"[5, 17, 14]",19.0,46.0,150.0
2.4414414414414414,0.7572836033028821,6.0,0.0,2.0,"[14, 5, 17]",18.0,70.0,128.0
2.3423423423423424,0.8071568502552311,2.0,0.0,3.0,"[17, 5, 14]",41.0,58.0,121.0
2.4324324324324325,0.7683987183985868,2.0,0.0,2.0,"[17, 5, 14, 26]",32.0,56.0,132.0
2.3963963963963963,0.7990863479500622,5.0,1.0,2.0,"[14, 5, 17]",29.0,61.0,127.0
2.3963963963963963,0.7702532847718907,1.0,0.0,3.0,"[5, 14]",36.0,59.0,126.0
2.4324324324324325,0.750524662599186,2.0,0.0,2.0,"[5, 14, 17]",29.0,62.0,129.0
2.4504504504504503,0.7149184523156012,1.0,1.0,2.0,"[14, 17, 5]",26.0,67.0,128.0
2.4054054054054053,0.6843880032373261,1.0,0.0,2.0,"[5, 17, 14]",22.0,85.0,114.0
2.315315315315315,0.8399739489817525,5.0,0.0,3.0,"[5, 17, 14]",39.0,59.0,119.0
2.5225225225225225,0.7288104340716506,3.0,0.0,3.0,"[5, 14, 17, 29]",22.0,53.0,144.0
2.414414414414414,0.7665928434733706,3.0,0.0,3.0,"[14, 5, 17]",29.0,63.0,127.0
2.391891891891892,0.8690385945155085,7.0,0.0,2.0,"[14, 5, 17, 29]",36.0,42.0,137.0
2.40990990990991,0.8285029791239052,7.0,1.0,2.0,"[5, 14]",28.0,54.0,133.0
2.481981981981982,0.7351175851027343,3.0,1.0,2.0,"[14, 5]",23.0,60.0,136.0
2.400900900900901,0.7469994876027847,0.0,0.0,1.0,"[14, 5, 17]",35.0,63.0,124.0
2.445945945945946,0.7208948415896379,1.0,2.0,3.0,"[5, 14]",27.0,66.0,128.0
2.391891891891892,0.7084027199263985,0.0,0.0,3.0,"[14, 5, 17]",29.0,77.0,116.0
2.414414414414414,0.7546953293570031,3.0,0.0,1.0,"[5, 14, 17]",27.0,67.0,125.0
2.4054054054054053,0.7475858990990502,1.0,1.0,2.0,"[17, 14, 5]",32.0,65.0,124.0
2.418918918918919,0.7845814532249201,3.0,1.0,3.0,"[5, 14]",32.0,56.0,131.0
2.369369369369369,0.823060483671462,5.0,0.0,1.0,"[14, 5, 17, 26]",34.0,57.0,126.0
2.490990990990991,0.7414123185939215,3.0,0.0,2.0,"[5, 14, 26]",24.0,56.0,139.0
2.3873873873873874,0.7689820640709552,2.0,1.0,4.0,"[5, 14]",33.0,64.0,123.0
2.445945945945946,0.8261872065291008,9.0,0.0,3.0,"[5, 14, 8]",21.0,54.0,138.0
2.5,0.7291599331729606,3.0,1.0,2.0,"[5, 17, 14]",22.0,58.0,139.0
2.364864864864865,0.7653288588566683,2.0,0.0,1.0,"[5, 14, 26]",33.0,69.0,118.0
2.495495495495496,0.7475313685982959,2.0,0.0,4.0,"[14, 17, 26, 5]",28.0,50.0,142.0
2.414414414414414,0.8289825685602834,6.0,1.0,1.0,"[5, 14, 26]",31.0,50.0,135.0
2.436936936936937,0.701056465593718,2.0,0.0,2.0,"[14, 5, 26, 17]",21.0,77.0,122.0
2.495495495495496,0.7038854528606544,0.0,0.0,3.0,"[14, 17, 5, 29]",27.0,58.0,137.0
2.4414414414414414,0.7329934248059613,1.0,0.0,3.0,"[5, 14, 17]",29.0,63.0,129.0
2.3423423423423424,0.812743474086136,2.0,0.0,3.0,"[5, 14]",42.0,56.0,122.0
2.373873873873874,0.7843735964266968,5.0,0.0,1.0,"[5, 14]",27.0,70.0,120.0
2.40990990990991,0.7359489155686613,0.0,0.0,2.0,"[5, 17, 14]",33.0,65.0,124.0
2.3963963963963963,0.7026682086089211,0.0,1.0,2.0,"[5, 14, 17]",28.0,78.0,116.0
2.5495495495495497,0.7149184523156011,3.0,1.0,3.0,"[14, 5, 17]",20.0,51.0,148.0
2.4414414414414414,0.7808185133909296,2.0,0.0,5.0,"[17, 5, 14]",34.0,50.0,136.0
2.5495495495495497,0.6485450299746144,2.0,0.0,3.0,"[5, 14]",13.0,68.0,139.0
2.3378378378378377,0.8062599037580708,6.0,0.0,2.0,"[5, 14]",29.0,71.0,116.0
2.369369369369369,0.6981284343963671,0.0,0.0,2.0,"[14, 5]",28.0,84.0,110.0
2.346846846846846,0.9032189614235744,11.0,2.0,3.0,"[5, 14, 17, 29]",32.0,48.0,131.0
2.626126126126126,0.6450945017180941,3.0,0.0,2.0,"[5, 14, 26]",11.0,52.0,156.0
2.527027027027027,0.7650092059832256,7.0,0.0,2.0,"[14, 5, 17]",16.0,52.0,147.0
2.40990990990991,0.7777976746020017,4.0,0.0,3.0,"[14, 5]",28.0,63.0,127.0
2.4324324324324325,0.7742650477661036,3.0,0.0,1.0,"[5, 14]",30.0,57.0,132.0
2.5225225225225225,0.716285628293906,3.0,0.0,1.0,"[5, 17, 14]",20.0,57.0,142.0
2.427927927927928,0.7738569057772997,3.0,0.0,3.0,"[5, 14]",30.0,58.0,131.0
2.369369369369369,0.8063989326099907,4.0,1.0,3.0,"[5, 14, 26, 17]",34.0,60.0,124.0
2.414414414414414,0.7898504179192489,2.0,0.0,2.0,"[14, 5]",36.0,52.0,132.0
2.5225225225225225,0.6905548539238364,3.0,2.0,1.0,"[5, 14, 17]",16.0,65.0,138.0
2.490990990990991,0.7771684944056542,3.0,0.0,2.0,"[5, 14]",30.0,44.0,145.0
2.463963963963964,0.6563704936542105,0.0,0.0,2.0,"[14, 5, 17]",20.0,79.0,123.0
2.5405405405405403,0.7027262204322279,2.0,0.0,3.0,"[14, 5]",21.0,54.0,145.0
2.4504504504504503,0.7336604900962727,2.0,0.0,3.0,"[14, 5, 17]",26.0,64.0,130.0
2.427927927927928,0.7255730980224996,2.0,0.0,3.0,"[14, 5]",25.0,71.0,124.0
2.4054054054054053,0.7415085318295935,2.0,0.0,3.0,"[5, 14, 17]",28.0,70.0,122.0
2.3963963963963963,0.7090785465273409,1.0,0.0,3.0,"[26, 17, 5, 14]",26.0,79.0,116.0
2.509009009009009,0.7829691197310448,5.0,0.0,2.0,"[5, 32, 14, 29]",25.0,44.0,148.0
2.4234234234234235,0.7792507080877087,2.0,1.0,2.0,"[14, 5, 17, 26]",34.0,54.0,132.0
2.5,0.7038999311849462,1.0,0.0,3.0,"[14, 5]",24.0,60.0,137.0
2.3423423423423424,0.7727894528136424,2.0,0.0,1.0,"[14, 5]",35.0,70.0,115.0
2.490990990990991,0.7291040245750275,5.0,0.0,2.0,"[5, 14, 17, 32]",16.0,66.0,135.0
2.4324324324324325,0.7383682832153002,1.0,0.0,3.0,"[14, 5]",30.0,63.0,128.0
2.4504504504504503,0.721219915987482,4.0,0.0,4.0,"[5, 14]",18.0,74.0,126.0
2.3783783783783785,0.7497094949180043,4.0,0.0,1.0,"[5, 14, 17]",24.0,78.0,116.0
2.481981981981982,0.7100695521599636,2.0,0.0,4.0,"[5, 14, 32]",22.0,65.0,133.0
2.5405405405405403,0.7027262204322279,4.0,1.0,3.0,"[14, 5]",15.0,60.0,143.0
2.3828828828828827,0.7741729054797652,2.0,1.0,3.0,"[5, 17, 14]",34.0,63.0,123.0
2.4504504504504503,0.8154474522049159,7.0,0.0,2.0,"[14, 5]",25.0,51.0,139.0
2.4234234234234235,0.8407015982900309,7.0,0.0,2.0,"[5, 8, 17, 14]",30.0,47.0,138.0
2.4414414414414414,0.7329934248059614,2.0,1.0,3.0,"[5, 14]",26.0,66.0,128.0
2.427927927927928,0.7193097711127742,1.0,0.0,2.0,"[14, 17, 5, 26]",27.0,70.0,124.0
2.391891891891892,0.7984867061723451,5.0,0.0,3.0,"[5, 14]",29.0,62.0,126.0
2.468468468468469,0.7823831770001497,8.0,0.0,2.0,"[17, 5, 32, 14]",16.0,62.0,136.0
2.3873873873873874,0.8035123256035114,4.0,1.0,2.0,"[5, 14]",33.0,58.0,127.0
2.427927927927928,0.7317828190997817,1.0,0.0,3.0,"[14, 17, 5]",29.0,66.0,126.0
2.454954954954955,0.7759086034177545,5.0,1.0,3.0,"[5, 17, 14]",24.0,58.0,135.0
2.536036036036036,0.689979053101,2.0,0.0,2.0,"[5, 14, 17]",19.0,59.0,142.0
2.436936936936937,0.7569201620723688,3.0,1.0,3.0,"[14, 5, 17]",27.0,62.0,130.0
2.4504504504504503,0.8042729634870093,7.0,0.0,2.0,"[14, 17, 5]",23.0,55.0,137.0
2.40990990990991,0.8119531175814388,5.0,2.0,3.0,"[5, 17, 14]",31.0,54.0,132.0
2.328828828828829,0.7930566774479464,4.0,0.0,2.0,"[14, 5, 17]",33.0,71.0,114.0
2.463963963963964,0.7282648805565796,1.0,0.0,4.0,"[14, 5, 17]",28.0,60.0,133.0
2.3423423423423424,0.749002298632911,2.0,0.0,2.0,"[5, 17, 26, 14]",31.0,78.0,111.0
2.4324324324324325,0.6941464581547018,1.0,0.0,1.0,"[5, 14]",23.0,77.0,121.0
2.414414414414414,0.7955585814023177,4.0,0.0,2.0,"[14, 5]",31.0,56.0,131.0
2.351351351351352,0.7628079664245121,2.0,1.0,2.0,"[5, 17, 29, 14]",33.0,72.0,115.0
2.3378378378378377,0.8552794842674987,7.0,0.0,3.0,"[5, 14]",35.0,56.0,124.0
2.355855855855856,0.7695782102310241,3.0,0.0,1.0,"[14, 17, 5]",31.0,72.0,116.0
2.256756756756757,0.8026113062315975,5.0,1.0,1.0,"[14, 5, 17]",35.0,80.0,102.0
2.481981981981982,0.7770111197511066,5.0,0.0,1.0,"[5, 14]",24.0,52.0,141.0
2.4324324324324325,0.7197488453560322,5.0,0.0,2.0,"[5, 14, 17]",15.0,81.0,121.0
2.3873873873873874,0.7511218899724985,2.0,0.0,3.0,"[14, 5, 17]",30.0,70.0,120.0
2.5855855855855854,0.6789460619853407,3.0,1.0,1.0,"[5, 14]",15.0,53.0,151.0
2.518018018018018,0.7351175851027343,2.0,1.0,2.0,"[5, 14]",26.0,49.0,145.0
2.3783783783783785,0.790830413590551,4.0,0.0,3.0,"[14, 5, 17, 26]",31.0,64.0,123.0
2.463963963963964,0.7405871209813207,1.0,0.0,3.0,"[5, 14, 17]",30.0,56.0,135.0
2.563063063063063,0.7387684417222306,4.0,1.0,2.0,"[14, 5]",21.0,43.0,154.0
2.414414414414414,0.6722484520843064,1.0,0.0,1.0,"[14, 5]",20.0,87.0,114.0
2.3783783783783785,0.7793030190808257,1.0,0.0,4.0,"[14, 5, 29, 17]",38.0,59.0,124.0
2.3828828828828827,0.7133343886442183,1.0,1.0,2.0,"[5, 14]",27.0,80.0,114.0
2.671171171171171,0.6274111698063058,4.0,0.0,3.0,"[5, 14]",7.0,47.0,164.0
2.612612612612613,0.6545513633482224,4.0,0.0,3.0,"[17, 14, 5]",9.0,56.0,153.0
2.3423423423423424,0.8292775626631712,5.0,0.0,2.0,"[14, 26, 5]",36.0,59.0,122.0
2.490990990990991,0.6973835457431024,1.0,0.0,6.0,"[17, 5, 14]",23.0,64.0,134.0
2.3828828828828827,0.8413922822600971,7.0,0.0,3.0,"[5, 14, 8]",31.0,54.0,130.0
2.414414414414414,0.8179930020883386,5.0,0.0,3.0,"[5, 14]",32.0,51.0,134.0
2.454954954954955,0.8483402735230833,9.0,0.0,3.0,"[14, 5]",25.0,44.0,144.0
2.40990990990991,0.8063610180276339,4.0,1.0,2.0,"[14, 17, 5]",33.0,53.0,132.0
2.445945945945946,0.6821955218972142,0.0,0.0,2.0,"[5, 14, 26]",24.0,75.0,123.0
2.4414414414414414,0.7391408083473869,1.0,0.0,3.0,"[14, 5, 17]",30.0,61.0,130.0
2.436936936936937,0.7264153515540407,1.0,0.0,4.0,"[14, 5, 17]",28.0,66.0,127.0
2.509009009009009,0.7102417598145957,1.0,0.0,2.0,"[5, 14]",25.0,56.0,140.0
2.351351351351352,0.732548377148171,1.0,1.0,3.0,"[17, 14, 5]",31.0,79.0,111.0
2.436936936936937,0.6880266131767316,0.0,0.0,2.0,"[5, 17, 14]",25.0,75.0,122.0
2.5,0.7166412356496688,2.0,1.0,2.0,"[14, 5]",23.0,59.0,138.0
2.391891891891892,0.7927996254907699,3.0,1.0,3.0,"[5, 14, 26, 17]",34.0,58.0,127.0
2.414414414414414,0.7114890187934616,1.0,1.0,3.0,"[5, 14, 17]",26.0,75.0,120.0
2.59009009009009,0.6783604075458589,2.0,0.0,2.0,"[14, 5, 17]",18.0,49.0,153.0
2.400900900900901,0.7882617907576236,1.0,1.0,3.0,"[5, 17, 29, 14]",39.0,52.0,130.0
2.45945945945946,0.702726220432228,4.0,1.0,1.0,"[5, 17, 14]",15.0,78.0,125.0
2.490990990990991,0.6776389072406139,1.0,0.0,3.0,"[14, 5]",20.0,70.0,131.0
2.328828828828829,0.7698959661033118,1.0,0.0,2.0,"[5, 14, 17]",38.0,70.0,113.0
2.563063063063063,0.7138485241716679,3.0,1.0,3.0,"[5, 14, 17]",20.0,48.0,151.0
2.4324324324324325,0.7800872630340163,3.0,1.0,2.0,"[14, 5, 29]",31.0,55.0,133.0
2.495495495495496,0.6146606152384574,1.0,1.0,1.0,"[14, 17, 5]",11.0,87.0,123.0
2.427927927927928,0.6602715979181647,0.0,1.0,3.0,"[17, 5, 14]",21.0,85.0,116.0
2.554054054054054,0.7018119772158216,2.0,0.0,3.0,"[17, 14, 5]",21.0,51.0,148.0
2.369369369369369,0.7836326585153965,4.0,0.0,3.0,"[5, 14, 17]",30.0,68.0,120.0
2.36036036036036,0.816047119489444,3.0,0.0,3.0,"[14, 5]",39.0,55.0,125.0
2.3378378378378377,0.8006280401361905,4.0,0.0,3.0,"[14, 17, 5]",34.0,67.0,117.0
2.463963963963964,0.7936732624728556,6.0,0.0,1.0,"[14, 32, 5]",24.0,53.0,139.0
2.3783783783783785,0.7676025325890851,1.0,0.0,3.0,"[17, 5, 14]",36.0,63.0,122.0
2.40990990990991,0.754168500796511,1.0,1.0,3.0,"[5, 14]",33.0,62.0,126.0
2.490990990990991,0.7595008541336756,5.0,1.0,3.0,"[17, 5, 14]",21.0,56.0,140.0
2.3783783783783785,0.7188987814650465,0.0,0.0,2.0,"[14, 5, 17]",31.0,76.0,115.0
2.527027027027027,0.7940327159616068,9.0,0.0,2.0,"[5, 14, 17, 26]",15.0,48.0,150.0
2.40990990990991,0.754168500796511,4.0,0.0,3.0,"[14, 5]",24.0,71.0,123.0
2.351351351351352,0.8199839822809107,5.0,0.0,3.0,"[14, 5]",34.0,61.0,122.0
2.554054054054054,0.6821955218972142,2.0,1.0,3.0,"[14, 17, 5]",18.0,57.0,145.0
2.4054054054054053,0.7536142582829704,4.0,0.0,2.0,"[14, 5]",24.0,72.0,122.0
2.3828828828828827,0.7564353021323195,2.0,0.0,4.0,"[14, 5, 17]",31.0,69.0,120.0
2.536036036036036,0.7220249043464034,2.0,0.0,6.0,"[5, 14, 17]",24.0,49.0,147.0
2.315315315315315,0.7488390046448582,2.0,0.0,1.0,"[5, 14]",32.0,82.0,106.0
2.36036036036036,0.7585744285635114,4.0,1.0,1.0,"[5, 17, 14]",26.0,78.0,114.0
2.5315315315315314,0.7031901427276396,5.0,1.0,2.0,"[5, 14, 17, 26]",12.0,65.0,140.0
2.468468468468469,0.8163467879441826,7.0,0.0,3.0,"[14, 5]",25.0,47.0,143.0
2.391891891891892,0.7084027199263985,0.0,0.0,3.0,"[14, 17, 5]",29.0,77.0,116.0
2.436936936936937,0.8089351615256726,7.0,1.0,2.0,"[17, 14, 5]",24.0,56.0,135.0
2.414414414414414,0.748675675040681,1.0,0.0,2.0,"[17, 14, 5]",32.0,63.0,126.0
2.63963963963964,0.5909237004716048,1.0,0.0,3.0,"[14, 5]",10.0,57.0,154.0
2.527027027027027,0.7470540569276878,3.0,1.0,3.0,"[14, 5]",25.0,46.0,148.0
2.36036036036036,0.799239375881876,2.0,1.0,4.0,"[14, 17, 5]",39.0,58.0,123.0
2.554054054054054,0.7082300651054266,2.0,0.0,3.0,"[5, 14, 26, 8]",22.0,49.0,149.0
2.527027027027027,0.7409723275645732,2.0,1.0,4.0,"[5, 14]",27.0,45.0,148.0
2.468468468468469,0.8051847804544445,5.0,0.0,5.0,"[26, 14, 5]",29.0,45.0,143.0
2.40990990990991,0.7893470530302836,3.0,1.0,3.0,"[5, 14]",33.0,56.0,130.0
2.495495495495496,0.7291459564253736,2.0,0.0,2.0,"[5, 17, 14, 8, 26]",25.0,56.0,139.0
2.563063063063063,0.7010564655937181,4.0,1.0,2.0,"[5, 14, 17]",15.0,55.0,148.0
2.481981981981982,0.765275592649835,3.0,0.0,2.0,"[14, 5]",28.0,50.0,141.0
2.472972972972973,0.7997110276675081,6.0,0.0,3.0,"[14, 5]",25.0,49.0,142.0
2.427927927927928,0.7969025069867963,5.0,0.0,2.0,"[14, 5]",28.0,56.0,133.0
2.671171171171171,0.6345821851843725,4.0,0.0,2.0,"[5, 14]",8.0,45.0,165.0
2.5405405405405403,0.7464399220115152,4.0,0.0,3.0,"[5, 17, 14, 26]",22.0,46.0,150.0
2.391891891891892,0.7637292566086652,4.0,0.0,2.0,"[14, 5]",26.0,71.0,121.0
2.445945945945946,0.6887964168404686,3.0,0.0,2.0,"[14, 5]",16.0,82.0,121.0
2.45945945945946,0.7464399220115152,2.0,1.0,3.0,"[14, 5]",28.0,58.0,134.0
2.63963963963964,0.6352082039087591,3.0,0.0,4.0,"[14, 5]",10.0,51.0,158.0
2.545045045045045,0.6488749384469769,1.0,1.0,3.0,"[14, 17, 5]",16.0,66.0,139.0
2.414414414414414,0.736488777162495,0.0,0.0,2.0,"[14, 5]",33.0,64.0,125.0
2.527027027027027,0.7409723275645731,4.0,0.0,2.0,"[17, 5, 14, 26]",21.0,51.0,146.0
2.5405405405405403,0.7027262204322279,4.0,0.0,1.0,"[14, 17, 5, 8]",15.0,60.0,143.0
2.509009009009009,0.7352839263897711,3.0,0.0,4.0,"[17, 5, 14]",23.0,54.0,142.0
2.364864864864865,0.747381389206262,1.0,0.0,2.0,"[5, 14, 29]",33.0,72.0,116.0
2.490990990990991,0.7713242476034934,7.0,0.0,1.0,"[14, 5]",17.0,58.0,140.0
2.351351351351352,0.7447997532046658,1.0,0.0,3.0,"[14, 5, 17]",33.0,75.0,113.0
2.418918918918919,0.7370005879911349,6.0,1.0,2.0,"[14, 5, 29]",15.0,81.0,120.0
2.572072072072072,0.6738383563798657,2.0,0.0,3.0,"[17, 5, 14]",17.0,55.0,148.0
2.4504504504504503,0.7929410143792941,5.0,0.0,2.0,"[14, 26, 17, 5]",27.0,53.0,137.0
2.490990990990991,0.8279123338238513,10.0,0.0,2.0,"[14, 29, 5]",18.0,47.0,147.0
2.5,0.6974419971341816,1.0,1.0,5.0,"[5, 14, 17]",23.0,62.0,136.0
2.310810810810811,0.81155137188219,2.0,0.0,2.0,"[14, 5]",43.0,61.0,116.0
2.364864864864865,0.747381389206262,3.0,1.0,1.0,"[5, 14]",27.0,78.0,114.0
2.5045045045045047,0.6909089543764332,2.0,0.0,3.0,"[14, 17, 29, 5]",19.0,66.0,135.0
2.3783783783783785,0.773474900557758,5.0,0.0,1.0,"[17, 14, 5]",25.0,73.0,119.0
2.3423423423423424,0.8071568502552311,6.0,0.0,1.0,"[5, 14]",29.0,70.0,117.0
2.391891891891892,0.7637292566086653,1.0,0.0,3.0,"[14, 5]",35.0,62.0,124.0
2.436936936936937,0.7976694478549707,4.0,1.0,2.0,"[14, 17, 5]",31.0,51.0,136.0
2.495495495495496,0.7353255058320288,3.0,0.0,4.0,"[26, 5, 14]",23.0,57.0,139.0
2.5045045045045047,0.8057920852149161,8.0,1.0,2.0,"[5, 14]",20.0,46.0,148.0
2.3873873873873874,0.7450733654078651,3.0,0.0,2.0,"[5, 14]",26.0,75.0,118.0
2.477477477477477,0.7941738853197863,9.0,1.0,2.0,"[5, 14]",15.0,59.0,139.0
2.4414414414414414,0.7865922225713126,4.0,0.0,2.0,"[5, 14]",29.0,54.0,135.0
2.603603603603604,0.6206007785378592,1.0,0.0,3.0,"[17, 5, 14]",13.0,59.0,149.0
2.5225225225225225,0.6839709295884694,1.0,1.0,3.0,"[14, 5]",21.0,61.0,139.0
2.400900900900901,0.7223635784396928,2.0,0.0,2.0,"[14, 5]",25.0,77.0,118.0
2.472972972972973,0.6771574799556598,1.0,0.0,2.0,"[5, 14]",20.0,74.0,127.0
2.3828828828828827,0.7504296053304116,2.0,0.0,4.0,"[14, 5]",30.0,71.0,119.0
2.477477477477477,0.7826957343774226,5.0,1.0,2.0,"[5, 14, 29, 17]",25.0,51.0,141.0
2.603603603603604,0.6421017423966121,2.0,0.0,2.0,"[5, 17, 14]",13.0,56.0,151.0
2.509009009009009,0.7595008541336756,7.0,0.0,3.0,"[14, 5, 17]",15.0,58.0,142.0
2.333333333333333,0.7708881090154509,2.0,0.0,3.0,"[5, 14, 17]",35.0,72.0,113.0
2.4234234234234235,0.7616313706697139,1.0,0.0,3.0,"[14, 5]",34.0,57.0,130.0
2.5045045045045047,0.765475321813453,6.0,1.0,2.0,"[14, 17, 5]",19.0,54.0,143.0
2.5135135135135136,0.7165132373331089,5.0,0.0,2.0,"[5, 14]",14.0,65.0,138.0
2.463963963963964,0.7646361087380231,4.0,0.0,2.0,"[14, 5]",25.0,57.0,136.0
2.5315315315315314,0.6769618023246907,3.0,1.0,2.0,"[17, 14, 5, 10]",14.0,67.0,138.0
2.5135135135135136,0.716513237333109,4.0,0.0,1.0,"[5, 14]",17.0,62.0,139.0
2.373873873873874,0.7901213277256897,3.0,0.0,2.0,"[5, 14, 17, 8]",34.0,62.0,123.0
2.27027027027027,0.8341787729653578,4.0,0.0,2.0,"[5, 14, 17]",43.0,64.0,111.0
2.4234234234234235,0.7556669709816428,4.0,1.0,2.0,"[14, 17, 5]",24.0,68.0,126.0
2.4324324324324325,0.7444712858223385,4.0,0.0,2.0,"[5, 14, 17]",22.0,70.0,126.0
2.3378378378378377,0.8006280401361905,1.0,0.0,3.0,"[14, 5]",43.0,58.0,120.0
2.5495495495495497,0.7756327294653673,8.0,0.0,3.0,"[5, 14]",15.0,46.0,153.0
2.5,0.7654886352381288,6.0,0.0,2.0,"[14, 5, 17, 26]",19.0,55.0,142.0
2.4054054054054053,0.816995692522065,6.0,0.0,2.0,"[14, 17, 5]",29.0,56.0,131.0
2.418918918918919,0.8509790489855792,10.0,1.0,2.0,"[5, 14, 17, 29]",23.0,53.0,136.0
2.45945945945946,0.6962574000520986,2.0,1.0,4.0,"[14, 17, 29, 5]",20.0,74.0,126.0
2.400900900900901,0.7766962747799832,2.0,0.0,3.0,"[14, 29, 5]",34.0,59.0,127.0
2.6171171171171173,0.6326520883981553,3.0,0.0,3.0,"[5, 14, 17]",9.0,58.0,152.0
2.5225225225225225,0.7651557301266484,7.0,1.0,3.0,"[14, 29, 17, 5]",16.0,53.0,146.0
2.4864864864864864,0.777102925506096,7.0,1.0,2.0,"[14, 5]",18.0,57.0,140.0
2.3783783783783785,0.8021921780789901,4.0,0.0,2.0,"[14, 5]",33.0,60.0,125.0
2.5045045045045047,0.805792085214916,9.0,1.0,1.0,"[5, 14]",17.0,49.0,147.0
2.445945945945946,0.7208948415896379,0.0,0.0,1.0,"[14, 5, 17]",30.0,63.0,129.0
2.355855855855856,0.7517321999192387,1.0,0.0,3.0,"[5, 14, 17]",34.0,72.0,115.0
2.414414414414414,0.772472887174847,5.0,0.0,3.0,"[5, 14]",24.0,67.0,126.0
2.527027027027027,0.6903924971863556,1.0,1.0,3.0,"[17, 14, 5]",22.0,58.0,141.0
2.3828828828828827,0.7915131135022021,2.0,0.0,2.0,"[5, 17, 14, 26]",37.0,57.0,126.0
2.400900900900901,0.7882617907576236,2.0,0.0,3.0,"[5, 14, 17, 26]",36.0,55.0,129.0
2.5045045045045047,0.7535601640175106,4.0,3.0,2.0,"[5, 14, 17]",23.0,52.0,143.0
2.4414414414414414,0.7808185133909296,2.0,0.0,5.0,"[5, 14]",34.0,50.0,136.0
2.4054054054054053,0.8169956925220649,6.0,0.0,3.0,"[14, 5, 17]",29.0,56.0,131.0
2.4504504504504503,0.7519355264883228,5.0,0.0,2.0,"[5, 14]",20.0,67.0,130.0
2.477477477477477,0.7225751691388597,4.0,0.0,2.0,"[14, 17, 5]",18.0,68.0,132.0
2.36036036036036,0.740463262021479,2.0,0.0,1.0,"[5, 14, 17]",29.0,78.0,113.0
2.418918918918919,0.730835202315558,1.0,0.0,3.0,"[5, 17, 14]",29.0,68.0,124.0
2.5855855855855854,0.6921468793520017,3.0,0.0,3.0,"[14, 5]",17.0,49.0,153.0
2.414414414414414,0.7364887771624951,1.0,0.0,3.0,"[5, 14]",30.0,67.0,124.0
2.4234234234234235,0.7374844064558942,4.0,1.0,3.0,"[17, 14, 5]",21.0,74.0,123.0
2.4414414414414414,0.6884264263660858,3.0,0.0,1.0,"[5, 14]",16.0,83.0,120.0
2.5315315315315314,0.758896791817058,7.0,0.0,2.0,"[14, 5]",15.0,53.0,147.0
2.4414414414414414,0.7980143307741969,5.0,0.0,3.0,"[14, 5]",28.0,53.0,136.0
2.36036036036036,0.746549138475925,2.0,0.0,2.0,"[14, 5, 29, 26]",30.0,76.0,114.0
2.3963963963963963,0.7217284341472479,0.0,0.0,2.0,"[14, 5]",31.0,72.0,119.0
2.518018018018018,0.7351175851027343,3.0,0.0,2.0,"[5, 14]",23.0,52.0,144.0
2.608108108108108,0.6483721537806929,3.0,1.0,2.0,"[5, 14, 17, 26]",11.0,56.0,152.0
2.400900900900901,0.7766962747799832,1.0,0.0,3.0,"[5, 26, 14, 29, 17]",37.0,56.0,128.0
2.351351351351352,0.7861775172715918,3.0,0.0,3.0,"[5, 14]",34.0,67.0,118.0
2.5045045045045047,0.7038854528606544,1.0,0.0,5.0,"[14, 26, 5]",24.0,59.0,138.0
2.355855855855856,0.7577275725160555,3.0,0.0,3.0,"[5, 14]",29.0,76.0,114.0
2.4234234234234235,0.69970322797002,1.0,0.0,3.0,"[5, 14, 17]",24.0,77.0,120.0
2.472972972972973,0.8053493040468082,8.0,0.0,2.0,"[5, 14]",20.0,53.0,141.0
2.414414414414414,0.6921468793520016,0.0,0.0,2.0,"[14, 5]",26.0,78.0,118.0
2.427927927927928,0.7501036032419736,3.0,1.0,2.0,"[17, 5, 14]",26.0,66.0,127.0
2.490990990990991,0.6776389072406139,0.0,0.0,1.0,"[17, 14, 5]",23.0,67.0,132.0
2.2927927927927927,0.8182545944296843,4.0,0.0,3.0,"[14, 5, 29]",39.0,67.0,112.0
2.414414414414414,0.6921468793520016,2.0,0.0,2.0,"[5, 14]",20.0,84.0,116.0
2.414414414414414,0.8068537686310825,5.0,0.0,3.0,"[5, 14, 26]",30.0,55.0,132.0
2.36036036036036,0.7820704947081704,4.0,1.0,2.0,"[5, 14]",30.0,70.0,118.0
2.5045045045045047,0.7166270147434862,4.0,0.0,4.0,"[5, 14]",17.0,64.0,137.0
2.351351351351352,0.7976055642826448,6.0,0.0,1.0,"[17, 14, 5]",27.0,72.0,117.0
2.369369369369369,0.8285398804747764,6.0,1.0,3.0,"[5, 14, 26, 17]",32.0,58.0,126.0
2.45945945945946,0.7217849140498382,1.0,0.0,3.0,"[14, 17, 5, 26]",27.0,63.0,131.0
2.630630630630631,0.6441933877862095,2.0,0.0,3.0,"[14, 17, 5, 29]",14.0,48.0,158.0
2.545045045045045,0.733952140516054,3.0,1.0,3.0,"[14, 5]",23.0,46.0,150.0
2.4864864864864864,0.7290341327982417,2.0,0.0,2.0,"[14, 5, 29]",25.0,58.0,137.0
2.4234234234234235,0.6932061983825663,1.0,0.0,2.0,"[17, 14, 5]",23.0,79.0,119.0
2.40990990990991,0.6849982600572354,0.0,0.0,2.0,"[5, 14, 17]",25.0,81.0,116.0
2.509009009009009,0.6503809603483399,1.0,0.0,3.0,"[14, 5, 17]",16.0,74.0,131.0
2.3873873873873874,0.7978610678815624,2.0,0.0,2.0,"[14, 5]",38.0,54.0,128.0
2.5,0.6573634434866144,1.0,0.0,3.0,"[5, 17, 14]",17.0,74.0,130.0
2.418918918918919,0.7670845686608219,4.0,1.0,2.0,"[14, 17, 5]",26.0,65.0,127.0
2.5045045045045047,0.722913585441453,4.0,0.0,1.0,"[14, 17, 5]",18.0,62.0,138.0
2.472972972972973,0.7224200086857315,3.0,1.0,2.0,"[17, 5, 14]",21.0,66.0,132.0
2.454954954954955,0.7817185776309441,5.0,1.0,2.0,"[14, 5]",25.0,56.0,136.0
2.369369369369369,0.8175443633380667,5.0,0.0,2.0,"[5, 14, 17]",33.0,59.0,125.0
2.4234234234234235,0.7374844064558942,2.0,0.0,3.0,"[14, 32, 17, 5]",27.0,68.0,125.0
2.346846846846846,0.8024081199225332,4.0,0.0,2.0,"[5, 14, 8, 17]",34.0,65.0,119.0
2.472972972972973,0.7940327159616068,8.0,0.0,2.0,"[14, 17, 5]",18.0,57.0,139.0
2.5495495495495497,0.702145886515062,2.0,1.0,3.0,"[5, 14]",21.0,52.0,147.0
2.373873873873874,0.8346795208774775,6.0,0.0,1.0,"[14, 17, 5]",33.0,55.0,128.0
2.5045045045045047,0.7654753218134531,6.0,0.0,2.0,"[17, 5, 14]",19.0,54.0,143.0
2.328828828828829,0.8320380459656691,3.0,1.0,4.0,"[5, 17, 14]",43.0,54.0,122.0
2.4504504504504503,0.7638760262677339,2.0,0.0,3.0,"[14, 5]",31.0,54.0,135.0
2.5045045045045047,0.7038854528606544,1.0,0.0,3.0,"[17, 5, 26, 14]",24.0,59.0,138.0
2.4054054054054053,0.7353809414313259,1.0,0.0,1.0,"[14, 5]",30.0,69.0,122.0
2.328828828828829,0.8265818387665632,5.0,1.0,2.0,"[5, 17, 14]",36.0,62.0,119.0
2.400900900900901,0.8329194683843477,4.0,1.0,2.0,"[14, 5]",38.0,45.0,135.0
2.572072072072072,0.7379402876149804,5.0,1.0,2.0,"[14, 29, 5]",18.0,44.0,155.0
2.364864864864865,0.7653288588566685,2.0,0.0,2.0,"[14, 5, 17]",33.0,69.0,118.0
2.373873873873874,0.6792612052260872,1.0,0.0,1.0,"[5, 17, 14, 29]",22.0,92.0,107.0
2.3423423423423424,0.7368208030763466,1.0,1.0,1.0,"[17, 5, 14]",32.0,79.0,110.0
2.373873873873874,0.7549788540039184,2.0,0.0,3.0,"[5, 14]",31.0,71.0,118.0
2.36036036036036,0.77041203987332,2.0,0.0,2.0,"[14, 32, 5, 17]",34.0,68.0,118.0
2.369369369369369,0.7298165383786552,0.0,1.0,1.0,"[5, 14]",33.0,74.0,115.0
2.445945945945946,0.7635691120783644,3.0,0.0,2.0,"[14, 5]",28.0,58.0,133.0
2.545045045045045,0.7088629271907744,4.0,0.0,3.0,"[5, 14, 17]",16.0,57.0,145.0
2.391891891891892,0.7396507840713752,1.0,0.0,1.0,"[14, 17, 5]",31.0,70.0,120.0
2.418918918918919,0.743114823196883,5.0,0.0,1.0,"[14, 26, 17, 5]",19.0,76.0,122.0
2.364864864864865,0.8223296174621291,4.0,1.0,3.0,"[14, 17, 5]",37.0,55.0,126.0
2.328828828828829,0.8155599234068582,3.0,0.0,4.0,"[17, 14, 5, 29]",40.0,60.0,119.0
2.490990990990991,0.6842837586571154,1.0,0.0,4.0,"[14, 5, 17]",21.0,68.0,132.0
2.2927927927927927,0.8346795208774774,3.0,0.0,3.0,"[5, 14, 26]",45.0,58.0,116.0
2.418918918918919,0.749179160288506,2.0,0.0,5.0,"[14, 5]",29.0,65.0,126.0
2.427927927927928,0.7912040393515346,6.0,1.0,2.0,"[5, 14, 17]",24.0,61.0,131.0
2.3828828828828827,0.808481496456733,1.0,1.0,4.0,"[14, 17, 5]",43.0,48.0,130.0
2.545045045045045,0.6761935971060303,2.0,1.0,3.0,"[5, 17, 14, 29]",17.0,61.0,142.0
2.4504504504504503,0.721219915987482,2.0,0.0,2.0,"[5, 14, 17]",24.0,68.0,128.0
2.40990990990991,0.7172666763901139,1.0,1.0,3.0,"[14, 17, 5]",27.0,74.0,120.0
2.414414414414414,0.7955585814023177,3.0,0.0,2.0,"[5, 14]",34.0,53.0,132.0
2.351351351351352,0.7508504818733137,2.0,0.0,1.0,"[5, 14, 17]",31.0,76.0,113.0
2.436936936936937,0.7687832459562144,3.0,1.0,3.0,"[5, 17, 14]",29.0,58.0,132.0
2.351351351351352,0.8254838005393667,5.0,1.0,2.0,"[5, 17, 14]",35.0,59.0,123.0
2.490990990990991,0.7474904681121162,4.0,0.0,3.0,"[14, 5, 26]",22.0,57.0,139.0
2.621621621621621,0.6459628059568998,1.0,0.0,3.0,"[5, 14, 17]",17.0,47.0,157.0
2.364864864864865,0.747381389206262,2.0,0.0,1.0,"[14, 5, 17]",30.0,75.0,115.0
2.373873873873874,0.7668719694345218,6.0,0.0,1.0,"[17, 5, 26, 14]",21.0,79.0,116.0
2.468468468468469,0.746876692044216,2.0,1.0,3.0,"[14, 5]",28.0,56.0,136.0
2.3963963963963963,0.8747775854806484,11.0,1.0,3.0,"[5, 14]",25.0,51.0,135.0
2.481981981981982,0.7593398178351377,3.0,0.0,2.0,"[5, 14, 8]",27.0,52.0,140.0
2.4414414414414414,0.7808185133909296,4.0,0.0,4.0,"[17, 5, 26, 14]",28.0,56.0,134.0
2.5855855855855854,0.6654834389931052,3.0,1.0,2.0,"[5, 14, 17]",13.0,57.0,149.0
2.554054054054054,0.7455792832778909,4.0,1.0,4.0,"[17, 14, 5]",22.0,43.0,153.0
2.4864864864864864,0.7594337598258092,5.0,0.0,2.0,"[5, 14]",21.0,57.0,139.0
2.3963963963963963,0.7643561662904482,3.0,0.0,2.0,"[14, 5]",29.0,67.0,123.0
2.454954954954955,0.7277609297100535,2.0,1.0,2.0,"[14, 5]",25.0,65.0,130.0
2.40990990990991,0.7359489155686614,2.0,1.0,3.0,"[14, 5]",27.0,71.0,122.0
2.4234234234234235,0.7251094415702296,1.0,0.0,1.0,"[5, 17, 14]",28.0,69.0,124.0
2.445945945945946,0.7694722624473205,4.0,0.0,2.0,"[5, 14, 17]",26.0,59.0,133.0
2.4054054054054053,0.7415085318295934,1.0,0.0,3.0,"[17, 14, 5]",31.0,67.0,123.0
2.5765765765765765,0.7374844064558942,5.0,0.0,4.0,"[14, 5]",18.0,43.0,156.0
2.5495495495495497,0.7398023306829731,6.0,0.0,4.0,"[14, 5]",15.0,52.0,149.0
2.40990990990991,0.7109301732969732,1.0,2.0,1.0,"[14, 5]",26.0,76.0,119.0
2.527027027027027,0.7286566013597549,6.0,1.0,3.0,"[17, 14, 5]",13.0,61.0,142.0
2.36036036036036,0.7525858023606357,2.0,0.0,2.0,"[5, 14, 17]",31.0,74.0,115.0
2.3873873873873874,0.7076974475764806,1.0,0.0,2.0,"[5, 17, 14]",26.0,81.0,114.0
2.468468468468469,0.8382250134715669,11.0,0.0,2.0,"[14, 17, 5]",17.0,51.0,143.0
2.436936936936937,0.7919764985689902,4.0,0.0,2.0,"[14, 5, 17]",30.0,53.0,135.0
2.454954954954955,0.810143693051811,8.0,2.0,1.0,"[5, 14]",21.0,55.0,138.0
2.59009009009009,0.6849982600572353,3.0,0.0,4.0,"[5, 14]",16.0,50.0,153.0
2.3378378378378377,0.7540603879047543,1.0,0.0,1.0,"[14, 26, 29, 5]",35.0,74.0,112.0
2.36036036036036,0.7935576892730575,3.0,1.0,3.0,"[5, 17, 14]",35.0,63.0,121.0
2.364864864864865,0.7712185396854166,2.0,1.0,2.0,"[17, 5, 14]",34.0,67.0,119.0
2.454954954954955,0.7277609297100534,2.0,0.0,3.0,"[5, 14]",25.0,65.0,130.0
2.2927927927927927,0.7958275480797726,3.0,0.0,2.0,"[14, 5]",38.0,72.0,109.0
2.328828828828829,0.7930566774479465,2.0,0.0,2.0,"[5, 14]",39.0,65.0,116.0
2.427927927927928,0.7912040393515347,5.0,0.0,1.0,"[14, 5, 17]",27.0,58.0,132.0
2.427927927927928,0.78546423096824,4.0,1.0,2.0,"[14, 17, 5]",29.0,57.0,132.0
2.445945945945946,0.7082300651054266,2.0,0.0,2.0,"[17, 14, 5]",22.0,73.0,125.0
2.391891891891892,0.7813012854635483,3.0,0.0,2.0,"[5, 14]",32.0,62.0,125.0
2.436936936936937,0.7509183430946437,0.0,0.0,2.0,"[5, 14, 17]",35.0,55.0,132.0
2.427927927927928,0.700183708430397,2.0,0.0,2.0,"[17, 14, 5]",21.0,79.0,120.0
2.445945945945946,0.7926453543031855,4.0,1.0,2.0,"[14, 5]",30.0,51.0,137.0
2.5,0.7414672991144712,2.0,0.0,2.0,"[17, 5, 14]",27.0,51.0,142.0
2.536036036036036,0.6767359501362702,3.0,0.0,2.0,"[14, 5, 17]",14.0,66.0,139.0
2.490990990990991,0.690864701745259,1.0,1.0,3.0,"[14, 5, 17]",22.0,66.0,133.0
2.59009009009009,0.7109301732969732,6.0,1.0,2.0,"[14, 5, 26, 17]",11.0,51.0,154.0
2.40990990990991,0.7359489155686614,1.0,0.0,3.0,"[5, 14]",30.0,68.0,123.0
2.3828828828828827,0.768305872568553,2.0,0.0,2.0,"[14, 17, 26, 5]",33.0,65.0,122.0
2.5135135135135136,0.6775637067757064,1.0,1.0,3.0,"[5, 17, 14, 29]",20.0,65.0,136.0
2.463963963963964,0.7763813021301698,5.0,0.0,2.0,"[5, 14]",24.0,56.0,137.0
2.4504504504504503,0.7929410143792942,6.0,0.0,3.0,"[14, 5]",24.0,56.0,136.0
2.364864864864865,0.8168085614143349,6.0,1.0,2.0,"[14, 26, 5, 17]",30.0,63.0,123.0
2.3828828828828827,0.7741729054797652,3.0,0.0,2.0,"[17, 14, 5]",31.0,66.0,122.0
2.355855855855856,0.7695782102310242,5.0,0.0,2.0,"[5, 14]",25.0,78.0,114.0
2.279279279279279,0.8632378401744102,5.0,0.0,4.0,"[5, 14]",45.0,55.0,117.0
2.369369369369369,0.7661141052251549,0.0,0.0,4.0,"[14, 17, 5]",39.0,62.0,121.0
2.5225225225225225,0.6905548539238365,0.0,0.0,6.0,"[5, 14]",25.0,56.0,141.0
2.5135135135135136,0.6973104746141447,2.0,0.0,2.0,"[14, 5]",20.0,62.0,138.0
2.554054054054054,0.6821955218972141,2.0,1.0,2.0,"[5, 14]",18.0,57.0,145.0
2.4234234234234235,0.666585132187469,1.0,1.0,1.0,"[5, 14]",19.0,87.0,115.0
2.536036036036036,0.7405871209813208,5.0,0.0,3.0,"[5, 14, 29, 17]",18.0,52.0,147.0
2.364864864864865,0.7164705661460221,3.0,0.0,1.0,"[14, 5]",22.0,88.0,109.0
2.4414414414414414,0.7512846877687185,7.0,0.0,1.0,"[5, 14, 26]",14.0,75.0,126.0
2.3873873873873874,0.763075121535993,3.0,0.0,2.0,"[17, 5, 29, 14]",29.0,69.0,121.0
2.3423423423423424,0.812743474086136,3.0,0.0,3.0,"[14, 5]",39.0,59.0,121.0
2.40990990990991,0.7481446075712908,2.0,0.0,2.0,"[14, 5, 26]",29.0,67.0,124.0
2.4054054054054053,0.7595947762083725,3.0,1.0,4.0,"[5, 17, 14]",28.0,67.0,124.0
2.3783783783783785,0.706198209060754,1.0,1.0,2.0,"[5, 14, 29, 17]",26.0,83.0,112.0
2.436936936936937,0.7201593498787088,0.0,0.0,3.0,"[17, 5, 14]",30.0,65.0,127.0
2.414414414414414,0.772472887174847,3.0,1.0,2.0,"[14, 5, 17]",30.0,61.0,128.0
2.3873873873873874,0.7864367337108529,2.0,1.0,3.0,"[5, 17, 14]",36.0,58.0,126.0
2.310810810810811,0.8003224860595586,5.0,0.0,2.0,"[5, 14]",32.0,74.0,111.0
2.369369369369369,0.7298165383786552,1.0,0.0,2.0,"[5, 32, 14]",30.0,77.0,114.0
2.445945945945946,0.7869160590194906,4.0,1.0,1.0,"[5, 14]",29.0,53.0,136.0
2.635135135135135,0.6571773796721069,3.0,1.0,2.0,"[5, 14, 17]",13.0,46.0,160.0
2.414414414414414,0.7955585814023177,4.0,0.0,3.0,"[14, 5]",31.0,56.0,131.0
2.3423423423423424,0.760988824404601,2.0,1.0,1.0,"[5, 17, 14, 26]",33.0,74.0,113.0
2.369369369369369,0.777836981466073,2.0,0.0,2.0,"[5, 14, 29]",35.0,64.0,121.0
2.603603603603604,0.656044354521916,2.0,0.0,2.0,"[5, 14, 17]",15.0,52.0,153.0
2.40990990990991,0.7660741968667063,2.0,0.0,4.0,"[5, 17, 14]",32.0,61.0,127.0
2.400900900900901,0.8108981106101061,7.0,0.0,1.0,"[14, 5, 29]",25.0,62.0,128.0
2.40990990990991,0.742071815987068,3.0,0.0,2.0,"[26, 14, 5]",25.0,72.0,122.0
2.454954954954955,0.8157098608863835,7.0,1.0,2.0,"[14, 5]",25.0,50.0,140.0
2.346846846846846,0.7853085187686724,3.0,0.0,1.0,"[5, 14]",34.0,68.0,117.0
2.3828828828828827,0.8359971285185128,4.0,1.0,2.0,"[17, 14, 5]",39.0,47.0,132.0
2.40990990990991,0.7359489155686614,1.0,0.0,2.0,"[14, 17, 5]",30.0,68.0,123.0
2.4234234234234235,0.7374844064558942,3.0,0.0,1.0,"[5, 14, 29]",24.0,71.0,124.0
2.599099099099099,0.6837473926255672,4.0,1.0,3.0,"[14, 17, 5]",13.0,51.0,154.0
2.5765765765765765,0.645899695917576,0.0,0.0,3.0,"[14, 5]",19.0,56.0,147.0
2.454954954954955,0.7277609297100534,3.0,0.0,2.0,"[5, 17, 14, 26]",22.0,68.0,129.0
2.5315315315315314,0.746876692044216,6.0,0.0,2.0,"[14, 5, 17]",16.0,54.0,146.0
2.414414414414414,0.7178205887402079,0.0,0.0,2.0,"[14, 5]",30.0,70.0,122.0
2.4054054054054053,0.7353809414313258,1.0,1.0,3.0,"[17, 14, 5]",30.0,69.0,122.0
2.4324324324324325,0.6875969252498596,1.0,1.0,2.0,"[5, 17, 14]",22.0,79.0,120.0
2.414414414414414,0.6855782441421682,2.0,1.0,2.0,"[14, 17, 5]",19.0,86.0,115.0
2.509009009009009,0.7771684944056539,7.0,0.0,2.0,"[14, 5]",18.0,52.0,145.0
2.509009009009009,0.7352839263897711,4.0,0.0,2.0,"[5, 14, 26, 17]",20.0,57.0,141.0
2.3378378378378377,0.7718525700378517,1.0,0.0,4.0,"[5, 14]",38.0,68.0,115.0
2.3378378378378377,0.7949562786069817,4.0,0.0,2.0,"[5, 17, 14]",33.0,69.0,116.0
2.427927927927928,0.7129914256585809,3.0,0.0,1.0,"[14, 5, 26]",20.0,78.0,121.0
2.599099099099099,0.7347847895591679,7.0,0.0,2.0,"[14, 5, 26]",12.0,44.0,159.0
2.414414414414414,0.7364887771624948,2.0,0.0,3.0,"[14, 17, 5, 26]",27.0,70.0,123.0
2.414414414414414,0.69865375999301,1.0,2.0,3.0,"[17, 5, 14]",24.0,79.0,118.0
2.391891891891892,0.7273126802593832,2.0,0.0,3.0,"[17, 5, 14]",26.0,77.0,117.0
2.45945945945946,0.8269639591613062,8.0,0.0,2.0,"[5, 28, 14]",24.0,48.0,142.0
2.315315315315315,0.81814249366805,5.0,1.0,2.0,"[5, 17, 14]",35.0,67.0,115.0
2.4234234234234235,0.7850359481010099,4.0,0.0,1.0,"[14, 5, 17, 26]",29.0,58.0,131.0
2.5405405405405403,0.7342159148787534,2.0,2.0,2.0,"[14, 5, 17]",26.0,44.0,150.0
2.5045045045045047,0.7772078330901727,7.0,1.0,3.0,"[5, 17, 14]",18.0,53.0,144.0
2.5405405405405403,0.7154884264572534,2.0,0.0,5.0,"[14, 17, 5, 26]",23.0,50.0,147.0
2.3783783783783785,0.7497094949180043,3.0,0.0,3.0,"[5, 17, 14]",27.0,75.0,117.0
2.527027027027027,0.7590713480849012,7.0,0.0,2.0,"[5, 14]",15.0,54.0,146.0
2.5495495495495497,0.7149184523156012,5.0,0.0,2.0,"[5, 17, 14]",14.0,57.0,146.0
2.3873873873873874,0.7748439769518006,4.0,1.0,4.0,"[14, 5]",28.0,68.0,122.0
2.5225225225225225,0.7162856282939059,3.0,1.0,2.0,"[14, 5]",20.0,57.0,142.0
2.3963963963963963,0.7463853077863087,4.0,1.0,2.0,"[5, 14]",23.0,76.0,119.0
2.4054054054054053,0.7655285741229413,1.0,0.0,4.0,"[5, 14, 29]",35.0,59.0,127.0
2.4054054054054053,0.7475858990990503,1.0,0.0,3.0,"[14, 5, 17]",32.0,65.0,124.0
2.5315315315315314,0.7707294519749036,7.0,0.0,1.0,"[5, 14]",17.0,49.0,149.0
2.5225225225225225,0.716285628293906,1.0,0.0,4.0,"[14, 5]",26.0,51.0,144.0
2.5675675675675675,0.7322144138861607,6.0,0.0,3.0,"[14, 5, 17]",14.0,50.0,152.0
2.5135135135135136,0.811287618150351,8.0,1.0,2.0,"[14, 5]",21.0,42.0,151.0
2.4414414414414414,0.8148473436098064,7.0,0.0,2.0,"[5, 17, 26, 14]",25.0,53.0,137.0
2.536036036036036,0.7157305280206908,2.0,1.0,3.0,"[5, 14]",23.0,51.0,146.0
2.4054054054054053,0.7229699727575902,1.0,1.0,2.0,"[5, 17, 14]",28.0,73.0,120.0
2.468468468468469,0.8273582209044014,10.0,1.0,2.0,"[17, 14, 5]",18.0,52.0,142.0
2.310810810810811,0.805956484835384,2.0,0.0,1.0,"[5, 17, 14]",42.0,63.0,115.0
2.418918918918919,0.772960871734925,2.0,0.0,4.0,"[14, 5]",33.0,57.0,130.0
2.333333333333333,0.8437508728558135,5.0,0.0,2.0,"[14, 5]",39.0,55.0,123.0
2.3423423423423424,0.7429365178813923,2.0,0.0,1.0,"[14, 5, 17]",30.0,80.0,110.0
2.4234234234234235,0.7061404824730855,0.0,0.0,2.0,"[14, 5, 17]",28.0,72.0,122.0
2.5,0.7535736879479145,4.0,0.0,3.0,"[5, 14]",23.0,53.0,142.0
2.3828828828828827,0.7443754555334969,1.0,0.0,3.0,"[14, 17, 5]",32.0,70.0,119.0
2.3423423423423424,0.7958659644705466,2.0,0.0,3.0,"[17, 5, 14]",39.0,62.0,119.0
2.351351351351352,0.744799753204666,1.0,0.0,2.0,"[14, 5, 17]",33.0,75.0,113.0
2.324324324324324,0.7629682707167986,4.0,1.0,1.0,"[5, 17, 29, 14]",28.0,82.0,108.0
2.509009009009009,0.777168494405654,5.0,0.0,4.0,"[5, 14]",24.0,46.0,147.0
2.472972972972973,0.7224200086857316,2.0,0.0,3.0,"[14, 5]",24.0,63.0,133.0
2.418918918918919,0.7787928370169254,3.0,1.0,3.0,"[17, 5, 14]",31.0,58.0,130.0
2.463963963963964,0.734451843218972,1.0,0.0,3.0,"[5, 14, 26, 17]",29.0,58.0,134.0
2.4324324324324325,0.7383682832153003,3.0,1.0,3.0,"[5, 14]",24.0,69.0,126.0
2.5405405405405403,0.702726220432228,1.0,0.0,3.0,"[5, 14]",24.0,51.0,146.0
2.490990990990991,0.7414123185939215,4.0,0.0,2.0,"[14, 5, 17]",21.0,59.0,138.0
2.400900900900901,0.8219825383196118,6.0,0.0,1.0,"[14, 28, 5, 17]",30.0,55.0,131.0
2.536036036036036,0.7157305280206909,4.0,0.0,2.0,"[5, 14]",17.0,57.0,144.0
2.4234234234234235,0.6866476969453503,2.0,0.0,3.0,"[5, 14, 17]",19.0,84.0,117.0
2.418918918918919,0.7246173605344868,1.0,1.0,2.0,"[14, 5, 17]",28.0,70.0,123.0
2.400900900900901,0.7882617907576236,4.0,0.0,3.0,"[14, 5]",30.0,61.0,127.0
2.4324324324324325,0.680984403534622,0.0,1.0,1.0,"[5, 14, 17]",24.0,78.0,120.0
2.418918918918919,0.7183457005038105,1.0,0.0,2.0,"[14, 17, 5]",27.0,72.0,122.0
2.490990990990991,0.7228712920678523,3.0,0.0,2.0,"[14, 5]",21.0,62.0,136.0
2.4414414414414414,0.6949681419135958,0.0,1.0,3.0,"[14, 5]",26.0,72.0,124.0
2.3828828828828827,0.7799958085365829,2.0,0.0,5.0,"[5, 14]",35.0,61.0,124.0
2.5675675675675675,0.7070635423213598,1.0,1.0,3.0,"[14, 5, 29, 17]",25.0,43.0,153.0
2.3963963963963963,0.7584131955540958,1.0,0.0,2.0,"[14, 17, 5]",34.0,63.0,124.0
2.414414414414414,0.7240967969650155,4.0,0.0,1.0,"[14, 5]",19.0,80.0,119.0
2.4504504504504503,0.7458935998114042,1.0,0.0,4.0,"[5, 17, 14]",31.0,57.0,133.0
2.45945945945946,0.752477462073259,1.0,0.0,5.0,"[14, 5]",32.0,53.0,136.0
2.454954954954955,0.7024506216025556,1.0,1.0,3.0,"[14, 5]",24.0,70.0,127.0
2.495495495495496,0.7229135854414528,3.0,1.0,3.0,"[5, 14]",21.0,61.0,137.0
2.4414414414414414,0.7391408083473869,3.0,0.0,4.0,"[5, 14, 17]",24.0,67.0,128.0
2.418918918918919,0.7670845686608219,1.0,0.0,2.0,"[14, 17, 5]",35.0,56.0,130.0
2.5495495495495497,0.6691486958604506,2.0,0.0,3.0,"[14, 5, 17]",16.0,62.0,142.0
2.472972972972973,0.7767487578042191,6.0,0.0,2.0,"[14, 5]",21.0,57.0,138.0
2.3423423423423424,0.8454883779233977,6.0,0.0,2.0,"[5, 14]",36.0,56.0,124.0
2.5675675675675675,0.6875969252498596,3.0,0.0,2.0,"[5, 14]",16.0,55.0,148.0
2.468468468468469,0.7881454240230692,9.0,0.0,1.0,"[14, 5, 17]",14.0,63.0,136.0
2.558558558558558,0.7923238595204196,9.0,0.0,4.0,"[5, 14]",15.0,41.0,157.0
2.4054054054054053,0.7039433643711279,0.0,0.0,3.0,"[14, 5, 17]",28.0,76.0,118.0
2.427927927927928,0.7679874587931501,2.0,1.0,3.0,"[5, 14]",32.0,57.0,131.0
2.527027027027027,0.7470540569276879,5.0,0.0,1.0,"[5, 14]",19.0,52.0,146.0
2.454954954954955,0.7817185776309441,4.0,1.0,2.0,"[5, 14, 17]",28.0,53.0,137.0
2.351351351351352,0.7745808809620929,1.0,0.0,1.0,"[5, 14]",38.0,65.0,118.0
2.490990990990991,0.777168494405654,8.0,0.0,2.0,"[5, 14]",15.0,59.0,140.0
2.5675675675675675,0.7134343884588724,4.0,1.0,2.0,"[5, 14, 17]",17.0,50.0,151.0
2.4054054054054053,0.7772602815724061,3.0,0.0,2.0,"[5, 17, 14]",31.0,61.0,127.0
2.3963963963963963,0.7761055962029544,3.0,0.0,3.0,"[5, 17, 14]",31.0,63.0,125.0
2.3873873873873874,0.7511218899724985,3.0,0.0,3.0,"[14, 5, 17]",27.0,73.0,119.0
2.4054054054054053,0.7595947762083725,2.0,1.0,4.0,"[5, 14]",31.0,64.0,125.0
2.391891891891892,0.7984867061723451,4.0,0.0,1.0,"[14, 5, 17]",32.0,59.0,127.0
2.603603603603604,0.6350156484946722,1.0,0.0,2.0,"[14, 17, 5, 26]",15.0,55.0,151.0
2.527027027027027,0.7097824465554078,3.0,1.0,3.0,"[5, 14]",19.0,58.0,142.0
2.4234234234234235,0.69970322797002,0.0,0.0,3.0,"[5, 14]",27.0,74.0,121.0
2.463963963963964,0.7527076665443986,4.0,1.0,3.0,"[5, 14, 17]",23.0,61.0,134.0
2.414414414414414,0.7178205887402079,0.0,0.0,2.0,"[17, 5, 14]",30.0,70.0,122.0
2.481981981981982,0.6972081621677554,3.0,1.0,2.0,"[14, 5, 17]",17.0,72.0,130.0
2.373873873873874,0.7549788540039185,1.0,1.0,3.0,"[14, 29, 5]",34.0,68.0,119.0
2.4324324324324325,0.6743070399319206,2.0,1.0,2.0,"[14, 5, 17]",17.0,86.0,117.0
2.3378378378378377,0.7540603879047543,2.0,0.0,1.0,"[14, 5]",32.0,77.0,111.0
2.3783783783783785,0.7557209144425376,5.0,1.0,5.0,"[17, 5, 14]",22.0,79.0,116.0
2.536036036036036,0.7405871209813207,6.0,2.0,2.0,"[17, 14, 5]",15.0,55.0,146.0
2.6171171171171173,0.6606419302293578,2.0,1.0,2.0,"[14, 5]",16.0,47.0,157.0
2.5855855855855854,0.7114890187934616,3.0,0.0,2.0,"[14, 5]",20.0,43.0,156.0
2.536036036036036,0.7527076665443987,4.0,0.0,2.0,"[14, 5, 17]",23.0,45.0,150.0
2.5,0.7414672991144712,2.0,1.0,6.0,"[14, 5, 17]",27.0,51.0,142.0
2.4324324324324325,0.7683987183985868,6.0,0.0,2.0,"[14, 17, 5]",20.0,68.0,128.0
2.369369369369369,0.6916166113946848,1.0,0.0,2.0,"[5, 14]",24.0,89.0,108.0
2.400900900900901,0.7766962747799833,5.0,1.0,1.0,"[14, 5]",25.0,68.0,124.0
2.36036036036036,0.77041203987332,3.0,0.0,2.0,"[14, 5, 17]",31.0,71.0,117.0
2.418918918918919,0.8184538467613578,6.0,0.0,2.0,"[14, 5, 17]",29.0,53.0,134.0
2.355855855855856,0.8207914384685622,2.0,0.0,2.0,"[14, 5, 8, 17]",43.0,51.0,126.0
2.400900900900901,0.7097250114973306,0.0,0.0,3.0,"[5, 14]",29.0,75.0,118.0
2.346846846846846,0.7910494569913453,1.0,1.0,3.0,"[5, 14]",41.0,60.0,120.0
2.2972972972972974,0.8518767632772165,6.0,1.0,3.0,"[5, 14, 17]",39.0,60.0,117.0
2.490990990990991,0.8001187185158061,7.0,0.0,2.0,"[5, 14, 17]",22.0,48.0,145.0
2.495495495495496,0.7353255058320288,3.0,0.0,2.0,"[17, 5, 26, 14]",23.0,57.0,139.0
2.3873873873873874,0.7266257623930173,2.0,0.0,2.0,"[17, 5, 14, 26]",26.0,78.0,116.0
2.3828828828828827,0.7972093718726632,2.0,0.0,2.0,"[14, 5]",38.0,55.0,127.0
2.5225225225225225,0.7651557301266484,6.0,1.0,3.0,"[14, 5]",19.0,50.0,147.0
2.5,0.7654886352381288,6.0,0.0,3.0,"[5, 14, 17]",19.0,55.0,142.0
2.5855855855855854,0.69865375999301,4.0,0.0,3.0,"[14, 5, 29, 17]",15.0,50.0,153.0
2.3873873873873874,0.763075121535993,4.0,0.0,3.0,"[14, 5]",26.0,72.0,120.0
2.5225225225225225,0.6905548539238365,1.0,0.0,3.0,"[14, 5, 17, 29]",22.0,59.0,140.0
2.445945945945946,0.7811447434292254,5.0,0.0,3.0,"[14, 5]",25.0,58.0,134.0
2.572072072072072,0.7317828190997817,5.0,0.0,3.0,"[14, 5]",17.0,46.0,154.0
2.5,0.7291599331729606,3.0,0.0,3.0,"[14, 5]",22.0,58.0,139.0
2.3783783783783785,0.8189393212186618,6.0,0.0,2.0,"[5, 14, 17]",30.0,60.0,126.0
2.5495495495495497,0.7274667971616621,6.0,0.0,1.0,"[14, 17, 5]",13.0,56.0,147.0
2.414414414414414,0.8068537686310826,6.0,0.0,2.0,"[14, 5, 26]",27.0,58.0,131.0
2.554054054054054,0.7455792832778909,6.0,0.0,2.0,"[5, 32, 17, 14]",16.0,49.0,151.0
2.454954954954955,0.8321850145335778,10.0,0.0,1.0,"[5, 14]",19.0,53.0,140.0
2.414414414414414,0.7606673477341667,0.0,0.0,4.0,"[14, 5, 17]",37.0,56.0,129.0
2.355855855855856,0.775435616552427,2.0,0.0,3.0,"[5, 14, 17]",35.0,67.0,118.0
2.4504504504504503,0.7872138708948211,4.0,0.0,3.0,"[5, 28, 14]",29.0,52.0,137.0
2.495495495495496,0.805792085214916,8.0,1.0,3.0,"[5, 14]",20.0,48.0,146.0
2.3783783783783785,0.7188987814650465,1.0,0.0,2.0,"[5, 14, 17]",28.0,79.0,114.0
2.495495495495496,0.7944818041237258,9.0,0.0,3.0,"[17, 5, 14]",15.0,55.0,143.0
2.3423423423423424,0.8182919579375431,5.0,0.0,1.0,"[14, 5, 17]",34.0,63.0,120.0
2.324324324324324,0.7688760341408999,4.0,1.0,1.0,"[14, 5]",29.0,80.0,109.0
2.369369369369369,0.771997795321072,2.0,0.0,2.0,"[5, 17, 32, 14]",34.0,66.0,120.0
2.3783783783783785,0.706198209060754,1.0,0.0,2.0,"[5, 14]",26.0,83.0,112.0
2.5495495495495497,0.6891366326344218,3.0,0.0,3.0,"[17, 5, 14, 26]",16.0,59.0,144.0
2.4324324324324325,0.7683987183985868,5.0,0.0,1.0,"[14, 5]",23.0,65.0,129.0
2.572072072072072,0.7501036032419736,6.0,0.0,2.0,"[14, 5, 17]",17.0,43.0,156.0
2.4054054054054053,0.7536142582829702,3.0,1.0,1.0,"[14, 5, 26, 17]",27.0,69.0,123.0
2.4864864864864864,0.7352146220938077,1.0,1.0,3.0,"[14, 5, 17]",29.0,53.0,139.0
2.5045045045045047,0.7654753218134531,4.0,0.0,2.0,"[14, 5]",25.0,48.0,145.0
2.5405405405405403,0.7027262204322279,2.0,1.0,3.0,"[14, 5]",21.0,54.0,145.0
2.36036036036036,0.77041203987332,2.0,0.0,2.0,"[5, 14, 8]",34.0,68.0,118.0
2.279279279279279,0.7921694956797133,1.0,0.0,3.0,"[14, 5]",44.0,69.0,108.0
2.373873873873874,0.7785834348454213,3.0,1.0,1.0,"[5, 14, 17]",32.0,66.0,121.0
2.364864864864865,0.7770635815106526,2.0,1.0,2.0,"[5, 14]",35.0,65.0,120.0
2.436936936936937,0.7448681656778928,1.0,1.0,4.0,"[14, 5]",31.0,60.0,130.0
2.391891891891892,0.815309966332394,6.0,0.0,4.0,"[14, 5, 17]",29.0,59.0,128.0
2.495495495495496,0.7830081669895774,6.0,0.0,4.0,"[5, 14]",22.0,50.0,144.0
2.4864864864864864,0.8168459910654677,10.0,0.0,2.0,"[14, 5, 17]",16.0,52.0,144.0
2.495495495495496,0.7595411078735328,5.0,0.0,2.0,"[14, 5, 17]",21.0,55.0,141.0
2.5135135135135136,0.7653688060790177,3.0,1.0,2.0,"[14, 5, 26, 17]",28.0,43.0,148.0
2.4504504504504503,0.7929410143792941,6.0,1.0,3.0,"[5, 14]",24.0,56.0,136.0
2.558558558558558,0.7014488520416096,3.0,2.0,4.0,"[5, 14, 17]",18.0,53.0,148.0
2.333333333333333,0.7708881090154509,1.0,1.0,2.0,"[5, 14, 26, 17]",38.0,69.0,114.0
2.5495495495495497,0.7398023306829731,3.0,0.0,2.0,"[14, 5]",24.0,43.0,152.0
2.400900900900901,0.7223635784396929,1.0,0.0,1.0,"[5, 14]",28.0,74.0,119.0
2.4054054054054053,0.6843880032373261,1.0,2.0,3.0,"[14, 5]",22.0,85.0,114.0
2.445945945945946,0.7869160590194905,8.0,0.0,2.0,"[5, 17, 14]",17.0,65.0,132.0
2.5855855855855854,0.6921468793520017,3.0,0.0,3.0,"[5, 14]",17.0,49.0,153.0
2.563063063063063,0.7074814073220668,1.0,0.0,2.0,"[5, 14]",25.0,44.0,152.0
2.3783783783783785,0.790830413590551,1.0,0.0,3.0,"[5, 17, 14]",40.0,55.0,126.0
2.518018018018018,0.7289362730524662,3.0,0.0,4.0,"[5, 14, 29]",22.0,54.0,143.0
2.3963963963963963,0.8214244253142174,5.0,1.0,2.0,"[5, 14]",33.0,53.0,131.0
2.36036036036036,0.7820704947081704,3.0,0.0,2.0,"[14, 5]",33.0,67.0,119.0
2.3423423423423424,0.7727894528136424,2.0,0.0,2.0,"[17, 5, 14]",35.0,70.0,115.0
2.558558558558558,0.6616130662982371,1.0,1.0,4.0,"[14, 5, 17]",18.0,59.0,144.0
2.454954954954955,0.810143693051811,9.0,0.0,2.0,"[5, 14]",18.0,58.0,137.0
2.4234234234234235,0.7435946634566837,1.0,0.0,2.0,"[14, 5, 26]",31.0,63.0,127.0
2.436936936936937,0.6543177757490342,0.0,1.0,2.0,"[14, 5]",20.0,85.0,117.0
2.4324324324324325,0.7383682832153002,2.0,1.0,2.0,"[5, 14, 17, 26]",27.0,66.0,127.0
2.518018018018018,0.7473268437829514,4.0,0.0,3.0,"[14, 5]",22.0,51.0,145.0
2.3783783783783785,0.8189393212186618,6.0,0.0,4.0,"[5, 14]",30.0,60.0,126.0
2.414414414414414,0.7665928434733706,2.0,1.0,4.0,"[14, 5, 17]",32.0,60.0,128.0
2.463963963963964,0.7763813021301698,5.0,0.0,2.0,"[14, 17, 5]",24.0,56.0,137.0
2.481981981981982,0.7412473525638603,4.0,0.0,3.0,"[5, 17, 29, 14]",21.0,61.0,136.0
2.418918918918919,0.8129064678810275,6.0,0.0,3.0,"[5, 14]",28.0,55.0,133.0
2.4324324324324325,0.7260083843503446,0.0,1.0,3.0,"[14, 26, 5]",31.0,64.0,127.0
2.3963963963963963,0.7702532847718907,3.0,1.0,3.0,"[14, 5, 17]",30.0,65.0,124.0
2.445945945945946,0.7576199675064575,2.0,0.0,4.0,"[14, 5, 29, 32]",30.0,57.0,133.0
2.40990990990991,0.7481446075712909,2.0,0.0,2.0,"[14, 5]",29.0,67.0,124.0
2.472972972972973,0.6838070096273918,1.0,0.0,2.0,"[14, 5]",21.0,72.0,128.0
2.436936936936937,0.7201593498787087,2.0,1.0,3.0,"[14, 5, 29]",24.0,71.0,125.0
2.4054054054054053,0.800207873200858,3.0,0.0,4.0,"[5, 29, 14, 17]",35.0,53.0,131.0
2.5855855855855854,0.7114890187934615,2.0,0.0,2.0,"[14, 5]",23.0,40.0,157.0
2.391891891891892,0.7019862105792842,0.0,0.0,2.0,"[14, 17, 5]",28.0,79.0,115.0
2.31981981981982,0.8674422608943422,5.0,1.0,1.0,"[5, 14, 17]",44.0,48.0,125.0
2.40990990990991,0.7359489155686614,2.0,0.0,3.0,"[14, 17, 5]",27.0,71.0,122.0
2.414414414414414,0.772472887174847,4.0,1.0,2.0,"[14, 17, 5]",27.0,64.0,127.0
2.414414414414414,0.6722484520843064,2.0,2.0,2.0,"[17, 5, 14]",17.0,90.0,113.0
2.400900900900901,0.7469994876027847,3.0,0.0,2.0,"[14, 5]",26.0,72.0,121.0
2.40990990990991,0.7172666763901139,2.0,0.0,1.0,"[5, 14, 17]",24.0,77.0,119.0
2.418918918918919,0.8184538467613578,8.0,0.0,1.0,"[14, 5, 17]",23.0,59.0,132.0
2.626126126126126,0.6163990761870849,2.0,2.0,3.0,"[14, 5]",10.0,57.0,153.0
2.4234234234234235,0.7850359481010099,4.0,0.0,1.0,"[14, 5]",29.0,58.0,131.0
2.3783783783783785,0.7850878736193458,3.0,0.0,4.0,"[14, 5]",33.0,63.0,123.0
2.436936936936937,0.7448681656778928,1.0,0.0,4.0,"[14, 5, 17]",31.0,60.0,130.0
2.454954954954955,0.6626750585738685,0.0,1.0,3.0,"[14, 5]",21.0,79.0,122.0
2.5315315315315314,0.7529107296848458,8.0,1.0,2.0,"[14, 5]",11.0,58.0,145.0
2.355855855855856,0.7636758788299721,5.0,0.0,1.0,"[5, 14, 17]",24.0,80.0,113.0
2.490990990990991,0.777168494405654,8.0,0.0,2.0,"[5, 32, 14]",15.0,59.0,140.0
2.563063063063063,0.6403375704656499,2.0,1.0,4.0,"[5, 17, 14]",12.0,67.0,141.0
2.3828828828828827,0.825100994654525,4.0,0.0,2.0,"[5, 14, 17]",37.0,51.0,130.0
2.427927927927928,0.7738569057772997,4.0,0.0,4.0,"[5, 17, 14]",27.0,61.0,130.0
2.477477477477477,0.7035378836914777,3.0,0.0,1.0,"[5, 14]",18.0,71.0,130.0
2.554054054054054,0.7753304691752118,11.0,0.0,2.0,"[14, 5, 29, 17]",6.0,54.0,151.0
2.414414414414414,0.8179930020883386,6.0,0.0,2.0,"[5, 14, 26]",29.0,54.0,133.0
2.4504504504504503,0.7458935998114042,2.0,0.0,4.0,"[5, 14]",28.0,60.0,132.0
2.36036036036036,0.7404632620214789,2.0,0.0,2.0,"[17, 14, 5]",29.0,78.0,113.0
2.554054054054054,0.7208948415896379,5.0,0.0,2.0,"[14, 17, 5]",15.0,54.0,148.0
2.373873873873874,0.8127058554911679,6.0,1.0,3.0,"[17, 5, 14]",29.0,63.0,124.0
2.477477477477477,0.7225751691388597,3.0,0.0,2.0,"[14, 26, 5]",21.0,65.0,133.0
2.414414414414414,0.7240967969650155,2.0,0.0,3.0,"[5, 14]",25.0,74.0,121.0
2.472972972972973,0.6838070096273918,2.0,0.0,2.0,"[5, 14, 26, 17]",18.0,75.0,127.0
2.599099099099099,0.6968572625965621,6.0,0.0,3.0,"[14, 17, 5]",9.0,53.0,154.0
2.333333333333333,0.8220197323801436,4.0,0.0,3.0,"[5, 14]",38.0,60.0,120.0
2.414414414414414,0.705100595736542,0.0,0.0,2.0,"[5, 14, 17]",28.0,74.0,120.0
2.5045045045045047,0.7595411078735328,7.0,0.0,1.0,"[5, 32, 14, 17]",15.0,59.0,141.0
2.40990990990991,0.8230233366445512,4.0,0.0,2.0,"[14, 5, 26]",36.0,47.0,135.0
2.630630630630631,0.6441933877862097,2.0,1.0,4.0,"[5, 14, 29]",14.0,48.0,158.0
2.3828828828828827,0.7133343886442182,0.0,0.0,2.0,"[17, 5, 14]",30.0,77.0,115.0
2.635135135135135,0.6432593262762571,2.0,0.0,2.0,"[17, 14, 26, 5]",14.0,47.0,159.0
2.4864864864864864,0.7413435872091946,4.0,1.0,3.0,"[17, 14, 5]",21.0,60.0,137.0
2.4234234234234235,0.7435946634566837,6.0,0.0,2.0,"[14, 5, 17]",16.0,78.0,122.0
2.364864864864865,0.7351730363802591,2.0,0.0,1.0,"[5, 26, 14]",28.0,79.0,113.0
2.4054054054054053,0.800207873200858,4.0,0.0,2.0,"[14, 5, 26]",32.0,56.0,130.0
2.445945945945946,0.7394854250744348,2.0,2.0,2.0,"[14, 5]",27.0,63.0,130.0
2.427927927927928,0.8137585187933883,7.0,0.0,2.0,"[5, 17, 14]",25.0,56.0,134.0
2.554054054054054,0.6687983123373595,2.0,0.0,4.0,"[14, 5, 32]",16.0,61.0,143.0
2.369369369369369,0.7173093002183165,2.0,1.0,2.0,"[14, 17, 5]",25.0,84.0,111.0
2.4054054054054053,0.7292018618083521,3.0,0.0,3.0,"[14, 5]",23.0,77.0,119.0
2.5045045045045047,0.7654753218134531,6.0,1.0,4.0,"[14, 17, 5]",19.0,54.0,143.0
2.490990990990991,0.6908647017452589,2.0,0.0,3.0,"[14, 5, 17, 26]",19.0,69.0,132.0
2.373873873873874,0.7243922978709736,4.0,0.0,3.0,"[5, 17, 14]",20.0,87.0,111.0
2.3963963963963963,0.7524232860796634,1.0,0.0,2.0,"[5, 14, 17]",33.0,65.0,123.0
2.391891891891892,0.7813012854635482,5.0,0.0,2.0,"[5, 14, 8, 26, 17, 29]",26.0,68.0,123.0
2.527027027027027,0.6969157581278157,1.0,0.0,3.0,"[5, 14, 17]",23.0,56.0,142.0
2.3828828828828827,0.8305669299554027,7.0,0.0,4.0,"[14, 5, 8]",29.0,58.0,128.0
2.3378378378378377,0.7540603879047543,1.0,0.0,1.0,"[14, 5]",35.0,74.0,112.0
2.4324324324324325,0.7006347687093278,1.0,1.0,4.0,"[14, 17, 5]",24.0,75.0,122.0
2.427927927927928,0.6805203187887743,0.0,0.0,2.0,"[5, 17, 14, 26]",24.0,79.0,119.0
2.346846846846846,0.719139734918346,1.0,0.0,2.0,"[14, 5, 29, 17]",29.0,84.0,108.0
2.436936936936937,0.7201593498787088,1.0,0.0,2.0,"[14, 5, 26]",27.0,68.0,126.0
2.45945945945946,0.6697576219086154,1.0,0.0,1.0,"[17, 5, 14]",19.0,79.0,123.0
2.477477477477477,0.6773230091813349,0.0,0.0,4.0,"[5, 17, 14]",23.0,70.0,129.0
2.4054054054054053,0.7039433643711279,1.0,0.0,2.0,"[5, 17, 14]",25.0,79.0,117.0
2.3963963963963963,0.7524232860796635,0.0,0.0,3.0,"[5, 14]",36.0,62.0,124.0
2.626126126126126,0.6309099528741039,2.0,0.0,3.0,"[5, 8, 14, 26, 17]",12.0,53.0,155.0
2.5675675675675675,0.7683987183985866,6.0,0.0,2.0,"[14, 5]",20.0,38.0,158.0
2.4414414414414414,0.6949681419135957,1.0,0.0,3.0,"[5, 17, 14, 29]",23.0,75.0,123.0
2.5,0.7038999311849462,1.0,1.0,3.0,"[14, 5]",24.0,60.0,137.0
2.495495495495496,0.7291459564253737,2.0,0.0,4.0,"[14, 5, 17]",25.0,56.0,139.0
2.418918918918919,0.8402772127703384,10.0,1.0,3.0,"[14, 5, 29]",21.0,57.0,134.0
2.414414414414414,0.8124424765543937,7.0,2.0,2.0,"[17, 5, 14]",25.0,59.0,131.0
2.490990990990991,0.7654353801500418,4.0,0.0,1.0,"[5, 14, 17]",25.0,51.0,142.0
2.3378378378378377,0.735838125772306,2.0,0.0,1.0,"[17, 14, 5]",29.0,83.0,108.0
2.5135135135135136,0.80005503051525,8.0,0.0,2.0,"[14, 5, 17]",19.0,46.0,149.0
2.414414414414414,0.7364887771624951,1.0,0.0,3.0,"[14, 5]",30.0,67.0,124.0
2.4054054054054053,0.7772602815724061,1.0,0.0,5.0,"[14, 5]",37.0,55.0,129.0
2.369369369369369,0.777836981466073,5.0,0.0,3.0,"[5, 14]",26.0,73.0,118.0
2.477477477477477,0.663827471000671,0.0,1.0,3.0,"[14, 5, 17]",21.0,74.0,127.0
2.3783783783783785,0.7850878736193457,4.0,1.0,4.0,"[5, 17, 14]",30.0,66.0,122.0
2.36036036036036,0.7645161459551485,2.0,0.0,3.0,"[17, 5, 14]",33.0,70.0,117.0
2.427927927927928,0.7620728069600071,3.0,1.0,2.0,"[5, 14, 17]",28.0,62.0,129.0
2.45945945945946,0.7280269472386228,1.0,0.0,5.0,"[14, 17, 5]",28.0,61.0,132.0
2.5045045045045047,0.7038854528606544,2.0,0.0,2.0,"[5, 17, 14]",21.0,62.0,137.0
2.346846846846846,0.7559501312073208,2.0,0.0,3.0,"[14, 5, 17]",32.0,75.0,113.0
2.369369369369369,0.7836326585153964,1.0,0.0,4.0,"[14, 5, 17]",39.0,59.0,123.0
2.472972972972973,0.7825524944091953,4.0,0.0,3.0,"[14, 5]",28.0,49.0,141.0
2.558558558558558,0.7078702323068459,4.0,1.0,2.0,"[14, 5]",16.0,54.0,148.0
2.5315315315315314,0.7159440790596918,3.0,0.0,4.0,"[17, 14, 5]",20.0,55.0,144.0
2.5045045045045047,0.664195820684617,2.0,1.0,2.0,"[5, 14]",15.0,74.0,131.0
2.3963963963963963,0.8103323632877315,6.0,0.0,1.0,"[5, 14]",28.0,60.0,128.0
2.36036036036036,0.6766004026358012,0.0,0.0,1.0,"[5, 14]",25.0,92.0,105.0
2.391891891891892,0.7517864257145856,2.0,0.0,3.0,"[14, 5]",30.0,69.0,121.0
2.414414414414414,0.6722484520843064,1.0,1.0,2.0,"[14, 17, 5]",20.0,87.0,114.0
2.477477477477477,0.7349928044323726,6.0,0.0,2.0,"[5, 14]",14.0,70.0,132.0
2.45945945945946,0.7819662394927889,5.0,0.0,3.0,"[14, 5, 17]",25.0,55.0,137.0
2.4324324324324325,0.6875969252498596,2.0,0.0,5.0,"[5, 14]",19.0,82.0,119.0
2.427927927927928,0.8248045067894098,8.0,1.0,1.0,"[5, 14, 29]",24.0,55.0,135.0
2.436936936936937,0.7264153515540407,1.0,0.0,2.0,"[17, 14, 5]",28.0,66.0,127.0
2.445945945945946,0.7753304691752118,3.0,0.0,4.0,"[14, 5]",30.0,54.0,135.0
2.4864864864864864,0.7653688060790177,2.0,0.0,2.0,"[14, 17, 5]",31.0,46.0,143.0
2.3828828828828827,0.7321169792385565,1.0,0.0,2.0,"[5, 14]",30.0,74.0,117.0
2.5135135135135136,0.782904036639095,7.0,0.0,4.0,"[5, 14]",19.0,49.0,147.0
2.5135135135135136,0.7771029255060962,6.0,0.0,1.0,"[14, 5, 32]",21.0,48.0,147.0
2.527027027027027,0.6969157581278157,2.0,0.0,2.0,"[14, 17, 5, 26]",20.0,59.0,141.0
2.4504504504504503,0.7756327294653673,4.0,0.0,3.0,"[5, 14]",27.0,56.0,135.0
2.3828828828828827,0.808481496456733,6.0,1.0,2.0,"[5, 14]",28.0,63.0,125.0
2.414414414414414,0.748675675040681,5.0,0.0,2.0,"[14, 5, 17]",20.0,75.0,122.0
2.346846846846846,0.7910494569913453,3.0,1.0,3.0,"[5, 14, 17]",35.0,66.0,118.0
2.4324324324324325,0.7260083843503446,2.0,0.0,1.0,"[5, 14]",25.0,70.0,125.0
2.418918918918919,0.7183457005038105,3.0,0.0,1.0,"[14, 5, 26, 17]",21.0,78.0,120.0
2.418918918918919,0.730835202315558,4.0,1.0,3.0,"[14, 17, 5, 26]",20.0,77.0,121.0
2.4054054054054053,0.7536142582829702,1.0,0.0,3.0,"[14, 5]",33.0,63.0,125.0
2.4324324324324325,0.8029540665383836,6.0,1.0,1.0,"[5, 14]",26.0,56.0,134.0
2.3828828828828827,0.7623936909941407,2.0,1.0,3.0,"[14, 5, 17]",32.0,67.0,121.0
2.3873873873873874,0.7140626380520981,2.0,0.0,1.0,"[17, 14, 5]",24.0,82.0,114.0
2.509009009009009,0.6641497881464249,2.0,0.0,2.0,"[5, 14, 17]",15.0,73.0,132.0
2.391891891891892,0.8532753116612025,7.0,0.0,2.0,"[14, 5, 17]",33.0,48.0,134.0
2.418918918918919,0.6926914539747735,0.0,0.0,2.0,"[5, 14]",26.0,77.0,119.0
2.3423423423423424,0.7786227020423082,2.0,0.0,1.0,"[14, 5, 29]",36.0,68.0,116.0
2.495495495495496,0.7713638843380377,6.0,2.0,3.0,"[14, 5]",20.0,54.0,142.0
2.4054054054054053,0.7292018618083521,1.0,0.0,4.0,"[14, 17, 5]",29.0,71.0,121.0
2.445945945945946,0.7516237365922058,4.0,0.0,3.0,"[14, 17, 5]",23.0,65.0,130.0
2.3873873873873874,0.7266257623930173,4.0,0.0,3.0,"[17, 14, 5]",20.0,84.0,114.0
2.5855855855855854,0.7051005957365422,4.0,1.0,3.0,"[14, 17, 5]",16.0,48.0,154.0
2.2612612612612613,0.798320768288509,3.0,2.0,3.0,"[14, 5, 17]",40.0,75.0,104.0
2.3828828828828827,0.7564353021323195,3.0,0.0,2.0,"[5, 14]",28.0,72.0,119.0
2.3963963963963963,0.7341603913096583,1.0,0.0,2.0,"[5, 14]",30.0,71.0,120.0
2.324324324324324,0.8201331109503769,3.0,0.0,3.0,"[5, 17, 14]",41.0,59.0,119.0
2.418918918918919,0.772960871734925,1.0,1.0,2.0,"[5, 14, 17]",36.0,54.0,131.0
2.5045045045045047,0.7291459564253737,4.0,1.0,2.0,"[17, 14, 5]",19.0,60.0,139.0
2.5045045045045047,0.7353255058320288,3.0,0.0,1.0,"[5, 26, 17, 14]",23.0,55.0,141.0
2.45945945945946,0.7027262204322279,1.0,0.0,4.0,"[14, 5]",24.0,69.0,128.0
2.3783783783783785,0.7676025325890851,1.0,0.0,2.0,"[14, 5]",36.0,63.0,122.0
2.3423423423423424,0.8071568502552311,1.0,0.0,4.0,"[14, 5]",44.0,55.0,122.0
2.5225225225225225,0.7349928044323726,3.0,1.0,2.0,"[14, 17, 5, 26]",23.0,51.0,145.0
2.4324324324324325,0.7505246625991862,1.0,0.0,3.0,"[5, 14]",32.0,59.0,130.0
2.490990990990991,0.7535195907699591,3.0,0.0,2.0,"[5, 14]",26.0,52.0,141.0
2.3423423423423424,0.8071568502552311,7.0,0.0,3.0,"[5, 14, 17]",26.0,73.0,116.0
2.418918918918919,0.7370005879911349,2.0,1.0,2.0,"[5, 14]",27.0,69.0,124.0
2.490990990990991,0.7829691197310449,6.0,0.0,3.0,"[17, 14, 5]",22.0,51.0,143.0
2.4504504504504503,0.7458935998114041,2.0,0.0,3.0,"[5, 14, 17]",28.0,60.0,132.0
2.40990990990991,0.7601446581732407,2.0,0.0,1.0,"[17, 5, 14]",31.0,63.0,126.0
2.355855855855856,0.7927482050973127,2.0,1.0,3.0,"[5, 14, 17]",38.0,61.0,121.0
2.3828828828828827,0.7259101167043567,1.0,0.0,1.0,"[5, 14, 29]",29.0,76.0,116.0
2.481981981981982,0.7711656802926413,3.0,1.0,3.0,"[5, 14]",29.0,48.0,142.0
2.414414414414414,0.7303190707702018,0.0,0.0,2.0,"[14, 5, 29]",32.0,66.0,124.0
2.5495495495495497,0.7872138708948209,8.0,0.0,2.0,"[5, 17, 26, 14]",17.0,42.0,155.0
2.4234234234234235,0.8243966618688143,9.0,2.0,2.0,"[17, 5, 14, 26]",21.0,59.0,133.0
2.472972972972973,0.7286566013597549,2.0,0.0,3.0,"[5, 14]",25.0,61.0,134.0
2.400900900900901,0.8274690731731357,6.0,1.0,1.0,"[5, 17, 14]",31.0,53.0,132.0
2.4504504504504503,0.6956716698230324,2.0,0.0,3.0,"[5, 14]",20.0,76.0,124.0
2.391891891891892,0.8317930406464686,5.0,1.0,2.0,"[14, 5, 17, 29]",35.0,50.0,132.0
2.4054054054054053,0.710342195000268,1.0,0.0,1.0,"[17, 5, 14]",26.0,77.0,118.0
2.477477477477477,0.6839709295884694,0.0,0.0,1.0,"[5, 14, 17]",24.0,68.0,130.0
2.436936936936937,0.7919764985689902,3.0,0.0,5.0,"[14, 5]",33.0,50.0,136.0
2.3828828828828827,0.7564353021323195,4.0,0.0,3.0,"[5, 14]",25.0,75.0,118.0
2.481981981981982,0.6639656260794368,0.0,0.0,2.0,"[14, 17, 5]",21.0,73.0,128.0
2.351351351351352,0.732548377148171,0.0,0.0,2.0,"[5, 17, 14]",34.0,76.0,112.0
2.45945945945946,0.7342159148787533,1.0,0.0,2.0,"[5, 14]",29.0,59.0,133.0
2.4414414414414414,0.7750017916742936,5.0,0.0,4.0,"[14, 5]",24.0,61.0,132.0
2.355855855855856,0.7517321999192387,1.0,1.0,2.0,"[5, 14]",34.0,72.0,115.0
2.427927927927928,0.7317828190997816,0.0,1.0,3.0,"[14, 17, 5]",32.0,63.0,127.0
2.5045045045045047,0.7414535543665464,3.0,0.0,2.0,"[14, 17, 5]",24.0,53.0,142.0
2.4324324324324325,0.7624872567334712,3.0,0.0,2.0,"[5, 14, 17]",28.0,61.0,130.0
2.373873873873874,0.7428953644233875,2.0,0.0,2.0,"[17, 14, 5]",29.0,75.0,116.0
2.427927927927928,0.802560514476944,3.0,1.0,4.0,"[5, 14, 17]",35.0,48.0,136.0
2.3783783783783785,0.7557209144425375,2.0,1.0,2.0,"[14, 5, 17]",31.0,70.0,119.0
2.333333333333333,0.8490967607997355,5.0,0.0,3.0,"[5, 14, 26]",40.0,53.0,124.0
2.3963963963963963,0.804729001115173,4.0,2.0,1.0,"[5, 14]",33.0,56.0,129.0
2.3783783783783785,0.7965315541869376,4.0,0.0,2.0,"[14, 17, 5]",32.0,62.0,124.0
2.400900900900901,0.8108981106101061,5.0,0.0,2.0,"[5, 14]",31.0,56.0,130.0
2.472972972972973,0.7470540569276879,4.0,1.0,2.0,"[5, 17, 14]",22.0,61.0,135.0
2.4504504504504503,0.7986270882211047,8.0,0.0,2.0,"[14, 5]",19.0,60.0,135.0
2.4504504504504503,0.6554848813362742,0.0,0.0,4.0,"[17, 14, 5]",20.0,82.0,120.0
2.400900900900901,0.7708484478167204,4.0,0.0,1.0,"[14, 5]",27.0,67.0,124.0
2.3963963963963963,0.7761055962029545,3.0,0.0,6.0,"[14, 5]",31.0,63.0,125.0
2.3963963963963963,0.8377872091227943,7.0,0.0,3.0,"[14, 5, 26, 28, 8]",30.0,53.0,132.0
2.414414414414414,0.7240967969650156,2.0,0.0,3.0,"[5, 14, 17]",25.0,74.0,121.0
2.364864864864865,0.8056529516413647,3.0,0.0,4.0,"[17, 14, 5]",37.0,58.0,124.0
2.3963963963963963,0.764356166290448,3.0,0.0,3.0,"[14, 5, 17, 26]",29.0,67.0,123.0
2.310810810810811,0.805956484835384,2.0,1.0,2.0,"[5, 14, 26]",42.0,63.0,115.0
2.3828828828828827,0.768305872568553,3.0,0.0,4.0,"[5, 14]",30.0,68.0,121.0
2.5135135135135136,0.7943791777841999,10.0,0.0,3.0,"[14, 5]",12.0,54.0,146.0
2.603603603603604,0.6764196303826832,3.0,0.0,2.0,"[17, 5, 14]",15.0,49.0,155.0
2.4864864864864864,0.7712581818525344,4.0,0.0,2.0,"[5, 14]",26.0,50.0,142.0
2.427927927927928,0.7501036032419736,2.0,0.0,4.0,"[5, 17, 14]",29.0,63.0,128.0
2.4504504504504503,0.7872138708948211,6.0,2.0,3.0,"[14, 5, 17]",23.0,58.0,135.0
2.31981981981982,0.7853085187686725,7.0,0.0,2.0,"[14, 17, 5]",23.0,84.0,108.0
2.333333333333333,0.7649958842149164,1.0,0.0,1.0,"[14, 5]",37.0,71.0,113.0
2.4234234234234235,0.6866476969453503,1.0,0.0,2.0,"[5, 14, 26, 17]",22.0,81.0,118.0
2.5045045045045047,0.7772078330901727,5.0,0.0,3.0,"[5, 14, 29, 26]",24.0,47.0,146.0
2.3873873873873874,0.8311924724003723,6.0,0.0,1.0,"[5, 14]",32.0,54.0,130.0
2.3963963963963963,0.721728434147248,3.0,1.0,2.0,"[5, 17, 14]",22.0,81.0,116.0
2.5315315315315314,0.72223659426554,6.0,0.0,2.0,"[14, 17, 5]",12.0,62.0,142.0
2.481981981981982,0.7227020938228721,5.0,1.0,2.0,"[14, 5, 17, 26]",15.0,70.0,132.0
2.599099099099099,0.6903334489056123,4.0,0.0,3.0,"[14, 17, 5]",14.0,49.0,155.0
2.391891891891892,0.7813012854635483,2.0,0.0,4.0,"[14, 5]",35.0,59.0,126.0
2.554054054054054,0.6821955218972142,1.0,0.0,3.0,"[14, 5, 26]",21.0,54.0,146.0
2.3963963963963963,0.8377872091227943,10.0,0.0,1.0,"[5, 17, 14]",21.0,62.0,129.0
2.3963963963963963,0.7090785465273408,1.0,0.0,1.0,"[14, 5]",26.0,79.0,116.0
2.468468468468469,0.7823831770001496,6.0,0.0,3.0,"[5, 29, 14, 32]",22.0,56.0,138.0
2.5855855855855854,0.6855782441421681,4.0,0.0,2.0,"[5, 14]",13.0,54.0,151.0
2.3873873873873874,0.7389753352342323,2.0,0.0,2.0,"[5, 17, 14]",28.0,74.0,118.0
2.310810810810811,0.8003224860595586,3.0,0.0,2.0,"[5, 14]",38.0,68.0,113.0
2.3873873873873874,0.7266257623930175,1.0,0.0,4.0,"[14, 5, 17]",29.0,75.0,117.0
2.5045045045045047,0.8113881058720658,8.0,0.0,2.0,"[5, 14]",21.0,44.0,149.0
2.45945945945946,0.7091360339445602,3.0,0.0,2.0,"[5, 14]",19.0,73.0,127.0
2.518018018018018,0.7100695521599636,2.0,1.0,3.0,"[14, 5, 26]",22.0,57.0,141.0
2.414414414414414,0.8068537686310826,4.0,0.0,2.0,"[14, 26, 5]",33.0,52.0,133.0
2.436936936936937,0.7264153515540407,3.0,1.0,1.0,"[14, 5]",22.0,72.0,125.0
2.369369369369369,0.7778369814660729,3.0,0.0,3.0,"[5, 14, 26]",32.0,67.0,120.0
2.545045045045045,0.695979239657449,3.0,0.0,2.0,"[17, 14, 5, 32]",17.0,58.0,144.0
2.414414414414414,0.7114890187934615,1.0,0.0,2.0,"[14, 5]",26.0,75.0,120.0
2.5225225225225225,0.7768930678394271,9.0,1.0,2.0,"[5, 14]",12.0,55.0,146.0
2.436936936936937,0.7010564655937181,2.0,1.0,4.0,"[14, 5, 17]",21.0,77.0,122.0
2.3783783783783785,0.7497094949180043,2.0,1.0,4.0,"[17, 14, 5]",30.0,72.0,118.0
2.3963963963963963,0.7402980845062391,3.0,0.0,2.0,"[14, 17, 5]",25.0,75.0,119.0
2.554054054054054,0.7082300651054266,4.0,0.0,3.0,"[5, 14]",16.0,55.0,147.0
2.4864864864864864,0.70376961554351,1.0,1.0,3.0,"[17, 5, 14, 29]",24.0,63.0,134.0
2.536036036036036,0.8049949037575447,8.0,1.0,2.0,"[5, 14, 17]",20.0,39.0,155.0
2.355855855855856,0.7517321999192387,2.0,1.0,2.0,"[17, 5, 14]",31.0,75.0,114.0
2.477477477477477,0.7099403690062562,1.0,0.0,1.0,"[17, 14, 5]",25.0,63.0,133.0
2.369369369369369,0.7235899432243009,2.0,1.0,3.0,"[14, 5]",26.0,82.0,112.0
2.3963963963963963,0.7702532847718907,4.0,0.0,1.0,"[14, 5]",27.0,68.0,123.0
2.463963963963964,0.8380426227880985,10.0,0.0,1.0,"[14, 5, 17]",20.0,49.0,143.0
2.608108108108108,0.6823747640237694,3.0,1.0,3.0,"[14, 5, 17]",16.0,46.0,157.0
2.4864864864864864,0.7712581818525346,8.0,0.0,2.0,"[5, 14]",14.0,62.0,138.0
2.418918918918919,0.7183457005038105,2.0,0.0,4.0,"[5, 14]",24.0,75.0,121.0
2.5765765765765765,0.69970322797002,3.0,0.0,3.0,"[5, 17, 14]",18.0,49.0,152.0
2.445945945945946,0.8151599552977604,9.0,2.0,1.0,"[17, 14, 5]",19.0,58.0,136.0
2.3783783783783785,0.7313788385667449,1.0,1.0,3.0,"[14, 5]",30.0,75.0,116.0
2.418918918918919,0.7670845686608219,3.0,0.0,3.0,"[14, 5]",29.0,62.0,128.0
2.5315315315315314,0.6769618023246906,2.0,0.0,3.0,"[14, 5, 17]",17.0,64.0,139.0
2.4414414414414414,0.7014488520416096,4.0,1.0,3.0,"[5, 14, 26, 17]",15.0,82.0,121.0
2.495495495495496,0.5997567210244557,0.0,1.0,1.0,"[14, 5]",12.0,88.0,122.0
2.472972972972973,0.7709013289615874,3.0,0.0,3.0,"[5, 14, 17]",29.0,50.0,140.0
2.4504504504504503,0.7336604900962727,3.0,0.0,2.0,"[14, 5, 17, 26]",23.0,67.0,129.0
2.3423423423423424,0.724434502446398,0.0,0.0,4.0,"[17, 14, 5]",33.0,80.0,109.0
2.373873873873874,0.7489614784736355,2.0,0.0,2.0,"[14, 5]",30.0,73.0,117.0
2.454954954954955,0.7582116060775659,3.0,0.0,2.0,"[5, 14]",27.0,58.0,134.0
2.3873873873873874,0.7689820640709552,3.0,0.0,2.0,"[5, 14]",30.0,67.0,122.0
2.3423423423423424,0.7550193488335517,2.0,0.0,1.0,"[5, 14, 17]",32.0,76.0,112.0
2.3423423423423424,0.760988824404601,2.0,1.0,3.0,"[17, 5, 14]",33.0,74.0,113.0
2.400900900900901,0.810898110610106,8.0,0.0,2.0,"[5, 14]",22.0,65.0,127.0
2.418918918918919,0.8562798114915806,7.0,0.0,2.0,"[14, 5, 17]",33.0,42.0,140.0
2.5405405405405403,0.7280269472386229,4.0,0.0,3.0,"[14, 26, 17, 5]",19.0,52.0,147.0
2.400900900900901,0.7160721791136297,1.0,0.0,3.0,"[5, 17, 14, 26]",27.0,76.0,118.0
2.4234234234234235,0.6597620515744516,0.0,0.0,3.0,"[14, 5, 17, 32]",21.0,86.0,115.0
2.572072072072072,0.6533825902652676,1.0,1.0,3.0,"[5, 14]",17.0,58.0,146.0
2.45945945945946,0.7934549434075043,4.0,1.0,2.0,"[14, 17, 5]",30.0,48.0,140.0
2.5045045045045047,0.7713638843380379,6.0,0.0,3.0,"[5, 14, 17]",20.0,52.0,144.0
2.4414414414414414,0.7452374845108669,3.0,1.0,2.0,"[5, 14]",25.0,65.0,129.0
2.391891891891892,0.7637292566086653,2.0,0.0,3.0,"[17, 5, 14, 29]",32.0,65.0,123.0
2.3783783783783785,0.7188987814650465,2.0,2.0,2.0,"[17, 14, 26, 5]",25.0,82.0,113.0
2.4864864864864864,0.716513237333109,2.0,0.0,3.0,"[5, 17, 14]",23.0,62.0,135.0
2.5855855855855854,0.6855782441421681,2.0,0.0,2.0,"[14, 5]",19.0,48.0,153.0
2.477477477477477,0.7710467334093962,3.0,0.0,3.0,"[17, 5, 14, 26]",29.0,49.0,141.0
2.346846846846846,0.773698857527484,3.0,0.0,2.0,"[14, 5, 17]",32.0,72.0,115.0
2.527027027027027,0.7709013289615874,8.0,1.0,2.0,"[14, 5]",14.0,53.0,147.0
2.4234234234234235,0.7964803747250547,4.0,1.0,4.0,"[14, 5]",31.0,54.0,133.0
2.626126126126126,0.6163990761870849,2.0,1.0,2.0,"[5, 14]",10.0,57.0,153.0
2.5495495495495497,0.7697768230222573,7.0,0.0,1.0,"[5, 14, 26]",17.0,45.0,153.0
2.463963963963964,0.7344518432189718,3.0,0.0,2.0,"[14, 5]",23.0,64.0,132.0
2.400900900900901,0.7530325412852215,1.0,0.0,4.0,"[17, 14, 5]",33.0,64.0,124.0
2.445945945945946,0.8039814706880594,3.0,0.0,3.0,"[5, 26, 14]",35.0,44.0,140.0
2.4324324324324325,0.7070635423213598,2.0,0.0,1.0,"[14, 5]",22.0,76.0,122.0
2.391891891891892,0.7084027199263985,1.0,1.0,2.0,"[5, 14]",26.0,80.0,115.0
2.3963963963963963,0.7279709516267078,4.0,1.0,1.0,"[5, 14]",20.0,82.0,116.0
2.427927927927928,0.7501036032419736,5.0,0.0,1.0,"[14, 5, 17]",20.0,72.0,125.0
2.477477477477477,0.7288104340716506,6.0,1.0,1.0,"[14, 17, 5]",13.0,72.0,131.0
2.36036036036036,0.7585744285635114,2.0,1.0,2.0,"[5, 14]",32.0,72.0,116.0
2.5225225225225225,0.7035378836914778,2.0,0.0,4.0,"[14, 5]",21.0,58.0,141.0
2.364864864864865,0.7593935003956738,2.0,0.0,3.0,"[17, 14, 5]",32.0,71.0,117.0
2.545045045045045,0.733952140516054,4.0,0.0,2.0,"[14, 17, 5]",20.0,49.0,149.0
2.481981981981982,0.7999658587961695,10.0,0.0,3.0,"[5, 14, 17]",13.0,59.0,140.0
2.45945945945946,0.728026947238623,3.0,0.0,3.0,"[14, 5]",22.0,67.0,130.0
2.490990990990991,0.7352839263897711,4.0,1.0,2.0,"[5, 14]",20.0,61.0,137.0
2.2972972972972974,0.7621664120919847,4.0,1.0,3.0,"[14, 5]",29.0,86.0,103.0
2.472972972972973,0.7033785237569629,2.0,0.0,2.0,"[5, 14]",21.0,69.0,130.0
2.3873873873873874,0.7978610678815624,4.0,0.0,2.0,"[14, 5]",32.0,60.0,126.0
2.414414414414414,0.7546953293570031,3.0,0.0,2.0,"[5, 14, 26]",27.0,67.0,125.0
2.400900900900901,0.7469994876027846,3.0,1.0,2.0,"[5, 14, 26]",26.0,72.0,121.0
2.310810810810811,0.8171079506157803,5.0,0.0,2.0,"[5, 14]",35.0,68.0,114.0
2.490990990990991,0.7352839263897711,3.0,0.0,4.0,"[14, 5]",23.0,58.0,138.0
2.4324324324324325,0.8141466578460169,4.0,1.0,2.0,"[14, 5]",34.0,46.0,138.0
2.373873873873874,0.801493144099386,5.0,0.0,1.0,"[5, 14, 17]",30.0,64.0,123.0
2.454954954954955,0.7400915607705263,3.0,0.0,2.0,"[5, 14, 17]",24.0,64.0,131.0
2.391891891891892,0.7927996254907699,3.0,1.0,2.0,"[5, 14, 17]",34.0,58.0,127.0
2.3378378378378377,0.7949562786069817,1.0,0.0,2.0,"[14, 5, 17]",42.0,60.0,119.0
2.3018018018018016,0.8037786307414235,6.0,0.0,3.0,"[5, 14, 29]",30.0,77.0,109.0
2.418918918918919,0.7183457005038106,3.0,0.0,1.0,"[5, 14, 17]",21.0,78.0,120.0
2.369369369369369,0.7950972839868216,3.0,0.0,3.0,"[14, 17, 5]",35.0,61.0,123.0
2.436936936936937,0.7074814073220668,1.0,0.0,3.0,"[17, 14, 5]",25.0,72.0,124.0
2.4324324324324325,0.8196856435472658,7.0,0.0,2.0,"[5, 14]",26.0,53.0,136.0
2.603603603603604,0.6696967542189447,3.0,1.0,2.0,"[5, 14]",14.0,51.0,154.0
2.400900900900901,0.7708484478167205,2.0,0.0,2.0,"[5, 14, 17]",33.0,61.0,126.0
2.608108108108108,0.7210644639076534,5.0,1.0,2.0,"[14, 5]",16.0,40.0,161.0
2.3783783783783785,0.8353507844642578,5.0,0.0,3.0,"[14, 5]",36.0,51.0,130.0
2.373873873873874,0.7901213277256897,3.0,0.0,3.0,"[5, 14]",34.0,62.0,123.0
2.351351351351352,0.7745808809620929,6.0,0.0,1.0,"[14, 5, 17]",23.0,80.0,113.0
2.4864864864864864,0.7165132373331089,2.0,0.0,5.0,"[5, 29, 14]",23.0,62.0,135.0
2.3423423423423424,0.7669118362786903,1.0,1.0,1.0,"[5, 14]",37.0,69.0,115.0
2.40990990990991,0.7719581911351322,1.0,1.0,3.0,"[14, 5]",36.0,56.0,129.0
2.3828828828828827,0.7564353021323195,5.0,1.0,1.0,"[14, 29, 26, 5]",22.0,78.0,117.0
2.5225225225225225,0.7288104340716507,5.0,0.0,4.0,"[5, 14, 17]",16.0,59.0,142.0
2.3828828828828827,0.7382716607354267,1.0,0.0,3.0,"[5, 14]",31.0,72.0,118.0
2.477477477477477,0.7592190181956642,5.0,1.0,2.0,"[14, 5, 17, 29]",21.0,59.0,137.0
2.518018018018018,0.7711656802926414,7.0,0.0,2.0,"[5, 14, 26]",17.0,52.0,146.0
2.554054054054054,0.7576199675064575,6.0,1.0,3.0,"[14, 5]",18.0,45.0,153.0
2.477477477477477,0.7592190181956643,3.0,1.0,1.0,"[14, 5, 26]",27.0,53.0,139.0
2.481981981981982,0.7351175851027342,1.0,0.0,3.0,"[5, 14]",29.0,54.0,138.0
2.454954954954955,0.7582116060775659,2.0,0.0,4.0,"[5, 14]",30.0,55.0,135.0
2.445945945945946,0.7869160590194904,6.0,0.0,2.0,"[5, 17, 14, 8]",23.0,59.0,134.0
2.563063063063063,0.6880266131767316,2.0,0.0,4.0,"[5, 14]",19.0,53.0,148.0
2.509009009009009,0.7474904681121161,7.0,1.0,2.0,"[5, 17, 14]",13.0,62.0,140.0
2.445945945945946,0.7694722624473205,2.0,0.0,2.0,"[14, 5]",32.0,53.0,135.0
2.31981981981982,0.7559501312073209,3.0,1.0,2.0,"[5, 29, 14, 17]",30.0,82.0,107.0
2.3828828828828827,0.8520801136971612,4.0,1.0,2.0,"[5, 14]",42.0,41.0,135.0
2.4234234234234235,0.6866476969453503,0.0,0.0,2.0,"[14, 5, 32, 29]",25.0,78.0,119.0
2.346846846846846,0.8409561268028238,7.0,0.0,1.0,"[5, 14, 29]",32.0,60.0,123.0
2.490990990990991,0.8057541420774899,8.0,0.0,2.0,"[14, 26, 5]",20.0,49.0,145.0
2.477477477477477,0.7710467334093963,4.0,0.0,2.0,"[5, 17, 14, 26]",26.0,52.0,140.0
2.5045045045045047,0.7887658482262238,8.0,0.0,1.0,"[14, 5]",17.0,52.0,145.0
2.3828828828828827,0.7623936909941407,3.0,0.0,2.0,"[17, 5, 26, 14]",29.0,70.0,120.0
2.5315315315315314,0.6769618023246906,1.0,0.0,3.0,"[26, 14, 5]",20.0,61.0,140.0
2.509009009009009,0.777168494405654,4.0,0.0,2.0,"[17, 14, 5]",27.0,43.0,148.0
2.391891891891892,0.7273126802593831,2.0,1.0,3.0,"[17, 14, 5]",26.0,77.0,117.0
2.603603603603604,0.642101742396612,2.0,1.0,2.0,"[5, 14, 17, 29]",13.0,56.0,151.0
2.391891891891892,0.7457432910412645,2.0,0.0,3.0,"[14, 5, 29]",29.0,71.0,120.0
2.599099099099099,0.621339305952357,2.0,1.0,3.0,"[5, 14]",10.0,63.0,147.0
2.5225225225225225,0.716285628293906,2.0,1.0,4.0,"[5, 17, 14]",23.0,54.0,143.0
2.6621621621621623,0.561438690730072,1.0,0.0,3.0,"[5, 17, 14]",7.0,58.0,156.0
2.4504504504504503,0.721219915987482,1.0,0.0,3.0,"[14, 5]",27.0,65.0,129.0
2.463963963963964,0.6965061862423109,1.0,1.0,1.0,"[14, 5, 17]",23.0,70.0,128.0
2.635135135135135,0.6361861261342692,1.0,1.0,2.0,"[14, 17, 26, 5]",16.0,46.0,159.0
2.5045045045045047,0.6504279673442706,1.0,0.0,2.0,"[14, 5, 17]",16.0,75.0,130.0
2.3828828828828827,0.7564353021323195,5.0,0.0,1.0,"[17, 14, 5]",22.0,78.0,117.0
2.3963963963963963,0.7990863479500621,4.0,0.0,3.0,"[5, 14, 26]",32.0,58.0,128.0
2.3963963963963963,0.7279709516267078,1.0,0.0,3.0,"[17, 5, 14]",29.0,73.0,119.0
2.427927927927928,0.8193001285636817,6.0,0.0,2.0,"[5, 14, 32]",29.0,51.0,136.0
2.45945945945946,0.7819662394927889,6.0,0.0,3.0,"[5, 14, 17, 26]",22.0,58.0,136.0
2.355855855855856,0.7577275725160556,4.0,0.0,1.0,"[5, 14]",26.0,79.0,113.0
2.5405405405405403,0.7217849140498384,5.0,2.0,2.0,"[17, 14, 5]",15.0,57.0,145.0
2.4864864864864864,0.6572239005640826,0.0,0.0,2.0,"[14, 5, 17]",20.0,74.0,128.0
2.445945945945946,0.7455792832778909,3.0,0.0,3.0,"[14, 17, 5]",25.0,64.0,130.0
2.558558558558558,0.7014488520416097,3.0,0.0,3.0,"[17, 5, 14]",18.0,53.0,148.0
2.3783783783783785,0.7965315541869374,2.0,0.0,4.0,"[14, 5]",38.0,56.0,126.0
2.454954954954955,0.7215165951360961,2.0,0.0,6.0,"[5, 14]",24.0,67.0,129.0
2.3063063063063063,0.804880956238689,2.0,0.0,1.0,"[14, 5, 26]",42.0,64.0,114.0
2.333333333333333,0.7649958842149165,4.0,0.0,3.0,"[14, 5]",28.0,80.0,110.0
2.427927927927928,0.6871373065407169,0.0,0.0,3.0,"[17, 5, 29, 14]",25.0,77.0,120.0
2.3963963963963963,0.8103323632877314,6.0,1.0,2.0,"[14, 17, 5]",28.0,60.0,128.0
2.4054054054054053,0.7229699727575902,1.0,1.0,3.0,"[14, 5, 17]",28.0,73.0,120.0
2.3783783783783785,0.7676025325890851,1.0,0.0,2.0,"[14, 5, 17]",36.0,63.0,122.0
2.445945945945946,0.7576199675064575,3.0,0.0,2.0,"[14, 5]",27.0,60.0,132.0
2.45945945945946,0.8269639591613062,8.0,0.0,3.0,"[5, 17, 14]",24.0,48.0,142.0
2.283783783783784,0.8159097346646011,2.0,0.0,3.0,"[14, 5, 17, 26, 15]",45.0,63.0,112.0
2.45945945945946,0.7217849140498385,2.0,1.0,3.0,"[14, 5]",24.0,66.0,130.0
2.436936936936937,0.7509183430946437,2.0,0.0,5.0,"[5, 14]",29.0,61.0,130.0
2.414414414414414,0.7955585814023177,4.0,0.0,2.0,"[14, 17, 5]",31.0,56.0,131.0
2.3828828828828827,0.8140590297199426,3.0,0.0,3.0,"[5, 14]",38.0,52.0,129.0
2.5045045045045047,0.7166270147434861,3.0,0.0,3.0,"[14, 5]",20.0,61.0,138.0
2.4504504504504503,0.7398023306829731,3.0,0.0,1.0,"[14, 5]",24.0,65.0,130.0
2.3423423423423424,0.7958659644705466,2.0,1.0,3.0,"[14, 5, 17]",39.0,62.0,119.0
2.418918918918919,0.7787928370169254,3.0,1.0,4.0,"[14, 5, 17]",31.0,58.0,130.0
2.45945945945946,0.8378358653477749,10.0,1.0,3.0,"[14, 17, 5]",20.0,50.0,142.0
2.418918918918919,0.7903276728675162,2.0,0.0,2.0,"[14, 5]",36.0,51.0,133.0
2.490990990990991,0.7535195907699592,3.0,0.0,2.0,"[5, 14, 17]",26.0,52.0,141.0
2.3828828828828827,0.9135851384660548,12.0,0.0,1.0,"[14, 5]",30.0,41.0,139.0
2.427927927927928,0.78546423096824,3.0,0.0,2.0,"[14, 17, 5]",32.0,54.0,133.0
2.364864864864865,0.8332619919729471,7.0,0.0,1.0,"[5, 14]",30.0,60.0,125.0
2.5945945945945947,0.6710345680096235,2.0,0.0,2.0,"[5, 14]",17.0,50.0,153.0
2.3828828828828827,0.797209371872663,3.0,0.0,2.0,"[14, 5, 17]",35.0,58.0,126.0
2.373873873873874,0.7428953644233875,2.0,0.0,3.0,"[5, 14]",29.0,75.0,116.0
2.351351351351352,0.7745808809620928,5.0,0.0,1.0,"[14, 17, 5]",26.0,77.0,114.0
2.581081081081081,0.666049814493677,2.0,0.0,4.0,"[14, 5]",16.0,55.0,149.0
2.3828828828828827,0.7741729054797654,3.0,0.0,3.0,"[14, 17, 5]",31.0,66.0,122.0
2.355855855855856,0.7083451729953593,0.0,0.0,2.0,"[5, 17, 14]",30.0,83.0,109.0
2.391891891891892,0.7335076745486333,2.0,0.0,2.0,"[14, 5, 26]",27.0,75.0,118.0
2.5135135135135136,0.7534519638354583,3.0,0.0,5.0,"[17, 14, 5]",26.0,47.0,146.0
2.6171171171171173,0.7005329417744096,5.0,0.0,4.0,"[14, 5]",13.0,44.0,160.0
2.355855855855856,0.7984356520350697,2.0,0.0,5.0,"[14, 5, 17, 26]",39.0,59.0,122.0
2.5855855855855854,0.6855782441421681,2.0,0.0,2.0,"[5, 17, 14]",19.0,48.0,153.0
2.351351351351352,0.7976055642826448,2.0,0.0,2.0,"[14, 5]",39.0,60.0,121.0
2.481981981981982,0.6972081621677554,2.0,0.0,3.0,"[14, 5]",20.0,69.0,131.0
2.427927927927928,0.719309771112774,4.0,1.0,1.0,"[5, 29, 14]",18.0,79.0,121.0
2.373873873873874,0.7668719694345218,6.0,1.0,1.0,"[14, 5, 17]",21.0,79.0,116.0
2.518018018018018,0.7351175851027343,2.0,1.0,5.0,"[17, 5, 14]",26.0,49.0,145.0
2.391891891891892,0.7084027199263985,0.0,1.0,1.0,"[17, 5, 14]",29.0,77.0,116.0
2.369369369369369,0.78938578480206,5.0,0.0,2.0,"[29, 14, 17, 5]",28.0,69.0,120.0
2.518018018018018,0.7533572759283899,4.0,1.0,4.0,"[14, 17, 5]",23.0,49.0,146.0
2.3423423423423424,0.790160021544356,2.0,0.0,2.0,"[5, 14, 17]",38.0,64.0,118.0
2.572072072072072,0.7255730980224994,5.0,1.0,2.0,"[5, 14, 17]",16.0,48.0,153.0
2.509009009009009,0.735283926389771,4.0,1.0,2.0,"[14, 5, 17]",20.0,57.0,141.0
2.328828828828829,0.7757509731723241,4.0,0.0,2.0,"[5, 14]",30.0,77.0,111.0
2.558558558558558,0.647790322546766,0.0,0.0,3.0,"[17, 5, 14]",19.0,60.0,143.0
2.3828828828828827,0.8626355358258083,9.0,0.0,2.0,"[5, 14, 26, 10]",29.0,52.0,132.0
2.328828828828829,0.8320380459656691,6.0,0.0,2.0,"[14, 5]",34.0,63.0,119.0
2.477477477477477,0.741123603944052,3.0,0.0,4.0,"[14, 5]",24.0,59.0,136.0
2.4324324324324325,0.7800872630340163,5.0,0.0,1.0,"[5, 14]",25.0,61.0,131.0
2.4054054054054053,0.7229699727575903,3.0,0.0,1.0,"[14, 5, 17]",22.0,79.0,118.0
2.3828828828828827,0.7443754555334969,2.0,0.0,4.0,"[17, 14, 5, 26, 29]",29.0,73.0,118.0
2.3963963963963963,0.7761055962029545,3.0,0.0,2.0,"[5, 14]",31.0,63.0,125.0
2.545045045045045,0.721516595136096,5.0,0.0,2.0,"[14, 5, 17]",15.0,56.0,146.0
2.527027027027027,0.7883135037925647,8.0,0.0,2.0,"[14, 5, 17, 26]",17.0,47.0,150.0
2.481981981981982,0.7473268437829516,3.0,0.0,2.0,"[17, 5, 14]",25.0,56.0,138.0
2.3828828828828827,0.7504296053304116,1.0,0.0,4.0,"[5, 14]",33.0,68.0,120.0
2.2927927927927927,0.7668719694345218,2.0,1.0,1.0,"[14, 5]",36.0,79.0,105.0
2.4234234234234235,0.7251094415702296,1.0,0.0,2.0,"[14, 5]",28.0,69.0,124.0
2.4504504504504503,0.6691486958604506,0.0,2.0,3.0,"[14, 5, 17]",22.0,78.0,122.0
2.333333333333333,0.8109358130647646,4.0,1.0,4.0,"[5, 14, 17]",36.0,64.0,118.0
2.518018018018018,0.7533572759283899,6.0,1.0,2.0,"[14, 17, 5]",17.0,55.0,144.0
2.5765765765765765,0.7125195820066829,5.0,0.0,1.0,"[5, 14]",14.0,51.0,152.0
2.4324324324324325,0.7006347687093278,1.0,0.0,2.0,"[14, 17, 5]",24.0,75.0,122.0
2.373873873873874,0.7549788540039185,2.0,0.0,4.0,"[14, 5]",31.0,71.0,118.0
2.355855855855856,0.7456886257948165,1.0,1.0,2.0,"[14, 5]",33.0,74.0,114.0
2.454954954954955,0.7817185776309441,7.0,0.0,2.0,"[5, 14, 17]",19.0,62.0,134.0
2.400900900900901,0.810898110610106,5.0,0.0,2.0,"[14, 5]",31.0,56.0,130.0
2.558558558558558,0.6818219494585984,2.0,0.0,3.0,"[14, 5]",18.0,56.0,146.0
2.400900900900901,0.7766962747799834,5.0,1.0,1.0,"[14, 5]",25.0,68.0,124.0
2.436936936936937,0.7569201620723689,1.0,0.0,3.0,"[14, 5]",33.0,56.0,132.0
2.3783783783783785,0.7793030190808257,3.0,0.0,3.0,"[14, 5]",32.0,65.0,122.0
2.3963963963963963,0.7584131955540957,2.0,0.0,3.0,"[5, 14]",31.0,66.0,123.0
2.364864864864865,0.8223296174621291,4.0,2.0,2.0,"[14, 5]",37.0,55.0,126.0
2.346846846846846,0.8080275766787112,4.0,0.0,3.0,"[14, 5, 17]",35.0,63.0,120.0
2.391891891891892,0.8479557675579935,8.0,0.0,2.0,"[14, 5]",29.0,53.0,132.0
2.6171171171171173,0.6874931672386251,5.0,0.0,3.0,"[14, 5]",11.0,48.0,158.0
2.31981981981982,0.7559501312073209,2.0,1.0,3.0,"[14, 5, 17]",33.0,79.0,108.0
2.40990990990991,0.7893470530302836,4.0,0.0,2.0,"[14, 5]",30.0,59.0,129.0
2.454954954954955,0.71521774537628,3.0,0.0,4.0,"[14, 5, 17]",20.0,72.0,127.0
2.3828828828828827,0.744375455533497,1.0,0.0,3.0,"[5, 14, 17]",32.0,70.0,119.0
2.436936936936937,0.7509183430946437,2.0,1.0,3.0,"[14, 17, 5, 29]",29.0,61.0,130.0
2.463963963963964,0.6833895813973874,2.0,0.0,2.0,"[5, 17, 32, 14]",18.0,77.0,125.0
2.5405405405405403,0.7761581191682771,7.0,1.0,3.0,"[14, 5, 17]",18.0,45.0,152.0
2.333333333333333,0.7996982839794633,3.0,0.0,2.0,"[5, 14, 8]",37.0,65.0,117.0
2.364864864864865,0.7227584976389122,2.0,0.0,2.0,"[5, 14]",26.0,83.0,111.0
2.3963963963963963,0.764356166290448,2.0,0.0,1.0,"[5, 17, 14]",32.0,64.0,124.0
2.234234234234234,0.806702185118088,3.0,1.0,1.0,"[5, 17, 14]",43.0,75.0,101.0
2.391891891891892,0.7984867061723451,4.0,0.0,1.0,"[5, 14, 17]",32.0,59.0,127.0
2.45945945945946,0.7280269472386229,2.0,1.0,2.0,"[14, 17, 5]",25.0,64.0,131.0
2.545045045045045,0.6626750585738687,1.0,0.0,1.0,"[17, 14, 5, 29, 26]",18.0,62.0,141.0
2.436936936936937,0.6880266131767316,0.0,0.0,2.0,"[14, 17, 5]",25.0,75.0,122.0
2.3423423423423424,0.8454883779233977,7.0,0.0,1.0,"[14, 26, 5]",33.0,59.0,123.0
2.3423423423423424,0.7786227020423082,5.0,1.0,2.0,"[5, 14]",27.0,77.0,113.0
2.355855855855856,0.7577275725160556,1.0,1.0,2.0,"[5, 14, 17, 26]",35.0,70.0,116.0
2.454954954954955,0.733952140516054,2.0,0.0,3.0,"[14, 5]",26.0,63.0,131.0
2.414414414414414,0.8068537686310826,3.0,0.0,2.0,"[14, 5, 17]",36.0,49.0,134.0
2.445945945945946,0.7694722624473205,1.0,0.0,3.0,"[5, 14]",35.0,50.0,136.0
2.36036036036036,0.7525858023606357,3.0,0.0,2.0,"[14, 5, 17]",28.0,77.0,114.0
2.4324324324324325,0.7070635423213598,1.0,0.0,3.0,"[14, 5]",25.0,73.0,123.0
2.436936936936937,0.7746466633366657,6.0,0.0,1.0,"[5, 14, 17]",21.0,65.0,130.0
2.346846846846846,0.7795253016387538,2.0,0.0,3.0,"[17, 5, 14]",36.0,67.0,117.0
2.3873873873873874,0.8839562566844611,10.0,0.0,2.0,"[14, 17, 5]",30.0,46.0,136.0
2.45945945945946,0.70913603394456,3.0,1.0,1.0,"[14, 5]",19.0,73.0,127.0
2.414414414414414,0.7955585814023177,2.0,0.0,2.0,"[5, 17, 14]",37.0,50.0,133.0
2.490990990990991,0.690864701745259,4.0,1.0,1.0,"[14, 5]",13.0,75.0,130.0
2.427927927927928,0.7066165857853886,1.0,1.0,1.0,"[17, 14, 5]",25.0,74.0,122.0
2.463963963963964,0.7586953308346965,3.0,1.0,3.0,"[14, 17, 5]",27.0,56.0,136.0
2.5495495495495497,0.7872138708948209,7.0,1.0,2.0,"[14, 5]",20.0,39.0,156.0
2.373873873873874,0.7668719694345218,2.0,0.0,2.0,"[14, 17, 26, 5]",33.0,67.0,120.0
2.40990990990991,0.7777976746020018,3.0,0.0,2.0,"[5, 14, 17]",31.0,60.0,128.0
2.427927927927928,0.7620728069600071,4.0,1.0,1.0,"[5, 17, 14]",25.0,65.0,128.0
2.6666666666666665,0.6213885099044939,3.0,0.0,2.0,"[14, 17, 5]",9.0,47.0,163.0
2.414414414414414,0.7486756750406809,2.0,1.0,3.0,"[5, 14]",29.0,66.0,125.0
2.40990990990991,0.8447286592061114,6.0,0.0,3.0,"[5, 14, 26, 3]",34.0,45.0,137.0
2.5405405405405403,0.7761581191682771,6.0,0.0,2.0,"[14, 5]",21.0,42.0,153.0
2.4864864864864864,0.7352146220938077,3.0,0.0,3.0,"[14, 5, 26]",23.0,59.0,137.0
2.3873873873873874,0.7511218899724986,1.0,0.0,2.0,"[5, 14]",33.0,67.0,121.0
2.4054054054054053,0.7714167301493788,6.0,0.0,1.0,"[17, 5, 14, 26]",21.0,72.0,123.0
2.3018018018018016,0.798129258629767,2.0,0.0,1.0,"[5, 14]",41.0,67.0,112.0
2.5,0.7713770961302838,6.0,0.0,2.0,"[14, 5]",20.0,53.0,143.0
2.5135135135135136,0.6973104746141447,2.0,1.0,4.0,"[5, 14]",20.0,62.0,138.0
2.5675675675675675,0.7006347687093278,2.0,0.0,3.0,"[5, 14]",21.0,48.0,151.0
2.4504504504504503,0.7872138708948211,5.0,0.0,3.0,"[17, 14, 5]",26.0,55.0,136.0
2.333333333333333,0.7530731407734906,3.0,1.0,2.0,"[5, 14]",29.0,81.0,109.0
2.45945945945946,0.6561064887603014,0.0,0.0,3.0,"[14, 5]",20.0,80.0,122.0
2.4504504504504503,0.721219915987482,4.0,0.0,2.0,"[14, 5]",18.0,74.0,126.0
2.509009009009009,0.777168494405654,6.0,0.0,2.0,"[14, 17, 5, 26]",21.0,49.0,146.0
2.427927927927928,0.8411015370852022,10.0,0.0,2.0,"[14, 26, 5]",21.0,55.0,136.0
2.445945945945946,0.7576199675064574,5.0,1.0,4.0,"[14, 5, 29]",21.0,66.0,130.0
2.509009009009009,0.7228712920678522,3.0,0.0,3.0,"[17, 14, 5]",21.0,58.0,140.0
2.3783783783783785,0.7616848917246039,1.0,0.0,2.0,"[5, 17, 14]",35.0,65.0,121.0
2.346846846846846,0.7559501312073209,3.0,0.0,2.0,"[17, 14, 5]",29.0,78.0,112.0
2.4864864864864864,0.7771029255060963,5.0,0.0,2.0,"[5, 14, 17, 26]",24.0,51.0,142.0
2.5945945945945947,0.6710345680096235,4.0,0.0,2.0,"[5, 17, 14, 32]",11.0,56.0,151.0
2.472972972972973,0.7224200086857316,1.0,0.0,4.0,"[5, 17, 29, 14]",27.0,60.0,134.0
2.40990990990991,0.7420718159870678,1.0,0.0,3.0,"[5, 14]",31.0,66.0,124.0
2.45945945945946,0.7464399220115152,1.0,0.0,3.0,"[14, 5, 29, 26]",31.0,55.0,135.0
2.373873873873874,0.7367793080197771,1.0,2.0,2.0,"[14, 29, 5, 17]",31.0,74.0,116.0
2.4054054054054053,0.816995692522065,6.0,1.0,2.0,"[17, 5, 26, 14]",29.0,56.0,131.0
2.45945945945946,0.7584669436988465,4.0,2.0,2.0,"[14, 17, 5]",24.0,60.0,134.0
2.373873873873874,0.7117897538623869,0.0,0.0,2.0,"[5, 14]",30.0,79.0,113.0
2.400900900900901,0.7882617907576236,3.0,0.0,1.0,"[14, 5]",33.0,58.0,128.0
2.391891891891892,0.7457432910412646,1.0,0.0,2.0,"[5, 14]",32.0,68.0,121.0
2.5,0.7772209455425434,3.0,0.0,3.0,"[14, 5, 17]",30.0,42.0,147.0
2.31981981981982,0.7910494569913454,3.0,2.0,2.0,"[14, 5]",36.0,70.0,113.0
2.355855855855856,0.7984356520350698,2.0,0.0,2.0,"[17, 32, 5, 14]",39.0,59.0,122.0
2.4324324324324325,0.680984403534622,2.0,0.0,2.0,"[14, 5]",18.0,84.0,118.0
2.599099099099099,0.6635971486190197,2.0,0.0,3.0,"[5, 17, 14, 29]",16.0,51.0,153.0
2.4054054054054053,0.7166838966751345,2.0,0.0,3.0,"[17, 5, 14]",24.0,78.0,118.0
2.3828828828828827,0.7259101167043568,1.0,1.0,4.0,"[5, 17, 14]",29.0,76.0,116.0
2.545045045045045,0.6894471178259466,3.0,0.0,2.0,"[5, 14]",16.0,60.0,143.0
2.3828828828828827,0.8195986076270692,4.0,0.0,2.0,"[5, 14]",36.0,53.0,129.0
2.4504504504504503,0.7986270882211047,6.0,0.0,4.0,"[14, 17, 5, 26]",25.0,54.0,137.0
2.4414414414414414,0.7452374845108669,1.0,0.0,3.0,"[14, 5]",31.0,59.0,131.0
2.518018018018018,0.6972081621677554,3.0,0.0,4.0,"[5, 14, 17]",17.0,64.0,138.0
2.4234234234234235,0.7675494241701202,2.0,0.0,3.0,"[5, 14, 26, 17]",32.0,58.0,130.0
2.45945945945946,0.7154884264572533,1.0,2.0,2.0,"[17, 14, 5]",26.0,65.0,130.0
2.414414414414414,0.7426072263599132,2.0,0.0,2.0,"[14, 5]",28.0,68.0,124.0
2.6171171171171173,0.6397643618631812,2.0,0.0,3.0,"[17, 14, 5]",13.0,53.0,154.0
2.495495495495496,0.6974273847456754,3.0,0.0,4.0,"[5, 14]",17.0,69.0,133.0
2.45945945945946,0.6491732825969623,1.0,0.0,1.0,"[14, 5]",16.0,85.0,120.0
2.563063063063063,0.7628747639732993,7.0,0.0,2.0,"[17, 14, 5]",16.0,44.0,155.0
2.454954954954955,0.6894471178259466,2.0,0.0,5.0,"[14, 5]",19.0,77.0,124.0
2.427927927927928,0.7561118894398158,1.0,0.0,3.0,"[5, 14, 17]",33.0,58.0,130.0
2.3963963963963963,0.7154314494771545,2.0,0.0,1.0,"[5, 32, 14, 17]",24.0,80.0,116.0
2.5405405405405403,0.7819662394927889,7.0,0.0,4.0,"[17, 32, 5, 14]",19.0,43.0,153.0
2.5675675675675675,0.6941464581547018,2.0,0.0,3.0,"[14, 5]",20.0,50.0,150.0
2.477477477477477,0.741123603944052,6.0,1.0,2.0,"[14, 5, 17]",15.0,68.0,133.0
2.427927927927928,0.7620728069600071,1.0,1.0,4.0,"[14, 17, 5]",34.0,56.0,131.0
2.364864864864865,0.7413023453195233,1.0,0.0,1.0,"[17, 14, 5]",32.0,74.0,115.0
2.333333333333333,0.7767356373806175,3.0,0.0,2.0,"[17, 14, 5]",33.0,73.0,113.0
2.414414414414414,0.6921468793520016,1.0,0.0,1.0,"[17, 14, 5]",23.0,81.0,117.0
2.364864864864865,0.811249932045667,7.0,1.0,1.0,"[5, 14]",26.0,68.0,121.0
2.436936936936937,0.7010564655937181,1.0,0.0,4.0,"[14, 5, 17]",24.0,74.0,123.0
2.369369369369369,0.78938578480206,5.0,0.0,2.0,"[5, 17, 29, 14]",28.0,69.0,120.0
2.328828828828829,0.781562119177653,2.0,0.0,2.0,"[17, 5, 14]",37.0,69.0,114.0
2.3783783783783785,0.7313788385667449,2.0,0.0,3.0,"[14, 32, 17, 5]",27.0,78.0,115.0
2.3378378378378377,0.7358381257723062,1.0,1.0,2.0,"[17, 14, 5]",32.0,80.0,109.0
2.558558558558558,0.6949681419135958,3.0,0.0,4.0,"[14, 5, 17]",17.0,55.0,147.0
2.351351351351352,0.8088721677038644,4.0,1.0,1.0,"[14, 17, 5]",35.0,62.0,121.0
2.5315315315315314,0.7284747571823903,3.0,0.0,2.0,"[14, 5, 17]",22.0,51.0,146.0
2.477477477477477,0.7162856282939059,1.0,0.0,2.0,"[5, 14, 17]",26.0,61.0,134.0
2.4324324324324325,0.7383682832153002,2.0,0.0,2.0,"[14, 5]",27.0,66.0,127.0
2.4504504504504503,0.702145886515062,1.0,0.0,2.0,"[5, 29, 14]",24.0,71.0,126.0
2.2972972972972974,0.8138461792759574,3.0,0.0,1.0,"[5, 17, 28, 14]",41.0,65.0,113.0
2.5765765765765765,0.6866476969453504,2.0,0.0,2.0,"[5, 14, 17]",19.0,50.0,151.0
2.5,0.7595545253127499,3.0,0.0,4.0,"[14, 26, 5]",27.0,48.0,144.0
2.427927927927928,0.76798745879315,5.0,0.0,2.0,"[5, 14, 26]",23.0,66.0,128.0
2.4234234234234235,0.6932061983825661,1.0,1.0,2.0,"[5, 14]",23.0,79.0,119.0
2.495495495495496,0.7102848052045775,1.0,0.0,3.0,"[5, 14, 17]",25.0,59.0,137.0
2.40990990990991,0.742071815987068,1.0,0.0,2.0,"[14, 5, 29]",31.0,66.0,124.0
2.563063063063063,0.6747451911115275,3.0,1.0,2.0,"[14, 8, 5]",14.0,60.0,145.0
2.3828828828828827,0.7504296053304115,2.0,0.0,3.0,"[5, 17, 14]",30.0,71.0,119.0
2.5315315315315314,0.7588967918170579,5.0,1.0,2.0,"[14, 5]",21.0,47.0,149.0
2.5135135135135136,0.7829040366390949,6.0,1.0,2.0,"[5, 14, 17, 29]",22.0,46.0,148.0
2.45945945945946,0.7217849140498384,1.0,0.0,2.0,"[14, 5]",27.0,63.0,131.0
2.400900900900901,0.8274690731731358,5.0,2.0,3.0,"[5, 14, 17, 29]",34.0,50.0,133.0
2.355855855855856,0.8479076920523673,5.0,1.0,2.0,"[14, 5, 17]",39.0,50.0,128.0
2.391891891891892,0.7517864257145856,2.0,1.0,2.0,"[5, 14, 17]",30.0,69.0,121.0
2.5405405405405403,0.7091360339445603,3.0,0.0,5.0,"[14, 5, 26]",19.0,55.0,145.0
2.414414414414414,0.8068537686310826,3.0,0.0,3.0,"[5, 14]",36.0,49.0,134.0
2.351351351351352,0.7263452010626649,0.0,1.0,2.0,"[14, 5, 17]",33.0,78.0,111.0
2.418918918918919,0.6795012162596721,2.0,0.0,1.0,"[5, 14, 17]",18.0,87.0,115.0
2.369369369369369,0.7359904574426622,3.0,0.0,1.0,"[5, 14]",25.0,81.0,113.0
2.400900900900901,0.7708484478167205,3.0,1.0,2.0,"[5, 17, 14]",30.0,64.0,125.0
2.5675675675675675,0.7197488453560322,3.0,0.0,4.0,"[5, 14]",21.0,45.0,153.0
2.373873873873874,0.7609486472481084,2.0,0.0,2.0,"[14, 5, 17]",32.0,69.0,119.0
2.418918918918919,0.7431148231968829,2.0,1.0,2.0,"[14, 5]",28.0,67.0,125.0
2.563063063063063,0.7264153515540407,3.0,0.0,3.0,"[5, 14]",22.0,44.0,153.0
2.369369369369369,0.7421130151144872,1.0,0.0,1.0,"[5, 32, 14]",32.0,73.0,116.0
2.418918918918919,0.6991932666762044,1.0,0.0,2.0,"[14, 5, 17]",24.0,78.0,119.0
2.3783783783783785,0.8078131370105156,3.0,0.0,2.0,"[14, 29, 5]",37.0,55.0,127.0
2.5765765765765765,0.680025945067317,2.0,0.0,3.0,"[14, 26, 17, 5]",18.0,52.0,150.0
2.4324324324324325,0.7972988518835775,3.0,2.0,2.0,"[5, 14]",34.0,49.0,136.0
2.5045045045045047,0.6843284368502306,1.0,1.0,3.0,"[5, 14, 17]",21.0,65.0,135.0
2.4414414414414414,0.7808185133909296,7.0,0.0,1.0,"[14, 17, 5]",19.0,65.0,131.0
2.4054054054054053,0.7475858990990503,3.0,0.0,3.0,"[5, 14, 17, 29]",26.0,71.0,122.0
2.572072072072072,0.700183708430397,3.0,0.0,1.0,"[5, 14, 17]",18.0,50.0,151.0
2.3873873873873874,0.763075121535993,5.0,0.0,2.0,"[14, 5, 26]",23.0,75.0,119.0
2.477477477477477,0.6638274710006709,0.0,1.0,2.0,"[5, 17, 14]",21.0,74.0,127.0
2.490990990990991,0.7595008541336756,4.0,1.0,2.0,"[14, 17, 5]",24.0,53.0,141.0
2.427927927927928,0.7796821688193675,5.0,0.0,2.0,"[14, 5, 26]",25.0,62.0,130.0
2.509009009009009,0.7713242476034933,5.0,0.0,2.0,"[14, 5]",23.0,48.0,146.0
2.36036036036036,0.740463262021479,0.0,0.0,1.0,"[5, 14]",35.0,72.0,115.0
2.481981981981982,0.7942893688598864,8.0,0.0,1.0,"[5, 17, 14]",18.0,55.0,141.0
2.36036036036036,0.734326949422281,3.0,0.0,1.0,"[14, 17, 5]",25.0,83.0,111.0
2.36036036036036,0.7820704947081704,4.0,0.0,2.0,"[14, 5, 17]",30.0,70.0,118.0
2.445945945945946,0.7694722624473205,3.0,1.0,2.0,"[14, 5]",29.0,56.0,134.0
2.279279279279279,0.8890604239798672,12.0,1.0,2.0,"[14, 5]",29.0,66.0,115.0
2.5135135135135136,0.70376961554351,2.0,1.0,2.0,"[14, 5]",21.0,60.0,139.0
2.518018018018018,0.7412473525638603,6.0,0.0,2.0,"[14, 17, 5, 26]",15.0,59.0,142.0
2.454954954954955,0.6894471178259466,1.0,1.0,4.0,"[14, 5]",22.0,74.0,125.0
2.283783783783784,0.879946578030924,6.0,0.0,2.0,"[14, 5]",45.0,51.0,120.0
2.608108108108108,0.6823747640237694,3.0,0.0,4.0,"[5, 14, 17]",16.0,46.0,157.0
2.445945945945946,0.7145905113244179,1.0,0.0,3.0,"[14, 5, 17]",26.0,68.0,127.0
2.5765765765765765,0.6997032279700202,4.0,0.0,3.0,"[17, 14, 5]",15.0,52.0,151.0
2.5045045045045047,0.7414535543665464,4.0,1.0,1.0,"[14, 5, 17]",21.0,56.0,141.0
2.5,0.6363783273852205,0.0,1.0,4.0,"[26, 5, 14]",17.0,77.0,128.0
2.563063063063063,0.7687832459562145,6.0,0.0,2.0,"[14, 17, 5]",20.0,39.0,157.0
2.3873873873873874,0.8035123256035114,4.0,0.0,1.0,"[5, 14]",33.0,58.0,127.0
2.333333333333333,0.7883005758518677,1.0,0.0,2.0,"[5, 32, 14]",41.0,63.0,117.0
2.612612612612613,0.6405762559990062,1.0,0.0,2.0,"[14, 5, 26]",16.0,51.0,154.0
2.527027027027027,0.7650092059832256,8.0,0.0,2.0,"[17, 5, 14]",13.0,55.0,146.0
2.545045045045045,0.7759086034177545,8.0,0.0,2.0,"[5, 14, 32]",15.0,47.0,152.0
2.481981981981982,0.8111996811826327,7.0,0.0,2.0,"[17, 14, 5]",24.0,46.0,145.0
2.346846846846846,0.8136082217068156,5.0,0.0,2.0,"[5, 14, 17]",33.0,64.0,120.0
2.509009009009009,0.7228712920678522,4.0,1.0,4.0,"[5, 14, 17, 29]",18.0,61.0,139.0
2.495495495495496,0.7713638843380377,6.0,1.0,2.0,"[14, 26, 5]",20.0,54.0,142.0
2.4504504504504503,0.6758770235238049,1.0,0.0,1.0,"[14, 5]",20.0,79.0,122.0
2.355855855855856,0.787019658540595,2.0,0.0,2.0,"[17, 26, 5, 14]",37.0,63.0,120.0
2.481981981981982,0.7100695521599636,2.0,0.0,2.0,"[14, 5, 26]",22.0,65.0,133.0
2.3963963963963963,0.7702532847718906,2.0,1.0,3.0,"[14, 17, 5]",33.0,62.0,125.0
2.369369369369369,0.7109731770074275,0.0,0.0,2.0,"[14, 5, 17]",30.0,80.0,112.0
2.40990990990991,0.754168500796511,1.0,0.0,4.0,"[14, 5]",33.0,62.0,126.0
2.454954954954955,0.7215165951360961,1.0,0.0,2.0,"[5, 14, 17]",27.0,64.0,130.0
2.6171171171171173,0.6181821070228701,2.0,0.0,2.0,"[14, 5]",10.0,59.0,151.0
2.4324324324324325,0.8306528166140218,8.0,0.0,2.0,"[14, 17, 5]",25.0,52.0,137.0
2.5765765765765765,0.6932061983825663,3.0,1.0,2.0,"[5, 14, 29, 26, 17]",17.0,51.0,151.0
2.4234234234234235,0.7496551188892896,2.0,1.0,3.0,"[14, 5]",29.0,64.0,127.0
2.436936936936937,0.8200461225223118,8.0,1.0,2.0,"[5, 14]",23.0,55.0,136.0
2.495495495495496,0.7535601640175106,3.0,0.0,3.0,"[14, 5]",26.0,51.0,142.0
2.3828828828828827,0.7504296053304116,2.0,0.0,3.0,"[14, 5]",30.0,71.0,119.0
2.5675675675675675,0.6743070399319208,2.0,0.0,3.0,"[17, 14, 5, 8]",17.0,56.0,147.0
2.445945945945946,0.7333409303604029,1.0,1.0,2.0,"[5, 14]",29.0,62.0,130.0
2.5045045045045047,0.7713638843380378,6.0,0.0,2.0,"[14, 5]",20.0,52.0,144.0
2.364864864864865,0.8000168152812707,3.0,0.0,2.0,"[5, 26, 14, 17]",36.0,60.0,123.0
2.328828828828829,0.8320380459656691,8.0,1.0,1.0,"[5, 17, 14]",28.0,69.0,117.0
2.468468468468469,0.7823831770001497,4.0,0.0,4.0,"[5, 17, 14, 29]",28.0,50.0,140.0
2.369369369369369,0.7836326585153965,2.0,0.0,2.0,"[14, 17, 5]",36.0,62.0,122.0
2.509009009009009,0.7771684944056539,5.0,0.0,5.0,"[14, 5, 17]",24.0,46.0,147.0
2.373873873873874,0.7428953644233875,3.0,2.0,2.0,"[14, 17, 5]",26.0,78.0,115.0
2.3963963963963963,0.7090785465273409,1.0,0.0,3.0,"[5, 14, 17]",26.0,79.0,116.0
2.418918918918919,0.7670845686608219,3.0,1.0,1.0,"[5, 14, 17]",29.0,62.0,128.0
2.369369369369369,0.748185472298127,3.0,1.0,2.0,"[5, 17, 14]",27.0,77.0,115.0
2.315315315315315,0.7667523564648956,2.0,0.0,3.0,"[17, 14, 5]",35.0,76.0,109.0
2.3828828828828827,0.7005329417744096,2.0,1.0,3.0,"[14, 5, 17, 29]",22.0,87.0,111.0
2.477477477477477,0.6905548539238363,1.0,1.0,4.0,"[5, 14]",22.0,69.0,130.0
2.454954954954955,0.7582116060775659,2.0,0.0,2.0,"[5, 14, 29, 26, 17]",30.0,55.0,135.0
2.454954954954955,0.7817185776309441,5.0,0.0,2.0,"[14, 5, 17, 29]",25.0,56.0,136.0
2.31981981981982,0.8024081199225332,3.0,1.0,3.0,"[5, 17, 14]",38.0,66.0,115.0
2.40990990990991,0.7235476893856938,1.0,0.0,5.0,"[5, 14, 26]",28.0,72.0,121.0
2.536036036036036,0.6965061862423109,2.0,1.0,3.0,"[17, 5, 14]",20.0,57.0,143.0
2.468468468468469,0.7095957656193941,1.0,0.0,3.0,"[14, 5, 17]",25.0,65.0,131.0
2.427927927927928,0.8137585187933883,3.0,0.0,2.0,"[5, 17, 14, 29]",37.0,44.0,138.0
2.3828828828828827,0.7321169792385565,1.0,1.0,1.0,"[5, 14]",30.0,74.0,117.0
2.414414414414414,0.7606673477341667,3.0,0.0,2.0,"[14, 17, 26, 5]",28.0,65.0,126.0
2.4324324324324325,0.6875969252498596,0.0,1.0,3.0,"[5, 14, 17, 29]",25.0,76.0,121.0
2.436936936936937,0.7010564655937181,3.0,0.0,2.0,"[5, 14]",18.0,80.0,121.0
2.5045045045045047,0.6974273847456754,0.0,1.0,3.0,"[5, 17, 14, 29]",26.0,58.0,138.0
2.4234234234234235,0.7734221953755525,2.0,1.0,3.0,"[17, 5, 14]",33.0,56.0,131.0
2.5,0.7772209455425434,4.0,0.0,3.0,"[14, 17, 5]",27.0,45.0,146.0
2.545045045045045,0.7400915607705263,4.0,0.0,2.0,"[14, 5]",21.0,47.0,150.0
2.3963963963963963,0.721728434147248,1.0,0.0,2.0,"[5, 14]",28.0,75.0,118.0
2.436936936936937,0.7326179336659979,2.0,0.0,1.0,"[14, 5, 29]",26.0,67.0,127.0
2.373873873873874,0.7609486472481085,3.0,1.0,2.0,"[5, 17, 14]",29.0,72.0,118.0
2.454954954954955,0.7759086034177545,1.0,0.0,3.0,"[5, 26, 14]",36.0,46.0,139.0
2.427927927927928,0.7440468008404687,3.0,0.0,2.0,"[5, 17, 14]",25.0,68.0,126.0
2.400900900900901,0.7996600516967994,4.0,0.0,1.0,"[14, 5, 26]",32.0,57.0,129.0
2.391891891891892,0.7335076745486334,1.0,0.0,3.0,"[5, 17, 14]",30.0,72.0,119.0
2.328828828828829,0.7987419279094043,1.0,0.0,3.0,"[5, 14]",43.0,60.0,118.0
2.5135135135135136,0.777102925506096,7.0,0.0,2.0,"[5, 17, 14]",18.0,51.0,146.0
2.554054054054054,0.6821955218972142,2.0,0.0,3.0,"[17, 5, 14]",18.0,57.0,145.0
2.414414414414414,0.8012260793300006,2.0,1.0,3.0,"[5, 14]",38.0,48.0,134.0
2.427927927927928,0.7620728069600071,3.0,1.0,2.0,"[17, 14, 5]",28.0,62.0,129.0
2.3828828828828827,0.7196497229750572,2.0,0.0,2.0,"[5, 14, 17]",25.0,81.0,114.0
2.328828828828829,0.7275928685278319,1.0,0.0,2.0,"[5, 14, 17]",31.0,84.0,106.0
2.373873873873874,0.8127058554911679,6.0,0.0,2.0,"[5, 17, 14]",29.0,63.0,124.0
2.400900900900901,0.7590176427397026,3.0,1.0,3.0,"[14, 5, 17]",28.0,68.0,123.0
2.4414414414414414,0.7632353697170048,6.0,0.0,2.0,"[5, 14, 32]",19.0,68.0,129.0
2.355855855855856,0.858514415576631,8.0,0.0,3.0,"[5, 17, 14]",32.0,55.0,127.0
2.355855855855856,0.7984356520350698,5.0,0.0,3.0,"[14, 5, 17]",30.0,68.0,119.0
2.4054054054054053,0.7655285741229413,2.0,1.0,2.0,"[5, 14, 17, 29]",32.0,62.0,126.0
2.427927927927928,0.6871373065407168,1.0,0.0,3.0,"[14, 17, 5]",22.0,80.0,119.0
2.5405405405405403,0.7280269472386229,4.0,0.0,2.0,"[14, 5]",19.0,52.0,147.0
2.4054054054054053,0.7353809414313258,5.0,0.0,1.0,"[14, 5, 17]",18.0,81.0,118.0
2.40990990990991,0.754168500796511,3.0,1.0,4.0,"[14, 5]",27.0,68.0,124.0
2.490990990990991,0.6776389072406139,1.0,1.0,2.0,"[14, 5]",20.0,70.0,131.0
2.5135135135135136,0.7474222956614638,4.0,2.0,1.0,"[17, 5, 14]",22.0,52.0,144.0
2.414414414414414,0.6986537599930099,2.0,0.0,2.0,"[5, 17, 14]",21.0,82.0,117.0
2.468468468468469,0.7407935065612108,3.0,0.0,2.0,"[17, 5, 14]",24.0,61.0,134.0
2.3873873873873874,0.8311924724003723,6.0,0.0,2.0,"[5, 17, 14]",32.0,54.0,130.0
2.527027027027027,0.7590713480849012,6.0,1.0,2.0,"[5, 14, 17]",18.0,51.0,147.0
2.527027027027027,0.7286566013597549,4.0,0.0,3.0,"[5, 17, 14]",19.0,55.0,144.0
2.454954954954955,0.7582116060775659,2.0,1.0,2.0,"[5, 14]",30.0,55.0,135.0
2.4864864864864864,0.6503026078042522,0.0,1.0,2.0,"[5, 14, 17]",19.0,76.0,127.0
2.4954954954954958,0.7595411078735328,6.0,0.0,2.0,"[14, 5]",18.0,58.0,140.0
2.536036036036036,0.670016247900888,2.0,0.0,4.0,"[5, 14, 17, 32]",16.0,65.0,139.0
2.40990990990991,0.7172666763901139,1.0,0.0,3.0,"[5, 14, 17]",27.0,74.0,120.0
2.463963963963964,0.6563704936542106,0.0,0.0,2.0,"[5, 14]",20.0,79.0,123.0
2.563063063063063,0.732617933665998,5.0,0.0,2.0,"[14, 5, 17]",17.0,48.0,152.0
2.369369369369369,0.777836981466073,2.0,1.0,3.0,"[14, 26, 5]",35.0,64.0,121.0
2.3963963963963963,0.7584131955540958,2.0,1.0,2.0,"[14, 5]",31.0,66.0,123.0
2.468468468468469,0.7031901427276395,2.0,1.0,3.0,"[14, 5]",21.0,70.0,129.0
2.391891891891892,0.7754881848947387,2.0,0.0,2.0,"[17, 14, 5]",34.0,61.0,125.0
2.418918918918919,0.7960324140735977,4.0,0.0,2.0,"[14, 17, 5]",31.0,55.0,132.0
2.527027027027027,0.6903924971863556,2.0,0.0,2.0,"[14, 5, 17]",19.0,61.0,140.0
2.490990990990991,0.7771684944056542,8.0,0.0,3.0,"[14, 17, 5]",15.0,59.0,140.0
2.4504504504504503,0.7519355264883228,3.0,1.0,1.0,"[5, 14, 17]",26.0,61.0,132.0
2.4864864864864864,0.7101700116999563,3.0,0.0,1.0,"[5, 14]",19.0,67.0,133.0
2.5495495495495497,0.6891366326344218,3.0,0.0,2.0,"[5, 14]",16.0,59.0,144.0
2.468468468468469,0.8273582209044014,5.0,1.0,2.0,"[5, 14]",33.0,37.0,147.0
2.414414414414414,0.7240967969650155,2.0,1.0,4.0,"[14, 17, 5]",25.0,74.0,121.0
2.445945945945946,0.8261872065291008,9.0,1.0,1.0,"[17, 14, 5]",21.0,54.0,138.0
2.369369369369369,0.8501043633341623,6.0,0.0,3.0,"[5, 14]",36.0,50.0,130.0
2.3963963963963963,0.696198849204747,0.0,0.0,3.0,"[14, 26, 17, 5]",27.0,80.0,115.0
2.463963963963964,0.7646361087380232,3.0,0.0,4.0,"[14, 5]",28.0,54.0,137.0
2.481981981981982,0.7828129112198677,4.0,1.0,2.0,"[5, 17, 14]",28.0,47.0,143.0
2.40990990990991,0.7109301732969732,0.0,1.0,3.0,"[14, 5]",29.0,73.0,120.0
2.436936936936937,0.7687832459562145,5.0,0.0,3.0,"[5, 14, 17, 32]",23.0,64.0,130.0
2.554054054054054,0.7576199675064575,7.0,1.0,2.0,"[5, 14]",15.0,48.0,152.0
2.3828828828828827,0.8195986076270692,4.0,1.0,2.0,"[17, 14, 5]",36.0,53.0,129.0
2.5315315315315314,0.6967256296948333,1.0,0.0,3.0,"[14, 5, 29]",23.0,55.0,143.0
2.40990990990991,0.742071815987068,2.0,0.0,3.0,"[14, 5, 26]",28.0,69.0,123.0
2.315315315315315,0.7842566527683643,2.0,0.0,3.0,"[14, 5, 17]",38.0,70.0,112.0
2.5495495495495497,0.6956716698230324,2.0,1.0,4.0,"[14, 5, 17]",20.0,54.0,146.0
2.6576576576576576,0.6015890796323934,1.0,0.0,4.0,"[17, 14, 5]",12.0,49.0,160.0
2.4864864864864864,0.7474222956614639,3.0,1.0,3.0,"[14, 5]",25.0,55.0,139.0
2.4414414414414414,0.7329934248059613,2.0,2.0,2.0,"[5, 14, 17]",26.0,66.0,128.0
2.355855855855856,0.7927482050973127,1.0,0.0,3.0,"[5, 14]",41.0,58.0,122.0
2.45945945945946,0.7991373605166148,6.0,0.0,3.0,"[5, 14]",25.0,52.0,139.0
2.3873873873873874,0.7389753352342323,1.0,0.0,2.0,"[5, 14]",31.0,71.0,119.0
2.4054054054054053,0.710342195000268,1.0,0.0,2.0,"[5, 14, 17]",26.0,77.0,118.0
2.463963963963964,0.7405871209813207,3.0,0.0,4.0,"[14, 17, 5]",24.0,62.0,133.0
2.4324324324324325,0.7444712858223386,4.0,0.0,2.0,"[14, 5, 17]",22.0,70.0,126.0
2.518018018018018,0.7289362730524662,2.0,1.0,3.0,"[5, 14]",25.0,51.0,144.0
2.490990990990991,0.7535195907699591,5.0,0.0,3.0,"[17, 14, 5]",20.0,58.0,139.0
2.4504504504504503,0.7638760262677338,2.0,1.0,3.0,"[14, 5, 29]",31.0,54.0,135.0
2.3378378378378377,0.8062599037580708,3.0,0.0,4.0,"[14, 5]",38.0,62.0,119.0
2.603603603603604,0.6696967542189447,3.0,0.0,3.0,"[5, 17, 14]",14.0,51.0,154.0
2.5135135135135136,0.7594337598258092,7.0,0.0,3.0,"[29, 14, 5]",15.0,57.0,143.0
2.45945945945946,0.7584669436988465,3.0,1.0,3.0,"[14, 5, 26]",27.0,57.0,135.0
2.454954954954955,0.7152177453762799,3.0,0.0,2.0,"[17, 14, 5]",20.0,72.0,127.0
2.36036036036036,0.7645161459551485,1.0,0.0,2.0,"[14, 5, 17]",36.0,67.0,118.0
2.373873873873874,0.8071189712762147,5.0,2.0,2.0,"[5, 14, 17]",31.0,62.0,124.0
2.40990990990991,0.7045366828976388,1.0,1.0,2.0,"[5, 14]",25.0,78.0,118.0
2.45945945945946,0.7403531477726699,3.0,0.0,2.0,"[14, 5]",24.0,63.0,132.0
2.274774774774775,0.8078762134098193,2.0,1.0,2.0,"[17, 5, 14]",44.0,67.0,109.0
2.45945945945946,0.7342159148787533,4.0,1.0,2.0,"[5, 17, 14]",20.0,68.0,130.0
2.4954954954954958,0.7102848052045775,2.0,1.0,3.0,"[14, 17, 5]",22.0,62.0,136.0
2.391891891891892,0.8041335670705566,4.0,0.0,2.0,"[17, 14, 5, 26]",33.0,57.0,128.0
2.4234234234234235,0.6800259450673171,2.0,0.0,1.0,"[5, 14, 17, 26]",18.0,86.0,116.0
2.3783783783783785,0.7125767918170451,2.0,1.0,3.0,"[5, 14, 17]",24.0,84.0,112.0
2.477477477477477,0.7651557301266484,3.0,1.0,2.0,"[5, 14]",28.0,51.0,140.0
2.463963963963964,0.7763813021301698,2.0,0.0,2.0,"[5, 14]",33.0,47.0,140.0
2.468468468468469,0.7648360048963956,5.0,0.0,2.0,"[14, 17, 5, 8]",22.0,59.0,136.0
2.3963963963963963,0.7584131955540957,4.0,1.0,2.0,"[14, 29, 5]",25.0,72.0,121.0
2.463963963963964,0.7220249043464034,2.0,0.0,2.0,"[14, 5, 26]",24.0,65.0,131.0
2.454954954954955,0.7582116060775659,3.0,1.0,2.0,"[17, 5, 14, 26]",27.0,58.0,134.0
2.4234234234234235,0.7313230996009538,1.0,0.0,3.0,"[5, 14, 17]",29.0,67.0,125.0
2.3063063063063063,0.8104832678540395,2.0,1.0,4.0,"[5, 14, 26, 29]",43.0,62.0,115.0
2.5405405405405403,0.7877315364146276,9.0,0.0,3.0,"[14, 5]",14.0,47.0,152.0
2.599099099099099,0.7160721791136296,5.0,0.0,4.0,"[5, 17, 14]",15.0,44.0,158.0
2.612612612612613,0.6476015082636548,2.0,0.0,3.0,"[14, 26, 5]",14.0,52.0,154.0
2.635135135135135,0.6502555917460767,3.0,0.0,3.0,"[5, 14]",12.0,48.0,159.0
2.324324324324324,0.8787296688910421,6.0,0.0,1.0,"[5, 14, 17]",43.0,46.0,127.0
2.4864864864864864,0.7228007976124737,2.0,1.0,2.0,"[5, 17, 26, 14]",24.0,60.0,136.0
2.40990990990991,0.81750696566199,5.0,0.0,3.0,"[5, 14, 29, 17]",32.0,52.0,133.0
2.346846846846846,0.8024081199225332,3.0,0.0,4.0,"[5, 14, 17]",37.0,62.0,120.0
2.4504504504504503,0.7458935998114042,3.0,0.0,2.0,"[14, 5, 17]",25.0,63.0,131.0
2.4954954954954958,0.7353255058320287,4.0,0.0,4.0,"[14, 5]",20.0,60.0,138.0
2.5135135135135136,0.7653688060790177,5.0,0.0,2.0,"[5, 14, 26]",22.0,49.0,146.0
2.5135135135135136,0.6907909410602803,1.0,0.0,3.0,"[5, 14, 17]",22.0,61.0,138.0
2.4414414414414414,0.7329934248059613,3.0,0.0,5.0,"[14, 5]",23.0,69.0,127.0
2.3828828828828827,0.6874931672386252,0.0,0.0,2.0,"[17, 14, 5]",26.0,85.0,111.0
2.436936936936937,0.7448681656778928,2.0,0.0,1.0,"[14, 5]",28.0,63.0,129.0
2.5225225225225225,0.6905548539238363,2.0,0.0,3.0,"[14, 17, 29, 5]",19.0,62.0,139.0
2.45945945945946,0.7217849140498382,1.0,0.0,3.0,"[17, 5, 14]",27.0,63.0,131.0
2.4054054054054053,0.7655285741229414,2.0,0.0,2.0,"[5, 14]",32.0,62.0,126.0
2.612612612612613,0.6190223085501331,1.0,1.0,1.0,"[5, 14, 17]",13.0,57.0,151.0
2.4414414414414414,0.7391408083473869,1.0,1.0,4.0,"[5, 17, 14]",30.0,61.0,130.0
2.603603603603604,0.6764196303826832,2.0,1.0,3.0,"[5, 14, 26]",18.0,46.0,156.0
2.324324324324324,0.8201331109503769,5.0,1.0,2.0,"[17, 14, 5]",35.0,65.0,117.0
2.5945945945945947,0.6909679534760135,4.0,1.0,2.0,"[14, 17, 5]",14.0,50.0,154.0
2.477477477477477,0.6970765955283731,1.0,1.0,3.0,"[5, 14]",23.0,67.0,131.0
2.36036036036036,0.816047119489444,5.0,1.0,2.0,"[17, 5, 14]",33.0,61.0,123.0
2.400900900900901,0.8219825383196118,5.0,0.0,2.0,"[17, 14, 5]",33.0,52.0,132.0
2.355855855855856,0.7334520973645449,0.0,0.0,2.0,"[17, 14, 5]",34.0,75.0,113.0
2.518018018018018,0.6774584121009722,0.0,0.0,5.0,"[5, 17, 14]",23.0,61.0,138.0
2.4954954954954958,0.7291459564253736,4.0,1.0,3.0,"[14, 5]",19.0,62.0,137.0
2.3828828828828827,0.7259101167043568,3.0,0.0,3.0,"[14, 5]",23.0,82.0,114.0
2.527027027027027,0.7470540569276879,5.0,0.0,3.0,"[14, 5]",19.0,52.0,146.0
2.4414414414414414,0.7691410815596246,3.0,0.0,2.0,"[14, 5]",29.0,57.0,133.0
2.40990990990991,0.81750696566199,5.0,1.0,1.0,"[5, 14, 17]",32.0,52.0,133.0
2.5225225225225225,0.7532355168433923,5.0,0.0,4.0,"[5, 32, 17, 14]",20.0,51.0,146.0
2.427927927927928,0.7912040393515347,3.0,0.0,1.0,"[5, 14]",33.0,52.0,134.0
2.4504504504504503,0.8154474522049158,8.0,0.0,2.0,"[14, 5]",22.0,54.0,138.0
2.369369369369369,0.7359904574426622,1.0,1.0,3.0,"[5, 14, 17]",31.0,75.0,115.0
2.626126126126126,0.6520710773394048,3.0,1.0,4.0,"[5, 14]",12.0,50.0,157.0
2.436936936936937,0.7569201620723688,1.0,0.0,4.0,"[14, 5, 29]",33.0,56.0,132.0
2.572072072072072,0.6670894668431384,2.0,1.0,3.0,"[5, 14, 17]",16.0,57.0,147.0
2.4864864864864864,0.7101700116999562,1.0,1.0,4.0,"[5, 14]",25.0,61.0,135.0
2.5495495495495497,0.6825390279559507,2.0,1.0,2.0,"[5, 14, 26]",18.0,58.0,144.0
2.463963963963964,0.7282648805565797,3.0,1.0,3.0,"[5, 17, 14, 26]",22.0,66.0,131.0
2.5135135135135136,0.7474222956614638,7.0,1.0,2.0,"[14, 5]",13.0,61.0,141.0
2.490990990990991,0.8279123338238513,10.0,0.0,2.0,"[5, 29, 14, 17]",18.0,47.0,147.0
2.369369369369369,0.8339832775858357,5.0,1.0,2.0,"[14, 26, 5]",36.0,53.0,128.0
2.572072072072072,0.6393819373038608,1.0,0.0,4.0,"[14, 17, 5]",15.0,62.0,144.0
2.490990990990991,0.7654353801500418,3.0,1.0,3.0,"[5, 14]",28.0,48.0,143.0
2.490990990990991,0.7102417598145958,1.0,0.0,4.0,"[14, 17, 5, 26]",25.0,60.0,136.0
2.418918918918919,0.8016965623049009,5.0,1.0,1.0,"[5, 14]",29.0,56.0,132.0
2.599099099099099,0.6498166111634736,1.0,1.0,2.0,"[14, 5]",17.0,52.0,152.0
2.468468468468469,0.7648360048963955,4.0,0.0,1.0,"[5, 17, 14]",25.0,56.0,137.0
2.328828828828829,0.775750973172324,0.0,0.0,2.0,"[5, 29, 17, 14]",42.0,65.0,115.0
2.274774774774775,0.8022556964196215,3.0,0.0,2.0,"[5, 14]",40.0,72.0,107.0
2.454954954954955,0.695979239657449,0.0,0.0,3.0,"[14, 17, 5]",26.0,69.0,127.0
2.5945945945945947,0.6642571924399508,3.0,0.0,2.0,"[5, 26, 17, 14]",13.0,55.0,151.0
2.4504504504504503,0.6891366326344219,1.0,0.0,2.0,"[14, 5]",22.0,75.0,124.0
2.3513513513513518,0.8144470255588172,6.0,1.0,2.0,"[5, 17, 14]",30.0,66.0,120.0
2.518018018018018,0.7100695521599636,3.0,0.0,2.0,"[14, 5, 17, 29]",19.0,60.0,140.0
2.5765765765765765,0.7188420747971243,4.0,1.0,2.0,"[5, 14, 17]",18.0,46.0,154.0
2.3378378378378377,0.7949562786069817,4.0,1.0,2.0,"[17, 5, 14]",33.0,69.0,116.0
2.310810810810811,0.8759069095924166,7.0,0.0,1.0,"[14, 5]",40.0,52.0,123.0
2.3828828828828827,0.7741729054797652,4.0,1.0,2.0,"[14, 5, 17, 29]",28.0,69.0,121.0
2.481981981981982,0.8056023516569134,8.0,0.0,2.0,"[5, 14]",20.0,51.0,143.0
2.3873873873873874,0.763075121535993,3.0,0.0,3.0,"[5, 14, 17]",29.0,69.0,121.0
2.644144144144144,0.668920205683674,3.0,1.0,3.0,"[14, 5]",15.0,40.0,164.0
2.3828828828828827,0.7741729054797654,3.0,0.0,2.0,"[14, 17, 5]",31.0,66.0,122.0
2.3828828828828827,0.744375455533497,0.0,1.0,3.0,"[5, 14, 17]",35.0,67.0,120.0
2.4504504504504503,0.7085609498876427,1.0,0.0,2.0,"[14, 5, 26, 17]",25.0,69.0,127.0
2.563063063063063,0.7074814073220668,2.0,0.0,3.0,"[5, 17, 14]",22.0,47.0,151.0
2.414414414414414,0.6986537599930099,3.0,1.0,3.0,"[17, 14, 5]",18.0,85.0,116.0
2.477477477477477,0.628822743288493,0.0,0.0,2.0,"[14, 5, 17]",16.0,84.0,122.0
2.5,0.7353393651236498,3.0,0.0,3.0,"[14, 5, 17]",23.0,56.0,140.0
2.4414414414414414,0.7205413335107572,2.0,0.0,4.0,"[14, 5, 17]",24.0,70.0,126.0
2.4504504504504503,0.702145886515062,3.0,2.0,4.0,"[5, 14, 17]",18.0,77.0,124.0
2.472972972972973,0.6704420026402311,3.0,1.0,1.0,"[5, 14, 26]",13.0,82.0,124.0
2.5855855855855854,0.6789460619853408,5.0,0.0,2.0,"[5, 17, 14, 26]",9.0,59.0,149.0
2.3963963963963963,0.8377872091227941,8.0,0.0,2.0,"[5, 14, 17]",27.0,56.0,131.0
2.445945945945946,0.8151599552977604,8.0,0.0,1.0,"[5, 17, 14, 32]",22.0,55.0,137.0
2.481981981981982,0.7770111197511066,8.0,0.0,4.0,"[5, 14]",15.0,61.0,138.0
2.40990990990991,0.6915724040453726,0.0,0.0,1.0,"[5, 17, 14]",26.0,79.0,117.0
2.527027027027027,0.6903924971863555,2.0,1.0,4.0,"[14, 5, 17, 29]",19.0,61.0,140.0
2.414414414414414,0.8012260793300006,4.0,0.0,4.0,"[5, 14, 17]",32.0,54.0,132.0
2.414414414414414,0.7665928434733706,2.0,1.0,4.0,"[5, 14]",32.0,60.0,128.0
2.3783783783783785,0.7557209144425376,4.0,0.0,2.0,"[5, 17, 14]",25.0,76.0,117.0
2.59009009009009,0.7297746450590296,5.0,1.0,3.0,"[14, 5, 17]",17.0,42.0,158.0
2.468468468468469,0.6836132353621817,1.0,1.0,4.0,"[5, 14, 17]",21.0,73.0,127.0
2.414414414414414,0.7364887771624951,1.0,0.0,3.0,"[14, 5, 17, 26]",30.0,67.0,124.0
2.4864864864864864,0.8000550305152502,8.0,0.0,2.0,"[14, 17, 5]",19.0,52.0,143.0
2.563063063063063,0.6880266131767316,1.0,0.0,3.0,"[14, 5, 17, 29, 26]",22.0,50.0,149.0
2.3783783783783785,0.7497094949180043,1.0,0.0,3.0,"[14, 5]",33.0,69.0,119.0
2.4234234234234235,0.7556669709816427,3.0,0.0,5.0,"[5, 14]",27.0,65.0,127.0
2.40990990990991,0.6849982600572353,1.0,0.0,2.0,"[5, 14]",22.0,84.0,115.0
2.391891891891892,0.815309966332394,3.0,0.0,3.0,"[5, 14]",38.0,50.0,131.0
2.369369369369369,0.7950972839868214,3.0,0.0,3.0,"[5, 14, 17, 26]",35.0,61.0,123.0
2.436936936936937,0.7628747639732995,4.0,0.0,2.0,"[14, 17, 5]",25.0,63.0,130.0
2.3873873873873874,0.7978610678815624,2.0,0.0,5.0,"[14, 5]",38.0,54.0,128.0
2.545045045045045,0.7277609297100535,5.0,0.0,1.0,"[5, 14]",16.0,54.0,147.0
2.400900900900901,0.7469994876027845,0.0,0.0,3.0,"[14, 17, 5]",35.0,63.0,124.0
2.3873873873873874,0.8420097824172567,9.0,0.0,2.0,"[5, 14, 17]",25.0,59.0,129.0
2.373873873873874,0.8071189712762148,6.0,0.0,2.0,"[14, 5]",28.0,65.0,123.0
2.3963963963963963,0.7090785465273409,1.0,0.0,1.0,"[14, 5]",26.0,79.0,116.0
2.400900900900901,0.8219825383196117,7.0,0.0,3.0,"[14, 5]",27.0,58.0,130.0
2.563063063063063,0.6945720943106626,2.0,1.0,5.0,"[14, 5]",20.0,51.0,149.0
2.481981981981982,0.7942893688598865,4.0,0.0,3.0,"[5, 14, 26]",30.0,43.0,145.0
2.3513513513513518,0.7976055642826448,3.0,0.0,3.0,"[14, 17, 5]",36.0,63.0,120.0
2.5405405405405403,0.7584669436988466,6.0,0.0,2.0,"[5, 17, 14]",18.0,48.0,150.0
2.468468468468469,0.7031901427276395,2.0,0.0,2.0,"[17, 5, 14]",21.0,70.0,129.0
2.436936936936937,0.8418282117430508,9.0,0.0,2.0,"[5, 26, 14]",24.0,50.0,139.0
2.418918918918919,0.730835202315558,1.0,0.0,1.0,"[5, 26, 14, 17]",29.0,68.0,124.0
2.4864864864864864,0.6708522959519326,3.0,0.0,2.0,"[5, 17, 14]",13.0,79.0,127.0
2.3423423423423424,0.7786227020423082,3.0,0.0,2.0,"[14, 5]",33.0,71.0,115.0
2.5405405405405403,0.6059103137460022,1.0,0.0,4.0,"[5, 14]",10.0,79.0,132.0
2.4504504504504503,0.7149184523156011,2.0,0.0,4.0,"[5, 14, 17]",23.0,70.0,127.0
2.391891891891892,0.7754881848947388,3.0,0.0,2.0,"[5, 14]",31.0,64.0,124.0
2.4324324324324325,0.7070635423213598,3.0,1.0,3.0,"[5, 14, 17]",19.0,79.0,121.0
2.274774774774775,0.8299777534464476,5.0,1.0,4.0,"[14, 17, 5]",39.0,68.0,110.0
2.5405405405405403,0.7091360339445602,4.0,1.0,3.0,"[5, 14, 17]",16.0,58.0,144.0
2.481981981981982,0.7828129112198678,5.0,0.0,3.0,"[14, 17, 3, 5]",25.0,50.0,142.0
2.445945945945946,0.7635691120783644,4.0,1.0,2.0,"[17, 5, 14]",25.0,61.0,132.0
2.481981981981982,0.6841050167057883,1.0,0.0,2.0,"[14, 26, 5]",21.0,70.0,130.0
2.3963963963963963,0.7524232860796634,2.0,0.0,5.0,"[14, 17, 5]",30.0,68.0,122.0
2.608108108108108,0.6955105075322782,4.0,0.0,3.0,"[14, 5]",15.0,45.0,158.0
2.3963963963963963,0.7990863479500621,5.0,1.0,3.0,"[14, 5, 17]",29.0,61.0,127.0
2.454954954954955,0.7522200913529669,3.0,2.0,2.0,"[5, 29, 17, 14]",26.0,60.0,133.0
2.445945945945946,0.6821955218972142,0.0,0.0,3.0,"[14, 5]",24.0,75.0,123.0
2.4954954954954958,0.7772078330901727,7.0,0.0,1.0,"[14, 5]",18.0,55.0,142.0
2.5225225225225225,0.7941738853197863,7.0,0.0,3.0,"[14, 17, 5, 29]",21.0,43.0,151.0
2.36036036036036,0.77041203987332,1.0,1.0,3.0,"[14, 5, 17]",37.0,65.0,119.0
2.490990990990991,0.7713242476034934,7.0,1.0,3.0,"[5, 17, 14]",17.0,58.0,140.0
2.603603603603604,0.6896688073839196,4.0,0.0,1.0,"[5, 32, 17, 14]",14.0,48.0,156.0
2.369369369369369,0.777836981466073,2.0,1.0,4.0,"[5, 26, 14]",35.0,64.0,121.0
2.4414414414414414,0.7452374845108669,4.0,0.0,2.0,"[5, 14]",22.0,68.0,128.0
2.472972972972973,0.6636585757364908,0.0,1.0,2.0,"[17, 5, 14]",21.0,75.0,126.0
2.445945945945946,0.7333409303604029,2.0,0.0,3.0,"[17, 5, 14]",26.0,65.0,129.0
2.4504504504504503,0.7579292907329334,4.0,0.0,5.0,"[14, 5, 29]",24.0,62.0,132.0
2.630630630630631,0.6511796177884639,3.0,0.0,2.0,"[14, 17, 5]",12.0,49.0,158.0
2.481981981981982,0.7473268437829514,2.0,1.0,2.0,"[17, 14, 5]",28.0,53.0,139.0
2.3423423423423424,0.8561250753919374,5.0,1.0,3.0,"[5, 14, 26, 29]",41.0,49.0,127.0
2.4414414414414414,0.7329934248059615,1.0,1.0,5.0,"[5, 14, 17]",29.0,63.0,129.0
2.558558558558558,0.7750017916742937,7.0,1.0,3.0,"[14, 17, 5]",18.0,41.0,156.0
2.4864864864864864,0.6775637067757064,1.0,0.0,1.0,"[5, 14, 17, 29]",20.0,71.0,130.0
2.5405405405405403,0.7280269472386228,3.0,0.0,2.0,"[17, 5, 14]",22.0,49.0,148.0
2.527027027027027,0.7470540569276879,3.0,1.0,1.0,"[17, 14, 5]",25.0,46.0,148.0
2.45945945945946,0.7403531477726699,3.0,0.0,1.0,"[14, 5, 17, 26]",24.0,63.0,132.0
2.463963963963964,0.7936732624728556,5.0,0.0,2.0,"[5, 14]",27.0,50.0,140.0
2.572072072072072,0.7193097711127742,4.0,0.0,2.0,"[5, 17, 14]",18.0,47.0,153.0
2.5135135135135136,0.6708522959519326,3.0,0.0,2.0,"[14, 5]",13.0,73.0,133.0
2.369369369369369,0.6981284343963671,0.0,1.0,2.0,"[14, 5, 17, 29]",28.0,84.0,110.0
2.5315315315315314,0.7529107296848458,2.0,1.0,3.0,"[5, 14]",29.0,40.0,151.0
2.5225225225225225,0.7472041020221156,6.0,1.0,2.0,"[5, 17, 14]",16.0,56.0,144.0
2.454954954954955,0.8267297772903762,8.0,1.0,2.0,"[5, 14]",24.0,49.0,141.0
2.369369369369369,0.8447648517807339,7.0,0.0,2.0,"[14, 5, 17]",32.0,55.0,128.0
2.4054054054054053,0.783060226972148,5.0,0.0,3.0,"[5, 14, 17]",26.0,65.0,126.0
2.612612612612613,0.6816425619660507,4.0,2.0,2.0,"[5, 14, 17]",13.0,48.0,157.0
2.3783783783783785,0.7188987814650465,1.0,0.0,3.0,"[5, 14, 29]",28.0,79.0,114.0
2.3963963963963963,0.7463853077863087,1.0,1.0,4.0,"[5, 14]",32.0,67.0,122.0
2.3828828828828827,0.7382716607354267,3.0,0.0,1.0,"[14, 5, 17]",25.0,78.0,116.0
2.400900900900901,0.7223635784396928,1.0,0.0,3.0,"[5, 14, 17, 26]",28.0,74.0,119.0
2.436936936936937,0.7569201620723689,5.0,0.0,3.0,"[14, 17, 5]",21.0,68.0,128.0
2.45945945945946,0.7644094965655027,2.0,0.0,4.0,"[14, 17, 26, 5]",31.0,52.0,137.0
2.572072072072072,0.6738383563798656,3.0,1.0,3.0,"[5, 17, 14]",14.0,58.0,147.0
2.4324324324324325,0.7260083843503446,2.0,0.0,3.0,"[5, 8, 14]",25.0,70.0,125.0
2.468468468468469,0.8328093415985153,10.0,2.0,2.0,"[14, 5]",19.0,50.0,143.0
2.5,0.6776990616044466,2.0,1.0,2.0,"[5, 14]",17.0,71.0,132.0
2.490990990990991,0.7165843503316202,0.0,1.0,2.0,"[14, 5, 26]",29.0,55.0,138.0
2.40990990990991,0.7297746450590297,1.0,1.0,2.0,"[5, 14]",29.0,70.0,122.0
2.445945945945946,0.7516237365922058,3.0,0.0,4.0,"[5, 14, 17]",26.0,62.0,131.0
2.3873873873873874,0.7748439769518009,2.0,0.0,4.0,"[5, 14, 32]",34.0,62.0,124.0
2.40990990990991,0.7950588304542311,4.0,0.0,3.0,"[5, 17, 14]",31.0,57.0,130.0
2.554054054054054,0.6755301298542918,2.0,0.0,4.0,"[5, 17, 26, 14]",17.0,59.0,144.0
2.563063063063063,0.7138485241716679,4.0,1.0,3.0,"[5, 14, 17]",17.0,51.0,150.0
2.4234234234234235,0.7435946634566837,2.0,0.0,3.0,"[14, 5, 17, 32]",28.0,66.0,126.0
2.4414414414414414,0.7923238595204196,2.0,0.0,2.0,"[5, 14]",36.0,46.0,138.0
2.4504504504504503,0.7756327294653673,3.0,0.0,2.0,"[17, 5, 14]",30.0,53.0,136.0
2.3783783783783785,0.7793030190808258,3.0,0.0,3.0,"[17, 14, 5]",32.0,65.0,122.0
2.3873873873873874,0.7450733654078652,2.0,1.0,2.0,"[17, 5, 14]",29.0,72.0,119.0
2.3828828828828827,0.768305872568553,1.0,0.0,3.0,"[5, 14, 29]",36.0,62.0,123.0
2.5675675675675675,0.6941464581547017,2.0,0.0,1.0,"[17, 14, 5]",20.0,50.0,150.0
2.40990990990991,0.800729865584459,6.0,1.0,2.0,"[14, 5]",26.0,61.0,129.0
2.3963963963963963,0.7402980845062391,1.0,0.0,4.0,"[14, 17, 5]",31.0,69.0,121.0
2.3963963963963963,0.7402980845062391,1.0,0.0,3.0,"[14, 5]",31.0,69.0,121.0
2.5765765765765765,0.7061404824730856,3.0,0.0,2.0,"[14, 5, 29]",19.0,47.0,153.0
2.436936936936937,0.7138485241716679,1.0,0.0,1.0,"[14, 5, 26]",26.0,70.0,125.0
2.418918918918919,0.7056351733870684,2.0,0.0,4.0,"[14, 5]",22.0,79.0,119.0
2.4864864864864864,0.7474222956614639,3.0,1.0,2.0,"[14, 5, 17]",25.0,55.0,139.0
2.545045045045045,0.7759086034177545,8.0,0.0,2.0,"[5, 14, 17, 29]",15.0,47.0,152.0
2.3963963963963963,0.7402980845062391,4.0,1.0,1.0,"[5, 14, 17]",22.0,78.0,118.0
2.36036036036036,0.7525858023606357,4.0,0.0,2.0,"[14, 5]",25.0,80.0,113.0
2.5405405405405403,0.6059103137460022,1.0,1.0,1.0,"[5, 14]",10.0,79.0,132.0
2.481981981981982,0.7227020938228721,2.0,0.0,3.0,"[5, 17, 14]",24.0,61.0,135.0
2.545045045045045,0.7582116060775659,7.0,0.0,2.0,"[8, 14, 26, 17, 5]",15.0,50.0,150.0
2.328828828828829,0.8043869971326539,1.0,0.0,3.0,"[14, 5, 17]",44.0,58.0,119.0
2.427927927927928,0.7193097711127742,2.0,0.0,2.0,"[14, 5, 26]",24.0,73.0,123.0
2.400900900900901,0.7939813754264463,5.0,1.0,1.0,"[5, 14, 17]",28.0,62.0,127.0
2.445945945945946,0.7271445154755726,3.0,1.0,1.0,"[14, 5, 17]",22.0,70.0,127.0
2.45945945945946,0.7934549434075043,5.0,0.0,2.0,"[17, 5, 14]",27.0,51.0,139.0
2.4324324324324325,0.7742650477661035,5.0,0.0,3.0,"[14, 5, 17]",24.0,63.0,130.0
2.369369369369369,0.7778369814660729,5.0,0.0,3.0,"[5, 14]",26.0,73.0,118.0
2.3828828828828827,0.8305669299554027,6.0,1.0,2.0,"[14, 5]",32.0,55.0,129.0
2.324324324324324,0.8034108528083094,2.0,0.0,3.0,"[5, 26, 14, 17]",41.0,62.0,117.0
2.63963963963964,0.6492988601748072,4.0,1.0,3.0,"[5, 14]",9.0,50.0,159.0
2.36036036036036,0.7935576892730575,3.0,0.0,3.0,"[5, 14]",35.0,63.0,121.0
2.4414414414414414,0.7512846877687184,5.0,0.0,2.0,"[5, 32, 14]",20.0,69.0,128.0
2.4324324324324325,0.7260083843503446,2.0,0.0,4.0,"[14, 5]",25.0,70.0,125.0
2.481981981981982,0.788572018098652,7.0,0.0,1.0,"[5, 17, 14]",20.0,54.0,141.0
2.40990990990991,0.7297746450590296,2.0,0.0,3.0,"[14, 5, 17]",26.0,73.0,121.0
2.418918918918919,0.7670845686608219,1.0,0.0,2.0,"[5, 14]",35.0,56.0,130.0
2.4864864864864864,0.70376961554351,1.0,2.0,3.0,"[14, 5]",24.0,63.0,134.0
2.6486486486486487,0.6038885853408333,1.0,0.0,2.0,"[14, 5, 26, 17]",12.0,51.0,158.0
2.468468468468469,0.7407935065612108,2.0,0.0,2.0,"[14, 17, 5, 26]",27.0,58.0,135.0
2.536036036036036,0.7405871209813207,3.0,0.0,2.0,"[5, 14]",24.0,46.0,149.0
2.4504504504504503,0.7149184523156012,2.0,1.0,3.0,"[5, 14, 26]",23.0,70.0,127.0
2.490990990990991,0.7771684944056542,3.0,0.0,2.0,"[17, 14, 5]",30.0,44.0,145.0
2.472972972972973,0.7709013289615874,5.0,0.0,4.0,"[26, 14, 5]",23.0,56.0,138.0
2.40990990990991,0.7481446075712909,4.0,0.0,1.0,"[5, 14]",23.0,73.0,122.0
2.5225225225225225,0.6970765955283731,2.0,0.0,4.0,"[14, 5]",20.0,60.0,140.0
2.3423423423423424,0.7786227020423082,4.0,1.0,1.0,"[5, 14]",30.0,74.0,114.0
2.436936936936937,0.7569201620723688,2.0,0.0,4.0,"[5, 17, 14]",30.0,59.0,131.0
2.490990990990991,0.7102417598145958,2.0,0.0,4.0,"[14, 5]",22.0,63.0,135.0
2.5675675675675675,0.6941464581547018,3.0,0.0,2.0,"[17, 5, 14]",17.0,53.0,149.0
2.3378378378378377,0.8499724833506215,5.0,1.0,3.0,"[14, 5]",40.0,52.0,125.0
2.4504504504504503,0.721219915987482,2.0,0.0,5.0,"[14, 5, 17]",24.0,68.0,128.0
2.36036036036036,0.799239375881876,4.0,0.0,4.0,"[5, 14]",33.0,64.0,121.0
2.36036036036036,0.7820704947081704,2.0,0.0,3.0,"[5, 29, 14]",36.0,64.0,120.0
2.436936936936937,0.7687832459562145,1.0,0.0,3.0,"[14, 5]",35.0,52.0,134.0
2.463963963963964,0.7093803034939163,1.0,1.0,3.0,"[14, 5]",25.0,66.0,130.0
2.427927927927928,0.7255730980224996,2.0,1.0,3.0,"[14, 17, 5]",25.0,71.0,124.0
2.400900900900901,0.8219825383196119,6.0,1.0,1.0,"[5, 14, 17, 28]",30.0,55.0,131.0
2.3963963963963963,0.7402980845062391,1.0,1.0,2.0,"[14, 17, 5, 26]",31.0,69.0,121.0
2.481981981981982,0.7227020938228721,2.0,0.0,3.0,"[5, 14, 17]",24.0,61.0,135.0
2.635135135135135,0.7164705661460221,6.0,1.0,3.0,"[14, 5]",13.0,37.0,166.0
2.369369369369369,0.7481854722981272,1.0,0.0,2.0,"[5, 14]",33.0,71.0,117.0
2.490990990990991,0.7414123185939215,4.0,0.0,3.0,"[17, 5, 14, 29]",21.0,59.0,138.0
2.4054054054054053,0.7166838966751345,1.0,0.0,2.0,"[14, 26, 5]",27.0,75.0,119.0
2.454954954954955,0.7582116060775658,4.0,0.0,2.0,"[14, 5]",24.0,61.0,133.0
2.5945945945945947,0.6974858324629156,3.0,0.0,2.0,"[17, 14, 5]",18.0,45.0,156.0
2.4504504504504503,0.8480879611463809,8.0,0.0,2.0,"[14, 5, 26]",28.0,42.0,144.0
2.477477477477477,0.7225751691388597,3.0,1.0,2.0,"[5, 17, 29, 14]",21.0,65.0,133.0
2.418918918918919,0.7787928370169254,2.0,0.0,1.0,"[17, 5, 14]",34.0,55.0,131.0
2.463963963963964,0.8049949037575447,8.0,1.0,2.0,"[14, 17, 5]",20.0,55.0,139.0
2.472972972972973,0.7650092059832256,4.0,0.0,3.0,"[5, 14]",25.0,55.0,138.0
2.518018018018018,0.7289362730524662,4.0,0.0,1.0,"[5, 14, 17]",19.0,57.0,142.0
2.4324324324324325,0.7858663446818159,6.0,0.0,2.0,"[5, 14]",23.0,62.0,131.0
2.4504504504504503,0.6891366326344219,1.0,0.0,4.0,"[5, 14]",22.0,75.0,124.0
2.5315315315315314,0.8051847804544445,8.0,0.0,2.0,"[5, 14]",20.0,40.0,154.0
2.414414414414414,0.7240967969650155,1.0,0.0,3.0,"[17, 5, 14]",28.0,71.0,122.0
2.369369369369369,0.8285398804747766,7.0,2.0,3.0,"[14, 5, 17]",29.0,61.0,125.0
2.418918918918919,0.743114823196883,0.0,0.0,3.0,"[5, 14]",34.0,61.0,127.0
2.3783783783783785,0.7497094949180042,3.0,0.0,3.0,"[14, 17, 5]",27.0,75.0,117.0
2.572072072072072,0.6670894668431384,3.0,0.0,5.0,"[5, 17, 14]",13.0,60.0,146.0
2.608108108108108,0.6483721537806929,1.0,1.0,2.0,"[5, 14]",17.0,50.0,154.0
2.274774774774775,0.7851527756881227,3.0,1.0,1.0,"[17, 5, 14]",37.0,78.0,104.0
2.621621621621621,0.6389195355630122,2.0,2.0,3.0,"[14, 5]",13.0,52.0,155.0
2.3873873873873874,0.763075121535993,2.0,1.0,2.0,"[14, 5]",32.0,66.0,122.0
2.414414414414414,0.717820588740208,1.0,0.0,4.0,"[5, 14]",27.0,73.0,121.0
2.4324324324324325,0.6607499047222305,1.0,0.0,3.0,"[5, 17, 14]",18.0,87.0,116.0
2.328828828828829,0.7580502958978642,5.0,1.0,1.0,"[14, 5]",24.0,86.0,107.0
2.45945945945946,0.7403531477726699,1.0,0.0,5.0,"[5, 14]",30.0,57.0,134.0
2.391891891891892,0.7813012854635483,1.0,0.0,3.0,"[14, 5, 32]",38.0,56.0,127.0
2.5675675675675675,0.7070635423213598,4.0,0.0,2.0,"[5, 14, 29]",16.0,52.0,150.0
2.477477477477477,0.776893067839427,6.0,0.0,3.0,"[14, 5, 26]",21.0,56.0,139.0
2.364864864864865,0.7351730363802591,2.0,0.0,2.0,"[14, 5, 17]",28.0,79.0,113.0
2.3828828828828827,0.779995808536583,1.0,0.0,3.0,"[14, 5]",38.0,58.0,125.0
2.4054054054054053,0.7292018618083521,2.0,0.0,4.0,"[14, 5]",26.0,74.0,120.0
2.572072072072072,0.7129914256585808,4.0,0.0,2.0,"[5, 14]",17.0,49.0,152.0
2.490990990990991,0.7038420161008277,1.0,0.0,3.0,"[5, 17, 14, 29]",24.0,62.0,135.0
2.454954954954955,0.7277609297100534,3.0,0.0,1.0,"[17, 5, 26, 14]",22.0,68.0,129.0
2.4234234234234235,0.7616313706697138,1.0,0.0,3.0,"[17, 5, 14]",34.0,57.0,130.0
2.4414414414414414,0.7750017916742936,2.0,1.0,4.0,"[14, 5, 17, 29]",33.0,52.0,135.0
2.436936936936937,0.7387684417222306,2.0,0.0,2.0,"[5, 14]",27.0,65.0,128.0
2.472972972972973,0.6969157581278157,1.0,0.0,3.0,"[14, 5, 17]",23.0,68.0,130.0
2.4954954954954958,0.664195820684617,2.0,1.0,2.0,"[5, 17, 14]",15.0,76.0,129.0
2.3063063063063063,0.885200519684974,8.0,2.0,2.0,"[5, 14]",39.0,52.0,123.0
2.527027027027027,0.6636585757364909,1.0,0.0,3.0,"[14, 5]",18.0,66.0,137.0
2.445945945945946,0.7635691120783644,1.0,0.0,3.0,"[5, 14]",34.0,52.0,135.0
2.4234234234234235,0.7374844064558943,3.0,0.0,2.0,"[14, 5]",24.0,71.0,124.0
2.31981981981982,0.8569460475865301,8.0,1.0,2.0,"[17, 14, 5]",33.0,61.0,120.0
2.414414414414414,0.7783085089962077,4.0,0.0,2.0,"[5, 14]",28.0,62.0,128.0
2.364864864864865,0.7227584976389123,2.0,0.0,3.0,"[5, 14]",26.0,83.0,111.0
2.572072072072072,0.7001837084303971,2.0,0.0,2.0,"[14, 5]",21.0,47.0,152.0
2.5765765765765765,0.6800259450673171,2.0,0.0,3.0,"[5, 14]",18.0,52.0,150.0
2.3963963963963963,0.8901601795892252,12.0,0.0,2.0,"[14, 5, 17, 8]",25.0,48.0,137.0
2.5405405405405403,0.7524774620732592,6.0,1.0,1.0,"[5, 14]",17.0,50.0,149.0
2.545045045045045,0.682852513009104,3.0,0.0,2.0,"[14, 5, 26, 17]",15.0,62.0,142.0
2.4234234234234235,0.7675494241701202,1.0,0.0,3.0,"[14, 5]",35.0,55.0,131.0
2.603603603603604,0.6421017423966121,2.0,0.0,3.0,"[14, 5, 17]",13.0,56.0,151.0
2.4864864864864864,0.716513237333109,2.0,1.0,2.0,"[5, 14, 17]",23.0,62.0,135.0
2.3828828828828827,0.7504296053304115,1.0,0.0,2.0,"[5, 14, 26, 17]",33.0,68.0,120.0
2.400900900900901,0.7708484478167205,3.0,0.0,4.0,"[14, 5]",30.0,64.0,125.0
2.3963963963963963,0.7402980845062391,1.0,0.0,2.0,"[14, 5, 17]",31.0,69.0,121.0
2.247747747747748,0.7884169196867215,2.0,2.0,1.0,"[14, 5, 17]",42.0,77.0,101.0
2.31981981981982,0.7438824190428575,0.0,1.0,2.0,"[17, 5, 14]",37.0,77.0,108.0
2.554054054054054,0.7394854250744348,4.0,0.0,3.0,"[14, 8, 5]",21.0,45.0,152.0
2.369369369369369,0.7481854722981269,3.0,0.0,2.0,"[14, 29, 5, 17]",27.0,77.0,115.0
2.418918918918919,0.743114823196883,2.0,1.0,3.0,"[14, 17, 5]",28.0,67.0,125.0
2.5495495495495497,0.6956716698230324,1.0,0.0,4.0,"[5, 14]",23.0,51.0,147.0
2.364864864864865,0.8386747408992236,7.0,0.0,2.0,"[5, 14, 17]",31.0,58.0,126.0
2.554054054054054,0.7208948415896378,3.0,0.0,2.0,"[14, 5]",21.0,48.0,150.0
2.572072072072072,0.6738383563798657,1.0,0.0,4.0,"[5, 14]",20.0,52.0,149.0
2.468468468468469,0.7346599523640843,3.0,0.0,2.0,"[5, 14]",23.0,63.0,133.0
2.468468468468469,0.6566033509964179,0.0,0.0,3.0,"[5, 17, 14, 26]",20.0,78.0,124.0
2.463963963963964,0.6767359501362702,0.0,0.0,4.0,"[5, 14]",23.0,73.0,126.0
2.509009009009009,0.811350424434897,8.0,0.0,2.0,"[14, 5]",21.0,43.0,150.0
2.472972972972973,0.7348402659495495,4.0,1.0,2.0,"[5, 29, 17, 14]",20.0,65.0,133.0
2.355855855855856,0.7395956685136184,1.0,1.0,2.0,"[17, 5, 29, 14]",32.0,76.0,113.0
2.612612612612613,0.714062638052098,7.0,0.0,2.0,"[5, 14, 17]",9.0,47.0,159.0
2.315315315315315,0.7957122877791639,2.0,0.0,3.0,"[26, 5, 14]",40.0,66.0,114.0
2.468468468468469,0.7159440790596918,2.0,0.0,2.0,"[17, 14, 5]",23.0,66.0,131.0
2.5765765765765765,0.6733390766983909,4.0,0.0,2.0,"[14, 5, 17, 29]",11.0,60.0,147.0
2.481981981981982,0.6841050167057883,2.0,0.0,4.0,"[5, 17, 14]",18.0,73.0,129.0
2.414414414414414,0.7364887771624948,1.0,0.0,3.0,"[14, 5]",30.0,67.0,124.0
2.5135135135135136,0.7228007976124737,1.0,0.0,3.0,"[14, 5]",27.0,51.0,143.0
2.563063063063063,0.7326179336659979,4.0,0.0,2.0,"[14, 5]",20.0,45.0,153.0
2.45945945945946,0.7154884264572533,3.0,0.0,2.0,"[5, 17, 14]",20.0,71.0,128.0
2.3063063063063063,0.7820704947081704,3.0,0.0,4.0,"[5, 17, 14]",35.0,75.0,109.0
2.5675675675675675,0.6941464581547017,2.0,1.0,4.0,"[17, 5, 14]",20.0,50.0,150.0
2.324324324324324,0.888968716266592,8.0,1.0,1.0,"[17, 5, 14]",39.0,48.0,127.0
2.373873873873874,0.7609486472481084,3.0,0.0,6.0,"[26, 5, 14, 17]",29.0,72.0,118.0
2.445945945945946,0.7271445154755726,3.0,0.0,1.0,"[5, 14, 26]",22.0,70.0,127.0
2.5765765765765765,0.6597620515744516,2.0,0.0,1.0,"[14, 5]",15.0,58.0,147.0
2.315315315315315,0.7842566527683643,1.0,0.0,1.0,"[5, 14, 17]",41.0,67.0,113.0
2.5675675675675675,0.7197488453560322,4.0,1.0,2.0,"[5, 17, 14]",18.0,48.0,152.0
2.4954954954954958,0.7887658482262236,5.0,1.0,1.0,"[14, 5]",26.0,45.0,146.0
2.4324324324324325,0.7916032373981393,2.0,0.0,5.0,"[17, 5, 14]",36.0,48.0,136.0
2.5,0.7229276826828118,1.0,1.0,4.0,"[5, 14]",27.0,54.0,140.0
2.554054054054054,0.7455792832778909,8.0,0.0,3.0,"[14, 5]",10.0,55.0,149.0
2.5225225225225225,0.6706091894768538,2.0,0.0,3.0,"[14, 17, 5]",16.0,68.0,136.0
2.4324324324324325,0.7070635423213598,4.0,1.0,1.0,"[5, 14]",16.0,82.0,120.0
2.3783783783783785,0.7616848917246037,1.0,0.0,2.0,"[14, 5, 17, 26]",35.0,65.0,121.0
2.373873873873874,0.7489614784736355,2.0,0.0,2.0,"[5, 14]",30.0,73.0,117.0
2.454954954954955,0.7461804688407556,4.0,0.0,3.0,"[5, 26, 14]",22.0,65.0,131.0
2.472972972972973,0.6903924971863555,2.0,0.0,3.0,"[5, 14, 17]",19.0,73.0,128.0
2.463963963963964,0.7646361087380231,2.0,1.0,2.0,"[14, 5]",31.0,51.0,138.0
2.4414414414414414,0.7267940472053388,2.0,0.0,3.0,"[14, 5, 17]",25.0,68.0,127.0
2.3828828828828827,0.7972093718726632,4.0,1.0,3.0,"[17, 14, 5]",32.0,61.0,125.0
2.3963963963963963,0.8214244253142173,8.0,1.0,1.0,"[5, 17, 14]",24.0,62.0,128.0
2.509009009009009,0.6709282486604639,1.0,0.0,4.0,"[5, 14, 17]",19.0,68.0,134.0
2.599099099099099,0.6703811970893496,2.0,1.0,3.0,"[5, 14, 17]",17.0,49.0,154.0
2.4954954954954958,0.6843284368502307,1.0,0.0,4.0,"[14, 5, 29, 17]",21.0,67.0,133.0
2.427927927927928,0.7317828190997817,1.0,0.0,4.0,"[14, 5]",29.0,66.0,126.0
2.472972972972973,0.7650092059832255,4.0,0.0,2.0,"[5, 17, 14]",25.0,55.0,138.0
2.400900900900901,0.7590176427397027,5.0,0.0,1.0,"[14, 5]",22.0,74.0,121.0
2.5405405405405403,0.7027262204322279,2.0,0.0,3.0,"[14, 5]",21.0,54.0,145.0
2.436936936936937,0.732617933665998,2.0,0.0,3.0,"[5, 17, 14, 29]",26.0,67.0,127.0
2.599099099099099,0.6635971486190197,2.0,1.0,3.0,"[14, 17, 5]",16.0,51.0,153.0
2.6171171171171173,0.6874931672386252,4.0,0.0,2.0,"[5, 14, 17]",14.0,45.0,159.0
2.346846846846846,0.7853085187686722,3.0,0.0,3.0,"[5, 14, 17]",34.0,68.0,117.0
2.40990990990991,0.7601446581732407,2.0,0.0,3.0,"[5, 17, 14]",31.0,63.0,126.0
2.369369369369369,0.8063989326099907,4.0,0.0,2.0,"[5, 14, 26]",34.0,60.0,124.0
2.5225225225225225,0.7941738853197863,8.0,0.0,2.0,"[14, 5, 29]",18.0,46.0,150.0
2.463963963963964,0.7763813021301698,4.0,0.0,3.0,"[5, 14]",27.0,53.0,138.0
2.608108108108108,0.6621827521987618,2.0,0.0,3.0,"[5, 14, 17]",16.0,49.0,155.0
2.3828828828828827,0.7857755627978602,1.0,0.0,2.0,"[14, 5]",39.0,56.0,126.0
2.5,0.7654886352381288,5.0,1.0,2.0,"[14, 5]",22.0,52.0,143.0
2.4864864864864864,0.7653688060790177,3.0,0.0,3.0,"[14, 5, 32, 17]",28.0,49.0,142.0
2.5225225225225225,0.650051816199166,1.0,0.0,2.0,"[14, 5]",16.0,71.0,134.0
2.391891891891892,0.7335076745486333,3.0,0.0,2.0,"[14, 17, 5]",24.0,78.0,117.0
2.3423423423423424,0.7727894528136424,3.0,0.0,2.0,"[14, 5, 17]",32.0,73.0,114.0
2.36036036036036,0.8539796938549602,5.0,1.0,1.0,"[5, 14, 17]",40.0,47.0,130.0
2.3873873873873874,0.7266257623930175,1.0,0.0,2.0,"[5, 14, 17]",29.0,75.0,117.0
2.468468468468469,0.7222365942655401,2.0,0.0,2.0,"[5, 14]",24.0,64.0,132.0
2.477477477477477,0.7288104340716506,2.0,0.0,2.0,"[14, 5, 26]",25.0,60.0,135.0
2.40990990990991,0.7777976746020018,2.0,0.0,5.0,"[5, 14, 26]",34.0,57.0,129.0
2.468468468468469,0.7284747571823903,5.0,0.0,2.0,"[17, 14, 5, 26]",16.0,71.0,130.0
2.468468468468469,0.7407935065612108,1.0,0.0,3.0,"[14, 17, 5]",30.0,55.0,136.0
2.400900900900901,0.7160721791136296,0.0,0.0,1.0,"[14, 5, 17]",30.0,73.0,119.0
2.436936936936937,0.7387684417222306,2.0,1.0,4.0,"[5, 14]",27.0,65.0,128.0
2.364864864864865,0.747381389206262,4.0,0.0,2.0,"[5, 14, 17]",24.0,81.0,113.0
2.4234234234234235,0.7496551188892895,4.0,1.0,1.0,"[5, 14, 17]",23.0,70.0,125.0
2.418918918918919,0.7611629009101161,2.0,0.0,5.0,"[14, 29, 17, 5]",31.0,61.0,128.0
2.427927927927928,0.7129914256585806,4.0,0.0,1.0,"[5, 17, 14]",17.0,81.0,120.0
2.369369369369369,0.8063989326099908,3.0,0.0,4.0,"[14, 5]",37.0,57.0,125.0
2.5855855855855854,0.7114890187934616,5.0,0.0,3.0,"[5, 17, 14]",14.0,49.0,154.0
2.4414414414414414,0.6949681419135959,1.0,1.0,2.0,"[5, 14, 17]",23.0,75.0,123.0
2.418918918918919,0.8129064678810275,4.0,1.0,3.0,"[5, 14]",34.0,49.0,135.0
2.463963963963964,0.7093803034939163,3.0,1.0,1.0,"[5, 17, 14]",19.0,72.0,128.0
2.4234234234234235,0.6932061983825663,2.0,1.0,2.0,"[14, 29, 5, 17]",20.0,82.0,118.0
2.436936936936937,0.6611970397822569,0.0,0.0,3.0,"[5, 17, 32, 14]",21.0,83.0,118.0
2.418918918918919,0.8456450603277623,10.0,0.0,2.0,"[5, 14, 17, 8, 26]",22.0,55.0,135.0
2.40990990990991,0.7359489155686614,1.0,0.0,2.0,"[14, 5]",30.0,68.0,123.0
2.4954954954954958,0.7654753218134531,5.0,0.0,2.0,"[5, 14]",22.0,53.0,142.0
2.4234234234234235,0.7734221953755525,2.0,0.0,4.0,"[5, 14, 26]",33.0,56.0,131.0
2.4504504504504503,0.7274667971616622,1.0,0.0,3.0,"[5, 14]",28.0,63.0,130.0
2.5495495495495497,0.7149184523156012,1.0,1.0,4.0,"[17, 14, 5, 29]",26.0,45.0,150.0
2.3873873873873874,0.7864367337108529,3.0,1.0,3.0,"[29, 5, 14]",33.0,61.0,125.0
2.369369369369369,0.7661141052251549,2.0,1.0,4.0,"[5, 17, 14]",33.0,68.0,119.0
2.5315315315315314,0.6769618023246907,1.0,0.0,2.0,"[5, 14]",20.0,61.0,140.0
2.3873873873873874,0.8035123256035114,6.0,1.0,3.0,"[5, 14, 26]",27.0,64.0,125.0
2.527027027027027,0.7590713480849012,5.0,0.0,3.0,"[17, 5, 14, 26]",21.0,48.0,148.0
2.3513513513513518,0.8471260826910839,5.0,0.0,1.0,"[5, 14]",39.0,51.0,127.0
2.369369369369369,0.8230604836714619,6.0,2.0,1.0,"[5, 17, 14]",31.0,60.0,125.0
2.445945945945946,0.7394854250744346,5.0,0.0,3.0,"[17, 5, 14]",18.0,72.0,127.0
2.4234234234234235,0.8460667533493257,9.0,1.0,1.0,"[5, 17, 14]",25.0,51.0,137.0
2.414414414414414,0.8344230777803674,9.0,0.0,2.0,"[14, 5, 17]",23.0,57.0,133.0
2.346846846846846,0.7678282023888402,2.0,0.0,2.0,"[5, 14]",34.0,71.0,115.0
2.418918918918919,0.7670845686608219,5.0,1.0,1.0,"[14, 17, 5]",23.0,68.0,126.0
2.4234234234234235,0.8407015982900309,7.0,0.0,2.0,"[14, 29, 5]",30.0,47.0,138.0
2.4504504504504503,0.6554848813362742,1.0,1.0,2.0,"[14, 17, 5]",17.0,85.0,119.0
2.5,0.7166412356496688,2.0,0.0,2.0,"[14, 29, 5]",23.0,59.0,138.0
2.40990990990991,0.8063610180276339,3.0,0.0,2.0,"[5, 14]",36.0,50.0,133.0
2.369369369369369,0.7836326585153965,2.0,0.0,2.0,"[14, 5]",36.0,62.0,122.0
2.545045045045045,0.7215165951360961,2.0,1.0,2.0,"[14, 5, 17]",24.0,47.0,149.0
2.391891891891892,0.7870714531874782,3.0,0.0,3.0,"[14, 5, 17]",33.0,60.0,126.0
2.5135135135135136,0.716513237333109,1.0,0.0,3.0,"[5, 14]",26.0,53.0,142.0
2.4234234234234235,0.680025945067317,0.0,0.0,3.0,"[14, 5]",24.0,80.0,118.0
2.3378378378378377,0.7296629177808368,1.0,0.0,3.0,"[17, 5, 29, 14]",31.0,82.0,108.0
2.4234234234234235,0.7556669709816427,2.0,0.0,5.0,"[14, 5, 17]",30.0,62.0,128.0
2.427927927927928,0.7001837084303971,0.0,0.0,3.0,"[14, 5]",27.0,73.0,122.0
2.4324324324324325,0.7444712858223385,4.0,0.0,2.0,"[5, 14]",22.0,70.0,126.0
2.436936936936937,0.7448681656778928,4.0,0.0,3.0,"[5, 14, 26]",22.0,69.0,127.0
2.3873873873873874,0.7328265636075768,1.0,0.0,2.0,"[14, 5, 32]",30.0,73.0,118.0
2.4864864864864864,0.6907909410602804,1.0,0.0,3.0,"[5, 14, 17]",22.0,67.0,132.0
2.518018018018018,0.7473268437829514,3.0,2.0,2.0,"[5, 14]",25.0,48.0,146.0
2.454954954954955,0.7024506216025558,3.0,0.0,2.0,"[5, 14, 17]",18.0,76.0,125.0
2.3783783783783785,0.7850878736193457,3.0,0.0,4.0,"[14, 5]",33.0,63.0,123.0
2.4234234234234235,0.712519582006683,3.0,0.0,1.0,"[14, 17, 5]",20.0,79.0,120.0
2.490990990990991,0.7165843503316202,2.0,0.0,3.0,"[5, 14, 17]",23.0,61.0,136.0
2.391891891891892,0.8153099663323939,5.0,2.0,1.0,"[5, 14, 17]",32.0,56.0,129.0
2.5765765765765765,0.6997032279700202,3.0,0.0,3.0,"[14, 5, 29, 17]",18.0,49.0,152.0
2.373873873873874,0.8346795208774775,7.0,1.0,1.0,"[5, 14, 29]",30.0,58.0,127.0
2.4054054054054053,0.7475858990990503,1.0,0.0,1.0,"[5, 14, 32]",32.0,65.0,124.0
2.373873873873874,0.7668719694345218,3.0,0.0,3.0,"[14, 5, 17, 29]",30.0,70.0,119.0
2.418918918918919,0.7670845686608219,2.0,0.0,3.0,"[5, 14, 17, 26]",32.0,59.0,129.0
2.427927927927928,0.7738569057772997,1.0,0.0,4.0,"[5, 14, 29, 17]",36.0,52.0,133.0
2.3783783783783785,0.7436494826291168,5.0,0.0,2.0,"[14, 17, 5]",20.0,83.0,114.0
2.418918918918919,0.772960871734925,3.0,1.0,3.0,"[14, 5, 17]",30.0,60.0,129.0
2.4414414414414414,0.7572836033028821,1.0,0.0,3.0,"[14, 5]",33.0,55.0,133.0
2.454954954954955,0.7215165951360961,4.0,1.0,1.0,"[5, 17, 14]",18.0,73.0,127.0
2.3378378378378377,0.7480356240523658,1.0,0.0,2.0,"[17, 14, 5]",34.0,76.0,111.0
2.468468468468469,0.7095957656193942,2.0,0.0,3.0,"[17, 5, 14]",22.0,68.0,130.0
2.346846846846846,0.8463196683067594,7.0,0.0,1.0,"[5, 17, 14]",33.0,58.0,124.0
2.391891891891892,0.7637292566086652,3.0,0.0,3.0,"[5, 14, 17]",29.0,68.0,122.0
2.3963963963963963,0.7463853077863087,2.0,0.0,1.0,"[14, 26, 5]",29.0,70.0,121.0
2.5,0.7654886352381288,6.0,0.0,3.0,"[5, 14, 26]",19.0,55.0,142.0
2.3513513513513518,0.7200885899325907,1.0,0.0,2.0,"[17, 5, 14]",29.0,83.0,109.0
2.3423423423423424,0.8238030724517321,5.0,1.0,1.0,"[17, 14, 5]",35.0,61.0,121.0
2.5225225225225225,0.7768930678394271,6.0,0.0,3.0,"[5, 29, 14]",21.0,46.0,149.0
2.454954954954955,0.8536574215906964,10.0,0.0,4.0,"[17, 5, 14]",23.0,45.0,144.0
2.418918918918919,0.7246173605344868,0.0,0.0,3.0,"[5, 14, 32]",31.0,67.0,124.0
2.445945945945946,0.7576199675064575,4.0,1.0,2.0,"[5, 14, 26]",24.0,63.0,131.0
2.3873873873873874,0.8473666546672769,9.0,0.0,3.0,"[5, 14]",26.0,57.0,130.0
2.490990990990991,0.7291040245750274,3.0,0.0,3.0,"[14, 5]",22.0,60.0,137.0
2.3783783783783785,0.7313788385667449,2.0,0.0,5.0,"[14, 17, 29, 5]",27.0,78.0,115.0
2.4864864864864864,0.7594337598258093,3.0,0.0,2.0,"[14, 5]",27.0,51.0,141.0
2.3828828828828827,0.7915131135022021,1.0,0.0,2.0,"[14, 5]",40.0,54.0,127.0
2.6981981981981984,0.5738623578773867,2.0,0.0,3.0,"[17, 5, 14]",7.0,47.0,166.0
2.4234234234234235,0.7792507080877087,2.0,0.0,3.0,"[5, 14, 26]",34.0,54.0,132.0
2.5495495495495497,0.6825390279559507,0.0,0.0,2.0,"[5, 14]",24.0,52.0,146.0
2.400900900900901,0.7223635784396929,2.0,0.0,2.0,"[5, 14, 17]",25.0,77.0,118.0
2.4504504504504503,0.7579292907329334,3.0,0.0,2.0,"[14, 5]",27.0,59.0,133.0
2.279279279279279,0.7978610678815625,2.0,1.0,1.0,"[5, 14, 26, 17]",42.0,70.0,108.0
2.463963963963964,0.6833895813973875,1.0,1.0,2.0,"[5, 17, 14]",21.0,74.0,126.0
2.5,0.7595545253127499,3.0,1.0,2.0,"[5, 14]",27.0,48.0,144.0
2.518018018018018,0.6707459477109904,2.0,0.0,1.0,"[14, 17, 5]",16.0,69.0,135.0
2.536036036036036,0.7763813021301698,7.0,1.0,3.0,"[14, 5, 17]",18.0,46.0,151.0
2.518018018018018,0.657115346692955,2.0,0.0,1.0,"[5, 14]",14.0,73.0,133.0
2.414414414414414,0.7303190707702018,3.0,0.0,2.0,"[14, 5]",23.0,75.0,121.0
2.4234234234234235,0.7616313706697138,3.0,0.0,2.0,"[5, 14]",28.0,63.0,128.0
2.4414414414414414,0.7632353697170048,3.0,0.0,3.0,"[14, 5, 17, 29]",28.0,59.0,132.0
2.454954954954955,0.8212383033583729,7.0,0.0,3.0,"[14, 32, 5]",26.0,48.0,141.0
2.536036036036036,0.7157305280206909,3.0,1.0,2.0,"[5, 14, 17, 29]",20.0,54.0,145.0
2.40990990990991,0.754168500796511,3.0,1.0,3.0,"[5, 14, 17]",27.0,68.0,124.0
2.490990990990991,0.7713242476034935,2.0,0.0,3.0,"[5, 17, 14, 26]",32.0,43.0,145.0
2.2432432432432434,0.8262242113084859,3.0,0.0,2.0,"[5, 14, 17]",46.0,67.0,106.0
2.391891891891892,0.7754881848947387,3.0,2.0,4.0,"[14, 17, 5]",31.0,64.0,124.0
2.4054054054054053,0.7292018618083521,1.0,0.0,3.0,"[5, 14]",29.0,71.0,121.0
2.4054054054054053,0.7475858990990504,2.0,1.0,2.0,"[5, 14, 17]",29.0,68.0,123.0
2.477477477477477,0.7162856282939059,2.0,0.0,2.0,"[5, 14, 26]",23.0,64.0,133.0
2.400900900900901,0.7649559175179907,2.0,0.0,3.0,"[5, 14]",32.0,63.0,125.0
2.436936936936937,0.7264153515540407,2.0,1.0,3.0,"[5, 14]",25.0,69.0,126.0
2.40990990990991,0.7109301732969731,2.0,0.0,2.0,"[5, 14, 17, 29]",23.0,79.0,118.0
2.414414414414414,0.7114890187934616,0.0,1.0,2.0,"[17, 5, 14]",29.0,72.0,121.0
2.400900900900901,0.7530325412852215,4.0,0.0,3.0,"[14, 5, 29]",24.0,73.0,121.0
2.5765765765765765,0.680025945067317,2.0,0.0,4.0,"[17, 5, 14]",18.0,52.0,150.0
2.355855855855856,0.7517321999192387,0.0,0.0,3.0,"[14, 17, 5]",37.0,69.0,116.0
2.3828828828828827,0.7564353021323195,4.0,1.0,2.0,"[14, 26, 5, 17]",25.0,75.0,118.0
2.445945945945946,0.6551271899974753,0.0,0.0,2.0,"[14, 32, 5]",20.0,83.0,119.0
2.5945945945945947,0.6777441738735333,1.0,2.0,2.0,"[5, 14, 17]",21.0,45.0,155.0
2.477477477477477,0.7288104340716507,3.0,0.0,3.0,"[14, 5, 32]",22.0,63.0,134.0
2.400900900900901,0.7825004006470281,4.0,0.0,2.0,"[5, 14, 8]",29.0,63.0,126.0
2.369369369369369,0.7601848778220227,2.0,0.0,3.0,"[14, 5]",32.0,70.0,118.0
2.445945945945946,0.7082300651054266,0.0,0.0,4.0,"[14, 5]",28.0,67.0,127.0
2.454954954954955,0.8267297772903762,4.0,1.0,2.0,"[5, 14]",36.0,37.0,145.0
2.36036036036036,0.7878350287012748,3.0,2.0,4.0,"[5, 14]",34.0,65.0,120.0
2.3873873873873874,0.7864367337108529,5.0,2.0,3.0,"[17, 14, 5]",27.0,67.0,123.0
2.436936936936937,0.7569201620723688,1.0,0.0,2.0,"[5, 14]",33.0,56.0,132.0
2.400900900900901,0.8052986849830216,4.0,0.0,3.0,"[14, 5]",33.0,55.0,130.0
2.558558558558558,0.7014488520416098,3.0,2.0,2.0,"[14, 5, 17]",18.0,53.0,148.0
2.391891891891892,0.7696311786535682,6.0,0.0,1.0,"[14, 17, 5]",21.0,75.0,120.0
2.391891891891892,0.7813012854635482,2.0,1.0,4.0,"[14, 5]",35.0,59.0,126.0
2.454954954954955,0.798895021814703,7.0,1.0,1.0,"[5, 14]",22.0,56.0,137.0
2.355855855855856,0.7695782102310241,5.0,0.0,1.0,"[5, 14, 17, 29]",25.0,78.0,114.0
2.4954954954954958,0.7475313685982959,4.0,0.0,3.0,"[14, 5]",22.0,56.0,140.0
2.5945945945945947,0.6574099512119891,2.0,2.0,2.0,"[14, 5, 29]",15.0,54.0,151.0
2.536036036036036,0.7029727172724876,3.0,1.0,1.0,"[5, 14, 17]",18.0,58.0,143.0
2.4954954954954958,0.722913585441453,3.0,0.0,3.0,"[14, 29, 17, 5]",21.0,61.0,137.0
2.481981981981982,0.7942893688598864,6.0,0.0,3.0,"[14, 5]",24.0,49.0,143.0
2.5,0.8001696652664794,8.0,0.0,3.0,"[29, 17, 14, 5]",19.0,49.0,146.0
2.391891891891892,0.7696311786535682,1.0,1.0,2.0,"[14, 5, 29, 17]",36.0,60.0,125.0
2.4054054054054053,0.7292018618083521,2.0,0.0,2.0,"[5, 17, 14]",26.0,74.0,120.0
2.463963963963964,0.7705310847342124,7.0,0.0,2.0,"[14, 5, 17, 32]",17.0,64.0,134.0
2.436936936936937,0.7509183430946437,2.0,0.0,4.0,"[14, 5]",29.0,61.0,130.0
2.481981981981982,0.7227020938228721,3.0,1.0,4.0,"[14, 5, 17]",21.0,64.0,134.0
2.4234234234234235,0.6458996959175759,0.0,1.0,1.0,"[14, 17, 5]",19.0,90.0,113.0
2.414414414414414,0.8012260793300006,4.0,0.0,3.0,"[14, 5, 17]",32.0,54.0,132.0
2.572072072072072,0.7193097711127742,4.0,0.0,3.0,"[14, 5, 17]",18.0,47.0,153.0
2.4324324324324325,0.756529604791034,1.0,0.0,2.0,"[5, 17, 14]",33.0,57.0,131.0
2.3828828828828827,0.8305669299554026,6.0,0.0,1.0,"[5, 17, 14]",32.0,55.0,129.0
2.477477477477477,0.7035378836914777,1.0,0.0,3.0,"[14, 5]",24.0,65.0,132.0
2.414414414414414,0.7364887771624951,0.0,0.0,3.0,"[14, 29, 17, 5]",33.0,64.0,125.0
2.481981981981982,0.7828129112198678,7.0,0.0,3.0,"[17, 14, 5, 26]",19.0,56.0,140.0
2.5495495495495497,0.7638760262677337,5.0,0.0,3.0,"[5, 14]",22.0,41.0,154.0
2.490990990990991,0.7654353801500418,4.0,1.0,2.0,"[14, 5]",25.0,51.0,142.0
2.3828828828828827,0.768305872568553,2.0,0.0,3.0,"[5, 14, 17, 29]",33.0,65.0,122.0
2.369369369369369,0.8119907710498862,5.0,0.0,2.0,"[14, 5, 17]",32.0,61.0,124.0
2.5,0.7654886352381288,6.0,1.0,2.0,"[14, 17, 26, 5]",19.0,55.0,142.0
2.4234234234234235,0.8077626723447153,5.0,0.0,2.0,"[5, 14, 17]",30.0,53.0,134.0
2.436936936936937,0.7919764985689902,4.0,0.0,4.0,"[5, 29, 14]",30.0,53.0,135.0
2.5765765765765765,0.6733390766983908,2.0,0.0,1.0,"[5, 17, 14, 26]",17.0,54.0,149.0
2.468468468468469,0.746876692044216,3.0,0.0,4.0,"[14, 5, 17]",25.0,59.0,135.0
2.2972972972972974,0.7797736601015305,2.0,0.0,2.0,"[14, 17, 5]",38.0,74.0,108.0
2.518018018018018,0.7533572759283899,5.0,2.0,2.0,"[5, 17, 26, 14]",20.0,52.0,145.0
2.558558558558558,0.6949681419135957,3.0,1.0,3.0,"[14, 17, 5]",17.0,55.0,147.0
2.418918918918919,0.7903276728675162,3.0,0.0,3.0,"[17, 14, 5]",33.0,54.0,132.0
2.5135135135135136,0.7352146220938076,5.0,0.0,1.0,"[5, 14, 26]",17.0,59.0,141.0
2.3828828828828827,0.7321169792385565,1.0,0.0,5.0,"[14, 5, 17]",30.0,74.0,117.0
2.4234234234234235,0.69970322797002,0.0,0.0,3.0,"[5, 14]",27.0,74.0,121.0
2.4954954954954958,0.7291459564253737,2.0,0.0,3.0,"[5, 17, 14]",25.0,56.0,139.0
2.373873873873874,0.8560893630894383,7.0,0.0,2.0,"[14, 5, 29]",34.0,50.0,131.0
2.5675675675675675,0.7134343884588724,5.0,0.0,1.0,"[14, 5, 17]",14.0,53.0,150.0
2.463963963963964,0.7586953308346966,4.0,0.0,1.0,"[17, 14, 5, 29]",24.0,59.0,135.0
2.400900900900901,0.7649559175179907,3.0,1.0,3.0,"[26, 17, 14, 5, 29]",29.0,66.0,124.0
2.5495495495495497,0.702145886515062,4.0,0.0,4.0,"[14, 8, 5, 17]",15.0,58.0,145.0
2.4324324324324325,0.785866344681816,5.0,1.0,2.0,"[14, 5, 26]",26.0,59.0,132.0
2.40990990990991,0.7297746450590296,0.0,0.0,2.0,"[5, 14]",32.0,67.0,123.0
2.418918918918919,0.7056351733870684,2.0,1.0,3.0,"[5, 14]",22.0,79.0,119.0
2.4504504504504503,0.7756327294653673,4.0,0.0,3.0,"[5, 17, 26, 14]",27.0,56.0,135.0
2.4324324324324325,0.7800872630340163,4.0,1.0,2.0,"[5, 17, 14, 29]",28.0,58.0,132.0
2.364864864864865,0.7770635815106525,2.0,1.0,2.0,"[14, 17, 5]",35.0,65.0,120.0
2.5855855855855854,0.6855782441421681,2.0,0.0,2.0,"[14, 5]",19.0,48.0,153.0
2.4054054054054053,0.710342195000268,1.0,0.0,3.0,"[5, 14, 26]",26.0,77.0,118.0
2.45945945945946,0.7027262204322279,1.0,1.0,2.0,"[14, 5]",24.0,69.0,128.0
2.477477477477477,0.7941738853197863,7.0,0.0,2.0,"[5, 14, 17]",21.0,53.0,141.0
2.472972972972973,0.8053493040468082,6.0,0.0,4.0,"[5, 14, 17]",26.0,47.0,143.0
2.3783783783783785,0.7375396797860417,2.0,0.0,2.0,"[14, 5]",28.0,76.0,116.0
2.554054054054054,0.7018119772158216,4.0,1.0,4.0,"[14, 5]",15.0,57.0,146.0
2.4414414414414414,0.7512846877687185,2.0,2.0,4.0,"[5, 14, 17]",29.0,60.0,131.0
2.4954954954954958,0.7414535543665464,3.0,1.0,2.0,"[5, 14]",24.0,55.0,140.0
2.490990990990991,0.670928248660464,1.0,1.0,2.0,"[5, 14, 26]",19.0,72.0,130.0
2.4324324324324325,0.7197488453560322,0.0,0.0,5.0,"[14, 17, 5]",30.0,66.0,126.0
2.3018018018018016,0.8259898197067457,4.0,0.0,3.0,"[14, 5]",40.0,63.0,115.0
2.4054054054054053,0.7888175282163348,2.0,0.0,4.0,"[14, 5]",36.0,54.0,130.0
2.4414414414414414,0.7391408083473869,2.0,1.0,3.0,"[5, 17, 14]",27.0,64.0,129.0
2.4414414414414414,0.7632353697170048,1.0,0.0,5.0,"[17, 14, 5]",34.0,53.0,134.0
2.5,0.7353393651236498,4.0,1.0,1.0,"[14, 5, 17]",20.0,59.0,139.0
2.463963963963964,0.6632284664393773,0.0,0.0,2.0,"[5, 14, 17]",21.0,77.0,124.0
2.400900900900901,0.7590176427397026,2.0,1.0,2.0,"[5, 17, 14]",31.0,65.0,124.0
2.373873873873874,0.7549788540039184,2.0,0.0,1.0,"[14, 17, 5, 29]",31.0,71.0,118.0
2.3783783783783785,0.7251656581413551,2.0,1.0,2.0,"[5, 14, 17]",26.0,80.0,114.0
2.400900900900901,0.7590176427397027,2.0,0.0,3.0,"[14, 5, 17, 26]",31.0,65.0,124.0
2.4054054054054053,0.710342195000268,2.0,0.0,2.0,"[14, 5]",23.0,80.0,117.0
2.5765765765765765,0.652867667251238,2.0,1.0,2.0,"[17, 14, 5]",14.0,60.0,146.0
2.490990990990991,0.7654353801500418,6.0,0.0,3.0,"[14, 5]",19.0,57.0,140.0
2.40990990990991,0.7950588304542311,5.0,0.0,3.0,"[5, 14, 17]",28.0,60.0,129.0
2.4054054054054053,0.7353809414313259,2.0,0.0,2.0,"[5, 14, 26]",27.0,72.0,121.0
2.3783783783783785,0.8299163568392869,5.0,0.0,2.0,"[5, 14]",35.0,53.0,129.0
2.4414414414414414,0.8036645107733984,5.0,1.0,3.0,"[17, 14, 5]",29.0,51.0,137.0
2.5,0.7772209455425434,8.0,1.0,3.0,"[14, 5]",15.0,57.0,142.0
2.4864864864864864,0.7228007976124738,0.0,1.0,3.0,"[5, 14]",30.0,54.0,138.0
2.3963963963963963,0.7876797851721571,5.0,0.0,1.0,"[14, 5, 17]",27.0,65.0,125.0
2.5405405405405403,0.74035314777267,8.0,1.0,2.0,"[5, 14, 17]",9.0,60.0,145.0
2.414414414414414,0.7486756750406809,3.0,0.0,1.0,"[5, 14, 17]",26.0,69.0,124.0
2.40990990990991,0.7601446581732408,2.0,0.0,2.0,"[14, 17, 5]",31.0,63.0,126.0
2.5,0.7229276826828118,2.0,0.0,2.0,"[5, 14, 17]",24.0,57.0,139.0
2.3963963963963963,0.7702532847718907,3.0,0.0,3.0,"[5, 14]",30.0,65.0,124.0
2.4504504504504503,0.7149184523156014,5.0,1.0,1.0,"[5, 17, 14, 26]",14.0,79.0,124.0
2.418918918918919,0.7183457005038106,2.0,0.0,2.0,"[5, 17, 14]",24.0,75.0,121.0
2.400900900900901,0.7882617907576236,2.0,1.0,4.0,"[14, 5, 29]",36.0,55.0,129.0
2.3828828828828827,0.8084814964567331,6.0,0.0,1.0,"[14, 5]",28.0,63.0,125.0
2.468468468468469,0.6836132353621817,1.0,0.0,3.0,"[5, 17, 14, 26]",21.0,73.0,127.0
2.4324324324324325,0.785866344681816,4.0,0.0,2.0,"[17, 5, 14]",29.0,56.0,133.0
2.427927927927928,0.7066165857853886,0.0,0.0,2.0,"[5, 14, 17]",28.0,71.0,123.0
2.472972972972973,0.7470540569276878,4.0,0.0,2.0,"[5, 14, 17]",22.0,61.0,135.0
2.518018018018018,0.7289362730524662,3.0,1.0,2.0,"[5, 14]",22.0,54.0,143.0
2.3828828828828827,0.706962641351553,2.0,0.0,1.0,"[14, 5, 17]",23.0,85.0,112.0
2.373873873873874,0.7785834348454213,3.0,0.0,4.0,"[5, 14]",32.0,66.0,121.0
2.4324324324324325,0.7070635423213599,1.0,0.0,2.0,"[14, 29, 5]",25.0,73.0,123.0
2.436936936936937,0.6880266131767316,0.0,1.0,1.0,"[5, 14]",25.0,75.0,122.0
2.4054054054054053,0.7595947762083726,4.0,0.0,2.0,"[5, 14, 17]",25.0,70.0,123.0
2.5945945945945947,0.7039433643711278,4.0,0.0,2.0,"[5, 17, 14]",16.0,46.0,156.0
2.481981981981982,0.7593398178351377,4.0,1.0,4.0,"[5, 14, 17]",24.0,55.0,139.0
2.31981981981982,0.8080275766787114,6.0,0.0,2.0,"[5, 14]",30.0,73.0,113.0
2.477477477477477,0.8276537939608939,9.0,1.0,3.0,"[14, 5, 29]",21.0,47.0,145.0
2.477477477477477,0.7099403690062563,0.0,0.0,3.0,"[5, 17, 14]",28.0,60.0,134.0
2.3783783783783785,0.773474900557758,2.0,0.0,1.0,"[17, 5, 14]",34.0,64.0,122.0
2.5945945945945947,0.710342195000268,5.0,0.0,2.0,"[14, 5]",14.0,47.0,156.0
2.346846846846846,0.7910494569913453,3.0,0.0,2.0,"[5, 14]",35.0,66.0,118.0
2.4864864864864864,0.6973104746141447,1.0,0.0,2.0,"[5, 14]",23.0,65.0,133.0
2.527027027027027,0.7825524944091954,7.0,0.0,2.0,"[5, 14]",19.0,46.0,150.0
2.468468468468469,0.7159440790596918,1.0,1.0,3.0,"[5, 14]",26.0,63.0,132.0
2.427927927927928,0.7561118894398158,1.0,0.0,3.0,"[26, 5, 14]",33.0,58.0,130.0
2.414414414414414,0.742607226359913,2.0,0.0,3.0,"[5, 14]",28.0,68.0,124.0
2.5495495495495497,0.7519355264883228,5.0,1.0,3.0,"[14, 5, 17]",20.0,45.0,152.0
2.427927927927928,0.7317828190997817,1.0,0.0,3.0,"[17, 14, 5]",29.0,66.0,126.0
2.59009009009009,0.6980846394189977,3.0,0.0,1.0,"[14, 5, 32]",18.0,46.0,155.0
2.5,0.7291599331729606,2.0,0.0,3.0,"[14, 5, 29, 17]",25.0,55.0,140.0
2.454954954954955,0.7277609297100535,1.0,0.0,2.0,"[5, 14, 17, 29]",28.0,62.0,131.0
2.630630630630631,0.6649319078931633,4.0,0.0,3.0,"[5, 14]",11.0,48.0,159.0
2.4054054054054053,0.8495767205694523,7.0,1.0,3.0,"[5, 14, 32, 17]",32.0,47.0,136.0
2.333333333333333,0.80533664957914,4.0,0.0,2.0,"[17, 14, 5]",35.0,66.0,117.0
2.31981981981982,0.8301250867766226,4.0,1.0,2.0,"[5, 17, 14, 26]",40.0,59.0,119.0
2.418918918918919,0.730835202315558,2.0,0.0,3.0,"[14, 17, 5, 26]",26.0,71.0,123.0
2.518018018018018,0.7593398178351377,2.0,0.0,3.0,"[14, 5, 29]",30.0,41.0,149.0
2.3783783783783785,0.8672425125874464,10.0,0.0,3.0,"[14, 29, 5]",27.0,54.0,131.0
2.518018018018018,0.7711656802926413,7.0,0.0,2.0,"[5, 14]",17.0,52.0,146.0
2.612612612612613,0.6545513633482224,2.0,0.0,4.0,"[14, 5]",15.0,50.0,155.0
2.490990990990991,0.664149788146425,3.0,0.0,2.0,"[14, 5, 17, 26]",12.0,80.0,127.0
2.581081081081081,0.7120188000865245,3.0,0.0,2.0,"[14, 5]",20.0,44.0,155.0
2.472972972972973,0.7709013289615874,6.0,0.0,3.0,"[14, 5, 17, 26]",20.0,59.0,137.0
2.369369369369369,0.7778369814660729,3.0,1.0,3.0,"[5, 14, 17]",32.0,67.0,120.0
2.5315315315315314,0.6064483030317857,2.0,1.0,1.0,"[5, 14, 26]",7.0,84.0,129.0
2.3783783783783785,0.7557209144425376,2.0,0.0,4.0,"[5, 14]",31.0,70.0,119.0
2.603603603603604,0.6421017423966121,2.0,0.0,3.0,"[5, 14, 26]",13.0,56.0,151.0
2.373873873873874,0.7785834348454215,2.0,1.0,2.0,"[5, 14]",35.0,63.0,122.0
2.5135135135135136,0.7534519638354582,8.0,0.0,2.0,"[5, 14, 17]",11.0,62.0,141.0
2.4324324324324325,0.7624872567334711,1.0,0.0,2.0,"[17, 5, 14]",34.0,55.0,132.0
2.554054054054054,0.7694722624473205,8.0,1.0,2.0,"[5, 14, 29]",14.0,47.0,153.0
2.373873873873874,0.7609486472481084,4.0,0.0,2.0,"[5, 14, 17]",26.0,75.0,117.0
2.36036036036036,0.8325155989493453,7.0,0.0,2.0,"[14, 5, 17]",30.0,61.0,124.0
2.3828828828828827,0.7741729054797652,4.0,0.0,3.0,"[14, 5]",28.0,69.0,121.0
2.527027027027027,0.6636585757364908,1.0,0.0,2.0,"[14, 32, 5, 17]",18.0,66.0,137.0
2.5495495495495497,0.7149184523156012,4.0,0.0,4.0,"[14, 5]",17.0,54.0,147.0
2.436936936936937,0.7138485241716679,3.0,1.0,2.0,"[5, 17, 14]",20.0,76.0,123.0
2.45945945945946,0.6491732825969623,2.0,0.0,2.0,"[14, 5, 17]",13.0,88.0,119.0
2.4324324324324325,0.7322144138861607,1.0,0.0,3.0,"[5, 14]",29.0,65.0,127.0
2.373873873873874,0.7727498892009227,3.0,1.0,2.0,"[5, 14, 17, 26]",31.0,68.0,120.0
2.414414414414414,0.772472887174847,4.0,0.0,2.0,"[17, 14, 5]",27.0,64.0,127.0
2.4324324324324325,0.7742650477661036,4.0,0.0,3.0,"[5, 17, 14]",27.0,60.0,131.0
2.59009009009009,0.6783604075458589,3.0,0.0,2.0,"[17, 14, 26, 5]",15.0,52.0,152.0
2.436936936936937,0.7804660317876015,2.0,0.0,1.0,"[14, 17, 5]",34.0,51.0,135.0
2.4054054054054053,0.7595947762083725,2.0,0.0,2.0,"[5, 14, 17]",31.0,64.0,125.0
2.5405405405405403,0.6629671925133457,1.0,0.0,4.0,"[5, 14]",18.0,63.0,140.0
2.418918918918919,0.790327672867516,4.0,0.0,2.0,"[26, 14, 5]",30.0,57.0,131.0
2.518018018018018,0.6972081621677553,1.0,0.0,4.0,"[14, 17, 5]",23.0,58.0,140.0
2.536036036036036,0.7763813021301698,7.0,0.0,3.0,"[14, 17, 5]",18.0,46.0,151.0
2.5495495495495497,0.702145886515062,5.0,0.0,2.0,"[5, 17, 14, 26]",12.0,61.0,144.0
2.31981981981982,0.7967490302234189,2.0,0.0,2.0,"[14, 5, 17]",40.0,65.0,115.0
2.463963963963964,0.7763813021301698,6.0,2.0,1.0,"[14, 5]",21.0,59.0,136.0
2.477477477477477,0.805488490069993,8.0,0.0,2.0,"[5, 14]",20.0,52.0,142.0
2.6171171171171173,0.6254589444551027,3.0,0.0,2.0,"[14, 5]",8.0,60.0,151.0
2.5135135135135136,0.7829040366390949,6.0,0.0,2.0,"[14, 5, 29]",22.0,46.0,148.0
2.463963963963964,0.6767359501362702,0.0,0.0,4.0,"[14, 5]",23.0,73.0,126.0
2.563063063063063,0.6945720943106626,3.0,1.0,2.0,"[14, 17, 5]",17.0,54.0,148.0
2.391891891891892,0.6955105075322782,2.0,0.0,1.0,"[14, 5]",21.0,87.0,112.0
2.391891891891892,0.7517864257145856,3.0,0.0,2.0,"[5, 26, 14]",27.0,72.0,120.0
2.468468468468469,0.7407935065612108,1.0,0.0,2.0,"[17, 14, 26, 5, 29]",30.0,55.0,136.0
2.454954954954955,0.8376047231062559,11.0,1.0,1.0,"[17, 5, 26, 14]",17.0,54.0,140.0
2.427927927927928,0.7620728069600071,1.0,1.0,4.0,"[5, 14]",34.0,56.0,131.0
2.644144144144144,0.6621211881643968,4.0,1.0,3.0,"[5, 17, 14]",11.0,45.0,162.0
2.4324324324324325,0.6875969252498596,0.0,0.0,3.0,"[17, 5, 14]",25.0,76.0,121.0
2.4324324324324325,0.7383682832153002,2.0,0.0,4.0,"[5, 14, 17]",27.0,66.0,127.0
2.3513513513513518,0.8417676794816282,4.0,1.0,5.0,"[5, 14]",41.0,50.0,127.0
2.40990990990991,0.6783604075458589,2.0,0.0,2.0,"[14, 5, 17]",18.0,89.0,113.0
2.477477477477477,0.7941738853197863,6.0,0.0,2.0,"[17, 5, 14]",24.0,50.0,142.0
2.5315315315315314,0.7222365942655401,3.0,0.0,3.0,"[14, 5]",21.0,53.0,145.0
2.454954954954955,0.7400915607705263,1.0,0.0,5.0,"[5, 14, 17]",30.0,58.0,133.0
2.5225225225225225,0.7710467334093963,8.0,0.0,1.0,"[5, 14, 17]",14.0,54.0,146.0
2.333333333333333,0.7530731407734906,2.0,0.0,1.0,"[5, 32, 14, 17]",32.0,78.0,110.0
2.4414414414414414,0.7452374845108669,2.0,1.0,1.0,"[5, 17, 14]",28.0,62.0,130.0
2.4234234234234235,0.7907788651491057,4.0,0.0,2.0,"[14, 5]",30.0,56.0,132.0
2.4234234234234235,0.7374844064558942,3.0,1.0,3.0,"[5, 14, 17]",24.0,71.0,124.0
2.31981981981982,0.7795253016387538,2.0,0.0,1.0,"[14, 17, 26, 5]",37.0,71.0,112.0
2.427927927927928,0.867583232010261,8.0,0.0,3.0,"[14, 5, 17]",32.0,39.0,143.0
2.481981981981982,0.765275592649835,5.0,1.0,2.0,"[14, 5]",22.0,56.0,139.0
2.45945945945946,0.770306206774411,3.0,0.0,3.0,"[5, 14, 26]",29.0,53.0,137.0
2.5,0.7102991530882098,2.0,0.0,2.0,"[14, 5, 17, 26]",22.0,61.0,137.0
2.509009009009009,0.7352839263897711,3.0,1.0,4.0,"[5, 14, 17]",23.0,54.0,142.0
2.4234234234234235,0.7907788651491057,4.0,0.0,2.0,"[5, 14, 17]",30.0,56.0,132.0
2.36036036036036,0.816047119489444,6.0,0.0,1.0,"[5, 14]",30.0,64.0,122.0
2.630630630630631,0.6371305573521158,3.0,0.0,2.0,"[17, 5, 14]",10.0,53.0,156.0
2.3873873873873874,0.7689820640709552,2.0,1.0,4.0,"[5, 14, 17]",33.0,64.0,123.0
2.468468468468469,0.7881454240230692,6.0,0.0,1.0,"[5, 14, 17]",23.0,54.0,139.0
2.581081081081081,0.6660498144936768,2.0,0.0,2.0,"[14, 5, 17]",16.0,55.0,149.0
2.472972972972973,0.7940327159616068,5.0,1.0,1.0,"[5, 14]",27.0,48.0,142.0
2.369369369369369,0.7173093002183164,1.0,0.0,1.0,"[5, 17, 14, 32]",28.0,81.0,112.0
2.45945945945946,0.7091360339445602,4.0,0.0,2.0,"[14, 17, 5]",16.0,76.0,126.0
2.3828828828828827,0.8251009946545251,4.0,1.0,1.0,"[5, 14]",37.0,51.0,130.0
2.369369369369369,0.7109731770074275,1.0,1.0,1.0,"[5, 14, 17]",27.0,83.0,111.0
2.3963963963963963,0.7876797851721572,1.0,0.0,2.0,"[17, 14, 5, 32]",39.0,53.0,129.0
2.554054054054054,0.7271445154755726,4.0,0.0,3.0,"[14, 5, 17]",19.0,49.0,150.0
2.36036036036036,0.7343269494222812,2.0,2.0,2.0,"[14, 5, 29, 17]",28.0,80.0,112.0
2.373873873873874,0.8071189712762147,4.0,1.0,2.0,"[14, 5]",34.0,59.0,125.0
2.5225225225225225,0.7532355168433922,6.0,1.0,2.0,"[5, 17, 14]",17.0,54.0,145.0
2.373873873873874,0.8507874140108231,7.0,2.0,2.0,"[5, 14]",33.0,52.0,130.0
2.5225225225225225,0.7941738853197863,7.0,0.0,3.0,"[5, 14, 26]",21.0,43.0,151.0
2.5945945945945947,0.684388003237326,4.0,0.0,3.0,"[5, 14]",13.0,52.0,153.0
2.527027027027027,0.740972327564573,3.0,1.0,4.0,"[14, 5]",24.0,48.0,147.0
2.436936936936937,0.7201593498787087,3.0,0.0,3.0,"[14, 5]",21.0,74.0,124.0
2.509009009009009,0.7414123185939214,3.0,1.0,2.0,"[17, 14, 5]",24.0,52.0,143.0
2.4324324324324325,0.7916032373981393,4.0,1.0,2.0,"[14, 5, 17]",30.0,54.0,134.0
2.6171171171171173,0.61818210702287,1.0,0.0,3.0,"[14, 5]",13.0,56.0,152.0
2.436936936936937,0.6747451911115274,0.0,0.0,2.0,"[14, 5, 17]",23.0,79.0,120.0
2.5855855855855854,0.6789460619853407,3.0,0.0,3.0,"[5, 14, 26]",15.0,53.0,151.0
2.3828828828828827,0.797209371872663,2.0,0.0,3.0,"[14, 17, 5, 29]",38.0,55.0,127.0
2.346846846846846,0.725404529965236,2.0,1.0,1.0,"[5, 14]",27.0,85.0,108.0
2.36036036036036,0.799239375881876,3.0,1.0,1.0,"[14, 5, 26]",36.0,61.0,122.0
2.45945945945946,0.770306206774411,3.0,0.0,2.0,"[14, 5]",29.0,53.0,137.0
2.4324324324324325,0.8029540665383835,6.0,0.0,2.0,"[17, 5, 14]",26.0,56.0,134.0
2.364864864864865,0.7770635815106526,4.0,1.0,2.0,"[14, 5, 26]",29.0,71.0,118.0
2.310810810810811,0.7831773492802151,4.0,0.0,1.0,"[5, 14]",32.0,77.0,109.0
2.6621621621621623,0.6225846074984077,2.0,0.0,2.0,"[5, 14]",12.0,45.0,163.0
2.472972972972973,0.7033785237569627,2.0,0.0,2.0,"[5, 14]",21.0,69.0,130.0
2.333333333333333,0.7883005758518676,2.0,0.0,3.0,"[5, 14]",38.0,66.0,116.0
2.5315315315315314,0.6496754472689183,0.0,0.0,3.0,"[14, 5]",19.0,66.0,137.0
2.3873873873873874,0.7266257623930175,3.0,1.0,2.0,"[14, 5, 17]",23.0,81.0,115.0
2.427927927927928,0.7738569057772997,4.0,0.0,3.0,"[5, 14]",27.0,61.0,130.0
2.527027027027027,0.740972327564573,6.0,1.0,3.0,"[17, 14, 5, 26]",15.0,57.0,144.0
2.4864864864864864,0.7228007976124737,2.0,1.0,3.0,"[5, 17, 14]",24.0,60.0,136.0
2.5855855855855854,0.6722484520843064,3.0,0.0,2.0,"[5, 17, 14]",14.0,55.0,150.0
2.373873873873874,0.7668719694345218,2.0,1.0,4.0,"[5, 14, 29]",33.0,67.0,120.0
2.3783783783783785,0.7557209144425375,1.0,0.0,1.0,"[5, 17, 14, 29]",34.0,67.0,120.0
2.418918918918919,0.7431148231968829,2.0,0.0,4.0,"[5, 14]",28.0,67.0,125.0
2.436936936936937,0.8364358698255633,7.0,0.0,2.0,"[5, 14]",29.0,46.0,140.0
2.4954954954954958,0.7229135854414528,1.0,0.0,3.0,"[5, 14]",27.0,55.0,139.0
2.40990990990991,0.7481446075712909,1.0,0.0,3.0,"[14, 17, 5]",32.0,64.0,125.0
2.5225225225225225,0.7288104340716506,4.0,0.0,2.0,"[17, 14, 5]",19.0,56.0,143.0
2.59009009009009,0.6915724040453725,3.0,0.0,4.0,"[14, 5]",17.0,48.0,154.0
2.36036036036036,0.7935576892730575,5.0,0.0,3.0,"[17, 5, 14]",29.0,69.0,119.0
2.400900900900901,0.728600654139052,2.0,0.0,1.0,"[14, 17, 29, 5]",26.0,75.0,119.0
2.279279279279279,0.8091241135650449,1.0,0.0,1.0,"[5, 14]",47.0,63.0,111.0
2.418918918918919,0.6991932666762044,1.0,1.0,3.0,"[14, 5]",24.0,78.0,119.0
2.3423423423423424,0.790160021544356,2.0,0.0,4.0,"[14, 5, 17]",38.0,64.0,118.0
2.4054054054054053,0.8169956925220652,5.0,0.0,1.0,"[14, 5, 17]",32.0,53.0,132.0
2.463963963963964,0.7220249043464034,2.0,1.0,3.0,"[5, 14]",24.0,65.0,131.0
2.554054054054054,0.7455792832778909,4.0,0.0,2.0,"[17, 5, 14, 29]",22.0,43.0,153.0
2.3513513513513518,0.8199839822809105,7.0,1.0,3.0,"[14, 5]",28.0,67.0,120.0
2.4324324324324325,0.8251874502154958,10.0,0.0,1.0,"[5, 17, 14]",18.0,60.0,134.0
2.5135135135135136,0.7712581818525345,7.0,0.0,3.0,"[14, 17, 5]",17.0,53.0,145.0
2.373873873873874,0.7843735964266968,2.0,0.0,2.0,"[14, 17, 5]",36.0,61.0,123.0
2.4414414414414414,0.7512846877687185,2.0,0.0,2.0,"[17, 5, 14]",29.0,60.0,131.0
2.445945945945946,0.6687983123373595,3.0,0.0,2.0,"[5, 14, 17, 26]",13.0,88.0,118.0
2.391891891891892,0.8317930406464685,6.0,0.0,3.0,"[5, 14]",32.0,53.0,131.0
2.3873873873873874,0.763075121535993,1.0,0.0,2.0,"[5, 14, 26]",35.0,63.0,123.0
2.3018018018018016,0.7867088190490744,2.0,0.0,2.0,"[14, 5]",39.0,71.0,110.0
2.324324324324324,0.8365211539131042,7.0,0.0,3.0,"[17, 14, 5]",32.0,65.0,118.0
2.328828828828829,0.7987419279094045,4.0,0.0,2.0,"[14, 5]",34.0,69.0,115.0
2.490990990990991,0.7474904681121162,3.0,1.0,4.0,"[14, 5]",25.0,54.0,140.0
2.369369369369369,0.766114105225155,3.0,0.0,1.0,"[5, 14, 17]",30.0,71.0,118.0
2.4054054054054053,0.7039433643711279,0.0,1.0,2.0,"[14, 5]",28.0,76.0,118.0
2.400900900900901,0.7223635784396928,4.0,0.0,2.0,"[14, 17, 5]",19.0,83.0,116.0
2.400900900900901,0.7996600516967992,7.0,1.0,1.0,"[14, 5]",23.0,66.0,126.0
2.418918918918919,0.772960871734925,2.0,0.0,3.0,"[5, 14, 17]",33.0,57.0,130.0
2.3783783783783785,0.7676025325890851,2.0,1.0,2.0,"[5, 14]",33.0,66.0,121.0
2.427927927927928,0.7738569057772999,4.0,1.0,2.0,"[17, 14, 26, 5]",27.0,61.0,130.0
2.509009009009009,0.71658435033162,4.0,0.0,3.0,"[14, 5]",17.0,63.0,138.0
2.400900900900901,0.7649559175179907,2.0,0.0,2.0,"[17, 5, 14, 26]",32.0,63.0,125.0
2.5225225225225225,0.7349928044323726,4.0,1.0,2.0,"[14, 5, 17]",20.0,54.0,144.0
2.369369369369369,0.777836981466073,2.0,1.0,3.0,"[14, 5]",35.0,64.0,121.0
2.5495495495495497,0.6825390279559507,2.0,0.0,1.0,"[5, 14, 17]",18.0,58.0,144.0
2.3783783783783785,0.7965315541869374,3.0,1.0,2.0,"[5, 14]",35.0,59.0,125.0
2.5315315315315314,0.7159440790596918,6.0,0.0,2.0,"[5, 14]",11.0,64.0,141.0
2.3828828828828827,0.8084814964567331,3.0,0.0,3.0,"[17, 14, 5]",37.0,54.0,128.0
2.436936936936937,0.7201593498787088,0.0,0.0,3.0,"[5, 14]",30.0,65.0,127.0
2.5675675675675675,0.6675628886824767,4.0,1.0,1.0,"[5, 14, 17]",10.0,64.0,144.0
2.3828828828828827,0.7382716607354267,1.0,1.0,2.0,"[5, 17, 14]",31.0,72.0,118.0
2.40990990990991,0.7660741968667063,0.0,0.0,3.0,"[14, 5]",38.0,55.0,129.0
2.509009009009009,0.6573014280672795,1.0,0.0,2.0,"[17, 14, 5]",17.0,72.0,132.0
2.3873873873873874,0.732826563607577,2.0,0.0,3.0,"[17, 5, 29, 14]",27.0,76.0,117.0
2.414414414414414,0.772472887174847,2.0,0.0,2.0,"[14, 5]",33.0,58.0,129.0
2.599099099099099,0.7097250114973305,7.0,1.0,3.0,"[14, 29, 5]",8.0,52.0,155.0
2.626126126126126,0.6658049544828308,4.0,0.0,2.0,"[5, 14]",11.0,49.0,158.0
2.45945945945946,0.6764798931678161,1.0,0.0,2.0,"[17, 5, 14]",20.0,77.0,124.0
2.400900900900901,0.7708484478167205,2.0,1.0,2.0,"[14, 5]",33.0,61.0,126.0
2.4054054054054053,0.6434969280744374,0.0,0.0,1.0,"[5, 17, 14]",19.0,94.0,109.0
2.59009009009009,0.7045366828976388,4.0,0.0,3.0,"[5, 17, 14]",16.0,47.0,155.0
2.454954954954955,0.6347748720871486,0.0,0.0,2.0,"[5, 17, 14]",17.0,87.0,118.0
2.5225225225225225,0.6970765955283731,1.0,0.0,2.0,"[14, 5]",23.0,57.0,141.0
2.5405405405405403,0.7280269472386229,4.0,0.0,2.0,"[14, 5]",19.0,52.0,147.0
2.477477477477477,0.7651557301266484,7.0,2.0,2.0,"[5, 14]",16.0,63.0,136.0
2.3783783783783785,0.7793030190808256,2.0,1.0,3.0,"[5, 14]",35.0,62.0,123.0
2.509009009009009,0.7713242476034933,6.0,0.0,3.0,"[5, 14, 26]",20.0,51.0,145.0
2.5765765765765765,0.652867667251238,2.0,1.0,2.0,"[14, 5]",14.0,60.0,146.0
2.599099099099099,0.7347847895591677,6.0,0.0,3.0,"[5, 17, 14]",15.0,41.0,160.0
2.2882882882882885,0.817095478255875,3.0,0.0,3.0,"[5, 14]",42.0,65.0,112.0
2.481981981981982,0.7828129112198677,8.0,0.0,3.0,"[14, 5]",16.0,59.0,139.0
2.3423423423423424,0.7958659644705466,2.0,1.0,4.0,"[14, 17, 5]",39.0,62.0,119.0
2.477477477477477,0.7349928044323726,3.0,0.0,5.0,"[5, 14, 17, 26]",23.0,61.0,135.0
2.5045045045045047,0.7595411078735328,5.0,0.0,2.0,"[14, 5]",21.0,53.0,143.0
2.4324324324324325,0.6607499047222304,1.0,1.0,4.0,"[5, 14]",18.0,87.0,116.0
2.3873873873873874,0.7921694956797132,3.0,1.0,2.0,"[5, 17, 14]",34.0,59.0,126.0
2.4954954954954958,0.7475313685982958,3.0,1.0,4.0,"[14, 17, 26, 5]",25.0,53.0,141.0
2.4324324324324325,0.7683987183985868,2.0,0.0,4.0,"[14, 5]",32.0,56.0,132.0
2.481981981981982,0.8111996811826329,8.0,0.0,3.0,"[17, 5, 14]",21.0,49.0,144.0
2.558558558558558,0.6751528693620932,1.0,1.0,2.0,"[14, 5]",20.0,55.0,146.0
2.45945945945946,0.7934549434075043,8.0,1.0,2.0,"[14, 17, 5]",18.0,60.0,136.0
2.527027027027027,0.6214049103560825,2.0,0.0,2.0,"[5, 14, 17]",9.0,81.0,130.0
2.324324324324324,0.8090233446358832,5.0,0.0,2.0,"[14, 5, 26]",33.0,69.0,115.0
2.4324324324324325,0.7260083843503446,5.0,1.0,1.0,"[5, 14, 17]",16.0,79.0,122.0
2.545045045045045,0.6894471178259465,2.0,1.0,4.0,"[14, 17, 5]",19.0,57.0,144.0
2.3963963963963963,0.7761055962029545,4.0,1.0,2.0,"[5, 14]",28.0,66.0,124.0
2.391891891891892,0.7637292566086652,2.0,0.0,5.0,"[14, 17, 5]",32.0,65.0,123.0
2.518018018018018,0.70366824224843,3.0,0.0,1.0,"[14, 5, 26]",18.0,62.0,139.0
2.454954954954955,0.7400915607705263,1.0,1.0,3.0,"[14, 5]",30.0,58.0,133.0
2.3828828828828827,0.8084814964567331,3.0,0.0,3.0,"[14, 5]",37.0,54.0,128.0
2.3963963963963963,0.7643561662904481,2.0,1.0,2.0,"[14, 17, 5]",32.0,64.0,124.0
2.4054054054054053,0.7229699727575903,2.0,0.0,4.0,"[17, 14, 5, 26]",25.0,76.0,119.0
2.4054054054054053,0.6843880032373261,0.0,0.0,3.0,"[5, 14]",25.0,82.0,115.0
2.427927927927928,0.8302723939622332,5.0,0.0,2.0,"[5, 14, 17]",34.0,44.0,139.0
2.5765765765765765,0.6733390766983908,1.0,0.0,3.0,"[14, 5, 17]",20.0,51.0,150.0
2.414414414414414,0.7240967969650156,1.0,0.0,3.0,"[14, 5]",28.0,71.0,122.0
2.373873873873874,0.7668719694345218,2.0,0.0,3.0,"[17, 5, 14]",33.0,67.0,120.0
2.4324324324324325,0.7800872630340164,4.0,1.0,2.0,"[5, 14, 17]",28.0,58.0,132.0
2.4324324324324325,0.7444712858223385,1.0,0.0,3.0,"[14, 5, 29]",31.0,61.0,129.0
2.527027027027027,0.7767487578042191,8.0,1.0,3.0,"[5, 14, 17, 26]",15.0,51.0,148.0
2.463963963963964,0.6632284664393772,1.0,0.0,3.0,"[5, 17, 14]",18.0,80.0,123.0
2.315315315315315,0.8559822172422556,6.0,0.0,2.0,"[14, 17, 5]",39.0,56.0,121.0
2.3783783783783785,0.7188987814650465,2.0,0.0,2.0,"[14, 17, 5]",25.0,82.0,113.0
2.4234234234234235,0.666585132187469,0.0,0.0,2.0,"[5, 14, 17, 26]",22.0,84.0,116.0
2.5135135135135136,0.8000550305152501,9.0,0.0,3.0,"[14, 5]",16.0,49.0,148.0
2.3378378378378377,0.789243759013022,3.0,1.0,1.0,"[14, 5, 26]",35.0,68.0,116.0
2.40990990990991,0.795058830454231,4.0,0.0,3.0,"[5, 14, 17]",31.0,57.0,130.0
2.472972972972973,0.7767487578042191,6.0,0.0,2.0,"[5, 14]",21.0,57.0,138.0
2.400900900900901,0.7223635784396929,0.0,1.0,3.0,"[5, 14]",31.0,71.0,120.0
2.445945945945946,0.7271445154755726,2.0,1.0,1.0,"[14, 5]",25.0,67.0,128.0
2.5045045045045047,0.6974273847456754,2.0,0.0,4.0,"[5, 14, 17]",20.0,64.0,136.0
2.436936936936937,0.6945720943106626,0.0,0.0,2.0,"[14, 17, 5]",26.0,73.0,123.0
2.414414414414414,0.8715562454724617,10.0,1.0,2.0,"[17, 14, 5, 29]",27.0,46.0,139.0
2.5045045045045047,0.7772078330901727,4.0,1.0,2.0,"[14, 8, 5, 29]",27.0,44.0,147.0
2.481981981981982,0.8222800436968645,9.0,1.0,2.0,"[5, 14]",20.0,48.0,145.0
2.59009009009009,0.7172666763901139,5.0,0.0,2.0,"[17, 5, 14]",15.0,46.0,156.0
2.558558558558558,0.7142338829415783,4.0,0.0,3.0,"[5, 8, 17, 14]",17.0,52.0,149.0
2.3513513513513518,0.744799753204666,2.0,0.0,3.0,"[17, 5, 14]",30.0,78.0,112.0
2.427927927927928,0.8570887450865623,11.0,1.0,3.0,"[5, 14, 17]",21.0,52.0,138.0
2.400900900900901,0.7882617907576236,4.0,0.0,1.0,"[5, 14, 17, 26]",30.0,61.0,127.0
2.31981981981982,0.8024081199225332,3.0,0.0,2.0,"[5, 14]",38.0,66.0,115.0
2.481981981981982,0.7351175851027343,7.0,1.0,2.0,"[14, 17, 26, 5]",11.0,72.0,132.0
2.3963963963963963,0.7341603913096583,3.0,0.0,2.0,"[14, 5, 17]",24.0,77.0,118.0
2.45945945945946,0.7464399220115152,4.0,0.0,3.0,"[5, 17, 14, 26]",22.0,64.0,132.0
2.635135135135135,0.6361861261342692,3.0,0.0,2.0,"[14, 17, 5, 29]",10.0,52.0,157.0
2.463963963963964,0.7405871209813208,2.0,0.0,3.0,"[14, 5]",27.0,59.0,134.0
2.364864864864865,0.7593935003956738,1.0,1.0,4.0,"[5, 14, 17]",35.0,68.0,118.0
2.581081081081081,0.6991932666762044,6.0,0.0,2.0,"[17, 14, 5, 29]",9.0,57.0,150.0
2.463963963963964,0.7646361087380231,3.0,0.0,2.0,"[14, 5, 26]",28.0,54.0,137.0
2.427927927927928,0.7912040393515346,3.0,0.0,2.0,"[14, 5]",33.0,52.0,134.0
2.333333333333333,0.7286426149573089,1.0,1.0,1.0,"[5, 17, 14]",31.0,83.0,107.0
2.509009009009009,0.7414123185939213,5.0,0.0,3.0,"[5, 14, 17]",18.0,58.0,141.0
2.391891891891892,0.7457432910412645,3.0,0.0,2.0,"[17, 5, 14]",26.0,74.0,119.0
2.3513513513513518,0.8088721677038644,5.0,1.0,2.0,"[14, 5]",32.0,65.0,120.0
2.563063063063063,0.7509183430946437,5.0,0.0,2.0,"[14, 5, 29, 17]",20.0,42.0,155.0
2.3513513513513518,0.7804007399456179,2.0,0.0,1.0,"[5, 14, 17]",36.0,66.0,118.0
2.3423423423423424,0.8015312889452847,2.0,0.0,4.0,"[5, 14]",40.0,60.0,120.0
2.5495495495495497,0.7274667971616621,3.0,0.0,2.0,"[14, 5, 17, 32]",22.0,47.0,150.0
2.472972972972973,0.8383830533011832,11.0,1.0,2.0,"[5, 14]",17.0,50.0,144.0
2.527027027027027,0.7409723275645731,4.0,0.0,4.0,"[14, 17, 5]",21.0,51.0,146.0
2.355855855855856,0.7019281375968407,0.0,1.0,1.0,"[17, 14, 5]",29.0,85.0,108.0
2.369369369369369,0.8447648517807339,7.0,0.0,2.0,"[14, 5, 8, 29]",32.0,55.0,128.0
2.391891891891892,0.7517864257145856,2.0,1.0,2.0,"[17, 14, 5, 29, 26]",30.0,69.0,121.0
2.454954954954955,0.7215165951360961,2.0,0.0,2.0,"[5, 14, 26]",24.0,67.0,129.0
2.518018018018018,0.7164136672763212,1.0,1.0,2.0,"[5, 17, 14]",26.0,52.0,143.0
2.468468468468469,0.7529107296848457,3.0,0.0,2.0,"[5, 17, 14]",26.0,57.0,136.0
2.414414414414414,0.7783085089962077,5.0,1.0,1.0,"[14, 17, 5]",25.0,65.0,127.0
2.481981981981982,0.7351175851027343,6.0,1.0,2.0,"[5, 14, 17]",14.0,69.0,133.0
2.355855855855856,0.8532275358878358,6.0,0.0,3.0,"[14, 26, 5]",37.0,51.0,128.0
2.5495495495495497,0.6691486958604506,1.0,0.0,4.0,"[14, 5, 17]",19.0,59.0,143.0
2.468468468468469,0.7529107296848458,6.0,0.0,1.0,"[5, 14, 17]",17.0,66.0,133.0
2.5405405405405403,0.7280269472386229,4.0,0.0,1.0,"[5, 14, 17]",19.0,52.0,147.0
2.427927927927928,0.700183708430397,3.0,0.0,2.0,"[5, 14, 17, 26]",18.0,82.0,119.0
2.626126126126126,0.6309099528741038,3.0,1.0,2.0,"[14, 17, 5, 26]",9.0,56.0,154.0
2.3873873873873874,0.7571220954056976,2.0,0.0,2.0,"[5, 14]",31.0,68.0,121.0
2.5765765765765765,0.7313230996009538,3.0,1.0,2.0,"[5, 14]",23.0,39.0,157.0
2.4864864864864864,0.8168459910654676,5.0,1.0,2.0,"[14, 5]",31.0,37.0,149.0
2.563063063063063,0.7569201620723688,9.0,0.0,2.0,"[5, 26, 14, 17]",9.0,52.0,152.0
2.572072072072072,0.700183708430397,3.0,0.0,4.0,"[14, 5, 17]",18.0,50.0,151.0
2.468468468468469,0.8107849927268808,9.0,1.0,2.0,"[14, 5, 17]",18.0,55.0,140.0
2.445945945945946,0.7926453543031855,4.0,0.0,2.0,"[14, 5, 17]",30.0,51.0,137.0
2.391891891891892,0.7754881848947388,2.0,0.0,3.0,"[5, 17, 14, 26]",34.0,61.0,125.0
2.4954954954954958,0.7414535543665464,2.0,0.0,1.0,"[14, 17, 5, 29]",27.0,52.0,141.0
2.572072072072072,0.7066165857853886,3.0,0.0,3.0,"[14, 5, 8, 29]",19.0,48.0,152.0
2.4234234234234235,0.7188420747971241,0.0,1.0,3.0,"[17, 5, 14]",30.0,68.0,124.0
2.3873873873873874,0.7266257623930173,2.0,0.0,2.0,"[5, 14]",26.0,78.0,116.0
2.468468468468469,0.7407935065612108,2.0,0.0,2.0,"[17, 14, 5, 26]",27.0,58.0,135.0
2.445945945945946,0.7926453543031855,4.0,0.0,2.0,"[14, 32, 5]",30.0,51.0,137.0
2.373873873873874,0.7958275480797726,3.0,0.0,3.0,"[14, 5]",35.0,60.0,124.0
2.373873873873874,0.7054040543885619,1.0,0.0,2.0,"[5, 14, 17, 29]",26.0,84.0,111.0
2.4954954954954958,0.765475321813453,6.0,0.0,1.0,"[14, 5, 17]",19.0,56.0,141.0
2.3873873873873874,0.7511218899724986,3.0,0.0,2.0,"[5, 14]",27.0,73.0,119.0
2.5045045045045047,0.7166270147434862,1.0,1.0,4.0,"[14, 17, 5]",26.0,55.0,140.0
2.563063063063063,0.7138485241716679,5.0,0.0,2.0,"[14, 5, 29]",14.0,54.0,149.0
2.454954954954955,0.7277609297100535,4.0,1.0,1.0,"[5, 17, 14]",19.0,71.0,128.0
2.572072072072072,0.7066165857853886,4.0,0.0,2.0,"[5, 14, 17]",16.0,51.0,151.0
2.5135135135135136,0.7886624780864406,7.0,0.0,3.0,"[5, 14, 17, 26]",20.0,47.0,148.0
2.4324324324324325,0.7134343884588724,4.0,1.0,1.0,"[14, 5, 17]",17.0,80.0,121.0
2.418918918918919,0.7551948013368782,1.0,0.0,3.0,"[14, 5]",33.0,60.0,128.0
2.599099099099099,0.6567430257716006,3.0,0.0,2.0,"[14, 5, 26]",12.0,56.0,151.0
2.355855855855856,0.7754356165524269,2.0,1.0,3.0,"[5, 14, 17]",35.0,67.0,118.0
2.400900900900901,0.7996600516967993,3.0,0.0,4.0,"[5, 14]",35.0,54.0,130.0
2.4414414414414414,0.7691410815596247,5.0,1.0,1.0,"[5, 17, 14]",23.0,63.0,131.0
2.581081081081081,0.7056351733870684,2.0,1.0,3.0,"[5, 14, 17]",22.0,43.0,155.0
2.391891891891892,0.7577813692908847,5.0,0.0,1.0,"[5, 17, 14]",22.0,76.0,119.0
2.369369369369369,0.7601848778220227,3.0,2.0,3.0,"[5, 14]",29.0,73.0,117.0
2.328828828828829,0.7580502958978643,0.0,0.0,4.0,"[5, 14]",39.0,71.0,112.0
2.391891891891892,0.7210644639076534,1.0,0.0,3.0,"[5, 17, 14]",28.0,76.0,117.0
2.40990990990991,0.7420718159870678,2.0,0.0,4.0,"[14, 5]",28.0,69.0,123.0
2.369369369369369,0.78938578480206,1.0,0.0,2.0,"[14, 5, 26]",40.0,57.0,124.0
2.36036036036036,0.8539796938549602,10.0,1.0,2.0,"[14, 5]",25.0,62.0,125.0
2.400900900900901,0.7469994876027845,6.0,1.0,1.0,"[5, 14, 17]",17.0,81.0,118.0
2.3378378378378377,0.8229242697083018,3.0,0.0,3.0,"[14, 5, 29, 26]",41.0,56.0,122.0
2.468468468468469,0.6967256296948332,1.0,0.0,3.0,"[5, 14]",23.0,69.0,129.0
2.45945945945946,0.7991373605166148,6.0,0.0,4.0,"[14, 5, 17]",25.0,52.0,139.0
2.4324324324324325,0.7683987183985865,3.0,0.0,3.0,"[5, 14]",29.0,59.0,131.0
2.315315315315315,0.8013786986677441,2.0,1.0,1.0,"[5, 14]",41.0,64.0,115.0
2.4504504504504503,0.7149184523156011,4.0,0.0,2.0,"[14, 5]",17.0,76.0,125.0
2.477477477477477,0.7035378836914777,3.0,1.0,2.0,"[14, 5]",18.0,71.0,130.0
2.454954954954955,0.752220091352967,2.0,0.0,3.0,"[14, 5]",29.0,57.0,134.0
2.427927927927928,0.7193097711127742,2.0,0.0,5.0,"[14, 5, 17]",24.0,73.0,123.0
2.4864864864864864,0.7290341327982417,4.0,1.0,3.0,"[14, 17, 5]",19.0,64.0,135.0
2.4324324324324325,0.7260083843503446,1.0,0.0,4.0,"[14, 17, 5, 26]",28.0,67.0,126.0
2.3828828828828827,0.7196497229750572,2.0,0.0,3.0,"[14, 5, 17]",25.0,81.0,114.0
2.40990990990991,0.7893470530302837,4.0,1.0,3.0,"[14, 5]",30.0,59.0,129.0
2.40990990990991,0.6915724040453726,2.0,0.0,2.0,"[17, 14, 5, 26]",20.0,85.0,115.0
2.4324324324324325,0.7322144138861607,0.0,0.0,4.0,"[5, 14]",32.0,62.0,128.0
2.4864864864864864,0.7653688060790177,3.0,0.0,5.0,"[14, 29, 17, 5]",28.0,49.0,142.0
2.400900900900901,0.7996600516967993,5.0,1.0,3.0,"[14, 29, 17, 5]",29.0,60.0,128.0
2.4234234234234235,0.7188420747971241,1.0,1.0,1.0,"[17, 14, 5]",27.0,71.0,123.0
2.454954954954955,0.7461804688407554,4.0,0.0,2.0,"[14, 5, 17]",22.0,65.0,131.0
2.40990990990991,0.7601446581732408,3.0,1.0,2.0,"[5, 14, 26]",28.0,66.0,125.0
2.445945945945946,0.7811447434292254,4.0,0.0,3.0,"[5, 14]",28.0,55.0,135.0
2.2927927927927927,0.7785834348454213,3.0,0.0,3.0,"[17, 5, 14]",35.0,78.0,106.0
2.400900900900901,0.7825004006470279,6.0,0.0,2.0,"[14, 17, 5]",23.0,69.0,124.0
2.5855855855855854,0.6517427867362843,3.0,0.0,2.0,"[5, 17, 14]",11.0,61.0,147.0
2.3513513513513518,0.7861775172715918,2.0,1.0,4.0,"[5, 14]",37.0,64.0,119.0
2.477477477477477,0.6359778425641275,0.0,1.0,3.0,"[14, 5]",17.0,82.0,123.0
2.545045045045045,0.7024506216025558,3.0,0.0,3.0,"[5, 17, 14]",18.0,56.0,145.0
2.463963963963964,0.7220249043464034,1.0,0.0,1.0,"[14, 5, 17]",27.0,62.0,132.0
2.581081081081081,0.6728091327729712,1.0,1.0,2.0,"[5, 14]",20.0,50.0,151.0
2.315315315315315,0.7667523564648956,1.0,0.0,2.0,"[14, 5]",38.0,73.0,110.0
2.40990990990991,0.742071815987068,2.0,1.0,2.0,"[5, 17, 14]",28.0,69.0,123.0
2.3423423423423424,0.7958659644705466,5.0,1.0,1.0,"[5, 17, 14]",30.0,71.0,116.0
2.3963963963963963,0.7524232860796635,4.0,0.0,2.0,"[5, 14, 17, 26]",24.0,74.0,120.0
2.4324324324324325,0.7383682832153002,3.0,1.0,1.0,"[5, 14]",24.0,69.0,126.0
2.472972972972973,0.7470540569276878,5.0,0.0,3.0,"[17, 5, 14, 29]",19.0,64.0,134.0
2.418918918918919,0.7246173605344868,3.0,0.0,3.0,"[5, 17, 29, 14]",22.0,76.0,121.0
2.5405405405405403,0.7342159148787534,3.0,0.0,5.0,"[5, 14, 17]",23.0,47.0,149.0
2.40990990990991,0.748144607571291,2.0,0.0,3.0,"[14, 5, 17]",29.0,67.0,124.0
2.563063063063063,0.6814182611904289,2.0,2.0,2.0,"[14, 5, 29]",18.0,55.0,147.0
2.581081081081081,0.6311683504492132,1.0,1.0,3.0,"[14, 5]",14.0,62.0,145.0
2.414414414414414,0.7841007007595109,2.0,1.0,2.0,"[14, 26, 5]",35.0,54.0,131.0
2.5225225225225225,0.7225751691388597,3.0,2.0,2.0,"[14, 5]",21.0,55.0,143.0
2.545045045045045,0.6694684510949985,3.0,0.0,2.0,"[5, 17, 14, 29]",13.0,66.0,140.0
2.40990990990991,0.7541685007965109,2.0,0.0,3.0,"[14, 5, 17, 29]",30.0,65.0,125.0
2.5135135135135136,0.7352146220938077,2.0,0.0,6.0,"[5, 14, 17]",26.0,50.0,144.0
2.36036036036036,0.740463262021479,3.0,1.0,3.0,"[5, 14, 17]",26.0,81.0,112.0
2.40990990990991,0.7777976746020018,2.0,0.0,2.0,"[5, 14, 32]",34.0,57.0,129.0
2.369369369369369,0.777836981466073,2.0,0.0,2.0,"[14, 5]",35.0,64.0,121.0
2.558558558558558,0.7691410815596247,8.0,1.0,3.0,"[5, 14]",14.0,46.0,154.0
2.5945945945945947,0.6434969280744374,2.0,0.0,3.0,"[14, 5, 17]",13.0,58.0,149.0
2.463963963963964,0.6632284664393773,2.0,0.0,1.0,"[14, 17, 5]",15.0,83.0,122.0
2.5765765765765765,0.6597620515744516,1.0,1.0,4.0,"[5, 14]",18.0,55.0,148.0
2.333333333333333,0.7708881090154511,2.0,2.0,3.0,"[5, 14, 17]",35.0,72.0,113.0
2.414414414414414,0.8179930020883386,6.0,1.0,1.0,"[14, 5]",29.0,54.0,133.0
2.400900900900901,0.7160721791136297,1.0,0.0,2.0,"[14, 17, 5]",27.0,76.0,118.0
2.6531531531531534,0.6248720875181123,3.0,0.0,3.0,"[14, 32, 5]",9.0,50.0,160.0
2.414414414414414,0.6986537599930099,1.0,0.0,3.0,"[14, 5]",24.0,79.0,118.0
2.364864864864865,0.8386747408992236,5.0,0.0,3.0,"[14, 5]",37.0,52.0,128.0
2.454954954954955,0.798895021814703,6.0,0.0,4.0,"[14, 17, 5]",25.0,53.0,138.0
2.436936936936937,0.7264153515540407,1.0,0.0,2.0,"[14, 5, 17]",28.0,66.0,127.0
2.5495495495495497,0.7149184523156012,6.0,0.0,2.0,"[5, 14]",11.0,60.0,145.0
2.472972972972973,0.7286566013597549,1.0,1.0,3.0,"[14, 17, 5]",28.0,58.0,135.0
2.427927927927928,0.6936911789807386,3.0,1.0,1.0,"[14, 5, 17]",17.0,84.0,118.0
2.59009009009009,0.7045366828976388,5.0,0.0,2.0,"[14, 17, 5]",13.0,50.0,154.0
2.644144144144144,0.6412917795740596,2.0,1.0,3.0,"[14, 26, 17, 5]",14.0,45.0,161.0
2.369369369369369,0.7836326585153965,3.0,0.0,2.0,"[5, 14, 26]",33.0,65.0,121.0
2.5135135135135136,0.7290341327982417,3.0,0.0,4.0,"[14, 26, 5]",22.0,55.0,142.0
2.400900900900901,0.7530325412852215,3.0,0.0,3.0,"[5, 14, 26]",27.0,70.0,122.0
2.536036036036036,0.689979053101,1.0,0.0,2.0,"[5, 14, 26]",22.0,56.0,143.0
2.4954954954954958,0.6974273847456754,1.0,0.0,5.0,"[26, 5, 14]",23.0,63.0,135.0
2.554054054054054,0.6821955218972142,2.0,0.0,1.0,"[14, 5, 17]",18.0,57.0,145.0
2.4414414414414414,0.7205413335107572,3.0,0.0,2.0,"[5, 14, 17]",21.0,73.0,125.0
2.5225225225225225,0.7288104340716506,3.0,0.0,2.0,"[5, 14, 17]",22.0,53.0,144.0
2.414414414414414,0.7178205887402079,2.0,0.0,2.0,"[5, 14]",24.0,76.0,120.0
2.391891891891892,0.7335076745486333,1.0,0.0,2.0,"[5, 14, 17]",30.0,72.0,119.0
2.4504504504504503,0.7274667971616622,0.0,0.0,4.0,"[14, 5, 17]",31.0,60.0,131.0
2.481981981981982,0.8222800436968645,7.0,1.0,2.0,"[14, 5]",26.0,42.0,147.0
2.4414414414414414,0.7329934248059613,1.0,0.0,4.0,"[17, 5, 14, 26]",29.0,63.0,129.0
2.572072072072072,0.6670894668431384,1.0,0.0,3.0,"[14, 5]",19.0,54.0,148.0
2.509009009009009,0.7713242476034932,6.0,0.0,2.0,"[17, 5, 14]",20.0,51.0,145.0
2.3783783783783785,0.7616848917246037,4.0,0.0,3.0,"[5, 14]",26.0,74.0,118.0
2.5135135135135136,0.7474222956614638,2.0,0.0,2.0,"[14, 5]",28.0,46.0,146.0
2.391891891891892,0.7637292566086652,1.0,0.0,2.0,"[5, 14]",35.0,62.0,124.0
2.3963963963963963,0.6764196303826832,0.0,0.0,1.0,"[17, 5, 14]",24.0,86.0,112.0
2.4324324324324325,0.6875969252498596,2.0,0.0,2.0,"[5, 14, 17]",19.0,82.0,119.0
2.518018018018018,0.7770111197511067,7.0,1.0,3.0,"[5, 14, 26]",18.0,50.0,147.0
2.5855855855855854,0.6517427867362843,1.0,0.0,4.0,"[14, 17, 5]",17.0,55.0,149.0
2.3783783783783785,0.8461149334554751,5.0,0.0,3.0,"[5, 17, 14]",38.0,47.0,132.0
2.4954954954954958,0.7944818041237258,9.0,0.0,2.0,"[5, 14, 26]",15.0,55.0,143.0
2.445945945945946,0.6953346515225058,1.0,0.0,3.0,"[14, 17, 26, 5]",23.0,74.0,124.0
2.4234234234234235,0.7850359481010099,4.0,1.0,1.0,"[5, 14, 17]",29.0,58.0,131.0
2.558558558558558,0.7512846877687185,6.0,1.0,2.0,"[14, 5]",17.0,46.0,153.0
2.418918918918919,0.7611629009101161,2.0,1.0,2.0,"[5, 14, 17]",31.0,61.0,128.0
2.31981981981982,0.7795253016387538,3.0,1.0,2.0,"[14, 17, 5, 26]",34.0,74.0,111.0
2.355855855855856,0.7083451729953593,1.0,0.0,2.0,"[14, 32, 17, 5]",27.0,86.0,108.0
2.3783783783783785,0.773474900557758,5.0,0.0,3.0,"[14, 5, 26]",25.0,73.0,119.0
2.4504504504504503,0.6956716698230324,1.0,0.0,4.0,"[14, 5, 26]",23.0,73.0,125.0
2.4054054054054053,0.7229699727575903,1.0,0.0,2.0,"[14, 5, 29]",28.0,73.0,120.0
2.527027027027027,0.7590713480849012,6.0,0.0,4.0,"[5, 26, 14]",18.0,51.0,147.0
2.621621621621621,0.6389195355630122,3.0,1.0,3.0,"[17, 14, 5]",10.0,55.0,154.0
2.490990990990991,0.71658435033162,2.0,0.0,3.0,"[17, 5, 14]",23.0,61.0,136.0
2.572072072072072,0.6602715979181648,2.0,0.0,3.0,"[14, 5, 17]",15.0,59.0,146.0
2.558558558558558,0.7391408083473869,7.0,0.0,2.0,"[5, 14, 17]",12.0,53.0,150.0
2.436936936936937,0.7448681656778928,2.0,0.0,2.0,"[5, 17, 14]",28.0,63.0,129.0
2.3873873873873874,0.763075121535993,1.0,0.0,4.0,"[14, 5, 26]",35.0,63.0,123.0
2.346846846846846,0.731615681795942,0.0,0.0,1.0,"[5, 14, 17]",34.0,77.0,111.0
2.4234234234234235,0.6733390766983909,1.0,0.0,2.0,"[5, 17, 14]",20.0,85.0,116.0
2.518018018018018,0.7289362730524662,3.0,0.0,2.0,"[14, 26, 5]",22.0,54.0,143.0
2.558558558558558,0.7014488520416097,3.0,0.0,1.0,"[14, 5]",18.0,53.0,148.0
2.5765765765765765,0.7061404824730856,3.0,0.0,1.0,"[14, 5, 17]",19.0,47.0,153.0
2.463963963963964,0.7029727172724877,3.0,0.0,1.0,"[14, 17, 5]",18.0,74.0,127.0
2.59009009009009,0.64414592581767,1.0,0.0,3.0,"[17, 5, 14]",16.0,56.0,149.0
2.418918918918919,0.7960324140735977,5.0,0.0,1.0,"[14, 5, 29]",28.0,58.0,131.0
2.2927927927927927,0.7843735964266968,4.0,0.0,2.0,"[17, 5, 14]",33.0,79.0,106.0
2.391891891891892,0.8426026406196517,6.0,0.0,2.0,"[5, 14]",34.0,49.0,133.0
2.5855855855855854,0.69865375999301,6.0,1.0,3.0,"[5, 17, 14]",9.0,56.0,151.0
2.4324324324324325,0.750524662599186,2.0,0.0,2.0,"[14, 5, 26, 29, 17]",29.0,62.0,129.0
2.36036036036036,0.8379331693217803,6.0,0.0,2.0,"[5, 17, 14, 26]",34.0,56.0,126.0
2.3783783783783785,0.7557209144425376,5.0,0.0,3.0,"[5, 14, 17]",22.0,79.0,116.0
2.445945945945946,0.7145905113244179,1.0,0.0,3.0,"[17, 14, 5]",26.0,68.0,127.0
2.4324324324324325,0.8306528166140218,7.0,1.0,2.0,"[14, 5, 29]",28.0,49.0,138.0
2.4954954954954958,0.7475313685982958,4.0,1.0,3.0,"[14, 17, 5]",22.0,56.0,140.0
2.36036036036036,0.7820704947081704,2.0,0.0,2.0,"[14, 5]",36.0,64.0,120.0
2.5135135135135136,0.7228007976124738,4.0,1.0,2.0,"[17, 5, 14]",18.0,60.0,140.0
2.454954954954955,0.682852513009104,1.0,0.0,2.0,"[5, 17, 14, 29]",21.0,76.0,124.0
2.3828828828828827,0.8626355358258082,10.0,0.0,1.0,"[14, 17, 5]",26.0,55.0,131.0
2.427927927927928,0.6805203187887742,0.0,1.0,2.0,"[14, 5, 26]",24.0,79.0,119.0
2.400900900900901,0.8437146367848413,9.0,0.0,2.0,"[5, 14]",25.0,56.0,132.0
2.364864864864865,0.7164705661460221,1.0,0.0,2.0,"[14, 17, 5]",28.0,82.0,111.0
2.3828828828828827,0.7443754555334969,1.0,1.0,2.0,"[5, 14]",32.0,70.0,119.0
2.518018018018018,0.7412473525638604,8.0,0.0,2.0,"[14, 5, 17, 26]",9.0,65.0,140.0
2.373873873873874,0.8127058554911679,3.0,0.0,2.0,"[14, 17, 5, 26]",38.0,54.0,127.0
2.3828828828828827,0.779995808536583,2.0,0.0,3.0,"[5, 14, 17]",35.0,61.0,124.0
2.3963963963963963,0.7524232860796634,3.0,1.0,4.0,"[5, 14, 29]",27.0,71.0,121.0
2.527027027027027,0.7286566013597549,5.0,0.0,2.0,"[29, 14, 5, 17]",16.0,58.0,143.0
2.4234234234234235,0.6597620515744516,0.0,0.0,1.0,"[5, 14, 17]",21.0,86.0,115.0
2.45945945945946,0.7991373605166148,9.0,0.0,2.0,"[5, 14, 32, 26, 17]",16.0,61.0,136.0
2.45945945945946,0.8047796560109592,5.0,1.0,2.0,"[14, 5]",29.0,47.0,141.0
2.414414414414414,0.7724728871748469,5.0,0.0,1.0,"[5, 14]",24.0,67.0,126.0
2.3828828828828827,0.8195986076270692,4.0,0.0,4.0,"[14, 5]",36.0,53.0,129.0
2.6666666666666665,0.621388509904494,3.0,0.0,2.0,"[14, 5]",9.0,47.0,163.0
2.414414414414414,0.7303190707702018,2.0,0.0,4.0,"[14, 32, 5]",26.0,72.0,122.0
2.369369369369369,0.7836326585153965,3.0,0.0,3.0,"[14, 5]",33.0,65.0,121.0
2.4414414414414414,0.7142338829415783,1.0,0.0,3.0,"[14, 17, 5]",26.0,69.0,126.0
2.481981981981982,0.8277646066471878,10.0,0.0,2.0,"[14, 5, 32]",18.0,49.0,145.0
2.4234234234234235,0.8021413597850566,7.0,0.0,3.0,"[5, 17, 14]",23.0,61.0,131.0
2.4054054054054053,0.7536142582829704,2.0,1.0,2.0,"[14, 5]",30.0,66.0,124.0
2.279279279279279,0.7921694956797133,2.0,1.0,4.0,"[17, 5, 8, 14]",41.0,72.0,107.0
2.4234234234234235,0.7435946634566837,2.0,0.0,3.0,"[14, 5, 29]",28.0,66.0,126.0
2.418918918918919,0.8239638784765508,6.0,0.0,3.0,"[5, 14]",30.0,51.0,135.0
2.3963963963963963,0.7702532847718906,2.0,0.0,4.0,"[14, 17, 29, 5]",33.0,62.0,125.0
2.4504504504504503,0.739802330682973,3.0,0.0,3.0,"[14, 5, 17]",24.0,65.0,130.0
2.518018018018018,0.7711656802926413,4.0,0.0,2.0,"[14, 5, 17]",26.0,43.0,149.0
2.63963963963964,0.635208203908759,2.0,1.0,2.0,"[5, 14, 17]",13.0,48.0,159.0
2.545045045045045,0.6626750585738687,1.0,1.0,3.0,"[17, 14, 5]",18.0,62.0,141.0
2.554054054054054,0.6821955218972142,3.0,0.0,3.0,"[14, 17, 5]",15.0,60.0,144.0
2.4234234234234235,0.7061404824730855,1.0,0.0,3.0,"[14, 5, 17, 29]",25.0,75.0,121.0
2.518018018018018,0.7473268437829516,4.0,0.0,3.0,"[5, 14, 17, 26]",22.0,51.0,145.0
2.445945945945946,0.7635691120783644,3.0,1.0,1.0,"[14, 5, 17]",28.0,58.0,133.0
2.4234234234234235,0.7964803747250547,6.0,1.0,2.0,"[14, 5, 17]",25.0,60.0,131.0
2.509009009009009,0.7102417598145957,1.0,0.0,1.0,"[5, 14]",25.0,56.0,140.0
2.463963963963964,0.7705310847342124,4.0,0.0,1.0,"[17, 5, 14]",26.0,55.0,137.0
2.3513513513513518,0.8309472177633022,5.0,1.0,3.0,"[5, 17, 14]",36.0,57.0,124.0
2.554054054054054,0.6687983123373595,2.0,0.0,3.0,"[17, 14, 5]",16.0,61.0,143.0
2.5,0.747545001596402,5.0,1.0,1.0,"[5, 14]",19.0,58.0,140.0
2.518018018018018,0.7533572759283897,4.0,0.0,2.0,"[5, 14]",23.0,49.0,146.0
2.3783783783783785,0.8078131370105156,5.0,1.0,1.0,"[5, 14, 17]",31.0,61.0,125.0
2.554054054054054,0.7208948415896378,4.0,0.0,2.0,"[5, 14, 8]",18.0,51.0,149.0
2.391891891891892,0.7457432910412645,1.0,0.0,4.0,"[14, 5]",32.0,68.0,121.0
2.481981981981982,0.7351175851027343,3.0,0.0,3.0,"[14, 5, 26, 17]",23.0,60.0,136.0
2.400900900900901,0.7766962747799832,4.0,0.0,2.0,"[14, 5, 17]",28.0,65.0,125.0
2.45945945945946,0.7154884264572533,0.0,0.0,4.0,"[5, 14, 17]",29.0,62.0,131.0
2.490990990990991,0.7595008541336756,4.0,0.0,3.0,"[14, 17, 5]",24.0,53.0,141.0
2.4324324324324325,0.7322144138861607,1.0,0.0,3.0,"[14, 5, 17]",29.0,65.0,127.0
2.3783783783783785,0.7188987814650465,1.0,0.0,2.0,"[5, 17, 14, 32]",28.0,79.0,114.0
2.2927927927927927,0.8507874140108231,4.0,0.0,2.0,"[5, 14]",45.0,55.0,118.0
2.4054054054054053,0.7595947762083726,3.0,0.0,2.0,"[17, 14, 5]",28.0,67.0,124.0
2.369369369369369,0.78938578480206,3.0,0.0,2.0,"[14, 5]",34.0,63.0,122.0
2.45945945945946,0.7644094965655026,3.0,0.0,3.0,"[5, 14, 26]",28.0,55.0,136.0
2.427927927927928,0.7066165857853886,0.0,0.0,2.0,"[5, 14]",28.0,71.0,123.0
2.346846846846846,0.8191508482474903,3.0,1.0,2.0,"[5, 14]",40.0,56.0,123.0
2.4954954954954958,0.7229135854414529,4.0,2.0,2.0,"[5, 14, 17]",18.0,64.0,136.0
2.5045045045045047,0.677684023514074,1.0,0.0,5.0,"[14, 5]",20.0,67.0,134.0
2.558558558558558,0.726794047205339,5.0,0.0,1.0,"[17, 5, 14]",16.0,51.0,150.0
2.572072072072072,0.6738383563798657,2.0,1.0,2.0,"[14, 17, 5]",17.0,55.0,148.0
2.418918918918919,0.7120188000865245,1.0,0.0,3.0,"[5, 17, 14]",26.0,74.0,121.0
2.391891891891892,0.7984867061723451,6.0,0.0,2.0,"[5, 17, 14, 32]",26.0,65.0,125.0
2.518018018018018,0.7942893688598865,9.0,0.0,2.0,"[14, 5, 26, 17]",15.0,50.0,148.0
2.490990990990991,0.7829691197310449,7.0,1.0,1.0,"[14, 5]",19.0,54.0,142.0
2.4414414414414414,0.7512846877687185,3.0,0.0,2.0,"[17, 5, 14, 29]",26.0,63.0,130.0
2.4234234234234235,0.7061404824730855,1.0,0.0,1.0,"[14, 5]",25.0,75.0,121.0
2.40990990990991,0.7045366828976388,1.0,1.0,2.0,"[14, 17, 5, 29]",25.0,78.0,118.0
2.463963963963964,0.7029727172724876,3.0,0.0,2.0,"[14, 5]",18.0,74.0,127.0
2.545045045045045,0.7215165951360962,5.0,1.0,3.0,"[5, 14, 26]",15.0,56.0,146.0
2.3963963963963963,0.7819141066723375,3.0,0.0,3.0,"[14, 17, 5, 26]",32.0,61.0,126.0
2.603603603603604,0.6491104846976524,1.0,1.0,3.0,"[5, 14]",17.0,51.0,153.0
2.518018018018018,0.7593398178351377,6.0,1.0,2.0,"[14, 26, 5, 17]",18.0,53.0,145.0
2.391891891891892,0.7517864257145856,2.0,1.0,3.0,"[5, 14]",30.0,69.0,121.0
2.418918918918919,0.7787928370169254,4.0,0.0,4.0,"[5, 14, 17]",28.0,61.0,129.0
2.3963963963963963,0.8047290011151728,4.0,0.0,2.0,"[17, 5, 14]",33.0,56.0,129.0
2.45945945945946,0.7934549434075043,4.0,0.0,2.0,"[14, 5]",30.0,48.0,140.0
2.328828828828829,0.7987419279094043,2.0,0.0,5.0,"[17, 5, 14]",40.0,63.0,117.0
2.400900900900901,0.7347847895591678,2.0,0.0,2.0,"[5, 14]",27.0,73.0,120.0
2.472972972972973,0.8165090624359231,7.0,0.0,3.0,"[5, 14, 26]",25.0,46.0,144.0
2.3873873873873874,0.7266257623930175,0.0,0.0,4.0,"[5, 17, 14]",32.0,72.0,118.0
2.454954954954955,0.6761935971060303,0.0,1.0,2.0,"[14, 5]",23.0,75.0,124.0
2.4414414414414414,0.8148473436098064,7.0,1.0,1.0,"[14, 5, 17]",25.0,53.0,137.0
2.3423423423423424,0.8821558895643847,12.0,0.0,2.0,"[14, 5, 17]",25.0,60.0,125.0
2.608108108108108,0.6553138359243383,3.0,1.0,3.0,"[5, 14, 17]",12.0,54.0,153.0
2.518018018018018,0.7351175851027343,7.0,1.0,1.0,"[5, 14]",11.0,64.0,140.0
2.463963963963964,0.7763813021301698,4.0,0.0,3.0,"[17, 5, 14, 8]",27.0,53.0,138.0
2.427927927927928,0.7379402876149803,2.0,0.0,3.0,"[14, 5, 17]",27.0,67.0,126.0
2.3873873873873874,0.8035123256035114,5.0,1.0,2.0,"[14, 17, 5]",30.0,61.0,126.0
2.4954954954954958,0.6641958206846169,0.0,1.0,2.0,"[14, 5]",21.0,70.0,131.0
2.3873873873873874,0.714062638052098,1.0,0.0,3.0,"[14, 17, 5, 26]",27.0,79.0,115.0
2.4414414414414414,0.8148473436098065,7.0,1.0,2.0,"[5, 14]",25.0,53.0,137.0
2.40990990990991,0.7601446581732407,4.0,0.0,2.0,"[5, 14]",25.0,69.0,124.0
2.45945945945946,0.8047796560109594,8.0,0.0,2.0,"[5, 14, 17]",20.0,56.0,138.0
2.454954954954955,0.7152177453762799,1.0,0.0,2.0,"[5, 14]",26.0,66.0,129.0
2.373873873873874,0.7428953644233875,3.0,1.0,3.0,"[17, 29, 14, 5]",26.0,78.0,115.0
2.603603603603604,0.6629057013299354,3.0,1.0,3.0,"[5, 14, 29]",13.0,53.0,153.0
2.3873873873873874,0.7864367337108529,2.0,0.0,2.0,"[5, 17, 14]",36.0,58.0,126.0
2.4414414414414414,0.7512846877687184,1.0,0.0,3.0,"[5, 14, 32]",32.0,57.0,132.0
2.572072072072072,0.7066165857853886,4.0,0.0,2.0,"[14, 17, 5, 26]",16.0,51.0,151.0
2.554054054054054,0.7333409303604029,6.0,0.0,3.0,"[14, 5]",14.0,53.0,149.0
2.454954954954955,0.7277609297100535,3.0,1.0,2.0,"[5, 14]",22.0,68.0,129.0
2.324324324324324,0.7977588762618181,3.0,1.0,1.0,"[14, 17, 29, 5]",37.0,67.0,115.0
2.4054054054054053,0.7166838966751345,2.0,0.0,2.0,"[14, 5, 17]",24.0,78.0,118.0
2.3873873873873874,0.7203715880138373,2.0,0.0,2.0,"[5, 14, 29]",25.0,80.0,115.0
2.414414414414414,0.6986537599930099,1.0,1.0,5.0,"[14, 5, 17]",24.0,79.0,118.0
2.5855855855855854,0.6377061333807802,1.0,0.0,3.0,"[5, 17, 14]",15.0,59.0,147.0
2.400900900900901,0.7939813754264464,3.0,0.0,2.0,"[5, 14, 17, 26]",34.0,56.0,129.0
2.279279279279279,0.7806618745488594,2.0,0.0,2.0,"[5, 17, 14]",39.0,76.0,105.0
2.509009009009009,0.6842837586571155,2.0,0.0,4.0,"[14, 5]",18.0,67.0,135.0
2.468468468468469,0.7468766920442161,2.0,0.0,2.0,"[5, 14]",28.0,56.0,136.0
2.40990990990991,0.6980846394189977,0.0,0.0,3.0,"[5, 14, 17]",27.0,77.0,118.0
2.40990990990991,0.7235476893856938,1.0,0.0,2.0,"[14, 5, 17]",28.0,72.0,121.0
2.427927927927928,0.7620728069600071,5.0,1.0,2.0,"[5, 14, 17]",22.0,68.0,127.0
2.6621621621621623,0.6152737762478507,2.0,1.0,2.0,"[5, 17, 26, 14]",11.0,47.0,162.0
2.400900900900901,0.7939813754264464,6.0,0.0,1.0,"[14, 5, 17]",25.0,65.0,126.0
2.328828828828829,0.781562119177653,6.0,1.0,3.0,"[17, 26, 14, 5]",25.0,81.0,110.0
2.4054054054054053,0.7292018618083521,2.0,1.0,2.0,"[14, 17, 5]",26.0,74.0,120.0
2.5945945945945947,0.6974858324629157,5.0,1.0,2.0,"[5, 14, 17]",12.0,51.0,154.0
2.572072072072072,0.7193097711127742,6.0,0.0,2.0,"[5, 17, 14]",12.0,53.0,151.0
2.3828828828828827,0.7623936909941408,4.0,0.0,1.0,"[14, 5]",26.0,73.0,119.0
2.545045045045045,0.7641561446107581,6.0,0.0,3.0,"[5, 14]",19.0,45.0,152.0
2.3513513513513518,0.7745808809620928,1.0,0.0,2.0,"[14, 5, 17]",38.0,65.0,118.0
2.527027027027027,0.7097824465554078,3.0,1.0,1.0,"[17, 5, 14]",19.0,58.0,142.0
2.2612612612612613,0.8206796842272748,2.0,1.0,3.0,"[14, 5, 17]",47.0,64.0,109.0
2.5,0.7830211823097134,8.0,0.0,2.0,"[14, 17, 5, 32]",16.0,55.0,143.0
2.36036036036036,0.7585744285635114,1.0,0.0,2.0,"[14, 17, 5]",35.0,69.0,117.0
2.445945945945946,0.7576199675064575,3.0,0.0,2.0,"[14, 5, 17]",27.0,60.0,132.0
2.572072072072072,0.6738383563798656,3.0,0.0,1.0,"[5, 14, 17]",14.0,58.0,147.0
2.572072072072072,0.7066165857853884,4.0,0.0,2.0,"[5, 14, 29]",16.0,51.0,151.0
2.477477477477477,0.7532355168433923,4.0,0.0,2.0,"[14, 5]",23.0,58.0,137.0
2.324324324324324,0.8090233446358832,2.0,1.0,2.0,"[5, 14]",42.0,60.0,118.0
2.5945945945945947,0.710342195000268,4.0,0.0,3.0,"[14, 5]",17.0,44.0,157.0
2.414414414414414,0.7303190707702018,1.0,1.0,1.0,"[17, 5, 14]",29.0,69.0,123.0
2.369369369369369,0.78938578480206,4.0,0.0,1.0,"[17, 5, 14]",31.0,66.0,121.0
2.45945945945946,0.7819662394927889,6.0,0.0,2.0,"[5, 14, 17]",22.0,58.0,136.0
2.36036036036036,0.799239375881876,4.0,0.0,1.0,"[5, 14, 17]",33.0,64.0,121.0
2.5675675675675675,0.7322144138861607,5.0,1.0,2.0,"[5, 14]",17.0,47.0,153.0
2.414414414414414,0.7898504179192489,2.0,0.0,2.0,"[14, 17, 5]",36.0,52.0,132.0
2.3828828828828827,0.8028652168061973,5.0,0.0,3.0,"[5, 14]",30.0,62.0,125.0
2.468468468468469,0.7095957656193941,2.0,0.0,3.0,"[5, 14, 17]",22.0,68.0,130.0
2.472972972972973,0.6838070096273918,3.0,1.0,1.0,"[5, 14]",15.0,78.0,126.0
2.373873873873874,0.7901213277256897,3.0,0.0,3.0,"[5, 14]",34.0,62.0,123.0
2.315315315315315,0.7548573564807846,1.0,0.0,3.0,"[17, 5, 14, 29]",36.0,77.0,108.0
2.373873873873874,0.801493144099386,2.0,0.0,3.0,"[14, 17, 5]",39.0,55.0,126.0
2.3423423423423424,0.8292775626631712,4.0,2.0,2.0,"[14, 5]",39.0,56.0,123.0
2.256756756756757,0.8357532838252734,8.0,1.0,2.0,"[14, 26, 5, 17]",32.0,77.0,105.0
2.4234234234234235,0.7125195820066829,2.0,0.0,1.0,"[17, 14, 5]",23.0,76.0,121.0
2.3513513513513518,0.7745808809620929,3.0,0.0,2.0,"[5, 14, 17]",32.0,71.0,116.0
2.4954954954954958,0.6909089543764332,1.0,0.0,4.0,"[14, 5, 17]",22.0,65.0,134.0
2.346846846846846,0.7910494569913453,4.0,0.0,3.0,"[5, 14]",32.0,69.0,117.0
2.3963963963963963,0.7402980845062391,3.0,0.0,1.0,"[14, 17, 5]",25.0,75.0,119.0
2.518018018018018,0.7412473525638603,2.0,0.0,4.0,"[14, 5]",27.0,47.0,146.0
2.454954954954955,0.752220091352967,2.0,1.0,2.0,"[5, 14, 26, 17]",29.0,57.0,134.0
2.608108108108108,0.6413553430373512,3.0,0.0,2.0,"[26, 5, 14]",10.0,58.0,151.0
2.315315315315315,0.81814249366805,4.0,0.0,3.0,"[14, 5]",38.0,64.0,116.0
2.418918918918919,0.8184538467613578,7.0,0.0,1.0,"[26, 14, 5]",26.0,56.0,133.0
2.5,0.7102991530882098,3.0,0.0,2.0,"[5, 17, 14]",19.0,64.0,136.0
2.527027027027027,0.6838070096273917,2.0,1.0,2.0,"[5, 14]",18.0,63.0,139.0
2.6171171171171173,0.6467984326402311,2.0,0.0,4.0,"[14, 5, 17]",14.0,51.0,155.0
2.445945945945946,0.7455792832778909,2.0,0.0,2.0,"[17, 14, 5]",28.0,61.0,131.0
2.391891891891892,0.7754881848947388,5.0,0.0,2.0,"[5, 14, 17]",25.0,70.0,122.0
2.5675675675675675,0.6675628886824766,3.0,0.0,2.0,"[5, 14, 29]",13.0,61.0,145.0
2.3018018018018016,0.8739033962973751,6.0,0.0,3.0,"[5, 14, 17]",43.0,51.0,122.0
2.603603603603604,0.702668208608921,4.0,1.0,2.0,"[14, 5, 17]",16.0,44.0,158.0
2.5315315315315314,0.7346599523640843,5.0,0.0,2.0,"[5, 17, 14]",17.0,55.0,145.0
2.355855855855856,0.7636758788299722,0.0,1.0,2.0,"[5, 14]",39.0,65.0,118.0
2.5855855855855854,0.7240967969650156,5.0,1.0,2.0,"[5, 14]",16.0,45.0,156.0
2.545045045045045,0.6894471178259466,2.0,0.0,1.0,"[14, 17, 5]",19.0,57.0,144.0
2.490990990990991,0.7713242476034934,6.0,1.0,2.0,"[5, 17, 29, 14]",20.0,55.0,141.0
2.346846846846846,0.7559501312073208,3.0,0.0,3.0,"[17, 5, 14, 26]",29.0,78.0,112.0
2.436936936936937,0.7264153515540407,3.0,0.0,2.0,"[5, 14, 17]",22.0,72.0,125.0
2.4054054054054053,0.7945331123225665,6.0,0.0,2.0,"[5, 14, 17, 26]",25.0,64.0,127.0
2.427927927927928,0.7129914256585806,2.0,1.0,3.0,"[14, 5]",23.0,75.0,122.0
2.4954954954954958,0.7038854528606544,1.0,0.0,4.0,"[14, 17, 5]",24.0,61.0,136.0
2.5045045045045047,0.6974273847456754,3.0,0.0,2.0,"[5, 14, 17]",17.0,67.0,135.0
2.5135135135135136,0.7943791777842,8.0,0.0,2.0,"[14, 26, 5]",18.0,48.0,148.0
2.40990990990991,0.7660741968667063,2.0,0.0,3.0,"[14, 5]",32.0,61.0,127.0
2.436936936936937,0.7138485241716679,4.0,1.0,1.0,"[17, 5, 14]",17.0,79.0,122.0
2.3828828828828827,0.8140590297199426,6.0,1.0,1.0,"[14, 5, 17]",29.0,61.0,126.0
2.3378378378378377,0.7600373953712571,1.0,0.0,3.0,"[14, 5]",36.0,72.0,113.0
2.418918918918919,0.7551948013368782,3.0,0.0,4.0,"[14, 5, 17]",27.0,66.0,126.0
2.5045045045045047,0.7713638843380379,6.0,0.0,1.0,"[17, 14, 5]",20.0,52.0,144.0
2.3963963963963963,0.7524232860796635,4.0,0.0,2.0,"[5, 17, 14]",24.0,74.0,120.0
2.279279279279279,0.8632378401744102,8.0,1.0,1.0,"[14, 5, 17]",36.0,64.0,114.0
2.563063063063063,0.661197039782257,1.0,0.0,2.0,"[5, 14, 17]",18.0,58.0,145.0
2.626126126126126,0.6725667336179664,3.0,1.0,2.0,"[5, 14]",15.0,44.0,160.0
2.509009009009009,0.7291040245750275,3.0,0.0,2.0,"[5, 14, 26, 17]",22.0,56.0,141.0
2.3513513513513518,0.7568528389885603,2.0,0.0,1.0,"[5, 17, 14]",32.0,74.0,114.0
2.481981981981982,0.7351175851027343,0.0,0.0,3.0,"[14, 17, 5]",32.0,51.0,139.0
2.3783783783783785,0.7676025325890851,4.0,0.0,1.0,"[5, 14]",27.0,72.0,119.0
2.5315315315315314,0.7095957656193943,2.0,1.0,2.0,"[5, 26, 14]",22.0,54.0,144.0
2.418918918918919,0.7670845686608219,5.0,0.0,1.0,"[5, 14]",23.0,68.0,126.0
2.391891891891892,0.7147616297443333,0.0,0.0,3.0,"[14, 17, 5, 26]",30.0,75.0,117.0
2.4324324324324325,0.8306528166140218,9.0,1.0,2.0,"[17, 5, 14, 26]",22.0,55.0,136.0
2.3783783783783785,0.7965315541869374,2.0,0.0,3.0,"[5, 14]",38.0,56.0,126.0
2.40990990990991,0.7359489155686614,1.0,0.0,3.0,"[14, 5, 17]",30.0,68.0,123.0
2.445945945945946,0.7516237365922058,1.0,0.0,3.0,"[14, 5]",32.0,56.0,133.0
2.463963963963964,0.7344518432189718,2.0,0.0,2.0,"[17, 5, 14]",26.0,61.0,133.0
2.2927927927927927,0.7668719694345218,2.0,0.0,1.0,"[17, 5, 14]",36.0,79.0,105.0
2.3963963963963963,0.7217284341472479,3.0,0.0,1.0,"[14, 17, 5]",22.0,81.0,116.0
2.445945945945946,0.6551271899974752,0.0,1.0,2.0,"[5, 14, 17]",20.0,83.0,119.0
2.4504504504504503,0.7458935998114042,3.0,0.0,3.0,"[17, 5, 26, 14]",25.0,63.0,131.0
2.391891891891892,0.7210644639076536,0.0,0.0,1.0,"[5, 17, 14]",31.0,73.0,118.0
2.414414414414414,0.7303190707702019,1.0,0.0,2.0,"[5, 14, 17, 29]",29.0,69.0,123.0
2.427927927927928,0.8302723939622332,9.0,0.0,2.0,"[5, 14]",22.0,56.0,135.0
2.472972972972973,0.7709013289615874,4.0,0.0,3.0,"[5, 32, 14, 17]",26.0,53.0,139.0
2.2972972972972974,0.8303583110856676,3.0,0.0,2.0,"[14, 5]",44.0,59.0,116.0
2.4054054054054053,0.7229699727575902,2.0,1.0,3.0,"[5, 14]",25.0,76.0,119.0
2.355855855855856,0.7577275725160556,1.0,1.0,3.0,"[14, 5, 29]",35.0,70.0,116.0
2.346846846846846,0.7559501312073208,4.0,1.0,1.0,"[5, 14, 17]",26.0,81.0,111.0
2.5,0.7229276826828118,3.0,1.0,1.0,"[5, 14, 17]",21.0,60.0,138.0
2.346846846846846,0.7254045299652362,2.0,1.0,1.0,"[14, 5, 17]",27.0,85.0,108.0
2.436936936936937,0.7448681656778928,1.0,0.0,3.0,"[5, 14, 29]",31.0,60.0,130.0
2.445945945945946,0.6887964168404687,2.0,0.0,1.0,"[14, 26, 5]",19.0,79.0,122.0
2.4234234234234235,0.7496551188892895,2.0,0.0,4.0,"[5, 14]",29.0,64.0,127.0
2.463963963963964,0.6899790531009999,2.0,0.0,2.0,"[14, 17, 5, 26]",19.0,75.0,126.0
2.414414414414414,0.69865375999301,2.0,0.0,1.0,"[5, 14, 17]",21.0,82.0,117.0
2.40990990990991,0.7835936423759049,2.0,0.0,3.0,"[5, 14, 26]",35.0,55.0,130.0
2.445945945945946,0.7455792832778909,2.0,1.0,3.0,"[14, 5]",28.0,61.0,131.0
2.5225225225225225,0.7532355168433922,3.0,1.0,2.0,"[5, 14]",26.0,45.0,148.0
2.4954954954954958,0.8057920852149159,6.0,0.0,2.0,"[5, 14, 17]",26.0,42.0,148.0
2.436936936936937,0.7746466633366657,2.0,1.0,4.0,"[5, 14, 17]",33.0,53.0,134.0
2.463963963963964,0.7344518432189718,4.0,1.0,1.0,"[5, 14]",20.0,67.0,131.0
2.391891891891892,0.7084027199263985,1.0,1.0,3.0,"[14, 17, 5]",26.0,80.0,115.0
2.5315315315315314,0.7159440790596918,4.0,0.0,3.0,"[14, 5, 17]",17.0,58.0,143.0
2.3963963963963963,0.740298084506239,2.0,0.0,2.0,"[14, 5]",28.0,72.0,120.0
2.608108108108108,0.6823747640237694,5.0,1.0,2.0,"[17, 5, 14]",10.0,52.0,155.0
2.436936936936937,0.8033220535980014,7.0,0.0,1.0,"[26, 5, 17, 14]",23.0,58.0,134.0
2.481981981981982,0.690687662867727,1.0,1.0,2.0,"[17, 5, 14]",22.0,68.0,131.0
2.581081081081081,0.7370005879911349,6.0,1.0,3.0,"[5, 17, 14]",15.0,45.0,156.0
2.4414414414414414,0.7808185133909296,1.0,1.0,4.0,"[14, 5, 17]",37.0,47.0,137.0
2.414414414414414,0.7783085089962077,5.0,0.0,1.0,"[5, 14, 17]",25.0,65.0,127.0
2.3963963963963963,0.7643561662904482,2.0,1.0,3.0,"[14, 17, 5]",32.0,64.0,124.0
2.4234234234234235,0.7313230996009537,2.0,0.0,4.0,"[5, 14, 17, 26]",26.0,70.0,124.0
2.369369369369369,0.7778369814660729,3.0,0.0,5.0,"[14, 5]",32.0,67.0,120.0
2.468468468468469,0.746876692044216,2.0,0.0,2.0,"[14, 17, 5]",28.0,56.0,136.0
2.328828828828829,0.775750973172324,2.0,0.0,4.0,"[5, 14]",36.0,71.0,113.0
2.5495495495495497,0.7274667971616622,4.0,0.0,4.0,"[14, 17, 5]",19.0,50.0,149.0
2.445945945945946,0.7576199675064575,3.0,1.0,2.0,"[14, 5]",27.0,60.0,132.0
2.418918918918919,0.6991932666762044,1.0,0.0,2.0,"[5, 14, 17]",24.0,78.0,119.0
2.481981981981982,0.788572018098652,5.0,0.0,2.0,"[5, 14]",26.0,48.0,143.0
2.364864864864865,0.747381389206262,1.0,0.0,1.0,"[5, 14, 26]",33.0,72.0,116.0
2.346846846846846,0.7967490302234188,2.0,1.0,5.0,"[17, 14, 5]",39.0,61.0,120.0
2.545045045045045,0.7088629271907744,3.0,0.0,4.0,"[5, 14, 17]",19.0,54.0,146.0
2.445945945945946,0.7753304691752118,6.0,0.0,1.0,"[5, 14, 17]",21.0,63.0,132.0
2.477477477477477,0.7710467334093962,4.0,0.0,4.0,"[5, 14]",26.0,52.0,140.0
2.373873873873874,0.7901213277256897,6.0,0.0,1.0,"[5, 17, 14]",25.0,71.0,120.0
2.5045045045045047,0.8169457950845421,6.0,0.0,4.0,"[14, 5]",28.0,36.0,152.0
2.472972972972973,0.6969157581278157,1.0,1.0,3.0,"[5, 17, 14]",23.0,68.0,130.0
2.490990990990991,0.7474904681121162,1.0,0.0,4.0,"[5, 14]",31.0,48.0,142.0
2.445945945945946,0.7753304691752118,7.0,2.0,4.0,"[5, 14]",18.0,66.0,131.0
2.36036036036036,0.7525858023606357,2.0,1.0,2.0,"[17, 5, 14]",31.0,74.0,115.0
2.4324324324324325,0.7006347687093277,1.0,1.0,2.0,"[5, 14]",24.0,75.0,122.0
2.509009009009009,0.7038420161008276,2.0,0.0,2.0,"[17, 5, 14]",21.0,61.0,138.0
2.373873873873874,0.8014931440993859,6.0,1.0,2.0,"[14, 5, 17]",27.0,67.0,122.0
2.5495495495495497,0.702145886515062,5.0,0.0,1.0,"[14, 5, 17, 26]",12.0,61.0,144.0
2.418918918918919,0.772960871734925,2.0,0.0,4.0,"[5, 14]",33.0,57.0,130.0
2.4234234234234235,0.7188420747971241,3.0,0.0,2.0,"[14, 5, 17]",21.0,77.0,121.0
2.3828828828828827,0.6940436792849944,0.0,0.0,3.0,"[14, 5, 17]",27.0,83.0,112.0
2.558558558558558,0.7078702323068459,4.0,0.0,3.0,"[5, 14, 17]",16.0,54.0,148.0
2.4414414414414414,0.7267940472053389,1.0,0.0,3.0,"[5, 14, 17]",28.0,65.0,128.0
2.5045045045045047,0.7944818041237258,7.0,0.0,2.0,"[14, 5]",21.0,47.0,147.0
2.3783783783783785,0.7793030190808257,4.0,1.0,1.0,"[5, 17, 14]",29.0,68.0,121.0
2.545045045045045,0.7215165951360961,4.0,0.0,2.0,"[5, 14]",18.0,53.0,147.0
2.391891891891892,0.7273126802593831,1.0,1.0,1.0,"[14, 5]",29.0,74.0,118.0
2.4324324324324325,0.756529604791034,1.0,0.0,2.0,"[5, 14]",33.0,57.0,131.0
2.436936936936937,0.6747451911115274,0.0,0.0,2.0,"[5, 14]",23.0,79.0,120.0
2.4864864864864864,0.7228007976124737,2.0,0.0,3.0,"[14, 17, 5]",24.0,60.0,136.0
2.45945945945946,0.770306206774411,7.0,1.0,3.0,"[5, 14, 17]",17.0,65.0,133.0
2.414414414414414,0.7546953293570031,5.0,0.0,3.0,"[14, 5, 29]",21.0,73.0,123.0
2.400900900900901,0.7766962747799832,2.0,0.0,2.0,"[5, 17, 14]",34.0,59.0,127.0
2.5495495495495497,0.7398023306829731,6.0,0.0,2.0,"[5, 14]",15.0,52.0,149.0
2.40990990990991,0.7481446075712909,1.0,0.0,3.0,"[14, 5, 17, 26]",32.0,64.0,125.0
2.3828828828828827,0.7321169792385565,1.0,1.0,4.0,"[5, 14, 17]",30.0,74.0,117.0
2.4324324324324325,0.750524662599186,2.0,0.0,3.0,"[17, 14, 5]",29.0,62.0,129.0
2.391891891891892,0.7457432910412644,2.0,1.0,1.0,"[5, 14]",29.0,71.0,120.0
2.5,0.7102991530882098,4.0,0.0,3.0,"[5, 17, 32, 14]",16.0,67.0,135.0
2.445945945945946,0.8039814706880593,5.0,0.0,4.0,"[5, 14, 17]",29.0,50.0,138.0
2.45945945945946,0.7644094965655027,4.0,1.0,4.0,"[5, 17, 14]",25.0,58.0,135.0
2.31981981981982,0.8409561268028238,5.0,0.0,1.0,"[5, 14, 26, 17]",39.0,58.0,120.0
2.3423423423423424,0.8401195292622843,5.0,0.0,2.0,"[5, 14]",38.0,55.0,124.0
2.4054054054054053,0.7655285741229414,1.0,0.0,3.0,"[5, 14]",35.0,59.0,127.0
2.373873873873874,0.8127058554911679,4.0,0.0,1.0,"[5, 14, 17]",35.0,57.0,126.0
2.599099099099099,0.6770972774768818,3.0,1.0,1.0,"[5, 14]",15.0,50.0,154.0
2.4054054054054053,0.7229699727575905,1.0,1.0,2.0,"[5, 14]",28.0,73.0,120.0
2.6576576576576576,0.6164486744606257,2.0,1.0,2.0,"[14, 5]",11.0,48.0,161.0
2.391891891891892,0.7335076745486333,3.0,0.0,2.0,"[5, 26, 14]",24.0,78.0,117.0
2.391891891891892,0.7147616297443333,1.0,0.0,2.0,"[14, 5]",27.0,78.0,116.0
2.4324324324324325,0.7134343884588724,1.0,0.0,2.0,"[14, 17, 5]",26.0,71.0,124.0
2.333333333333333,0.7767356373806175,2.0,0.0,2.0,"[17, 5, 29, 14]",36.0,70.0,114.0
2.5855855855855854,0.6586489458113736,1.0,0.0,4.0,"[14, 5, 17]",18.0,53.0,150.0
2.468468468468469,0.656603350996418,2.0,0.0,2.0,"[14, 5, 17]",14.0,84.0,122.0
2.4504504504504503,0.6825390279559507,1.0,0.0,2.0,"[5, 14, 17]",21.0,77.0,123.0
2.414414414414414,0.7841007007595109,4.0,1.0,2.0,"[14, 5, 17]",29.0,60.0,129.0
2.418918918918919,0.8129064678810275,8.0,1.0,2.0,"[5, 14]",22.0,61.0,131.0
2.490990990990991,0.7102417598145958,2.0,0.0,3.0,"[5, 14, 17]",22.0,63.0,135.0
2.391891891891892,0.7696311786535682,5.0,0.0,3.0,"[5, 14]",24.0,72.0,121.0
2.427927927927928,0.7066165857853886,0.0,0.0,2.0,"[14, 5]",28.0,71.0,123.0
2.509009009009009,0.7228712920678522,2.0,1.0,3.0,"[14, 5]",24.0,55.0,141.0
2.509009009009009,0.7595008541336756,5.0,0.0,3.0,"[5, 14, 26]",21.0,52.0,144.0
2.3783783783783785,0.846114933455475,8.0,0.0,1.0,"[5, 14]",29.0,56.0,129.0
2.283783783783784,0.7934164102776268,3.0,0.0,2.0,"[5, 17, 14]",38.0,74.0,107.0
2.6171171171171173,0.6537568249903902,2.0,0.0,3.0,"[5, 32, 14]",15.0,49.0,156.0
2.3873873873873874,0.7266257623930173,4.0,0.0,2.0,"[17, 14, 26, 5]",20.0,84.0,114.0
2.472972972972973,0.8109483801601273,8.0,1.0,2.0,"[14, 5, 17]",21.0,51.0,142.0
2.400900900900901,0.7409173103141582,2.0,0.0,2.0,"[14, 5, 17]",28.0,71.0,121.0
2.3783783783783785,0.8189393212186618,5.0,0.0,2.0,"[17, 5, 14]",33.0,57.0,127.0
2.40990990990991,0.7297746450590296,2.0,0.0,2.0,"[14, 5]",26.0,73.0,121.0
2.400900900900901,0.7939813754264463,4.0,1.0,3.0,"[14, 5, 17]",31.0,59.0,128.0
2.554054054054054,0.7516237365922058,7.0,0.0,3.0,"[14, 5]",14.0,50.0,151.0
2.5315315315315314,0.7346599523640843,6.0,1.0,1.0,"[14, 5, 17]",14.0,58.0,144.0
2.536036036036036,0.7527076665443986,7.0,0.0,2.0,"[14, 5]",14.0,54.0,147.0
2.427927927927928,0.8248045067894098,8.0,1.0,2.0,"[5, 14, 26]",24.0,55.0,135.0
2.481981981981982,0.7164136672763212,1.0,0.0,2.0,"[5, 14]",26.0,60.0,135.0
2.3873873873873874,0.7140626380520981,0.0,0.0,2.0,"[17, 14, 5]",30.0,76.0,116.0
2.369369369369369,0.7173093002183164,1.0,0.0,5.0,"[14, 5, 17]",28.0,81.0,112.0
2.3963963963963963,0.7819141066723374,5.0,1.0,2.0,"[5, 26, 17, 14]",26.0,67.0,124.0
2.315315315315315,0.8070053236714508,3.0,1.0,2.0,"[5, 14, 17]",39.0,65.0,115.0
2.4324324324324325,0.7858663446818159,3.0,0.0,3.0,"[14, 5, 17]",32.0,53.0,134.0
2.346846846846846,0.7619123142645889,4.0,0.0,1.0,"[5, 17, 14]",27.0,79.0,112.0
2.4234234234234235,0.7251094415702296,2.0,0.0,4.0,"[17, 5, 14]",25.0,72.0,123.0
2.4414414414414414,0.7691410815596246,5.0,1.0,3.0,"[14, 5]",23.0,63.0,131.0
2.355855855855856,0.775435616552427,3.0,1.0,2.0,"[17, 5, 14, 26]",32.0,70.0,117.0
2.369369369369369,0.7836326585153965,4.0,0.0,4.0,"[5, 14]",30.0,68.0,120.0
2.4234234234234235,0.7313230996009538,1.0,0.0,4.0,"[14, 5, 17]",29.0,67.0,125.0
2.4864864864864864,0.7594337598258093,3.0,0.0,3.0,"[5, 14]",27.0,51.0,141.0
2.4504504504504503,0.8209776617321233,9.0,0.0,1.0,"[5, 14]",20.0,55.0,138.0
2.554054054054054,0.7271445154755726,3.0,0.0,2.0,"[14, 17, 5]",22.0,46.0,151.0
2.5135135135135136,0.70376961554351,3.0,2.0,3.0,"[14, 5, 17]",18.0,63.0,138.0
2.4234234234234235,0.7556669709816427,3.0,2.0,2.0,"[5, 14, 17]",27.0,65.0,127.0
2.4324324324324325,0.7444712858223383,4.0,0.0,5.0,"[5, 26, 14, 17]",22.0,70.0,126.0
2.445945945945946,0.7694722624473205,3.0,0.0,2.0,"[5, 14, 29, 26]",29.0,56.0,134.0
2.436936936936937,0.7448681656778929,5.0,0.0,2.0,"[17, 5, 14]",19.0,72.0,126.0
2.369369369369369,0.7421130151144872,2.0,0.0,3.0,"[14, 5, 17]",29.0,76.0,115.0
2.373873873873874,0.7549788540039184,1.0,0.0,4.0,"[14, 17, 5]",34.0,68.0,119.0
2.414414414414414,0.69865375999301,3.0,0.0,1.0,"[5, 14, 29]",18.0,85.0,116.0
2.427927927927928,0.7379402876149804,2.0,0.0,3.0,"[14, 5, 17, 29]",27.0,67.0,126.0
2.414414414414414,0.6921468793520016,1.0,1.0,2.0,"[5, 17, 14, 29]",23.0,81.0,117.0
2.3378378378378377,0.7718525700378518,3.0,0.0,1.0,"[29, 5, 14]",32.0,74.0,113.0
2.554054054054054,0.7455792832778909,4.0,0.0,3.0,"[14, 5, 17, 26]",22.0,43.0,153.0
2.644144144144144,0.6270212109952518,1.0,1.0,2.0,"[14, 5, 29]",15.0,46.0,160.0
2.4234234234234235,0.6733390766983909,0.0,0.0,1.0,"[14, 5, 17]",23.0,82.0,117.0
2.554054054054054,0.7271445154755726,4.0,0.0,1.0,"[14, 5]",19.0,49.0,150.0
2.581081081081081,0.6660498144936768,3.0,0.0,3.0,"[5, 14, 17]",13.0,58.0,148.0
2.527027027027027,0.7286566013597549,2.0,0.0,3.0,"[14, 5]",25.0,49.0,146.0
2.4324324324324325,0.7916032373981393,6.0,0.0,1.0,"[5, 14]",24.0,60.0,132.0
2.463963963963964,0.6494401059252624,0.0,1.0,2.0,"[14, 5]",19.0,81.0,122.0
2.427927927927928,0.7969025069867963,4.0,1.0,3.0,"[5, 14]",31.0,53.0,134.0
2.45945945945946,0.6491732825969623,0.0,0.0,3.0,"[5, 14]",19.0,82.0,121.0
2.2927927927927927,0.7958275480797726,1.0,0.0,2.0,"[5, 14]",44.0,66.0,111.0
2.612612612612613,0.6190223085501331,1.0,0.0,4.0,"[14, 5]",13.0,57.0,151.0
2.599099099099099,0.6567430257716006,2.0,0.0,4.0,"[5, 14]",15.0,53.0,152.0
2.4864864864864864,0.7886624780864406,5.0,3.0,2.0,"[17, 5, 14]",26.0,47.0,144.0
2.5045045045045047,0.722913585441453,2.0,0.0,4.0,"[14, 17, 5]",24.0,56.0,140.0
2.3873873873873874,0.8091241135650447,5.0,1.0,1.0,"[14, 5, 17]",31.0,59.0,127.0
2.3873873873873874,0.7921694956797131,4.0,0.0,4.0,"[14, 17, 29, 5]",31.0,62.0,125.0
2.3963963963963963,0.764356166290448,4.0,0.0,2.0,"[14, 17, 5]",26.0,70.0,122.0
2.509009009009009,0.8224287560281437,8.0,0.0,2.0,"[5, 14]",23.0,39.0,152.0
2.333333333333333,0.8753366083849595,8.0,1.0,2.0,"[5, 14, 17]",36.0,52.0,126.0
2.558558558558558,0.7014488520416096,5.0,0.0,2.0,"[17, 14, 5]",12.0,59.0,146.0
2.445945945945946,0.6687983123373595,1.0,0.0,3.0,"[5, 17, 14]",19.0,82.0,120.0
2.454954954954955,0.7582116060775659,2.0,0.0,3.0,"[17, 5, 14]",30.0,55.0,135.0
2.545045045045045,0.6894471178259466,1.0,0.0,4.0,"[14, 5, 26]",22.0,54.0,145.0
2.3513513513513518,0.7687169618242827,3.0,0.0,4.0,"[14, 5]",31.0,73.0,115.0
2.518018018018018,0.7473268437829516,6.0,0.0,2.0,"[5, 14, 8, 26]",16.0,57.0,143.0
2.4414414414414414,0.7391408083473869,1.0,1.0,2.0,"[17, 14, 5]",30.0,61.0,130.0
2.333333333333333,0.7409585736349485,1.0,0.0,3.0,"[17, 14, 5, 26]",33.0,79.0,109.0
2.400900900900901,0.7708484478167205,2.0,0.0,4.0,"[14, 17, 26, 5]",33.0,61.0,126.0
2.355855855855856,0.7272566296520051,1.0,1.0,2.0,"[5, 14]",30.0,80.0,111.0
2.545045045045045,0.7582116060775659,7.0,1.0,2.0,"[5, 17, 14]",15.0,50.0,150.0
2.364864864864865,0.7712185396854166,3.0,0.0,1.0,"[17, 14, 5]",31.0,70.0,118.0
2.3828828828828827,0.7623936909941407,3.0,0.0,3.0,"[14, 5]",29.0,70.0,120.0
2.369369369369369,0.8175443633380666,4.0,0.0,3.0,"[17, 14, 5]",36.0,56.0,126.0
2.481981981981982,0.6841050167057883,3.0,1.0,2.0,"[14, 17, 5]",15.0,76.0,128.0
2.4864864864864864,0.6640730601585366,1.0,0.0,3.0,"[14, 5]",18.0,75.0,128.0
2.36036036036036,0.7762631544376083,2.0,0.0,3.0,"[5, 17, 14]",35.0,66.0,119.0
2.454954954954955,0.6418636241359312,0.0,1.0,2.0,"[14, 17, 5]",18.0,85.0,119.0
2.4864864864864864,0.6775637067757064,1.0,0.0,3.0,"[5, 14, 17]",20.0,71.0,130.0
2.346846846846846,0.8355581568338323,4.0,0.0,4.0,"[5, 14]",40.0,53.0,125.0
2.463963963963964,0.7705310847342124,4.0,0.0,3.0,"[14, 5]",26.0,55.0,137.0
2.463963963963964,0.7220249043464034,1.0,0.0,3.0,"[14, 17, 5]",27.0,62.0,132.0
2.5135135135135136,0.7474222956614638,5.0,0.0,1.0,"[29, 5, 17, 14]",19.0,55.0,143.0
2.3873873873873874,0.7328265636075768,2.0,1.0,2.0,"[14, 5, 17]",27.0,76.0,117.0
2.3063063063063063,0.8379331693217803,5.0,1.0,2.0,"[5, 14]",39.0,61.0,117.0
2.4234234234234235,0.7907788651491057,7.0,0.0,2.0,"[5, 14, 17]",21.0,65.0,129.0
2.36036036036036,0.8379331693217803,5.0,0.0,3.0,"[14, 5]",37.0,53.0,127.0
2.310810810810811,0.8496846741547462,5.0,1.0,3.0,"[5, 14, 17]",41.0,56.0,120.0
2.45945945945946,0.83241766169838,11.0,1.0,2.0,"[14, 5]",16.0,55.0,140.0
2.391891891891892,0.815309966332394,6.0,1.0,1.0,"[5, 14, 26]",29.0,59.0,128.0
2.477477477477477,0.8331029806773697,10.0,0.0,2.0,"[5, 14]",19.0,48.0,145.0
2.527027027027027,0.670442002640231,2.0,0.0,3.0,"[17, 14, 5, 26]",16.0,67.0,137.0
2.31981981981982,0.7559501312073209,2.0,0.0,1.0,"[5, 14, 17]",33.0,79.0,108.0
2.4864864864864864,0.7886624780864406,5.0,0.0,2.0,"[5, 14, 17, 26, 8]",26.0,47.0,144.0
2.328828828828829,0.775750973172324,1.0,0.0,1.0,"[14, 26, 5]",39.0,68.0,114.0
2.4414414414414414,0.7329934248059613,3.0,0.0,1.0,"[17, 5, 14, 26]",23.0,69.0,127.0
2.4414414414414414,0.6949681419135957,0.0,0.0,3.0,"[14, 5, 17]",26.0,72.0,124.0
2.427927927927928,0.7001837084303969,0.0,1.0,2.0,"[5, 14]",27.0,73.0,122.0
2.4414414414414414,0.7632353697170049,3.0,0.0,3.0,"[14, 5, 8, 17]",28.0,59.0,132.0
2.40990990990991,0.7719581911351323,1.0,0.0,3.0,"[5, 14]",36.0,56.0,129.0
2.45945945945946,0.7584669436988465,3.0,2.0,4.0,"[14, 17, 5, 29]",27.0,57.0,135.0
2.5225225225225225,0.6839709295884694,3.0,0.0,3.0,"[5, 14, 17]",15.0,67.0,137.0
2.400900900900901,0.728600654139052,1.0,0.0,3.0,"[17, 14, 5]",29.0,72.0,120.0
2.31981981981982,0.8301250867766226,4.0,0.0,4.0,"[5, 14]",40.0,59.0,119.0
2.518018018018018,0.7164136672763212,3.0,0.0,4.0,"[5, 17, 14]",20.0,58.0,141.0
2.572072072072072,0.6322653620077429,1.0,0.0,3.0,"[14, 5, 26]",14.0,64.0,143.0
2.418918918918919,0.7670845686608219,0.0,0.0,3.0,"[5, 14, 32]",38.0,53.0,131.0
2.603603603603604,0.6764196303826832,3.0,1.0,3.0,"[5, 14]",15.0,49.0,155.0
2.5,0.6642111641550714,1.0,0.0,3.0,"[14, 5, 17]",18.0,72.0,131.0
2.364864864864865,0.7289921945157668,2.0,0.0,2.0,"[14, 5, 17]",27.0,81.0,112.0
2.463963963963964,0.7705310847342124,5.0,1.0,1.0,"[5, 14, 17]",23.0,58.0,136.0
2.4414414414414414,0.7205413335107572,5.0,1.0,1.0,"[14, 5]",15.0,79.0,123.0
2.5135135135135136,0.7653688060790177,4.0,1.0,3.0,"[14, 17, 5]",25.0,46.0,147.0
2.4054054054054053,0.7166838966751345,1.0,2.0,2.0,"[14, 5, 17]",27.0,75.0,119.0
2.5405405405405403,0.7217849140498382,3.0,1.0,3.0,"[14, 5]",21.0,51.0,147.0
2.40990990990991,0.7601446581732407,0.0,0.0,1.0,"[5, 17, 14, 26]",37.0,57.0,128.0
2.527027027027027,0.740972327564573,5.0,1.0,2.0,"[14, 5, 17]",18.0,54.0,145.0
2.3873873873873874,0.8420097824172567,8.0,0.0,3.0,"[5, 26, 14]",28.0,56.0,130.0
2.414414414414414,0.7240967969650155,1.0,0.0,2.0,"[5, 14, 17]",28.0,71.0,122.0
2.527027027027027,0.7348402659495497,3.0,0.0,3.0,"[5, 14, 17]",23.0,50.0,146.0
2.463963963963964,0.6899790531009999,0.0,1.0,3.0,"[5, 17, 14]",25.0,69.0,128.0
2.3963963963963963,0.8214244253142173,5.0,1.0,3.0,"[17, 26, 14, 5]",33.0,53.0,131.0
2.3378378378378377,0.7718525700378518,1.0,0.0,3.0,"[5, 14, 17]",38.0,68.0,115.0
2.4504504504504503,0.7697768230222574,4.0,0.0,5.0,"[14, 17, 5]",26.0,58.0,134.0
2.4414414414414414,0.7452374845108669,4.0,0.0,2.0,"[5, 14, 29, 17]",22.0,68.0,128.0
2.4414414414414414,0.8367647748385338,8.0,1.0,2.0,"[5, 17, 14]",26.0,48.0,140.0
2.490990990990991,0.7474904681121162,4.0,0.0,3.0,"[5, 14, 17, 26]",22.0,57.0,139.0
2.45945945945946,0.7584669436988465,2.0,0.0,2.0,"[14, 5]",30.0,54.0,136.0
2.4954954954954958,0.7944818041237257,6.0,0.0,2.0,"[14, 17, 5, 26]",24.0,46.0,146.0
2.545045045045045,0.7152177453762799,2.0,2.0,2.0,"[17, 5, 14]",23.0,49.0,148.0
2.4864864864864864,0.782904036639095,5.0,1.0,2.0,"[5, 14]",25.0,49.0,143.0
2.427927927927928,0.6871373065407168,2.0,1.0,4.0,"[5, 14]",19.0,83.0,118.0
2.31981981981982,0.8355581568338324,4.0,0.0,1.0,"[14, 5, 17, 26]",41.0,57.0,120.0
2.45945945945946,0.7154884264572534,4.0,0.0,1.0,"[17, 5, 14]",17.0,74.0,127.0
2.436936936936937,0.7448681656778928,1.0,1.0,3.0,"[14, 5, 29]",31.0,60.0,130.0
2.527027027027027,0.7097824465554078,1.0,0.0,3.0,"[5, 14, 26, 17]",25.0,52.0,144.0
2.468468468468469,0.7707294519749036,7.0,0.0,2.0,"[5, 14, 17]",17.0,63.0,135.0
2.36036036036036,0.7343269494222812,1.0,0.0,2.0,"[17, 14, 5, 26]",31.0,77.0,113.0
2.40990990990991,0.8500683980950067,8.0,0.0,1.0,"[5, 29, 17, 14]",29.0,49.0,136.0
2.4324324324324325,0.750524662599186,2.0,1.0,3.0,"[14, 5]",29.0,62.0,129.0
2.4054054054054053,0.7292018618083521,1.0,0.0,4.0,"[5, 14, 17]",29.0,71.0,121.0
2.5495495495495497,0.6485450299746144,0.0,1.0,3.0,"[5, 17, 14]",19.0,62.0,141.0
2.5315315315315314,0.7707294519749036,8.0,0.0,1.0,"[14, 5]",14.0,52.0,148.0
2.45945945945946,0.770306206774411,6.0,0.0,2.0,"[5, 14, 17]",20.0,62.0,134.0
2.3828828828828827,0.7504296053304115,1.0,0.0,3.0,"[5, 14, 17]",33.0,68.0,120.0
2.5855855855855854,0.6921468793520017,3.0,1.0,3.0,"[14, 5, 17]",17.0,49.0,153.0
2.4054054054054053,0.7475858990990503,1.0,0.0,2.0,"[14, 5, 17]",32.0,65.0,124.0
2.3378378378378377,0.7600373953712571,2.0,0.0,1.0,"[14, 5]",33.0,75.0,112.0
2.4234234234234235,0.7616313706697138,1.0,1.0,4.0,"[14, 17, 5]",34.0,57.0,130.0
2.4864864864864864,0.7290341327982417,2.0,0.0,2.0,"[5, 17, 14]",25.0,58.0,137.0
2.445945945945946,0.6887964168404686,1.0,0.0,4.0,"[14, 5]",22.0,76.0,123.0
2.558558558558558,0.7632353697170048,7.0,0.0,2.0,"[5, 26, 14]",16.0,45.0,154.0
2.599099099099099,0.6285795947030199,1.0,1.0,2.0,"[14, 5, 17]",14.0,58.0,149.0
2.5405405405405403,0.7027262204322279,2.0,1.0,3.0,"[17, 5, 14]",21.0,54.0,145.0
2.328828828828829,0.7873303753121176,2.0,0.0,3.0,"[14, 5, 17]",38.0,67.0,115.0
2.436936936936937,0.8145095882236268,6.0,0.0,1.0,"[14, 5, 17]",28.0,51.0,137.0
2.3828828828828827,0.8084814964567331,3.0,0.0,3.0,"[14, 17, 5]",37.0,54.0,128.0
2.3513513513513518,0.7804007399456178,3.0,0.0,4.0,"[14, 5]",33.0,69.0,117.0
2.346846846846846,0.7128198822863829,2.0,1.0,3.0,"[5, 17, 14]",25.0,89.0,106.0
2.477477477477477,0.7162856282939059,0.0,0.0,3.0,"[14, 5]",29.0,58.0,135.0
2.4954954954954958,0.6641958206846169,0.0,0.0,4.0,"[17, 14, 29, 5]",21.0,70.0,131.0
2.608108108108108,0.6124847598266703,1.0,1.0,3.0,"[5, 14]",12.0,60.0,149.0
2.45945945945946,0.7280269472386228,2.0,1.0,3.0,"[5, 14, 17]",25.0,64.0,131.0
2.5765765765765765,0.69970322797002,3.0,0.0,4.0,"[5, 14, 26]",18.0,49.0,152.0
2.5315315315315314,0.7529107296848458,5.0,0.0,2.0,"[5, 14]",20.0,49.0,148.0
2.418918918918919,0.7611629009101161,3.0,0.0,2.0,"[14, 5]",28.0,64.0,127.0
2.3873873873873874,0.8091241135650447,3.0,0.0,3.0,"[17, 14, 5]",37.0,53.0,129.0
2.427927927927928,0.7912040393515347,3.0,1.0,2.0,"[14, 5]",33.0,52.0,134.0
2.5495495495495497,0.7756327294653673,8.0,1.0,2.0,"[14, 17, 29, 5]",15.0,46.0,153.0
2.5225225225225225,0.741123603944052,4.0,0.0,4.0,"[5, 17, 14]",21.0,52.0,145.0
2.45945945945946,0.8047796560109592,5.0,1.0,2.0,"[14, 5]",29.0,47.0,141.0
2.3063063063063063,0.8433159372413754,4.0,0.0,3.0,"[14, 5, 17]",43.0,56.0,119.0
2.4864864864864864,0.70376961554351,1.0,1.0,2.0,"[5, 14]",24.0,63.0,134.0
2.5045045045045047,0.7353255058320288,4.0,0.0,2.0,"[17, 5, 14]",20.0,58.0,140.0
2.436936936936937,0.6945720943106626,1.0,0.0,4.0,"[14, 5]",23.0,76.0,122.0
2.346846846846846,0.7853085187686722,1.0,0.0,4.0,"[5, 17, 14]",40.0,62.0,119.0
2.355855855855856,0.7636758788299721,6.0,1.0,1.0,"[14, 5, 17]",21.0,83.0,112.0
2.454954954954955,0.6828525130091041,1.0,1.0,1.0,"[5, 14]",21.0,76.0,124.0
2.5,0.6909237046236435,0.0,0.0,3.0,"[5, 14, 29]",25.0,61.0,136.0
2.328828828828829,0.775750973172324,3.0,0.0,4.0,"[5, 17, 14]",33.0,74.0,112.0
2.4954954954954958,0.7475313685982958,3.0,0.0,4.0,"[5, 14]",25.0,53.0,141.0
2.364864864864865,0.788623710790815,2.0,0.0,3.0,"[5, 32, 14]",37.0,61.0,122.0
2.3963963963963963,0.7341603913096583,1.0,0.0,1.0,"[14, 29, 5]",30.0,71.0,120.0
2.454954954954955,0.695979239657449,0.0,0.0,3.0,"[14, 17, 5]",26.0,69.0,127.0
2.3828828828828827,0.7857755627978601,2.0,1.0,4.0,"[5, 14]",36.0,59.0,125.0
2.418918918918919,0.6795012162596721,0.0,0.0,2.0,"[5, 14]",24.0,81.0,117.0
2.2927927927927927,0.8507874140108231,5.0,1.0,1.0,"[5, 14]",42.0,58.0,117.0
2.4504504504504503,0.7274667971616622,3.0,0.0,3.0,"[17, 14, 5, 29]",22.0,69.0,128.0
2.346846846846846,0.8024081199225332,4.0,1.0,1.0,"[14, 5]",34.0,65.0,119.0
2.477477477477477,0.741123603944052,1.0,0.0,4.0,"[5, 14, 32]",30.0,53.0,138.0
2.36036036036036,0.77041203987332,2.0,0.0,2.0,"[14, 17, 5, 26]",34.0,68.0,118.0
2.40990990990991,0.7235476893856938,1.0,0.0,3.0,"[14, 5]",28.0,72.0,121.0
2.3963963963963963,0.7643561662904482,2.0,0.0,3.0,"[14, 26, 5]",32.0,64.0,124.0
2.4234234234234235,0.8133451349760027,4.0,0.0,3.0,"[14, 17, 5]",34.0,48.0,136.0
2.4864864864864864,0.7413435872091945,2.0,0.0,3.0,"[5, 17, 14]",27.0,54.0,139.0
2.3513513513513518,0.8309472177633023,4.0,1.0,2.0,"[5, 14, 29]",39.0,54.0,125.0
2.454954954954955,0.6761935971060303,4.0,1.0,1.0,"[14, 5, 17]",11.0,87.0,120.0
2.3873873873873874,0.7203715880138373,2.0,0.0,2.0,"[14, 5, 17]",25.0,80.0,115.0
2.477477477477477,0.7941738853197862,7.0,1.0,2.0,"[14, 17, 5]",21.0,53.0,141.0
2.4954954954954958,0.7654753218134531,3.0,0.0,3.0,"[14, 5]",28.0,47.0,144.0
2.3783783783783785,0.7188987814650465,2.0,0.0,1.0,"[5, 17, 14]",25.0,82.0,113.0
2.3423423423423424,0.7844125737718137,2.0,0.0,3.0,"[14, 5]",37.0,66.0,117.0
2.5855855855855854,0.69865375999301,5.0,0.0,1.0,"[14, 29, 17, 5]",12.0,53.0,152.0
2.59009009009009,0.6648859263170424,2.0,0.0,2.0,"[5, 14]",16.0,53.0,151.0
2.4324324324324325,0.7322144138861606,2.0,1.0,4.0,"[14, 5, 17]",26.0,68.0,126.0
2.509009009009009,0.7291040245750274,2.0,1.0,3.0,"[5, 17, 14]",25.0,53.0,142.0
2.518018018018018,0.7100695521599636,2.0,0.0,4.0,"[14, 29, 5]",22.0,57.0,141.0
2.5135135135135136,0.7290341327982417,4.0,0.0,4.0,"[5, 17, 14]",19.0,58.0,141.0
2.3828828828828827,0.768305872568553,3.0,0.0,2.0,"[14, 5, 26]",30.0,68.0,121.0
2.5315315315315314,0.7031901427276396,3.0,2.0,2.0,"[5, 17, 14]",18.0,59.0,142.0
2.355855855855856,0.8479076920523673,5.0,0.0,2.0,"[14, 5]",39.0,50.0,128.0
2.3963963963963963,0.7934035654851268,2.0,0.0,4.0,"[5, 14]",37.0,54.0,129.0
2.373873873873874,0.8454522163218734,7.0,0.0,2.0,"[14, 5]",32.0,54.0,129.0
2.5,0.7887787685411908,5.0,0.0,3.0,"[14, 5, 29, 17]",26.0,44.0,147.0
2.5,0.6776990616044466,1.0,0.0,5.0,"[5, 17, 14]",20.0,68.0,133.0
2.558558558558558,0.7014488520416096,4.0,0.0,4.0,"[14, 17, 5]",15.0,56.0,147.0
2.518018018018018,0.7164136672763212,3.0,0.0,3.0,"[17, 14, 5, 26]",20.0,58.0,141.0
2.477477477477477,0.8276537939608939,7.0,0.0,3.0,"[5, 14, 8]",27.0,41.0,147.0
2.536036036036036,0.7220249043464035,3.0,0.0,2.0,"[5, 14]",21.0,52.0,146.0
2.45945945945946,0.70913603394456,1.0,0.0,5.0,"[5, 17, 14]",25.0,67.0,129.0
2.3513513513513518,0.8254838005393667,8.0,0.0,2.0,"[5, 14, 29]",26.0,68.0,120.0
2.369369369369369,0.7836326585153965,3.0,0.0,1.0,"[14, 17, 5]",33.0,65.0,121.0
2.436936936936937,0.7387684417222306,0.0,1.0,5.0,"[17, 14, 5]",33.0,59.0,130.0
2.3783783783783785,0.7676025325890851,3.0,1.0,4.0,"[14, 5, 29]",30.0,69.0,120.0
2.5135135135135136,0.7290341327982417,5.0,0.0,1.0,"[14, 5]",16.0,61.0,140.0
2.5675675675675675,0.6875969252498596,2.0,1.0,2.0,"[5, 14, 26]",19.0,52.0,149.0
2.31981981981982,0.719139734918346,0.0,0.0,1.0,"[14, 5, 26]",33.0,85.0,104.0
2.463963963963964,0.7466719879030267,1.0,0.0,4.0,"[14, 17, 5]",31.0,54.0,136.0
2.472972972972973,0.7997110276675081,7.0,2.0,4.0,"[14, 5, 17]",22.0,52.0,141.0
2.4864864864864864,0.827850784037219,11.0,0.0,3.0,"[5, 17, 14]",15.0,51.0,145.0
2.414414414414414,0.748675675040681,1.0,0.0,2.0,"[14, 5]",32.0,63.0,126.0
2.3423423423423424,0.8401195292622843,4.0,0.0,4.0,"[14, 5]",41.0,52.0,125.0
2.675675675675676,0.565399985149058,1.0,0.0,3.0,"[14, 5]",8.0,53.0,160.0
2.4504504504504503,0.721219915987482,3.0,0.0,1.0,"[5, 14, 26]",21.0,71.0,127.0
2.373873873873874,0.7549788540039184,4.0,0.0,1.0,"[5, 17, 8, 14]",25.0,77.0,116.0
2.5135135135135136,0.7943791777841999,8.0,0.0,2.0,"[17, 5, 14, 26]",18.0,48.0,148.0
2.400900900900901,0.7530325412852215,1.0,0.0,3.0,"[14, 5]",33.0,64.0,124.0
2.5675675675675675,0.7260083843503444,2.0,0.0,1.0,"[5, 14, 17]",25.0,40.0,155.0
2.364864864864865,0.7164705661460221,0.0,1.0,2.0,"[14, 17, 5, 26]",31.0,79.0,112.0
2.355855855855856,0.7456886257948167,0.0,0.0,1.0,"[5, 26, 17, 14]",36.0,71.0,115.0
2.3783783783783785,0.7125767918170451,1.0,1.0,3.0,"[17, 5, 29, 14]",27.0,81.0,113.0
2.4504504504504503,0.7519355264883228,2.0,1.0,2.0,"[5, 14, 17]",29.0,58.0,133.0
2.4324324324324325,0.6675628886824767,0.0,1.0,1.0,"[14, 5]",22.0,82.0,118.0
2.414414414414414,0.742607226359913,1.0,0.0,2.0,"[5, 14, 17]",31.0,65.0,125.0
2.4504504504504503,0.7579292907329332,2.0,0.0,3.0,"[14, 5, 17]",30.0,56.0,134.0
2.4864864864864864,0.7413435872091946,6.0,1.0,2.0,"[17, 14, 5]",15.0,66.0,135.0
2.391891891891892,0.8041335670705564,3.0,0.0,3.0,"[5, 14]",36.0,54.0,129.0
2.418918918918919,0.7056351733870684,4.0,1.0,1.0,"[14, 5]",16.0,85.0,117.0
2.4324324324324325,0.6875969252498596,0.0,0.0,2.0,"[5, 14]",25.0,76.0,121.0
2.346846846846846,0.7254045299652362,2.0,0.0,2.0,"[14, 5, 17]",27.0,85.0,108.0
2.414414414414414,0.742607226359913,2.0,0.0,3.0,"[17, 5, 14]",28.0,68.0,124.0
2.355855855855856,0.7456886257948165,2.0,1.0,2.0,"[14, 5, 17, 26]",30.0,77.0,113.0
2.454954954954955,0.8045390168512467,8.0,1.0,2.0,"[5, 14]",20.0,57.0,137.0
2.445945945945946,0.6887964168404686,1.0,0.0,2.0,"[14, 5, 17]",22.0,76.0,123.0
2.3378378378378377,0.7949562786069817,2.0,0.0,2.0,"[17, 14, 5]",39.0,63.0,118.0
2.63963963963964,0.6492988601748072,3.0,0.0,3.0,"[14, 5, 17]",12.0,47.0,160.0
2.3963963963963963,0.7341603913096583,2.0,0.0,2.0,"[14, 5]",27.0,74.0,119.0
2.373873873873874,0.7668719694345218,2.0,0.0,4.0,"[14, 17, 5]",33.0,67.0,120.0
2.5765765765765765,0.7374844064558942,6.0,0.0,2.0,"[5, 14, 26, 17]",15.0,46.0,155.0
2.554054054054054,0.6551271899974752,1.0,0.0,4.0,"[14, 5]",17.0,62.0,142.0
2.454954954954955,0.798895021814703,8.0,0.0,2.0,"[14, 5]",19.0,59.0,136.0
2.572072072072072,0.6871373065407168,3.0,0.0,2.0,"[5, 17, 26, 14]",16.0,54.0,149.0
2.626126126126126,0.6658049544828308,4.0,0.0,3.0,"[14, 5]",11.0,49.0,158.0
2.5225225225225225,0.7035378836914778,1.0,1.0,4.0,"[5, 14, 17]",24.0,55.0,142.0
2.5045045045045047,0.7414535543665464,4.0,1.0,1.0,"[5, 17, 14]",21.0,56.0,141.0
2.4054054054054053,0.7655285741229413,4.0,0.0,3.0,"[14, 5, 26]",26.0,68.0,124.0
2.436936936936937,0.6543177757490342,0.0,0.0,3.0,"[14, 5]",20.0,85.0,117.0
2.40990990990991,0.7601446581732408,2.0,0.0,2.0,"[5, 17, 14]",31.0,63.0,126.0
2.4954954954954958,0.8279492614995358,7.0,0.0,2.0,"[14, 5, 29]",27.0,37.0,151.0
2.400900900900901,0.7939813754264464,3.0,0.0,1.0,"[5, 14, 17]",34.0,56.0,129.0
2.333333333333333,0.7649958842149163,0.0,0.0,3.0,"[14, 5]",40.0,68.0,114.0
2.355855855855856,0.8425542596687265,7.0,0.0,1.0,"[14, 5]",32.0,58.0,125.0
2.45945945945946,0.7524774620732592,2.0,0.0,2.0,"[5, 14]",29.0,56.0,135.0
2.3828828828828827,0.7564353021323194,2.0,1.0,5.0,"[5, 14]",31.0,69.0,120.0
2.400900900900901,0.8219825383196119,8.0,1.0,1.0,"[17, 29, 14, 5]",24.0,61.0,129.0
2.369369369369369,0.8339832775858357,3.0,0.0,2.0,"[14, 5]",42.0,47.0,130.0
2.391891891891892,0.739650784071375,2.0,0.0,3.0,"[14, 5, 17]",28.0,73.0,119.0
2.36036036036036,0.816047119489444,3.0,1.0,3.0,"[5, 14]",39.0,55.0,125.0
2.445945945945946,0.7082300651054266,1.0,0.0,3.0,"[5, 14, 17]",25.0,70.0,126.0
2.3873873873873874,0.6947921486278852,2.0,1.0,1.0,"[5, 14, 17]",21.0,88.0,111.0
2.328828828828829,0.8265818387665633,4.0,1.0,2.0,"[14, 5, 29]",39.0,59.0,120.0
2.4414414414414414,0.7632353697170048,4.0,0.0,2.0,"[14, 5, 17, 26]",25.0,62.0,131.0
2.3423423423423424,0.7727894528136424,3.0,0.0,2.0,"[5, 14]",32.0,73.0,114.0
2.391891891891892,0.8153099663323939,4.0,0.0,4.0,"[14, 26, 5]",35.0,53.0,130.0
2.463963963963964,0.7093803034939163,0.0,0.0,3.0,"[5, 14, 17]",28.0,63.0,131.0
2.463963963963964,0.7705310847342124,3.0,1.0,2.0,"[5, 14]",29.0,52.0,138.0
2.527027027027027,0.6568050939151823,1.0,1.0,4.0,"[5, 14]",17.0,68.0,136.0
2.490990990990991,0.71658435033162,3.0,1.0,2.0,"[17, 14, 5]",20.0,64.0,135.0
2.4054054054054053,0.7945331123225667,5.0,1.0,2.0,"[5, 14]",28.0,61.0,128.0
2.346846846846846,0.7795253016387538,3.0,0.0,2.0,"[5, 14]",33.0,70.0,116.0
2.463963963963964,0.7936732624728556,8.0,1.0,1.0,"[14, 17, 32, 5]",18.0,59.0,137.0
2.4234234234234235,0.8460667533493256,11.0,0.0,1.0,"[14, 29, 5]",19.0,57.0,135.0
2.3828828828828827,0.768305872568553,2.0,1.0,3.0,"[5, 17, 26, 14]",33.0,65.0,122.0
2.4054054054054053,0.8169956925220649,6.0,0.0,2.0,"[17, 5, 14]",29.0,56.0,131.0
2.364864864864865,0.6972666282611216,0.0,0.0,1.0,"[14, 5]",28.0,85.0,109.0
2.40990990990991,0.754168500796511,1.0,0.0,4.0,"[14, 5]",33.0,62.0,126.0
2.5405405405405403,0.7584669436988465,6.0,1.0,2.0,"[5, 14]",18.0,48.0,150.0
2.436936936936937,0.8200461225223117,4.0,0.0,4.0,"[14, 5, 29]",35.0,43.0,140.0
2.5765765765765765,0.6733390766983909,2.0,1.0,2.0,"[14, 5, 10]",17.0,54.0,149.0
2.31981981981982,0.7910494569913454,2.0,1.0,2.0,"[14, 17, 5]",39.0,67.0,114.0
2.40990990990991,0.8007298655844589,4.0,0.0,3.0,"[5, 14]",32.0,55.0,131.0
2.3783783783783785,0.8189393212186618,6.0,1.0,1.0,"[14, 5]",30.0,60.0,126.0
2.472972972972973,0.7709013289615874,3.0,0.0,3.0,"[5, 14, 17]",29.0,50.0,140.0
2.536036036036036,0.7157305280206908,6.0,0.0,2.0,"[5, 14, 32, 17]",11.0,63.0,142.0
2.644144144144144,0.6552516265226486,4.0,1.0,2.0,"[5, 14]",10.0,47.0,161.0
2.4504504504504503,0.721219915987482,2.0,0.0,2.0,"[14, 5, 26]",24.0,68.0,128.0
2.40990990990991,0.754168500796511,2.0,0.0,4.0,"[5, 17, 14]",30.0,65.0,125.0
2.400900900900901,0.8274690731731358,6.0,0.0,3.0,"[14, 5, 17]",31.0,53.0,132.0
2.45945945945946,0.770306206774411,3.0,1.0,2.0,"[5, 14]",29.0,53.0,137.0
2.5675675675675675,0.7070635423213598,4.0,0.0,5.0,"[5, 14, 29, 17]",16.0,52.0,150.0
2.391891891891892,0.7696311786535681,3.0,1.0,2.0,"[14, 5]",30.0,66.0,123.0
2.490990990990991,0.7829691197310449,6.0,0.0,3.0,"[14, 17, 5]",22.0,51.0,143.0
2.400900900900901,0.7939813754264463,5.0,0.0,1.0,"[14, 5, 17]",28.0,62.0,127.0
2.3873873873873874,0.7266257623930173,1.0,0.0,2.0,"[5, 17, 14]",29.0,75.0,117.0
2.558558558558558,0.7267940472053388,5.0,0.0,3.0,"[5, 17, 14]",16.0,51.0,150.0
2.4054054054054053,0.7475858990990503,3.0,0.0,3.0,"[5, 14]",26.0,71.0,122.0
2.369369369369369,0.7421130151144872,3.0,0.0,1.0,"[5, 14, 17]",26.0,79.0,114.0
2.427927927927928,0.8081789115988818,4.0,0.0,3.0,"[5, 14]",33.0,49.0,136.0
2.6486486486486487,0.6402579888476468,3.0,1.0,3.0,"[14, 5, 26]",11.0,47.0,161.0
2.315315315315315,0.7366548088258094,0.0,0.0,3.0,"[5, 14]",36.0,80.0,106.0
2.328828828828829,0.7520574960434763,2.0,0.0,2.0,"[17, 5, 14, 8]",32.0,79.0,109.0
2.5765765765765765,0.7061404824730856,4.0,0.0,3.0,"[14, 5, 17]",16.0,50.0,152.0
2.4324324324324325,0.7742650477661035,2.0,1.0,4.0,"[5, 14, 29]",33.0,54.0,133.0
2.324324324324324,0.8201331109503769,4.0,0.0,3.0,"[14, 5, 17]",38.0,62.0,118.0
2.4234234234234235,0.7675494241701202,2.0,0.0,3.0,"[14, 5]",32.0,58.0,130.0
2.400900900900901,0.7649559175179907,3.0,0.0,2.0,"[5, 14, 17]",29.0,66.0,124.0
2.477477477477477,0.7162856282939059,1.0,1.0,3.0,"[5, 17, 14]",26.0,61.0,134.0
2.4414414414414414,0.6818219494585986,0.0,1.0,3.0,"[17, 14, 5]",24.0,76.0,122.0
2.635135135135135,0.664027019110181,3.0,0.0,3.0,"[5, 29, 14]",14.0,44.0,161.0
2.3378378378378377,0.8174072301608823,3.0,0.0,1.0,"[5, 17, 14]",40.0,58.0,121.0
2.4504504504504503,0.7697768230222574,5.0,0.0,3.0,"[17, 5, 14]",23.0,61.0,133.0
2.3018018018018016,0.7809359719041845,2.0,0.0,2.0,"[17, 14, 5]",38.0,73.0,109.0
2.563063063063063,0.6680054634301097,2.0,1.0,4.0,"[5, 14, 17]",16.0,59.0,145.0
2.463963963963964,0.7282648805565797,1.0,1.0,3.0,"[17, 14, 5]",28.0,60.0,133.0
2.4054054054054053,0.816995692522065,5.0,1.0,2.0,"[14, 5]",32.0,53.0,132.0
2.472972972972973,0.753086673449858,3.0,0.0,1.0,"[14, 5]",26.0,56.0,137.0
2.391891891891892,0.8372152866638031,4.0,0.0,4.0,"[5, 14]",39.0,45.0,134.0
2.391891891891892,0.7457432910412645,2.0,0.0,3.0,"[14, 5]",29.0,71.0,120.0
2.373873873873874,0.730612055040461,1.0,1.0,1.0,"[17, 14, 5]",30.0,76.0,115.0
2.472972972972973,0.7033785237569627,1.0,0.0,3.0,"[5, 14]",24.0,66.0,131.0
2.545045045045045,0.7277609297100534,3.0,0.0,2.0,"[5, 14]",22.0,48.0,149.0
2.418918918918919,0.743114823196883,3.0,0.0,2.0,"[14, 17, 5, 26, 29]",25.0,70.0,124.0
2.427927927927928,0.8464641572108922,8.0,2.0,4.0,"[14, 5, 29]",28.0,47.0,139.0
2.400900900900901,0.7825004006470281,6.0,0.0,2.0,"[14, 5]",23.0,69.0,124.0
2.400900900900901,0.7766962747799833,4.0,1.0,2.0,"[5, 17, 14]",28.0,65.0,125.0
2.27027027027027,0.7953023380931288,4.0,0.0,1.0,"[14, 5]",36.0,78.0,104.0
2.581081081081081,0.7120188000865245,4.0,0.0,3.0,"[5, 17, 14]",17.0,47.0,154.0
2.545045045045045,0.695979239657449,2.0,2.0,2.0,"[14, 5, 17]",20.0,55.0,145.0
2.5315315315315314,0.6702443644306436,2.0,0.0,3.0,"[17, 14, 5]",16.0,66.0,138.0
2.644144144144144,0.6270212109952518,2.0,0.0,2.0,"[14, 5, 26]",12.0,49.0,159.0
2.4504504504504503,0.7398023306829731,4.0,0.0,2.0,"[5, 17, 14]",21.0,68.0,129.0
2.518018018018018,0.6841050167057883,1.0,0.0,3.0,"[5, 14]",21.0,62.0,138.0
2.373873873873874,0.7843735964266968,5.0,1.0,1.0,"[5, 14]",27.0,70.0,120.0
2.364864864864865,0.7164705661460221,2.0,0.0,1.0,"[14, 5, 17]",25.0,85.0,110.0
2.3783783783783785,0.8244461083622984,4.0,1.0,2.0,"[17, 5, 14, 29]",37.0,52.0,129.0
2.3828828828828827,0.7915131135022021,4.0,1.0,3.0,"[5, 14, 17]",31.0,63.0,124.0
2.364864864864865,0.7886237107908147,3.0,0.0,2.0,"[5, 14, 26, 17]",34.0,64.0,121.0
2.3873873873873874,0.763075121535993,4.0,1.0,3.0,"[5, 17, 14]",26.0,72.0,120.0
2.558558558558558,0.647790322546766,1.0,1.0,3.0,"[14, 5]",16.0,63.0,142.0
2.427927927927928,0.7738569057772997,4.0,0.0,2.0,"[14, 5, 29]",27.0,61.0,130.0
2.40990990990991,0.7893470530302839,3.0,0.0,3.0,"[5, 14, 26]",33.0,56.0,130.0
2.5,0.7102991530882098,1.0,1.0,4.0,"[5, 14, 17]",25.0,58.0,138.0
2.436936936936937,0.7687832459562145,4.0,0.0,3.0,"[14, 5, 17]",26.0,61.0,131.0
2.3513513513513518,0.8524508042879644,8.0,0.0,2.0,"[17, 14, 5]",31.0,58.0,125.0
2.414414414414414,0.7114890187934616,3.0,0.0,2.0,"[14, 5, 17]",20.0,81.0,118.0
2.3378378378378377,0.7659677644120415,1.0,0.0,3.0,"[14, 5, 29, 17]",37.0,70.0,114.0
2.5405405405405403,0.6897279125652753,3.0,0.0,3.0,"[14, 5, 17]",16.0,61.0,142.0
2.490990990990991,0.7535195907699591,7.0,1.0,2.0,"[14, 17, 5]",14.0,64.0,137.0
2.436936936936937,0.7074814073220668,2.0,1.0,2.0,"[5, 14]",22.0,75.0,123.0
2.5135135135135136,0.7534519638354582,4.0,0.0,2.0,"[14, 5]",23.0,50.0,145.0
2.468468468468469,0.7159440790596917,4.0,0.0,1.0,"[5, 17, 14, 26]",17.0,72.0,129.0
2.603603603603604,0.6491104846976524,2.0,0.0,4.0,"[5, 14]",14.0,54.0,152.0
2.3963963963963963,0.7819141066723373,2.0,0.0,3.0,"[14, 5]",35.0,58.0,127.0
2.364864864864865,0.7886237107908148,2.0,1.0,2.0,"[5, 14]",37.0,61.0,122.0
2.509009009009009,0.7474904681121162,4.0,0.0,4.0,"[5, 14, 17]",22.0,53.0,143.0
2.400900900900901,0.7825004006470281,3.0,1.0,4.0,"[14, 5]",32.0,60.0,127.0
2.581081081081081,0.7246173605344868,6.0,1.0,2.0,"[14, 5]",13.0,49.0,154.0
2.63963963963964,0.6630901577731465,5.0,1.0,3.0,"[5, 14]",8.0,49.0,160.0
2.346846846846846,0.7254045299652362,0.0,0.0,1.0,"[5, 14]",33.0,79.0,110.0
2.4414414414414414,0.8258787688875832,9.0,0.0,3.0,"[14, 5, 26]",21.0,55.0,137.0
2.373873873873874,0.7901213277256897,2.0,0.0,4.0,"[5, 14]",37.0,59.0,124.0
2.414414414414414,0.7426072263599132,1.0,1.0,3.0,"[5, 14, 17]",31.0,65.0,125.0
2.490990990990991,0.7165843503316203,2.0,0.0,5.0,"[14, 17, 5]",23.0,61.0,136.0
2.463963963963964,0.7763813021301699,4.0,1.0,2.0,"[14, 5, 17]",27.0,53.0,138.0
2.490990990990991,0.7102417598145958,3.0,0.0,1.0,"[5, 8, 14]",19.0,66.0,134.0
2.477477477477477,0.7288104340716506,2.0,0.0,3.0,"[14, 5]",25.0,60.0,135.0
2.373873873873874,0.8014931440993859,1.0,0.0,3.0,"[5, 17, 14, 26]",42.0,52.0,127.0
2.468468468468469,0.7648360048963955,2.0,1.0,2.0,"[14, 29, 5]",31.0,50.0,139.0
2.4054054054054053,0.7415085318295935,2.0,1.0,1.0,"[14, 5, 17]",28.0,70.0,122.0
2.369369369369369,0.7719977953210722,1.0,0.0,1.0,"[14, 5, 17]",37.0,63.0,121.0
2.373873873873874,0.8182545944296844,5.0,0.0,2.0,"[5, 14, 17]",33.0,58.0,126.0
2.472972972972973,0.7286566013597549,1.0,0.0,3.0,"[14, 17, 5, 29]",28.0,58.0,135.0
2.536036036036036,0.6632284664393773,1.0,1.0,2.0,"[14, 5, 17]",18.0,64.0,139.0
2.427927927927928,0.7679874587931501,3.0,1.0,3.0,"[5, 14]",29.0,60.0,130.0
2.603603603603604,0.6696967542189447,3.0,0.0,3.0,"[17, 14, 5]",14.0,51.0,154.0
2.400900900900901,0.810898110610106,6.0,0.0,2.0,"[5, 14]",28.0,59.0,129.0
2.454954954954955,0.733952140516054,1.0,1.0,2.0,"[5, 14]",29.0,60.0,132.0
2.346846846846846,0.7619123142645889,5.0,1.0,1.0,"[14, 5]",24.0,82.0,111.0
2.4954954954954958,0.7654753218134529,5.0,0.0,3.0,"[14, 5, 17]",22.0,53.0,142.0
2.418918918918919,0.7120188000865245,1.0,1.0,2.0,"[5, 14, 17]",26.0,74.0,121.0
2.472972972972973,0.740972327564573,5.0,0.0,2.0,"[14, 5, 29]",18.0,66.0,133.0
2.5135135135135136,0.6907909410602804,2.0,0.0,2.0,"[5, 14]",19.0,64.0,137.0
2.490990990990991,0.7352839263897712,2.0,1.0,2.0,"[14, 5, 26]",26.0,55.0,139.0
2.3783783783783785,0.8021921780789901,2.0,0.0,3.0,"[17, 5, 14]",39.0,54.0,127.0
2.599099099099099,0.7469994876027846,7.0,1.0,3.0,"[14, 5, 26]",14.0,40.0,161.0
2.5675675675675675,0.7197488453560322,4.0,0.0,3.0,"[5, 14, 17]",18.0,48.0,152.0
2.509009009009009,0.7474904681121162,4.0,0.0,2.0,"[5, 14]",22.0,53.0,143.0
2.5135135135135136,0.7653688060790177,5.0,0.0,2.0,"[5, 14, 17]",22.0,49.0,146.0
2.3828828828828827,0.768305872568553,3.0,0.0,1.0,"[5, 17, 14]",30.0,68.0,121.0
2.45945945945946,0.810382667932116,7.0,1.0,2.0,"[5, 29, 14]",24.0,51.0,140.0
2.4054054054054053,0.8002078732008581,3.0,0.0,2.0,"[5, 14, 29]",35.0,53.0,131.0
2.527027027027027,0.7161291051157161,0.0,1.0,3.0,"[5, 14]",29.0,47.0,146.0
2.4324324324324325,0.8029540665383836,4.0,1.0,2.0,"[17, 5, 14]",32.0,50.0,136.0
2.445945945945946,0.8478115328626896,11.0,0.0,1.0,"[14, 5]",19.0,52.0,140.0
2.5225225225225225,0.6839709295884695,2.0,0.0,3.0,"[14, 17, 5]",18.0,64.0,138.0
2.454954954954955,0.7400915607705263,3.0,0.0,3.0,"[14, 17, 5]",24.0,64.0,131.0
2.36036036036036,0.7935576892730575,3.0,2.0,2.0,"[14, 5, 17]",35.0,63.0,121.0
2.445945945945946,0.7983335339656467,7.0,1.0,1.0,"[5, 14]",22.0,58.0,135.0
2.608108108108108,0.6553138359243383,2.0,0.0,2.0,"[17, 5, 14]",15.0,51.0,154.0
2.572072072072072,0.7317828190997818,5.0,0.0,2.0,"[5, 14]",17.0,46.0,154.0
2.346846846846846,0.8516494318195249,6.0,0.0,2.0,"[14, 5, 17]",37.0,53.0,126.0
2.391891891891892,0.7813012854635482,4.0,0.0,3.0,"[29, 14, 17, 5]",29.0,65.0,124.0
2.418918918918919,0.8402772127703384,10.0,0.0,3.0,"[14, 5]",21.0,57.0,134.0
2.603603603603604,0.702668208608921,3.0,0.0,3.0,"[5, 14, 17]",19.0,41.0,159.0
2.468468468468469,0.7765781750069928,3.0,0.0,2.0,"[14, 17, 5, 26]",30.0,49.0,140.0
2.3963963963963963,0.7702532847718907,1.0,1.0,3.0,"[17, 14, 5]",36.0,59.0,126.0
2.5315315315315314,0.7765781750069928,6.0,0.0,3.0,"[5, 14]",21.0,44.0,151.0
2.468468468468469,0.7707294519749036,4.0,0.0,3.0,"[5, 14, 29]",26.0,54.0,138.0
2.5855855855855854,0.6654834389931051,2.0,1.0,2.0,"[5, 32, 14]",16.0,54.0,150.0
2.5225225225225225,0.7035378836914778,1.0,0.0,4.0,"[5, 14]",24.0,55.0,142.0
2.355855855855856,0.7695782102310241,2.0,0.0,3.0,"[14, 5, 17]",34.0,69.0,117.0
2.4504504504504503,0.8209776617321232,9.0,2.0,2.0,"[14, 5]",20.0,55.0,138.0
2.436936936936937,0.7138485241716679,2.0,0.0,2.0,"[14, 5]",23.0,73.0,124.0
2.563063063063063,0.7201593498787088,5.0,0.0,3.0,"[14, 5, 17]",15.0,52.0,150.0
2.391891891891892,0.7696311786535681,4.0,0.0,1.0,"[14, 5, 17]",27.0,69.0,122.0
2.391891891891892,0.7927996254907699,5.0,0.0,2.0,"[14, 17, 5, 29]",28.0,64.0,125.0
2.40990990990991,0.754168500796511,2.0,0.0,1.0,"[14, 5, 17]",30.0,65.0,125.0
2.373873873873874,0.7428953644233875,2.0,0.0,1.0,"[5, 14, 17]",29.0,75.0,116.0
2.454954954954955,0.7088629271907743,0.0,1.0,2.0,"[5, 14]",28.0,65.0,129.0
2.364864864864865,0.8278138519685857,5.0,0.0,2.0,"[14, 17, 5]",35.0,56.0,126.0
2.364864864864865,0.8386747408992236,8.0,1.0,1.0,"[17, 14, 5]",28.0,61.0,125.0
2.436936936936937,0.7628747639732993,2.0,0.0,3.0,"[14, 5]",31.0,57.0,132.0
2.5225225225225225,0.7826957343774226,9.0,0.0,2.0,"[5, 14, 17, 26]",13.0,53.0,147.0
2.414414414414414,0.7240967969650155,4.0,0.0,1.0,"[14, 5, 29]",19.0,80.0,119.0
2.4864864864864864,0.7101700116999563,1.0,0.0,2.0,"[14, 5]",25.0,61.0,135.0
2.4324324324324325,0.6941464581547017,3.0,0.0,1.0,"[14, 5]",17.0,83.0,119.0
2.355855855855856,0.7517321999192387,2.0,0.0,2.0,"[5, 14]",31.0,75.0,114.0
2.4234234234234235,0.7374844064558942,2.0,1.0,2.0,"[5, 14, 17]",27.0,68.0,125.0
2.477477477477477,0.7288104340716506,3.0,1.0,2.0,"[14, 5, 17]",22.0,63.0,134.0
2.324324324324324,0.7977588762618181,1.0,1.0,1.0,"[14, 5, 17]",43.0,61.0,117.0
2.5135135135135136,0.70376961554351,1.0,0.0,4.0,"[17, 14, 5]",24.0,57.0,140.0
2.414414414414414,0.7546953293570031,3.0,0.0,5.0,"[14, 26, 5]",27.0,67.0,125.0
2.463963963963964,0.689979053101,3.0,0.0,1.0,"[14, 26, 5]",16.0,78.0,125.0
2.45945945945946,0.752477462073259,3.0,1.0,4.0,"[5, 14]",26.0,59.0,134.0
2.400900900900901,0.728600654139052,1.0,0.0,2.0,"[14, 17, 5]",29.0,72.0,120.0
2.4324324324324325,0.7505246625991862,1.0,0.0,3.0,"[14, 26, 5]",32.0,59.0,130.0
2.36036036036036,0.7762631544376083,3.0,0.0,4.0,"[14, 5, 17]",32.0,69.0,118.0
2.3018018018018016,0.8476191817566463,6.0,0.0,1.0,"[5, 14]",38.0,61.0,117.0
2.490990990990991,0.8001187185158061,8.0,1.0,2.0,"[5, 14]",19.0,51.0,144.0
2.40990990990991,0.7297746450590296,2.0,0.0,2.0,"[5, 14]",26.0,73.0,121.0
2.3513513513513518,0.7568528389885603,3.0,0.0,1.0,"[14, 5, 29, 26]",29.0,77.0,113.0
2.5675675675675675,0.6875969252498596,2.0,0.0,3.0,"[14, 5]",19.0,52.0,149.0
2.3963963963963963,0.7341603913096583,1.0,0.0,2.0,"[5, 14]",30.0,71.0,120.0
2.3963963963963963,0.7702532847718907,2.0,0.0,2.0,"[14, 5]",33.0,62.0,125.0
2.4864864864864864,0.7534519638354583,3.0,0.0,2.0,"[5, 14]",26.0,53.0,140.0
2.40990990990991,0.8007298655844589,6.0,2.0,2.0,"[14, 5]",26.0,61.0,129.0
2.3828828828828827,0.779995808536583,3.0,0.0,3.0,"[5, 17, 14]",32.0,64.0,123.0
2.518018018018018,0.7942893688598864,9.0,0.0,3.0,"[14, 5]",15.0,50.0,148.0
2.572072072072072,0.7440468008404687,6.0,1.0,2.0,"[17, 5, 14]",16.0,45.0,155.0
2.3423423423423424,0.8347161491742126,6.0,1.0,2.0,"[17, 5, 26, 14]",34.0,60.0,122.0
2.427927927927928,0.7440468008404687,1.0,0.0,3.0,"[14, 5]",31.0,62.0,128.0
2.509009009009009,0.7102417598145957,3.0,1.0,3.0,"[5, 14]",19.0,62.0,138.0
2.477477477477477,0.6359778425641275,0.0,0.0,3.0,"[5, 14]",17.0,82.0,123.0
2.391891891891892,0.7577813692908847,1.0,1.0,3.0,"[14, 17, 5]",34.0,64.0,123.0
2.5495495495495497,0.7697768230222573,5.0,0.0,3.0,"[5, 26, 14]",23.0,39.0,155.0
2.5,0.7166412356496688,3.0,0.0,2.0,"[14, 5, 17]",20.0,62.0,137.0
2.5315315315315314,0.7588967918170579,7.0,0.0,1.0,"[5, 17, 14]",15.0,53.0,147.0
2.5315315315315314,0.6902005718035923,1.0,1.0,3.0,"[14, 29, 5]",22.0,57.0,142.0
2.427927927927928,0.7066165857853886,0.0,0.0,2.0,"[5, 14]",28.0,71.0,123.0
2.558558558558558,0.6884264263660859,2.0,1.0,2.0,"[5, 14, 17]",19.0,54.0,147.0
2.5945945945945947,0.6504906380547638,2.0,0.0,4.0,"[5, 14]",14.0,56.0,150.0
2.418918918918919,0.772960871734925,5.0,0.0,1.0,"[14, 5]",24.0,66.0,127.0
2.373873873873874,0.7843735964266968,2.0,0.0,2.0,"[14, 5]",36.0,61.0,123.0
2.572072072072072,0.7193097711127742,3.0,0.0,4.0,"[5, 26, 17, 14]",21.0,44.0,154.0
2.3018018018018016,0.8093885723138262,4.0,0.0,4.0,"[5, 17, 14]",37.0,69.0,112.0
2.563063063063063,0.6945720943106627,3.0,0.0,2.0,"[5, 14, 17]",17.0,54.0,148.0
2.2972972972972974,0.8411863481419289,4.0,0.0,5.0,"[5, 17, 14]",43.0,58.0,117.0
2.509009009009009,0.8001187185158061,8.0,0.0,2.0,"[17, 5, 14]",19.0,47.0,148.0
2.5945945945945947,0.6974858324629157,5.0,1.0,2.0,"[17, 5, 14]",12.0,51.0,154.0
2.527027027027027,0.7825524944091954,6.0,1.0,4.0,"[14, 5, 29]",22.0,43.0,151.0
2.400900900900901,0.7939813754264464,4.0,1.0,1.0,"[5, 14, 10]",31.0,59.0,128.0
2.3873873873873874,0.7389753352342323,0.0,0.0,2.0,"[14, 5, 17]",34.0,68.0,120.0
2.4414414414414414,0.745237484510867,4.0,0.0,4.0,"[5, 14]",22.0,68.0,128.0
2.518018018018018,0.7652755926498351,8.0,0.0,2.0,"[14, 5]",13.0,57.0,144.0
2.518018018018018,0.7828129112198678,8.0,1.0,2.0,"[5, 14]",16.0,51.0,147.0
2.5,0.7291599331729606,2.0,0.0,2.0,"[14, 5, 17]",25.0,55.0,140.0
2.490990990990991,0.7944433207999924,8.0,0.0,3.0,"[17, 32, 5, 14]",18.0,53.0,143.0
2.40990990990991,0.7893470530302839,1.0,0.0,4.0,"[17, 5, 14]",39.0,50.0,132.0
2.4954954954954958,0.7102848052045775,1.0,0.0,2.0,"[5, 17, 14]",25.0,59.0,137.0
2.463963963963964,0.7936732624728556,4.0,2.0,3.0,"[14, 5]",30.0,47.0,141.0
2.527027027027027,0.6838070096273919,2.0,0.0,2.0,"[14, 5]",18.0,63.0,139.0
2.3873873873873874,0.7140626380520981,0.0,0.0,1.0,"[5, 32, 14, 29]",30.0,76.0,116.0
2.3513513513513518,0.8254838005393667,3.0,1.0,4.0,"[5, 17, 14]",41.0,53.0,125.0
2.608108108108108,0.6955105075322783,3.0,1.0,2.0,"[5, 14, 29]",18.0,42.0,159.0
2.391891891891892,0.7335076745486333,0.0,0.0,1.0,"[5, 14]",33.0,69.0,120.0
2.391891891891892,0.7637292566086653,3.0,1.0,2.0,"[5, 14, 17]",29.0,68.0,122.0
2.400900900900901,0.7033205657374381,1.0,0.0,1.0,"[5, 17, 14]",25.0,80.0,116.0
2.463963963963964,0.7405871209813207,2.0,1.0,3.0,"[5, 14]",27.0,59.0,134.0
2.463963963963964,0.6899790531009999,3.0,0.0,2.0,"[14, 5, 17]",16.0,78.0,125.0
2.5675675675675675,0.7006347687093278,3.0,1.0,2.0,"[5, 14]",18.0,51.0,150.0
2.4414414414414414,0.8203815984915885,7.0,0.0,1.0,"[5, 14]",26.0,51.0,138.0
2.3423423423423424,0.8015312889452847,5.0,1.0,2.0,"[5, 14]",31.0,69.0,117.0
2.414414414414414,0.736488777162495,4.0,1.0,2.0,"[14, 17, 5]",21.0,76.0,121.0
2.3063063063063063,0.7762631544376083,2.0,1.0,3.0,"[14, 5]",37.0,74.0,109.0
2.3423423423423424,0.7118327056432908,0.0,0.0,2.0,"[5, 14, 17]",31.0,84.0,107.0
2.5495495495495497,0.7336604900962727,4.0,0.0,2.0,"[5, 14]",20.0,48.0,150.0
2.472972972972973,0.7470540569276878,2.0,0.0,4.0,"[17, 14, 5]",28.0,55.0,137.0
2.391891891891892,0.7335076745486333,1.0,0.0,3.0,"[5, 14, 17]",30.0,72.0,119.0
2.5315315315315314,0.7284747571823903,1.0,0.0,3.0,"[14, 5, 26]",28.0,45.0,148.0
2.626126126126126,0.6380416462827956,3.0,0.0,2.0,"[14, 5, 17]",10.0,54.0,155.0
2.355855855855856,0.7456886257948165,3.0,0.0,1.0,"[5, 14]",27.0,80.0,112.0
2.5135135135135136,0.6708522959519326,1.0,1.0,2.0,"[14, 5, 17]",19.0,67.0,135.0
2.36036036036036,0.7465491384759247,2.0,0.0,3.0,"[14, 5]",30.0,76.0,114.0
2.4414414414414414,0.7691410815596246,3.0,0.0,3.0,"[17, 14, 5, 29]",29.0,57.0,133.0
2.414414414414414,0.7665928434733706,1.0,0.0,5.0,"[5, 14, 17, 29]",35.0,57.0,129.0
2.5945945945945947,0.6710345680096235,4.0,0.0,3.0,"[5, 14, 17]",11.0,56.0,151.0
2.364864864864865,0.7770635815106525,3.0,0.0,3.0,"[5, 17, 14]",32.0,68.0,119.0
2.364864864864865,0.8278138519685857,5.0,0.0,4.0,"[14, 26, 5]",35.0,56.0,126.0
2.36036036036036,0.8325155989493453,3.0,1.0,2.0,"[5, 26, 14]",42.0,49.0,128.0
2.5135135135135136,0.7290341327982417,4.0,0.0,3.0,"[14, 5]",19.0,58.0,141.0
2.373873873873874,0.730612055040461,2.0,1.0,2.0,"[5, 17, 14]",27.0,79.0,114.0
2.481981981981982,0.6972081621677553,1.0,1.0,4.0,"[14, 5]",23.0,66.0,132.0
2.4504504504504503,0.7814447547802414,5.0,0.0,2.0,"[14, 5]",25.0,57.0,135.0
2.635135135135135,0.6144782061381509,1.0,1.0,2.0,"[5, 14, 17]",13.0,52.0,156.0
2.463963963963964,0.7527076665443986,4.0,0.0,2.0,"[14, 5, 32, 17]",23.0,61.0,134.0
2.490990990990991,0.7654353801500418,4.0,0.0,1.0,"[26, 14, 5]",25.0,51.0,142.0
2.427927927927928,0.7561118894398159,5.0,0.0,1.0,"[14, 17, 5]",21.0,70.0,126.0
2.536036036036036,0.7157305280206908,2.0,1.0,2.0,"[17, 14, 5]",23.0,51.0,146.0
2.45945945945946,0.7934549434075043,7.0,0.0,2.0,"[14, 5]",21.0,57.0,137.0
2.4864864864864864,0.7290341327982417,4.0,0.0,2.0,"[5, 14, 26]",19.0,64.0,135.0
2.3378378378378377,0.7776928465851366,3.0,0.0,2.0,"[14, 5, 17]",33.0,72.0,114.0
2.468468468468469,0.6634589168105146,1.0,0.0,2.0,"[14, 17, 5]",18.0,79.0,124.0
2.509009009009009,0.7771684944056539,6.0,1.0,3.0,"[14, 5, 17]",21.0,49.0,146.0
2.509009009009009,0.7474904681121162,5.0,0.0,3.0,"[5, 14]",19.0,56.0,142.0
2.391891891891892,0.7577813692908847,1.0,1.0,2.0,"[17, 5, 14]",34.0,64.0,123.0
2.4414414414414414,0.7923238595204194,4.0,1.0,2.0,"[5, 14]",30.0,52.0,136.0
2.518018018018018,0.7289362730524662,3.0,0.0,2.0,"[14, 5, 32]",22.0,54.0,143.0
2.5765765765765765,0.6597620515744516,2.0,1.0,2.0,"[14, 5, 29]",15.0,58.0,147.0
2.4324324324324325,0.756529604791034,2.0,0.0,2.0,"[5, 17, 14]",30.0,60.0,130.0
2.445945945945946,0.8584194445411262,11.0,1.0,3.0,"[14, 5, 17, 26]",21.0,48.0,142.0
2.3828828828828827,0.7623936909941407,1.0,1.0,4.0,"[14, 5, 17]",35.0,64.0,122.0
2.4054054054054053,0.7415085318295934,3.0,1.0,3.0,"[14, 5, 17]",25.0,73.0,121.0
2.518018018018018,0.7473268437829514,3.0,0.0,2.0,"[14, 5]",25.0,48.0,146.0
2.445945945945946,0.7516237365922058,2.0,0.0,2.0,"[14, 5, 17, 29]",29.0,59.0,132.0
2.3828828828828827,0.7623936909941407,3.0,0.0,1.0,"[14, 5, 17]",29.0,70.0,120.0
2.373873873873874,0.801493144099386,2.0,0.0,3.0,"[5, 17, 14]",39.0,55.0,126.0
2.400900900900901,0.6903334489056124,1.0,0.0,2.0,"[17, 14, 5]",23.0,84.0,114.0
2.427927927927928,0.7317828190997818,0.0,0.0,4.0,"[14, 5, 17]",32.0,63.0,127.0
2.4504504504504503,0.7579292907329332,2.0,0.0,2.0,"[17, 5, 14]",30.0,56.0,134.0
2.31981981981982,0.7619123142645889,2.0,0.0,3.0,"[14, 17, 32, 5]",34.0,77.0,109.0
2.3963963963963963,0.7761055962029544,2.0,0.0,3.0,"[14, 5, 17]",34.0,60.0,126.0
2.454954954954955,0.7088629271907744,2.0,1.0,2.0,"[5, 26, 14]",22.0,71.0,127.0
2.4054054054054053,0.7229699727575902,2.0,1.0,1.0,"[5, 14, 17, 26]",25.0,76.0,119.0
2.3873873873873874,0.8202325150003087,8.0,0.0,1.0,"[26, 5, 17, 14]",24.0,64.0,126.0
2.5225225225225225,0.7472041020221156,2.0,0.0,2.0,"[14, 5]",28.0,44.0,148.0
2.477477477477477,0.7941738853197863,9.0,0.0,1.0,"[5, 14]",15.0,59.0,139.0
2.418918918918919,0.6991932666762044,1.0,1.0,2.0,"[5, 14, 17]",24.0,78.0,119.0
2.4234234234234235,0.7061404824730856,1.0,0.0,2.0,"[14, 5]",25.0,75.0,121.0
2.644144144144144,0.6483092782807603,4.0,1.0,2.0,"[17, 5, 14, 26]",9.0,49.0,160.0
2.4234234234234235,0.8353019834836718,10.0,0.0,2.0,"[5, 14, 17, 26]",20.0,58.0,134.0
2.5045045045045047,0.7414535543665464,4.0,0.0,4.0,"[5, 14]",21.0,56.0,141.0
2.400900900900901,0.7409173103141583,1.0,0.0,3.0,"[14, 5, 17]",31.0,68.0,122.0
2.3963963963963963,0.7702532847718907,3.0,1.0,3.0,"[5, 17, 14]",30.0,65.0,124.0
2.527027027027027,0.7097824465554078,3.0,1.0,3.0,"[17, 5, 14]",19.0,58.0,142.0
2.369369369369369,0.78938578480206,3.0,0.0,3.0,"[14, 17, 5]",34.0,63.0,122.0
2.4414414414414414,0.7329934248059613,2.0,1.0,4.0,"[14, 5]",26.0,66.0,128.0
2.3873873873873874,0.7266257623930175,2.0,1.0,3.0,"[5, 14, 17, 26]",26.0,78.0,116.0
2.3018018018018016,0.7809359719041845,2.0,1.0,2.0,"[5, 14, 17]",38.0,73.0,109.0
2.4234234234234235,0.7850359481010099,2.0,0.0,2.0,"[5, 14]",35.0,52.0,133.0
2.4324324324324325,0.7383682832153002,3.0,1.0,2.0,"[5, 14]",24.0,69.0,126.0
2.468468468468469,0.6902005718035924,2.0,1.0,2.0,"[5, 14]",19.0,74.0,127.0
2.454954954954955,0.7152177453762799,2.0,0.0,2.0,"[5, 17, 14]",23.0,69.0,128.0
2.4504504504504503,0.7579292907329334,3.0,0.0,2.0,"[14, 5]",27.0,59.0,133.0
2.4324324324324325,0.8414770640131076,9.0,1.0,2.0,"[14, 5]",24.0,51.0,138.0
2.414414414414414,0.705100595736542,2.0,1.0,2.0,"[5, 14, 26]",22.0,80.0,118.0
2.5855855855855854,0.736488777162495,7.0,0.0,3.0,"[14, 5, 17]",12.0,47.0,156.0
2.4234234234234235,0.8133451349760027,4.0,1.0,3.0,"[14, 5]",34.0,48.0,136.0
2.436936936936937,0.8033220535980014,5.0,1.0,3.0,"[14, 8, 17, 5]",29.0,52.0,136.0
2.355855855855856,0.7577275725160556,3.0,0.0,2.0,"[5, 14, 17]",29.0,76.0,114.0
2.427927927927928,0.7969025069867963,3.0,0.0,3.0,"[14, 5]",34.0,50.0,135.0
2.427927927927928,0.7440468008404688,2.0,1.0,1.0,"[5, 14]",28.0,65.0,127.0
2.414414414414414,0.7426072263599132,2.0,0.0,1.0,"[5, 14, 29]",28.0,68.0,124.0
2.4234234234234235,0.7313230996009538,2.0,1.0,3.0,"[14, 5]",26.0,70.0,124.0
2.612612612612613,0.6545513633482224,3.0,0.0,2.0,"[14, 5, 17]",12.0,53.0,154.0
2.5315315315315314,0.6769618023246907,2.0,0.0,2.0,"[14, 5, 17]",17.0,64.0,139.0
2.572072072072072,0.6533825902652676,1.0,1.0,3.0,"[14, 5, 17]",17.0,58.0,146.0
2.418918918918919,0.7183457005038106,3.0,1.0,1.0,"[5, 14, 17]",21.0,78.0,120.0
2.369369369369369,0.8119907710498862,4.0,0.0,1.0,"[5, 14]",35.0,58.0,125.0
2.4504504504504503,0.8209776617321233,9.0,1.0,1.0,"[17, 5, 14]",20.0,55.0,138.0
2.4324324324324325,0.8029540665383836,7.0,0.0,2.0,"[14, 5, 8]",23.0,59.0,133.0
2.3063063063063063,0.8048809562386892,2.0,0.0,2.0,"[14, 5]",42.0,64.0,114.0
,,,,,,,,
,,,,,,,,
,,,,,,,,
,,,,,,,,
,,,,,,,,
,,,,,,,,
,,,,,,,,
