Idx,Mean,Std,Problems_nonattribue,Problems_pasassez,Problems_tropnombreux,TMnonouverts,NbEnvie1,NbEnvie2,NbEnvie3,30,190,63,120,134,73,145,50,154,174,161,200,162,24,51,67,157,104,4,217,186,228,89,2,39,60,70,122,167,183,191,192,198,203,212,57,35,105,113,116,159,216,8,22,45,72,80,87,79,92,93,97,99,102,123,175,138,148,151,163,182,221,224,14,40,12,15,34,56,66,98,128,170,201,222,78,188,195,211,208,28,55,189,197,205,207,5,21,150,42,43,68,137,136,147,176,143,193,185,194,215,226,227,26,37,52,130,146,152,54,178,7,9,118,11,219,85,91,168,1,20,61,173,177,218,31,41,109,126,44,75,76,96,106,223,230,231,107,108,158,160,210,49,64,83,110,119,127,149,165,153,181,139,213,6,10,16,135,144,155,71,88,115,166,171,180,187,202,214,25,53,65,81,84,141,156,169,18,27,46,62,69,77,86,90,95,100,101,103,111,112,114,121,131,140,184,225,33,142,164,220,23,47,94,124,179,206,59,82,132,199,209,125,172,13,117,129,58,30.1,190.1,63.1,120.1,134.1,73.1,145.1,50.1,154.1,174.1,161.1,200.1,162.1,24.1,51.1,67.1,157.1,104.1,4.1,217.1,186.1,228.1,89.1,2.1,39.1,60.1,70.1,122.1,167.1,183.1,191.1,192.1,198.1,203.1,212.1,57.1,35.1,105.1,113.1,116.1,159.1,216.1,8.1,22.1,45.1,72.1,80.1,87.1,79.1,92.1,93.1,97.1,99.1,102.1,123.1,175.1,138.1,148.1,151.1,163.1,182.1,221.1,224.1,14.1,40.1,12.1,15.1,34.1,56.1,66.1,98.1,128.1,170.1,201.1,222.1,78.1,188.1,195.1,211.1,208.1,28.1,55.1,189.1,197.1,205.1,207.1,5.1,21.1,150.1,42.1,43.1,68.1,137.1,136.1,147.1,176.1,143.1,193.1,185.1,194.1,215.1,226.1,227.1,26.1,37.1,52.1,130.1,146.1,152.1,54.1,178.1,7.1,9.1,118.1,11.1,219.1,85.1,91.1,168.1,1.1,20.1,61.1,173.1,177.1,218.1,31.1,41.1,109.1,126.1,44.1,75.1,76.1,96.1,106.1,223.1,230.1,231.1,107.1,108.1,158.1,160.1,210.1,49.1,64.1,83.1,110.1,119.1,127.1,149.1,165.1,153.1,181.1,139.1,213.1,6.1,10.1,16.1,135.1,144.1,155.1,71.1,88.1,115.1,166.1,171.1,180.1,187.1,202.1,214.1,25.1,53.1,65.1,81.1,84.1,141.1,156.1,169.1,18.1,27.1,46.1,62.1,69.1,77.1,86.1,90.1,95.1,100.1,101.1,103.1,111.1,112.1,114.1,121.1,131.1,140.1,184.1,225.1,33.1,142.1,164.1,220.1,23.1,47.1,94.1,124.1,179.1,206.1,59.1,82.1,132.1,199.1,209.1,125.1,172.1,13.1,117.1,129.1,58.1,30_TM,190_TM,63_TM,120_TM,134_TM,73_TM,145_TM,50_TM,154_TM,174_TM,161_TM,200_TM,162_TM,24_TM,51_TM,67_TM,157_TM,104_TM,4_TM,217_TM,186_TM,228_TM,89_TM,2_TM,39_TM,60_TM,70_TM,122_TM,167_TM,183_TM,191_TM,192_TM,198_TM,203_TM,212_TM,57_TM,35_TM,105_TM,113_TM,116_TM,159_TM,216_TM,8_TM,22_TM,45_TM,72_TM,80_TM,87_TM,79_TM,92_TM,93_TM,97_TM,99_TM,102_TM,123_TM,175_TM,138_TM,148_TM,151_TM,163_TM,182_TM,221_TM,224_TM,14_TM,40_TM,12_TM,15_TM,34_TM,56_TM,66_TM,98_TM,128_TM,170_TM,201_TM,222_TM,78_TM,188_TM,195_TM,211_TM,208_TM,28_TM,55_TM,189_TM,197_TM,205_TM,207_TM,5_TM,21_TM,150_TM,42_TM,43_TM,68_TM,137_TM,136_TM,147_TM,176_TM,143_TM,193_TM,185_TM,194_TM,215_TM,226_TM,227_TM,26_TM,37_TM,52_TM,130_TM,146_TM,152_TM,54_TM,178_TM,7_TM,9_TM,118_TM,11_TM,219_TM,85_TM,91_TM,168_TM,1_TM,20_TM,61_TM,173_TM,177_TM,218_TM,31_TM,41_TM,109_TM,126_TM,44_TM,75_TM,76_TM,96_TM,106_TM,223_TM,230_TM,231_TM,107_TM,108_TM,158_TM,160_TM,210_TM,49_TM,64_TM,83_TM,110_TM,119_TM,127_TM,149_TM,165_TM,153_TM,181_TM,139_TM,213_TM,6_TM,10_TM,16_TM,135_TM,144_TM,155_TM,71_TM,88_TM,115_TM,166_TM,171_TM,180_TM,187_TM,202_TM,214_TM,25_TM,53_TM,65_TM,81_TM,84_TM,141_TM,156_TM,169_TM,18_TM,27_TM,46_TM,62_TM,69_TM,77_TM,86_TM,90_TM,95_TM,100_TM,101_TM,103_TM,111_TM,112_TM,114_TM,121_TM,131_TM,140_TM,184_TM,225_TM,33_TM,142_TM,164_TM,220_TM,23_TM,47_TM,94_TM,124_TM,179_TM,206_TM,59_TM,82_TM,132_TM,199_TM,209_TM,125_TM,172_TM,13_TM,117_TM,129_TM,58_TM,196,229,133,204,196_TM,229_TM,133_TM,204_TM
13770,2.13302752293578,0.7773943297577222,4,0,1,"[5, 14, 26, 17]",53,83,82,1.0,1.0,1.0,1.0,2.0,2.0,2.0,2.0,2.0,2.0,1.0,3.0,3.0,3.0,3.0,2.0,2.0,3.0,3.0,2.0,3.0,2.0,2.0,1.0,3.0,2.0,3.0,2.0,3.0,2.0,2.0,2.0,1.0,2.0,2.0,3.0,3.0,2.0,3.0,2.0,1.0,2.0,1.0,2.0,2.0,3.0,1.0,2.0,2.0,3.0,3.0,2.0,3.0,3.0,1.0,1.0,3.0,3.0,1.0,3.0,1.0,3.0,2.0,1.0,2.0,1.0,2.0,3.0,2.0,1.0,2.0,2.0,3.0,2.0,1.0,1.0,2.0,2.0,3.0,3.0,2.0,3.0,1.0,3.0,1.0,1.0,2.0,2.0,2.0,1.0,1.0,1.0,3.0,3.0,2.0,3.0,3.0,1.0,1.0,2.0,3.0,1.0,1.0,2.0,3.0,2.0,3.0,1.0,1.0,2.0,3.0,3.0,3.0,3.0,3.0,1.0,3.0,3.0,3.0,1.0,2.0,3.0,2.0,3.0,3.0,2.0,3.0,2.0,2.0,1.0,3.0,1.0,1.0,3.0,1.0,1.0,2.0,3.0,3.0,3.0,1.0,1.0,3.0,2.0,3.0,3.0,3.0,2.0,2.0,2.0,2.0,3.0,3.0,2.0,1.0,2.0,3.0,3.0,1.0,3.0,3.0,3.0,3.0,3.0,3.0,3.0,3.0,1.0,3.0,1.0,2.0,1.0,2.0,2.0,2.0,2.0,3.0,2.0,3.0,2.0,2.0,3.0,3.0,2.0,3.0,2.0,1.0,1.0,2.0,3.0,1.0,3.0,2.0,2.0,2.0,2.0,2.0,3.0,2.0,2.0,1.0,3.0,2.0,2.0,3.0,1.0,2.0,2.0,1.0,2.0,1.0,3.0,2.0,3.0,3.0,2.0,1.0,2.0,20.0,20.0,20.0,20.0,20.0,20.0,20.0,20.0,20.0,20.0,20.0,20.0,20.0,27.0,27.0,27.0,27.0,27.0,27.0,27.0,27.0,27.0,27.0,7.0,7.0,7.0,7.0,7.0,7.0,7.0,7.0,7.0,7.0,7.0,7.0,2.0,2.0,2.0,2.0,2.0,2.0,2.0,6.0,6.0,6.0,6.0,6.0,6.0,6.0,6.0,6.0,6.0,6.0,6.0,6.0,6.0,6.0,6.0,6.0,6.0,6.0,6.0,6.0,19.0,19.0,15.0,15.0,15.0,15.0,15.0,15.0,15.0,15.0,15.0,15.0,3.0,3.0,3.0,3.0,3.0,32.0,32.0,32.0,32.0,32.0,32.0,13.0,13.0,13.0,13.0,13.0,13.0,13.0,13.0,13.0,13.0,13.0,13.0,13.0,13.0,13.0,13.0,13.0,1.0,1.0,1.0,1.0,1.0,1.0,1.0,1.0,1.0,28.0,28.0,28.0,28.0,28.0,28.0,28.0,18.0,18.0,18.0,18.0,18.0,18.0,10.0,10.0,10.0,10.0,8.0,8.0,8.0,8.0,8.0,8.0,8.0,8.0,25.0,25.0,25.0,25.0,25.0,31.0,31.0,31.0,31.0,31.0,31.0,31.0,31.0,31.0,31.0,31.0,31.0,11.0,11.0,11.0,11.0,11.0,11.0,24.0,24.0,24.0,24.0,24.0,24.0,24.0,24.0,24.0,12.0,12.0,12.0,12.0,12.0,12.0,12.0,12.0,16.0,16.0,16.0,16.0,16.0,16.0,16.0,16.0,16.0,16.0,16.0,16.0,16.0,16.0,16.0,16.0,16.0,16.0,16.0,16.0,29.0,29.0,29.0,29.0,21.0,21.0,21.0,21.0,21.0,21.0,30.0,30.0,30.0,30.0,30.0,9.0,9.0,9.0,4.0,4.0,23.0,,,,,,,,,,,,,,,,,,,,,,,,,,,,,,,,,,,,,,,,,,,,,,,,,,,,,,,,,,,,,,,,,,,,,,,,,,,,,,,,,,,,,,,,,,,,,,,,,,,,,,,,,,,,,,,,,,,,,,,,,,,,,,,,,,,,,,,,,,,,,,,,,,,,,,,,,,,,,,,,,,,,,,,,,,,,,,,,,,,,,,,,,,,,,,,,,,,,,,,,,,,,,,,,,,,,,,,,,,,,,,,,,,
13771,2.13302752293578,0.7773943297577222,4,0,1,"[5, 14, 26, 17]",53,83,82,20.0,20.0,20.0,20.0,20.0,20.0,20.0,20.0,20.0,20.0,20.0,20.0,20.0,27.0,27.0,27.0,27.0,27.0,27.0,27.0,27.0,27.0,27.0,7.0,7.0,7.0,7.0,7.0,7.0,7.0,7.0,7.0,7.0,7.0,7.0,2.0,2.0,2.0,2.0,2.0,2.0,2.0,6.0,6.0,6.0,6.0,6.0,6.0,6.0,6.0,6.0,6.0,6.0,6.0,6.0,6.0,6.0,6.0,6.0,6.0,6.0,6.0,6.0,19.0,19.0,15.0,15.0,15.0,15.0,15.0,15.0,15.0,15.0,15.0,15.0,3.0,3.0,3.0,3.0,3.0,32.0,32.0,32.0,32.0,32.0,32.0,13.0,13.0,13.0,13.0,13.0,13.0,13.0,13.0,13.0,13.0,13.0,13.0,13.0,13.0,13.0,13.0,13.0,1.0,1.0,1.0,1.0,1.0,1.0,1.0,1.0,1.0,28.0,28.0,28.0,28.0,28.0,28.0,28.0,18.0,18.0,18.0,18.0,18.0,18.0,10.0,10.0,10.0,10.0,8.0,8.0,8.0,8.0,8.0,8.0,8.0,8.0,25.0,25.0,25.0,25.0,25.0,31.0,31.0,31.0,31.0,31.0,31.0,31.0,31.0,31.0,31.0,31.0,31.0,11.0,11.0,11.0,11.0,11.0,11.0,24.0,24.0,24.0,24.0,24.0,24.0,24.0,24.0,24.0,12.0,12.0,12.0,12.0,12.0,12.0,12.0,12.0,16.0,16.0,16.0,16.0,16.0,16.0,16.0,16.0,16.0,16.0,16.0,16.0,16.0,16.0,16.0,16.0,16.0,16.0,16.0,16.0,29.0,29.0,29.0,29.0,21.0,21.0,21.0,21.0,21.0,21.0,30.0,30.0,30.0,30.0,30.0,9.0,9.0,9.0,4.0,4.0,23.0,,,,,,,,,,,,,,,,,,,,,,,,,,,,,,,,,,,,,,,,,,,,,,,,,,,,,,,,,,,,,,,,,,,,,,,,,,,,,,,,,,,,,,,,,,,,,,,,,,,,,,,,,,,,,,,,,,,,,,,,,,,,,,,,,,,,,,,,,,,,,,,,,,,,,,,,,,,,,,,,,,,,,,,,,,,,,,,,,,,,,,,,,,,,,,,,,,,,,,,,,,,,,,,,,,,,,,,,,,,1.0,1.0,1.0,1.0,2.0,2.0,2.0,2.0,2.0,2.0,1.0,3.0,3.0,3.0,3.0,2.0,2.0,3.0,3.0,2.0,3.0,2.0,2.0,1.0,3.0,2.0,3.0,2.0,3.0,2.0,2.0,2.0,1.0,2.0,2.0,3.0,3.0,2.0,3.0,2.0,1.0,2.0,1.0,2.0,2.0,3.0,1.0,2.0,2.0,3.0,3.0,2.0,3.0,3.0,1.0,1.0,3.0,3.0,1.0,3.0,1.0,3.0,2.0,1.0,2.0,1.0,2.0,3.0,2.0,1.0,2.0,2.0,3.0,2.0,1.0,1.0,2.0,2.0,3.0,3.0,2.0,3.0,1.0,3.0,1.0,1.0,2.0,2.0,2.0,1.0,1.0,1.0,3.0,3.0,2.0,3.0,3.0,1.0,1.0,2.0,3.0,1.0,1.0,2.0,3.0,2.0,3.0,1.0,1.0,2.0,3.0,3.0,3.0,3.0,3.0,1.0,3.0,3.0,3.0,1.0,2.0,3.0,2.0,3.0,3.0,2.0,3.0,2.0,2.0,1.0,3.0,1.0,1.0,3.0,1.0,1.0,2.0,3.0,3.0,3.0,1.0,1.0,3.0,2.0,3.0,3.0,3.0,2.0,2.0,2.0,2.0,3.0,3.0,2.0,1.0,2.0,3.0,3.0,1.0,3.0,3.0,3.0,3.0,3.0,3.0,3.0,3.0,1.0,3.0,1.0,2.0,1.0,2.0,2.0,2.0,2.0,3.0,2.0,3.0,2.0,2.0,3.0,3.0,2.0,3.0,2.0,1.0,1.0,2.0,3.0,1.0,3.0,2.0,2.0,2.0,2.0,2.0,3.0,2.0,2.0,1.0,3.0,2.0,2.0,3.0,1.0,2.0,2.0,1.0,2.0,1.0,3.0,2.0,3.0,3.0,2.0,1.0,2.0,,,,,,,,
13771,2.13302752293578,0.7773943297577222,4,0,1,"[5, 14, 26, 17]",53,83,82,1.0,1.0,1.0,1.0,2.0,2.0,2.0,2.0,2.0,2.0,1.0,3.0,3.0,3.0,3.0,2.0,2.0,3.0,3.0,2.0,3.0,2.0,2.0,1.0,3.0,2.0,3.0,2.0,3.0,2.0,2.0,2.0,1.0,2.0,2.0,3.0,3.0,2.0,3.0,2.0,1.0,2.0,1.0,2.0,2.0,3.0,1.0,2.0,2.0,3.0,3.0,2.0,3.0,3.0,1.0,1.0,3.0,3.0,1.0,3.0,1.0,3.0,2.0,1.0,2.0,1.0,2.0,3.0,2.0,1.0,2.0,2.0,3.0,2.0,1.0,1.0,2.0,2.0,3.0,3.0,2.0,3.0,1.0,3.0,1.0,1.0,2.0,2.0,2.0,1.0,1.0,1.0,3.0,3.0,2.0,3.0,3.0,1.0,1.0,2.0,3.0,1.0,1.0,2.0,3.0,2.0,3.0,1.0,1.0,2.0,3.0,3.0,3.0,3.0,3.0,1.0,3.0,3.0,3.0,1.0,2.0,3.0,2.0,3.0,3.0,2.0,3.0,2.0,2.0,1.0,3.0,1.0,1.0,3.0,1.0,1.0,2.0,3.0,3.0,3.0,1.0,1.0,3.0,2.0,3.0,3.0,3.0,2.0,2.0,2.0,2.0,3.0,3.0,2.0,1.0,2.0,3.0,3.0,1.0,3.0,3.0,3.0,3.0,3.0,3.0,3.0,3.0,1.0,3.0,1.0,2.0,1.0,2.0,2.0,2.0,2.0,3.0,2.0,3.0,2.0,2.0,3.0,3.0,2.0,3.0,2.0,1.0,1.0,2.0,3.0,1.0,3.0,2.0,2.0,2.0,2.0,2.0,3.0,2.0,2.0,1.0,3.0,2.0,2.0,3.0,1.0,2.0,2.0,1.0,2.0,1.0,3.0,2.0,3.0,3.0,2.0,1.0,2.0,,,,,,,,,,,,,,,,,,,,,,,,,,,,,,,,,,,,,,,,,,,,,,,,,,,,,,,,,,,,,,,,,,,,,,,,,,,,,,,,,,,,,,,,,,,,,,,,,,,,,,,,,,,,,,,,,,,,,,,,,,,,,,,,,,,,,,,,,,,,,,,,,,,,,,,,,,,,,,,,,,,,,,,,,,,,,,,,,,,,,,,,,,,,,,,,,,,,,,,,,,,,,,,,,,,,,,,,,,,20.0,20.0,20.0,20.0,20.0,20.0,20.0,20.0,20.0,20.0,20.0,20.0,20.0,27.0,27.0,27.0,27.0,27.0,27.0,27.0,27.0,27.0,27.0,7.0,7.0,7.0,7.0,7.0,7.0,7.0,7.0,7.0,7.0,7.0,7.0,2.0,2.0,2.0,2.0,2.0,2.0,2.0,6.0,6.0,6.0,6.0,6.0,6.0,6.0,6.0,6.0,6.0,6.0,6.0,6.0,6.0,6.0,6.0,6.0,6.0,6.0,6.0,6.0,19.0,19.0,15.0,15.0,15.0,15.0,15.0,15.0,15.0,15.0,15.0,15.0,3.0,3.0,3.0,3.0,3.0,32.0,32.0,32.0,32.0,32.0,32.0,13.0,13.0,13.0,13.0,13.0,13.0,13.0,13.0,13.0,13.0,13.0,13.0,13.0,13.0,13.0,13.0,13.0,1.0,1.0,1.0,1.0,1.0,1.0,1.0,1.0,1.0,28.0,28.0,28.0,28.0,28.0,28.0,28.0,18.0,18.0,18.0,18.0,18.0,18.0,10.0,10.0,10.0,10.0,8.0,8.0,8.0,8.0,8.0,8.0,8.0,8.0,25.0,25.0,25.0,25.0,25.0,31.0,31.0,31.0,31.0,31.0,31.0,31.0,31.0,31.0,31.0,31.0,31.0,11.0,11.0,11.0,11.0,11.0,11.0,24.0,24.0,24.0,24.0,24.0,24.0,24.0,24.0,24.0,12.0,12.0,12.0,12.0,12.0,12.0,12.0,12.0,16.0,16.0,16.0,16.0,16.0,16.0,16.0,16.0,16.0,16.0,16.0,16.0,16.0,16.0,16.0,16.0,16.0,16.0,16.0,16.0,29.0,29.0,29.0,29.0,21.0,21.0,21.0,21.0,21.0,21.0,30.0,30.0,30.0,30.0,30.0,9.0,9.0,9.0,4.0,4.0,23.0,,,,,,,,
13771,2.13302752293578,0.7773943297577222,4,0,1,"[5, 14, 26, 17]",53,83,82,1.0,1.0,1.0,1.0,2.0,2.0,2.0,2.0,2.0,2.0,1.0,3.0,3.0,3.0,3.0,2.0,2.0,3.0,3.0,2.0,3.0,2.0,2.0,1.0,3.0,2.0,3.0,2.0,3.0,2.0,2.0,2.0,1.0,2.0,2.0,3.0,3.0,2.0,3.0,2.0,1.0,2.0,1.0,2.0,2.0,3.0,1.0,2.0,2.0,3.0,3.0,2.0,3.0,3.0,1.0,1.0,3.0,3.0,1.0,3.0,1.0,3.0,2.0,1.0,2.0,1.0,2.0,3.0,2.0,1.0,2.0,2.0,3.0,2.0,1.0,1.0,2.0,2.0,3.0,3.0,2.0,3.0,1.0,3.0,1.0,1.0,2.0,2.0,2.0,1.0,1.0,1.0,3.0,3.0,2.0,3.0,3.0,1.0,1.0,2.0,3.0,1.0,1.0,2.0,3.0,2.0,3.0,1.0,1.0,2.0,3.0,3.0,3.0,3.0,3.0,1.0,3.0,3.0,3.0,1.0,2.0,3.0,2.0,3.0,3.0,2.0,3.0,2.0,2.0,1.0,3.0,1.0,1.0,3.0,1.0,1.0,2.0,3.0,3.0,3.0,1.0,1.0,3.0,2.0,3.0,3.0,3.0,2.0,2.0,2.0,2.0,3.0,3.0,2.0,1.0,2.0,3.0,3.0,1.0,3.0,3.0,3.0,3.0,3.0,3.0,3.0,3.0,1.0,3.0,1.0,2.0,1.0,2.0,2.0,2.0,2.0,3.0,2.0,3.0,2.0,2.0,3.0,3.0,2.0,3.0,2.0,1.0,1.0,2.0,3.0,1.0,3.0,2.0,2.0,2.0,2.0,2.0,3.0,2.0,2.0,1.0,3.0,2.0,2.0,3.0,1.0,2.0,2.0,1.0,2.0,1.0,3.0,2.0,3.0,3.0,2.0,1.0,2.0,,,,,,,,,,,,,,,,,,,,,,,,,,,,,,,,,,,,,,,,,,,,,,,,,,,,,,,,,,,,,,,,,,,,,,,,,,,,,,,,,,,,,,,,,,,,,,,,,,,,,,,,,,,,,,,,,,,,,,,,,,,,,,,,,,,,,,,,,,,,,,,,,,,,,,,,,,,,,,,,,,,,,,,,,,,,,,,,,,,,,,,,,,,,,,,,,,,,,,,,,,,,,,,,,,,,,,,,,,,20.0,20.0,20.0,20.0,20.0,20.0,20.0,20.0,20.0,20.0,20.0,20.0,20.0,27.0,27.0,27.0,27.0,27.0,27.0,27.0,27.0,27.0,27.0,7.0,7.0,7.0,7.0,7.0,7.0,7.0,7.0,7.0,7.0,7.0,7.0,2.0,2.0,2.0,2.0,2.0,2.0,2.0,6.0,6.0,6.0,6.0,6.0,6.0,6.0,6.0,6.0,6.0,6.0,6.0,6.0,6.0,6.0,6.0,6.0,6.0,6.0,6.0,6.0,19.0,19.0,15.0,15.0,15.0,15.0,15.0,15.0,15.0,15.0,15.0,15.0,3.0,3.0,3.0,3.0,3.0,32.0,32.0,32.0,32.0,32.0,32.0,13.0,13.0,13.0,13.0,13.0,13.0,13.0,13.0,13.0,13.0,13.0,13.0,13.0,13.0,13.0,13.0,13.0,1.0,1.0,1.0,1.0,1.0,1.0,1.0,1.0,1.0,28.0,28.0,28.0,28.0,28.0,28.0,28.0,18.0,18.0,18.0,18.0,18.0,18.0,10.0,10.0,10.0,10.0,8.0,8.0,8.0,8.0,8.0,8.0,8.0,8.0,25.0,25.0,25.0,25.0,25.0,31.0,31.0,31.0,31.0,31.0,31.0,31.0,31.0,31.0,31.0,31.0,31.0,11.0,11.0,11.0,11.0,11.0,11.0,24.0,24.0,24.0,24.0,24.0,24.0,24.0,24.0,24.0,12.0,12.0,12.0,12.0,12.0,12.0,12.0,12.0,16.0,16.0,16.0,16.0,16.0,16.0,16.0,16.0,16.0,16.0,16.0,16.0,16.0,16.0,16.0,16.0,16.0,16.0,16.0,16.0,29.0,29.0,29.0,29.0,21.0,21.0,21.0,21.0,21.0,21.0,30.0,30.0,30.0,30.0,30.0,9.0,9.0,9.0,4.0,4.0,23.0,,,,,,,,
13771,2.13302752293578,0.7773943297577222,4,0,1,"[5, 14, 26, 17]",53,83,82,1.0,1.0,1.0,1.0,2.0,2.0,2.0,2.0,2.0,2.0,1.0,3.0,3.0,3.0,3.0,2.0,2.0,3.0,3.0,2.0,3.0,2.0,2.0,1.0,3.0,2.0,3.0,2.0,3.0,2.0,2.0,2.0,1.0,2.0,2.0,3.0,3.0,2.0,3.0,2.0,1.0,2.0,1.0,2.0,2.0,3.0,1.0,2.0,2.0,3.0,3.0,2.0,3.0,3.0,1.0,1.0,3.0,3.0,1.0,3.0,1.0,3.0,2.0,1.0,2.0,1.0,2.0,3.0,2.0,1.0,2.0,2.0,3.0,2.0,1.0,1.0,2.0,2.0,3.0,3.0,2.0,3.0,1.0,3.0,1.0,1.0,2.0,2.0,2.0,1.0,1.0,1.0,3.0,3.0,2.0,3.0,3.0,1.0,1.0,2.0,3.0,1.0,1.0,2.0,3.0,2.0,3.0,1.0,1.0,2.0,3.0,3.0,3.0,3.0,3.0,1.0,3.0,3.0,3.0,1.0,2.0,3.0,2.0,3.0,3.0,2.0,3.0,2.0,2.0,1.0,3.0,1.0,1.0,3.0,1.0,1.0,2.0,3.0,3.0,3.0,1.0,1.0,3.0,2.0,3.0,3.0,3.0,2.0,2.0,2.0,2.0,3.0,3.0,2.0,1.0,2.0,3.0,3.0,1.0,3.0,3.0,3.0,3.0,3.0,3.0,3.0,3.0,1.0,3.0,1.0,2.0,1.0,2.0,2.0,2.0,2.0,3.0,2.0,3.0,2.0,2.0,3.0,3.0,2.0,3.0,2.0,1.0,1.0,2.0,3.0,1.0,3.0,2.0,2.0,2.0,2.0,2.0,3.0,2.0,2.0,1.0,3.0,2.0,2.0,3.0,1.0,2.0,2.0,1.0,2.0,1.0,3.0,2.0,3.0,3.0,2.0,1.0,2.0,,,,,,,,,,,,,,,,,,,,,,,,,,,,,,,,,,,,,,,,,,,,,,,,,,,,,,,,,,,,,,,,,,,,,,,,,,,,,,,,,,,,,,,,,,,,,,,,,,,,,,,,,,,,,,,,,,,,,,,,,,,,,,,,,,,,,,,,,,,,,,,,,,,,,,,,,,,,,,,,,,,,,,,,,,,,,,,,,,,,,,,,,,,,,,,,,,,,,,,,,,,,,,,,,,,,,,,,,,,20,20,20,20,20,20,20,20,20,20,20,20,20,27,27,27,27,27,27,27,27,27,27,7,7,7,7,7,7,7,7,7,7,7,7,2,2,2,2,2,2,2,6,6,6,6,6,6,6,6,6,6,6,6,6,6,6,6,6,6,6,6,6,19,19,15,15,15,15,15,15,15,15,15,15,3,3,3,3,3,32,32,32,32,32,32,13,13,13,13,13,13,13,13,13,13,13,13,13,13,13,13,13,1,1,1,1,1,1,1,1,1,28,28,28,28,28,28,28,18,18,18,18,18,18,10,10,10,10,8,8,8,8,8,8,8,8,25,25,25,25,25,31,31,31,31,31,31,31,31,31,31,31,31,11,11,11,11,11,11,24,24,24,24,24,24,24,24,24,12,12,12,12,12,12,12,12,16,16,16,16,16,16,16,16,16,16,16,16,16,16,16,16,16,16,16,16,29,29,29,29,21,21,21,21,21,21,30,30,30,30,30,9,9,9,4,4,23,,,,,,,,
13772,2.0585585585585586,0.7676689129460663,0,0,1,"[17, 26, 14, 5]",59,91,72,2.0,2.0,2.0,2.0,3.0,3.0,1.0,1.0,3.0,1.0,3.0,1.0,1.0,2.0,1.0,2.0,2.0,2.0,2.0,1.0,1.0,2.0,2.0,2.0,1.0,1.0,3.0,2.0,3.0,2.0,3.0,1.0,2.0,1.0,2.0,3.0,3.0,2.0,2.0,2.0,2.0,3.0,3.0,2.0,2.0,1.0,2.0,3.0,3.0,1.0,1.0,2.0,1.0,3.0,2.0,2.0,1.0,1.0,2.0,3.0,3.0,1.0,3.0,2.0,2.0,2.0,2.0,3.0,3.0,1.0,2.0,1.0,3.0,2.0,1.0,1.0,2.0,2.0,3.0,3.0,2.0,3.0,1.0,3.0,1.0,1.0,2.0,2.0,2.0,1.0,2.0,2.0,3.0,3.0,2.0,2.0,2.0,1.0,1.0,2.0,3.0,1.0,3.0,2.0,3.0,2.0,3.0,1.0,1.0,2.0,3.0,3.0,3.0,3.0,3.0,1.0,3.0,3.0,2.0,1.0,2.0,3.0,2.0,3.0,3.0,2.0,3.0,2.0,3.0,1.0,3.0,2.0,1.0,2.0,1.0,1.0,1.0,2.0,2.0,2.0,1.0,1.0,3.0,1.0,3.0,3.0,3.0,2.0,1.0,1.0,2.0,3.0,3.0,2.0,1.0,1.0,3.0,3.0,1.0,3.0,3.0,2.0,2.0,3.0,2.0,3.0,3.0,1.0,3.0,2.0,2.0,1.0,1.0,3.0,2.0,3.0,2.0,2.0,3.0,2.0,2.0,3.0,3.0,2.0,3.0,2.0,2.0,1.0,2.0,3.0,1.0,3.0,1.0,2.0,2.0,2.0,2.0,3.0,2.0,1.0,1.0,3.0,1.0,2.0,3.0,2.0,2.0,2.0,1.0,2.0,2.0,3.0,2.0,3.0,3.0,2.0,1.0,2.0,,,,,,,,,,,,,,,,,,,,,,,,,,,,,,,,,,,,,,,,,,,,,,,,,,,,,,,,,,,,,,,,,,,,,,,,,,,,,,,,,,,,,,,,,,,,,,,,,,,,,,,,,,,,,,,,,,,,,,,,,,,,,,,,,,,,,,,,,,,,,,,,,,,,,,,,,,,,,,,,,,,,,,,,,,,,,,,,,,,,,,,,,,,,,,,,,,,,,,,,,,,,,,,,,,,,,,,,,,,7,7,27,6,13,13,6,7,6,6,27,6,8,6,7,27,27,6,13,25,7,27,27,2,8,30,7,7,7,7,19,16,20,12,7,2,2,2,20,2,20,20,20,6,6,20,20,27,27,20,20,6,20,6,20,20,20,7,20,6,20,20,20,25,19,20,15,15,8,15,15,16,15,15,15,3,3,3,3,3,32,32,32,32,32,32,13,13,13,13,2,6,13,13,13,6,6,13,13,13,13,13,30,1,1,1,1,1,1,1,1,1,28,28,28,28,28,28,31,18,18,18,18,18,18,10,10,10,31,8,8,15,8,15,8,8,15,28,28,12,25,25,31,10,31,31,31,31,13,13,31,31,31,31,11,30,11,11,11,11,24,2,21,24,30,24,24,24,24,21,12,12,9,9,12,9,9,16,16,16,16,16,16,16,16,16,4,16,16,16,16,16,7,16,16,16,16,29,29,11,29,21,9,21,21,9,21,30,30,30,6,30,9,9,9,4,4,23,1.0,2.0,3.0,2.0,6,6,27,27
13773,2.054054054054054,0.7825915624551698,2,0,1,"[14, 17, 5]",62,86,74,1.0,1.0,1.0,2.0,2.0,2.0,1.0,3.0,3.0,1.0,1.0,1.0,1.0,2.0,1.0,2.0,2.0,2.0,2.0,1.0,1.0,2.0,2.0,3.0,1.0,1.0,3.0,1.0,3.0,3.0,3.0,1.0,1.0,3.0,3.0,3.0,3.0,1.0,3.0,2.0,1.0,2.0,2.0,1.0,1.0,3.0,2.0,1.0,1.0,3.0,3.0,2.0,2.0,1.0,3.0,3.0,2.0,2.0,3.0,3.0,2.0,3.0,1.0,3.0,2.0,1.0,2.0,3.0,3.0,1.0,2.0,1.0,3.0,2.0,1.0,1.0,2.0,2.0,3.0,3.0,2.0,3.0,2.0,3.0,1.0,3.0,2.0,2.0,2.0,1.0,2.0,2.0,3.0,3.0,3.0,2.0,2.0,1.0,1.0,2.0,3.0,1.0,1.0,2.0,3.0,2.0,3.0,1.0,2.0,3.0,3.0,3.0,2.0,2.0,1.0,2.0,3.0,3.0,3.0,1.0,2.0,3.0,2.0,3.0,3.0,2.0,2.0,2.0,2.0,1.0,3.0,2.0,1.0,2.0,1.0,2.0,2.0,3.0,3.0,3.0,2.0,2.0,3.0,2.0,3.0,3.0,3.0,2.0,1.0,1.0,2.0,3.0,3.0,2.0,1.0,2.0,1.0,3.0,1.0,2.0,3.0,1.0,1.0,3.0,3.0,3.0,3.0,1.0,3.0,2.0,2.0,1.0,2.0,2.0,2.0,2.0,3.0,2.0,3.0,2.0,2.0,3.0,3.0,2.0,3.0,2.0,3.0,1.0,2.0,1.0,1.0,3.0,2.0,2.0,2.0,2.0,2.0,2.0,1.0,3.0,1.0,1.0,2.0,2.0,3.0,3.0,1.0,2.0,1.0,2.0,1.0,3.0,2.0,3.0,3.0,2.0,2.0,2.0,,,,,,,,,,,,,,,,,,,,,,,,,,,,,,,,,,,,,,,,,,,,,,,,,,,,,,,,,,,,,,,,,,,,,,,,,,,,,,,,,,,,,,,,,,,,,,,,,,,,,,,,,,,,,,,,,,,,,,,,,,,,,,,,,,,,,,,,,,,,,,,,,,,,,,,,,,,,,,,,,,,,,,,,,,,,,,,,,,,,,,,,,,,,,,,,,,,,,,,,,,,,,,,,,,,,,,,,,,,20,20,20,6,20,20,6,13,6,6,20,6,8,6,7,27,27,6,13,25,7,27,27,13,8,30,7,12,7,3,19,16,7,27,27,2,2,20,2,2,2,2,7,7,7,6,20,7,7,6,6,6,7,27,27,27,7,2,7,6,7,6,7,3,19,15,15,15,8,15,15,16,15,15,15,3,3,3,3,3,32,32,25,32,32,3,13,13,13,13,2,6,13,13,3,6,6,13,13,13,13,13,13,1,1,1,1,1,11,21,1,1,11,11,32,30,28,28,28,18,18,18,18,18,18,10,4,10,10,8,8,15,8,15,8,30,8,25,25,25,31,19,31,31,31,31,31,31,13,13,31,31,31,31,11,11,21,11,11,21,24,26,26,24,24,24,24,24,24,21,12,12,12,12,12,12,12,16,16,16,16,16,16,16,16,16,23,16,16,27,16,16,16,16,16,16,16,26,4,21,29,23,21,21,21,10,23,30,30,30,30,30,9,9,9,4,23,23,1.0,2.0,1.0,1.0,6,6,20,20
13774,2.0765765765765765,0.8230233366445514,0,0,1,"[17, 14, 5, 26]",67,71,84,2.0,2.0,2.0,1.0,2.0,2.0,3.0,1.0,3.0,3.0,3.0,3.0,3.0,1.0,1.0,2.0,2.0,2.0,1.0,1.0,1.0,2.0,2.0,1.0,1.0,1.0,3.0,1.0,3.0,3.0,1.0,3.0,2.0,1.0,2.0,3.0,3.0,1.0,3.0,2.0,1.0,2.0,1.0,2.0,2.0,3.0,1.0,2.0,2.0,3.0,3.0,2.0,3.0,3.0,1.0,1.0,3.0,2.0,1.0,3.0,1.0,3.0,2.0,3.0,2.0,1.0,2.0,3.0,3.0,1.0,2.0,2.0,3.0,2.0,1.0,1.0,2.0,2.0,3.0,3.0,2.0,1.0,1.0,3.0,2.0,3.0,2.0,2.0,2.0,1.0,1.0,1.0,3.0,3.0,3.0,3.0,3.0,1.0,1.0,1.0,3.0,1.0,2.0,2.0,3.0,2.0,3.0,1.0,3.0,1.0,3.0,3.0,3.0,3.0,3.0,1.0,3.0,3.0,3.0,1.0,2.0,3.0,2.0,3.0,3.0,1.0,3.0,2.0,2.0,2.0,3.0,1.0,3.0,3.0,1.0,1.0,1.0,3.0,3.0,2.0,1.0,1.0,3.0,2.0,3.0,3.0,3.0,2.0,1.0,1.0,1.0,3.0,3.0,2.0,1.0,1.0,3.0,3.0,1.0,3.0,3.0,3.0,3.0,3.0,3.0,2.0,3.0,1.0,3.0,1.0,1.0,1.0,1.0,3.0,1.0,3.0,1.0,3.0,1.0,2.0,2.0,3.0,3.0,2.0,2.0,2.0,1.0,1.0,2.0,3.0,2.0,3.0,3.0,2.0,2.0,2.0,2.0,3.0,2.0,2.0,2.0,2.0,1.0,2.0,1.0,2.0,1.0,2.0,2.0,2.0,1.0,3.0,2.0,3.0,3.0,2.0,2.0,2.0,,,,,,,,,,,,,,,,,,,,,,,,,,,,,,,,,,,,,,,,,,,,,,,,,,,,,,,,,,,,,,,,,,,,,,,,,,,,,,,,,,,,,,,,,,,,,,,,,,,,,,,,,,,,,,,,,,,,,,,,,,,,,,,,,,,,,,,,,,,,,,,,,,,,,,,,,,,,,,,,,,,,,,,,,,,,,,,,,,,,,,,,,,,,,,,,,,,,,,,,,,,,,,,,,,,,,,,,,,,7,7,27,20,20,20,7,7,6,27,27,20,20,7,7,27,27,6,20,25,7,27,27,7,8,30,7,12,7,3,20,27,20,12,7,2,2,20,2,2,2,2,6,6,6,6,6,6,6,6,6,6,6,6,6,6,6,2,6,6,6,6,6,3,19,15,15,15,8,15,15,15,15,15,15,3,3,3,3,3,32,30,32,32,8,3,13,13,13,13,13,13,13,13,3,13,13,13,13,20,13,13,12,1,1,1,1,1,21,7,1,1,28,28,28,28,28,28,28,18,18,18,18,18,18,11,10,10,10,30,8,8,23,8,8,8,15,25,25,12,25,25,31,31,31,31,31,31,13,13,19,31,31,31,11,30,11,11,11,11,24,24,24,24,24,13,24,24,24,12,23,12,9,9,31,9,13,9,10,16,16,16,16,16,23,16,16,16,16,16,23,16,23,16,16,16,16,29,29,29,31,4,9,21,4,9,23,30,4,30,30,30,9,9,9,4,23,23,1.0,1.0,3.0,2.0,6,20,27,27
13775,2.045045045045045,0.7476949481695887,0,1,1,"[17, 5, 14, 29]",57,98,67,2.0,2.0,2.0,2.0,3.0,3.0,1.0,1.0,3.0,1.0,2.0,1.0,1.0,2.0,1.0,1.0,1.0,2.0,2.0,1.0,1.0,1.0,3.0,2.0,2.0,1.0,3.0,1.0,3.0,2.0,3.0,1.0,2.0,1.0,1.0,3.0,3.0,2.0,2.0,2.0,2.0,3.0,3.0,3.0,3.0,2.0,2.0,3.0,3.0,1.0,1.0,2.0,1.0,3.0,2.0,2.0,1.0,1.0,2.0,2.0,3.0,1.0,3.0,1.0,1.0,1.0,2.0,3.0,3.0,2.0,3.0,2.0,3.0,2.0,2.0,1.0,2.0,2.0,2.0,2.0,2.0,3.0,2.0,3.0,2.0,1.0,2.0,2.0,2.0,3.0,2.0,2.0,2.0,2.0,2.0,2.0,2.0,3.0,3.0,2.0,2.0,1.0,3.0,2.0,3.0,2.0,3.0,1.0,1.0,2.0,3.0,3.0,3.0,3.0,1.0,2.0,3.0,3.0,3.0,1.0,2.0,3.0,2.0,3.0,3.0,2.0,3.0,1.0,2.0,1.0,3.0,3.0,1.0,3.0,2.0,1.0,1.0,2.0,2.0,3.0,2.0,1.0,3.0,2.0,2.0,3.0,3.0,2.0,2.0,2.0,2.0,2.0,2.0,2.0,1.0,2.0,3.0,2.0,1.0,3.0,3.0,1.0,1.0,3.0,3.0,3.0,3.0,1.0,3.0,1.0,1.0,2.0,2.0,1.0,3.0,2.0,3.0,2.0,1.0,2.0,2.0,3.0,2.0,2.0,3.0,2.0,3.0,1.0,2.0,3.0,2.0,3.0,3.0,2.0,3.0,2.0,2.0,2.0,1.0,3.0,2.0,2.0,2.0,2.0,1.0,1.0,1.0,2.0,1.0,2.0,1.0,3.0,2.0,1.0,1.0,2.0,2.0,2.0,,,,,,,,,,,,,,,,,,,,,,,,,,,,,,,,,,,,,,,,,,,,,,,,,,,,,,,,,,,,,,,,,,,,,,,,,,,,,,,,,,,,,,,,,,,,,,,,,,,,,,,,,,,,,,,,,,,,,,,,,,,,,,,,,,,,,,,,,,,,,,,,,,,,,,,,,,,,,,,,,,,,,,,,,,,,,,,,,,,,,,,,,,,,,,,,,,,,,,,,,,,,,,,,,,,,,,,,,,,7,7,27,6,13,13,6,7,6,6,13,6,8,6,7,20,21,6,13,25,7,13,13,2,20,30,7,12,7,7,19,16,20,12,13,2,2,2,20,2,20,20,20,27,27,7,20,27,27,20,20,6,20,6,20,20,20,7,20,20,20,20,20,19,20,15,15,15,8,2,6,15,15,15,2,3,3,3,13,13,32,32,25,32,8,32,13,13,13,20,2,6,27,27,13,6,6,27,27,13,20,13,30,1,1,1,1,1,1,1,1,1,28,28,32,30,28,28,28,18,18,18,18,18,18,10,10,11,10,8,8,6,8,8,9,8,15,28,28,25,31,25,31,31,16,31,31,31,31,31,31,16,16,31,11,11,11,12,11,11,24,26,26,24,24,24,24,24,24,12,23,7,12,26,23,12,12,16,10,16,16,16,7,16,16,16,23,16,16,16,23,16,23,16,6,16,16,26,4,21,31,4,21,21,4,21,23,30,30,30,30,30,9,12,12,4,23,23,1.0,2.0,2.0,2.0,6,6,13,27
13776,2.0495495495495497,0.7857755627978602,1,0,0,"[5, 14, 17, 26]",63,85,74,3.0,3.0,2.0,2.0,2.0,2.0,2.0,2.0,3.0,1.0,3.0,1.0,1.0,3.0,3.0,1.0,1.0,2.0,2.0,2.0,3.0,1.0,3.0,1.0,1.0,1.0,3.0,1.0,3.0,3.0,1.0,1.0,1.0,1.0,1.0,3.0,3.0,1.0,3.0,2.0,1.0,2.0,1.0,2.0,2.0,2.0,2.0,1.0,1.0,1.0,1.0,2.0,2.0,3.0,2.0,2.0,2.0,2.0,3.0,1.0,2.0,3.0,1.0,1.0,2.0,1.0,2.0,1.0,2.0,1.0,2.0,2.0,3.0,2.0,1.0,1.0,2.0,2.0,3.0,3.0,2.0,3.0,1.0,3.0,1.0,1.0,2.0,2.0,2.0,1.0,2.0,2.0,3.0,3.0,3.0,2.0,2.0,1.0,1.0,1.0,3.0,1.0,3.0,2.0,3.0,2.0,3.0,1.0,2.0,3.0,3.0,3.0,3.0,3.0,3.0,1.0,3.0,3.0,3.0,1.0,2.0,3.0,2.0,3.0,3.0,2.0,3.0,2.0,2.0,1.0,3.0,1.0,1.0,3.0,1.0,2.0,1.0,3.0,3.0,3.0,2.0,1.0,3.0,2.0,3.0,3.0,3.0,2.0,1.0,1.0,2.0,2.0,2.0,2.0,1.0,1.0,3.0,2.0,1.0,3.0,3.0,3.0,3.0,3.0,3.0,1.0,3.0,1.0,3.0,2.0,2.0,1.0,2.0,3.0,2.0,2.0,2.0,3.0,3.0,2.0,2.0,3.0,3.0,2.0,3.0,2.0,2.0,1.0,2.0,3.0,1.0,3.0,2.0,2.0,2.0,2.0,2.0,3.0,2.0,2.0,2.0,2.0,1.0,2.0,1.0,2.0,1.0,3.0,1.0,2.0,2.0,3.0,2.0,3.0,3.0,2.0,1.0,2.0,,,,,,,,,,,,,,,,,,,,,,,,,,,,,,,,,,,,,,,,,,,,,,,,,,,,,,,,,,,,,,,,,,,,,,,,,,,,,,,,,,,,,,,,,,,,,,,,,,,,,,,,,,,,,,,,,,,,,,,,,,,,,,,,,,,,,,,,,,,,,,,,,,,,,,,,,,,,,,,,,,,,,,,,,,,,,,,,,,,,,,,,,,,,,,,,,,,,,,,,,,,,,,,,,,,,,,,,,,,27,27,27,6,20,20,20,20,6,6,27,6,8,27,27,20,21,6,13,27,27,13,13,7,8,30,7,12,7,3,20,16,7,12,13,2,2,20,2,2,2,2,6,6,6,7,20,7,7,20,20,6,7,6,20,20,7,2,7,7,7,6,7,19,19,15,15,11,15,15,15,15,15,15,15,3,3,3,3,3,32,32,32,32,32,32,13,13,13,13,2,6,13,13,3,6,6,13,13,20,13,13,30,1,1,1,1,1,11,21,1,1,28,28,28,28,28,28,28,18,18,18,18,18,18,10,10,10,10,8,8,8,8,8,8,30,15,25,25,25,31,25,31,31,31,31,31,31,13,13,31,16,16,31,11,30,11,12,11,11,24,24,24,24,24,30,24,24,24,21,12,12,12,9,12,12,9,9,16,16,16,16,16,16,16,16,4,16,16,16,16,16,16,16,16,16,16,29,29,29,31,4,9,21,4,9,23,6,30,30,6,30,9,9,9,4,4,23,1.0,2.0,3.0,2.0,6,6,27,27
13777,2.1171171171171173,0.7638760262677339,3,0,0,"[14, 5, 26, 17]",53,90,79,3.0,3.0,2.0,2.0,2.0,2.0,1.0,1.0,3.0,1.0,3.0,1.0,1.0,3.0,3.0,1.0,1.0,2.0,2.0,2.0,3.0,1.0,3.0,1.0,1.0,1.0,3.0,1.0,3.0,1.0,1.0,1.0,1.0,1.0,1.0,3.0,3.0,1.0,3.0,2.0,1.0,2.0,2.0,2.0,2.0,2.0,2.0,1.0,1.0,3.0,3.0,2.0,2.0,3.0,2.0,2.0,2.0,2.0,3.0,1.0,2.0,3.0,1.0,3.0,2.0,3.0,2.0,3.0,3.0,1.0,2.0,3.0,3.0,2.0,1.0,1.0,2.0,2.0,3.0,3.0,2.0,3.0,2.0,3.0,2.0,3.0,2.0,2.0,2.0,1.0,2.0,2.0,3.0,3.0,1.0,2.0,2.0,1.0,1.0,1.0,3.0,1.0,3.0,2.0,3.0,2.0,3.0,2.0,1.0,2.0,3.0,3.0,3.0,3.0,1.0,2.0,3.0,3.0,3.0,1.0,2.0,3.0,2.0,3.0,3.0,2.0,2.0,2.0,2.0,1.0,2.0,1.0,3.0,3.0,2.0,2.0,2.0,3.0,3.0,3.0,2.0,1.0,3.0,1.0,2.0,3.0,3.0,2.0,2.0,2.0,2.0,3.0,3.0,2.0,1.0,2.0,3.0,3.0,1.0,3.0,3.0,3.0,3.0,3.0,1.0,2.0,3.0,1.0,3.0,1.0,2.0,1.0,1.0,3.0,2.0,3.0,3.0,3.0,3.0,2.0,2.0,3.0,3.0,2.0,3.0,2.0,1.0,2.0,2.0,3.0,1.0,3.0,2.0,2.0,2.0,2.0,2.0,1.0,2.0,2.0,2.0,2.0,2.0,2.0,3.0,2.0,1.0,2.0,2.0,3.0,1.0,2.0,2.0,3.0,3.0,2.0,2.0,2.0,,,,,,,,,,,,,,,,,,,,,,,,,,,,,,,,,,,,,,,,,,,,,,,,,,,,,,,,,,,,,,,,,,,,,,,,,,,,,,,,,,,,,,,,,,,,,,,,,,,,,,,,,,,,,,,,,,,,,,,,,,,,,,,,,,,,,,,,,,,,,,,,,,,,,,,,,,,,,,,,,,,,,,,,,,,,,,,,,,,,,,,,,,,,,,,,,,,,,,,,,,,,,,,,,,,,,,,,,,,27,27,27,6,20,20,6,7,6,6,27,6,8,27,27,20,21,6,13,27,27,13,13,7,8,30,7,12,7,30,20,16,7,12,13,2,2,20,2,2,2,2,7,6,6,7,20,7,7,6,6,6,7,6,20,20,7,2,7,7,7,6,7,3,19,6,15,15,8,15,15,19,15,15,15,3,3,3,3,3,32,32,25,32,8,3,13,13,13,13,2,6,13,13,20,6,6,13,13,20,13,13,30,1,1,1,1,30,1,1,1,1,28,28,32,30,28,28,28,18,18,18,18,18,18,10,4,10,10,8,23,8,23,8,9,30,8,25,25,25,31,25,31,10,16,31,31,31,31,31,31,31,31,31,11,11,11,11,11,11,24,24,24,24,4,13,24,24,24,12,12,12,9,9,12,9,12,9,16,16,16,16,16,16,16,16,16,20,16,16,16,16,16,16,16,16,16,4,29,29,31,4,21,21,21,9,23,30,4,4,30,4,9,9,9,4,23,23,1.0,2.0,3.0,2.0,6,6,27,27
13778,2.027027027027027,0.7485667688396479,1,1,2,"[14, 5, 17]",59,98,65,2.0,2.0,2.0,2.0,3.0,3.0,3.0,3.0,3.0,1.0,2.0,1.0,1.0,2.0,1.0,1.0,1.0,2.0,2.0,1.0,1.0,1.0,3.0,3.0,3.0,1.0,1.0,1.0,1.0,1.0,3.0,2.0,2.0,1.0,1.0,2.0,2.0,2.0,1.0,2.0,1.0,2.0,3.0,3.0,3.0,1.0,2.0,3.0,3.0,1.0,1.0,2.0,2.0,3.0,2.0,2.0,3.0,2.0,3.0,2.0,3.0,1.0,3.0,2.0,2.0,3.0,2.0,2.0,2.0,1.0,2.0,2.0,3.0,2.0,1.0,1.0,2.0,2.0,2.0,2.0,2.0,3.0,1.0,3.0,1.0,1.0,3.0,1.0,1.0,2.0,2.0,2.0,2.0,2.0,2.0,2.0,2.0,3.0,3.0,2.0,2.0,2.0,2.0,2.0,3.0,1.0,3.0,1.0,2.0,3.0,3.0,3.0,3.0,3.0,3.0,1.0,3.0,3.0,3.0,1.0,2.0,3.0,2.0,3.0,3.0,2.0,3.0,2.0,2.0,1.0,3.0,2.0,1.0,2.0,1.0,1.0,2.0,1.0,1.0,3.0,2.0,1.0,2.0,2.0,3.0,3.0,3.0,2.0,2.0,2.0,2.0,2.0,2.0,2.0,1.0,1.0,3.0,3.0,1.0,1.0,3.0,1.0,1.0,3.0,1.0,2.0,3.0,1.0,3.0,2.0,2.0,1.0,1.0,1.0,2.0,3.0,2.0,2.0,3.0,2.0,2.0,2.0,3.0,2.0,3.0,2.0,1.0,1.0,2.0,3.0,1.0,3.0,2.0,3.0,2.0,2.0,2.0,3.0,2.0,3.0,2.0,2.0,2.0,2.0,3.0,2.0,1.0,2.0,2.0,2.0,1.0,3.0,2.0,3.0,3.0,2.0,1.0,2.0,,,,,,,,,,,,,,,,,,,,,,,,,,,,,,,,,,,,,,,,,,,,,,,,,,,,,,,,,,,,,,,,,,,,,,,,,,,,,,,,,,,,,,,,,,,,,,,,,,,,,,,,,,,,,,,,,,,,,,,,,,,,,,,,,,,,,,,,,,,,,,,,,,,,,,,,,,,,,,,,,,,,,,,,,,,,,,,,,,,,,,,,,,,,,,,,,,,,,,,,,,,,,,,,,,,,,,,,,,,7,7,27,6,13,13,7,13,6,6,13,6,8,6,7,20,21,6,13,25,7,13,13,13,7,30,13,12,13,30,19,7,20,12,13,21,21,2,7,2,2,2,20,27,27,20,20,27,27,20,20,6,7,6,20,20,6,2,7,20,20,20,20,25,19,6,15,6,15,15,15,15,15,15,15,3,3,3,13,13,32,32,32,32,32,32,16,20,20,2,2,6,27,27,13,6,6,27,27,13,20,2,12,1,1,11,1,1,11,21,1,1,28,28,28,28,28,28,28,18,18,18,18,18,18,10,10,10,10,8,8,15,8,15,8,8,8,30,30,25,31,25,6,31,31,31,31,31,31,31,31,16,16,31,11,30,11,11,11,4,24,26,26,24,4,13,24,24,24,21,12,12,9,26,12,9,9,16,16,16,16,7,16,16,16,16,16,16,16,16,16,16,16,7,16,16,16,29,29,21,31,4,21,21,21,9,23,30,4,30,30,30,9,9,9,4,4,23,1.0,2.0,2.0,2.0,6,6,13,27
13779,2.0585585585585586,0.7908948444176505,1,0,0,"[14, 5, 17, 29]",63,83,76,3.0,3.0,2.0,2.0,2.0,2.0,1.0,3.0,3.0,1.0,3.0,1.0,1.0,3.0,3.0,1.0,1.0,2.0,2.0,2.0,3.0,1.0,3.0,3.0,1.0,1.0,3.0,1.0,3.0,3.0,1.0,1.0,1.0,1.0,1.0,3.0,3.0,1.0,3.0,2.0,1.0,2.0,2.0,2.0,2.0,2.0,2.0,2.0,2.0,1.0,1.0,2.0,2.0,3.0,2.0,2.0,2.0,2.0,3.0,1.0,2.0,2.0,1.0,3.0,2.0,1.0,2.0,3.0,3.0,1.0,2.0,2.0,3.0,2.0,1.0,1.0,2.0,2.0,3.0,3.0,1.0,3.0,1.0,3.0,1.0,3.0,3.0,2.0,2.0,1.0,2.0,2.0,3.0,3.0,3.0,2.0,2.0,1.0,1.0,1.0,3.0,1.0,1.0,2.0,3.0,2.0,3.0,1.0,1.0,2.0,3.0,3.0,3.0,3.0,1.0,2.0,3.0,3.0,3.0,1.0,2.0,3.0,2.0,3.0,3.0,1.0,3.0,2.0,2.0,1.0,3.0,2.0,2.0,3.0,1.0,2.0,2.0,2.0,2.0,3.0,1.0,1.0,3.0,1.0,3.0,3.0,3.0,2.0,2.0,2.0,1.0,3.0,3.0,2.0,1.0,2.0,3.0,3.0,1.0,2.0,3.0,1.0,1.0,3.0,2.0,3.0,3.0,1.0,3.0,2.0,2.0,1.0,1.0,3.0,1.0,3.0,2.0,3.0,3.0,2.0,2.0,3.0,1.0,2.0,3.0,1.0,1.0,1.0,2.0,3.0,1.0,3.0,2.0,2.0,3.0,2.0,2.0,2.0,1.0,3.0,2.0,2.0,2.0,2.0,3.0,2.0,1.0,2.0,2.0,2.0,1.0,3.0,2.0,3.0,3.0,2.0,1.0,2.0,,,,,,,,,,,,,,,,,,,,,,,,,,,,,,,,,,,,,,,,,,,,,,,,,,,,,,,,,,,,,,,,,,,,,,,,,,,,,,,,,,,,,,,,,,,,,,,,,,,,,,,,,,,,,,,,,,,,,,,,,,,,,,,,,,,,,,,,,,,,,,,,,,,,,,,,,,,,,,,,,,,,,,,,,,,,,,,,,,,,,,,,,,,,,,,,,,,,,,,,,,,,,,,,,,,,,,,,,,,27,27,27,6,20,20,6,13,6,6,27,6,8,27,27,20,21,6,13,27,27,13,13,13,8,30,7,12,7,3,20,16,7,12,13,2,2,20,2,2,2,2,7,6,6,7,20,6,6,20,20,6,7,6,20,20,7,2,7,7,7,7,7,3,19,15,15,15,8,15,15,15,15,15,15,3,3,3,3,3,20,32,32,32,32,3,16,13,13,13,2,6,13,13,3,6,6,13,13,20,13,13,13,1,1,1,1,1,1,1,1,1,28,28,32,30,28,28,28,18,18,18,18,18,18,11,10,10,10,8,8,15,16,8,8,30,8,28,28,25,25,25,31,10,31,31,31,31,31,31,19,31,31,31,11,11,11,11,11,21,24,26,26,24,30,24,24,24,24,21,12,12,9,9,31,9,9,9,16,16,16,16,6,16,16,21,16,16,16,16,16,16,16,16,6,16,16,26,4,21,31,4,21,21,21,9,23,30,4,30,30,30,9,9,9,4,4,23,1.0,2.0,3.0,2.0,6,6,27,27
13780,2.1126126126126126,0.7792114725382481,1,0,1,"[14, 5]",56,85,81,3.0,3.0,2.0,2.0,3.0,3.0,3.0,1.0,3.0,1.0,3.0,1.0,1.0,3.0,3.0,1.0,1.0,1.0,2.0,2.0,3.0,1.0,1.0,1.0,1.0,1.0,3.0,2.0,3.0,3.0,3.0,2.0,2.0,2.0,2.0,3.0,3.0,2.0,3.0,2.0,1.0,2.0,3.0,2.0,2.0,1.0,2.0,2.0,2.0,3.0,3.0,2.0,1.0,3.0,2.0,2.0,1.0,3.0,2.0,2.0,3.0,1.0,2.0,3.0,2.0,1.0,2.0,3.0,3.0,1.0,2.0,1.0,3.0,2.0,1.0,1.0,2.0,2.0,3.0,3.0,2.0,3.0,1.0,3.0,1.0,3.0,3.0,2.0,2.0,1.0,2.0,2.0,3.0,3.0,3.0,2.0,2.0,1.0,1.0,2.0,3.0,1.0,3.0,2.0,3.0,2.0,3.0,1.0,1.0,2.0,3.0,3.0,3.0,3.0,1.0,2.0,3.0,3.0,3.0,3.0,1.0,3.0,2.0,3.0,3.0,1.0,3.0,2.0,2.0,2.0,3.0,2.0,1.0,2.0,1.0,2.0,2.0,2.0,2.0,3.0,1.0,1.0,3.0,1.0,2.0,3.0,3.0,2.0,1.0,1.0,2.0,3.0,3.0,2.0,1.0,2.0,3.0,2.0,1.0,3.0,3.0,3.0,3.0,3.0,3.0,2.0,3.0,1.0,3.0,1.0,1.0,1.0,1.0,1.0,1.0,3.0,2.0,3.0,3.0,2.0,2.0,3.0,3.0,2.0,3.0,2.0,3.0,1.0,2.0,3.0,3.0,3.0,2.0,2.0,2.0,2.0,2.0,2.0,2.0,2.0,2.0,1.0,1.0,2.0,1.0,2.0,1.0,2.0,1.0,2.0,2.0,2.0,2.0,3.0,3.0,2.0,2.0,2.0,,,,,,,,,,,,,,,,,,,,,,,,,,,,,,,,,,,,,,,,,,,,,,,,,,,,,,,,,,,,,,,,,,,,,,,,,,,,,,,,,,,,,,,,,,,,,,,,,,,,,,,,,,,,,,,,,,,,,,,,,,,,,,,,,,,,,,,,,,,,,,,,,,,,,,,,,,,,,,,,,,,,,,,,,,,,,,,,,,,,,,,,,,,,,,,,,,,,,,,,,,,,,,,,,,,,,,,,,,,27,27,27,6,13,13,7,7,6,6,27,6,8,27,27,20,21,7,13,27,27,13,7,7,8,30,7,7,7,3,19,7,20,7,7,2,2,2,2,2,2,2,20,6,6,20,20,6,6,6,6,6,20,6,20,20,20,6,20,20,20,20,6,3,19,15,15,15,8,15,15,16,15,15,15,3,3,3,3,3,32,32,32,32,32,3,16,13,13,13,2,6,13,13,3,6,6,13,13,13,13,13,30,1,1,1,1,1,1,1,1,1,28,28,32,30,28,28,28,17,17,18,18,18,18,11,10,10,10,30,8,15,8,15,8,30,8,28,28,25,25,25,31,10,16,31,31,31,13,13,31,31,31,31,11,11,11,12,11,11,24,24,24,24,24,13,24,24,24,12,23,12,9,26,31,9,9,9,16,16,16,16,16,16,16,16,23,16,16,16,7,16,16,16,16,16,16,26,29,29,31,23,9,21,4,9,23,30,30,30,6,4,9,9,9,4,23,23,1.0,2.0,3.0,2.0,6,6,27,27
13781,2.0765765765765765,0.7950588304542312,1,0,0,"[14, 5, 17, 26]",62,81,79,3.0,3.0,2.0,1.0,2.0,2.0,2.0,2.0,1.0,3.0,3.0,3.0,3.0,3.0,3.0,1.0,1.0,1.0,2.0,3.0,1.0,1.0,1.0,1.0,1.0,2.0,3.0,2.0,3.0,3.0,3.0,3.0,1.0,2.0,2.0,3.0,3.0,1.0,3.0,2.0,1.0,2.0,1.0,2.0,2.0,3.0,1.0,2.0,2.0,3.0,3.0,2.0,3.0,3.0,1.0,1.0,3.0,2.0,1.0,3.0,1.0,3.0,2.0,3.0,2.0,1.0,2.0,3.0,3.0,1.0,2.0,2.0,2.0,2.0,1.0,1.0,2.0,2.0,3.0,3.0,2.0,3.0,1.0,3.0,1.0,3.0,3.0,2.0,2.0,1.0,1.0,1.0,3.0,3.0,3.0,3.0,3.0,1.0,1.0,2.0,3.0,1.0,3.0,2.0,3.0,2.0,3.0,1.0,1.0,2.0,3.0,3.0,3.0,3.0,1.0,2.0,2.0,2.0,3.0,1.0,2.0,3.0,2.0,3.0,3.0,2.0,3.0,2.0,2.0,1.0,3.0,2.0,2.0,2.0,1.0,1.0,2.0,3.0,3.0,3.0,2.0,1.0,3.0,2.0,2.0,3.0,3.0,2.0,2.0,2.0,2.0,3.0,3.0,1.0,1.0,1.0,3.0,1.0,1.0,3.0,3.0,3.0,3.0,3.0,2.0,1.0,3.0,1.0,3.0,1.0,1.0,1.0,2.0,2.0,2.0,2.0,3.0,2.0,3.0,2.0,2.0,3.0,3.0,2.0,3.0,2.0,1.0,1.0,1.0,2.0,2.0,3.0,3.0,2.0,1.0,2.0,2.0,3.0,2.0,1.0,2.0,2.0,1.0,2.0,1.0,2.0,2.0,2.0,2.0,1.0,1.0,3.0,2.0,1.0,1.0,2.0,2.0,2.0,,,,,,,,,,,,,,,,,,,,,,,,,,,,,,,,,,,,,,,,,,,,,,,,,,,,,,,,,,,,,,,,,,,,,,,,,,,,,,,,,,,,,,,,,,,,,,,,,,,,,,,,,,,,,,,,,,,,,,,,,,,,,,,,,,,,,,,,,,,,,,,,,,,,,,,,,,,,,,,,,,,,,,,,,,,,,,,,,,,,,,,,,,,,,,,,,,,,,,,,,,,,,,,,,,,,,,,,,,,27,27,27,20,20,20,20,20,7,27,27,20,20,27,27,20,21,7,13,20,7,13,7,7,8,7,7,7,7,3,19,27,7,7,7,2,2,20,2,2,2,2,6,6,6,6,6,6,6,6,6,6,6,6,6,6,6,2,6,6,6,6,6,3,19,15,15,15,8,15,15,15,8,15,15,3,3,3,3,3,32,32,32,32,32,3,16,13,13,13,13,13,13,13,3,13,13,13,13,13,13,13,30,1,1,1,1,1,1,1,1,1,28,28,32,30,25,25,28,18,18,18,18,18,18,10,10,10,10,8,8,15,16,15,8,8,8,25,25,25,31,25,31,31,16,31,31,31,31,31,31,31,31,4,11,30,11,13,11,11,24,24,24,24,30,30,24,24,24,12,23,12,12,12,12,12,12,16,16,16,16,16,16,16,16,16,16,16,11,23,23,16,23,16,23,16,16,29,29,11,31,4,9,21,4,9,21,30,4,23,30,30,9,12,12,4,23,23,1.0,1.0,3.0,2.0,6,20,27,27
13782,1.972972972972973,0.8011243169520794,1,0,1,"[17, 5, 29, 14]",74,80,68,1.0,1.0,1.0,2.0,2.0,2.0,1.0,2.0,3.0,1.0,3.0,1.0,1.0,2.0,1.0,2.0,2.0,2.0,1.0,2.0,3.0,1.0,3.0,2.0,1.0,1.0,1.0,1.0,1.0,3.0,1.0,1.0,1.0,1.0,1.0,3.0,3.0,1.0,1.0,2.0,1.0,1.0,2.0,1.0,1.0,2.0,2.0,1.0,1.0,2.0,2.0,2.0,2.0,3.0,3.0,3.0,2.0,1.0,3.0,1.0,2.0,2.0,1.0,3.0,2.0,3.0,2.0,3.0,2.0,2.0,2.0,2.0,3.0,2.0,2.0,1.0,2.0,2.0,3.0,3.0,2.0,3.0,1.0,3.0,1.0,3.0,2.0,2.0,2.0,1.0,2.0,2.0,3.0,3.0,3.0,2.0,2.0,1.0,1.0,1.0,3.0,1.0,1.0,2.0,3.0,2.0,3.0,1.0,1.0,2.0,3.0,3.0,3.0,3.0,1.0,2.0,3.0,3.0,3.0,1.0,2.0,3.0,2.0,3.0,3.0,2.0,1.0,2.0,2.0,1.0,3.0,3.0,1.0,2.0,1.0,1.0,1.0,2.0,2.0,3.0,1.0,1.0,3.0,1.0,3.0,3.0,3.0,2.0,2.0,2.0,1.0,3.0,3.0,2.0,1.0,2.0,3.0,3.0,1.0,3.0,3.0,1.0,1.0,3.0,1.0,3.0,3.0,1.0,3.0,2.0,1.0,1.0,1.0,1.0,3.0,3.0,2.0,2.0,3.0,2.0,2.0,3.0,3.0,2.0,3.0,1.0,1.0,1.0,2.0,3.0,1.0,3.0,2.0,2.0,3.0,2.0,2.0,2.0,1.0,3.0,2.0,2.0,2.0,2.0,3.0,1.0,2.0,2.0,2.0,3.0,1.0,2.0,2.0,3.0,3.0,2.0,1.0,2.0,,,,,,,,,,,,,,,,,,,,,,,,,,,,,,,,,,,,,,,,,,,,,,,,,,,,,,,,,,,,,,,,,,,,,,,,,,,,,,,,,,,,,,,,,,,,,,,,,,,,,,,,,,,,,,,,,,,,,,,,,,,,,,,,,,,,,,,,,,,,,,,,,,,,,,,,,,,,,,,,,,,,,,,,,,,,,,,,,,,,,,,,,,,,,,,,,,,,,,,,,,,,,,,,,,,,,,,,,,,20,20,20,6,20,20,6,20,6,6,27,6,8,6,7,27,27,6,20,27,27,13,13,2,8,30,13,12,13,3,20,16,7,12,13,2,2,20,7,2,2,7,7,7,7,7,20,7,7,27,27,6,7,6,27,27,7,7,7,7,7,7,7,3,19,6,15,15,15,2,15,15,15,15,2,3,3,3,3,3,32,32,32,32,32,3,13,13,13,13,2,6,13,13,3,6,6,13,13,20,13,13,13,1,1,1,1,1,1,1,1,1,28,28,32,30,28,28,28,18,18,18,18,18,18,10,31,10,10,8,8,6,8,15,8,8,15,28,28,25,25,25,31,10,31,31,31,31,31,31,19,31,31,31,11,11,11,11,11,11,24,26,26,24,4,24,24,24,24,21,23,12,9,26,23,9,9,16,16,16,16,16,16,16,16,21,16,16,16,16,16,16,16,16,6,16,16,26,4,21,31,4,21,21,21,21,21,30,4,4,30,4,9,9,9,4,4,23,1.0,2.0,3.0,1.0,6,6,27,20
13783,2.081081081081081,0.7685578565836622,1,1,1,"[17, 14, 5]",57,90,75,3.0,3.0,2.0,1.0,3.0,3.0,3.0,1.0,3.0,3.0,3.0,3.0,3.0,3.0,3.0,1.0,1.0,1.0,2.0,1.0,1.0,1.0,3.0,2.0,1.0,1.0,3.0,2.0,3.0,1.0,2.0,3.0,2.0,2.0,2.0,3.0,3.0,2.0,2.0,2.0,2.0,3.0,1.0,2.0,2.0,3.0,1.0,2.0,2.0,3.0,3.0,2.0,3.0,3.0,1.0,1.0,3.0,3.0,1.0,3.0,1.0,3.0,2.0,1.0,2.0,1.0,2.0,3.0,2.0,2.0,2.0,2.0,3.0,2.0,2.0,2.0,2.0,2.0,1.0,1.0,2.0,3.0,1.0,3.0,1.0,1.0,3.0,2.0,2.0,1.0,2.0,2.0,3.0,3.0,2.0,3.0,3.0,2.0,2.0,2.0,2.0,1.0,2.0,2.0,3.0,2.0,1.0,1.0,2.0,3.0,3.0,3.0,3.0,3.0,3.0,1.0,3.0,3.0,2.0,1.0,2.0,3.0,2.0,3.0,3.0,2.0,2.0,2.0,2.0,1.0,2.0,2.0,1.0,2.0,1.0,1.0,2.0,3.0,3.0,3.0,2.0,1.0,3.0,1.0,2.0,3.0,3.0,3.0,2.0,2.0,2.0,2.0,2.0,2.0,1.0,2.0,3.0,2.0,1.0,1.0,3.0,1.0,1.0,3.0,3.0,3.0,3.0,1.0,3.0,1.0,1.0,1.0,2.0,1.0,1.0,2.0,3.0,2.0,3.0,2.0,2.0,3.0,3.0,2.0,3.0,2.0,3.0,1.0,1.0,3.0,2.0,3.0,3.0,2.0,2.0,2.0,2.0,2.0,1.0,2.0,2.0,2.0,1.0,2.0,1.0,2.0,1.0,2.0,1.0,2.0,1.0,3.0,2.0,1.0,1.0,2.0,3.0,2.0,,,,,,,,,,,,,,,,,,,,,,,,,,,,,,,,,,,,,,,,,,,,,,,,,,,,,,,,,,,,,,,,,,,,,,,,,,,,,,,,,,,,,,,,,,,,,,,,,,,,,,,,,,,,,,,,,,,,,,,,,,,,,,,,,,,,,,,,,,,,,,,,,,,,,,,,,,,,,,,,,,,,,,,,,,,,,,,,,,,,,,,,,,,,,,,,,,,,,,,,,,,,,,,,,,,,,,,,,,,27,27,27,20,13,13,7,7,6,27,27,20,20,27,27,20,21,7,13,25,7,13,13,2,8,30,7,7,7,30,7,27,20,7,7,2,2,2,20,2,20,20,6,6,6,6,6,6,6,6,6,6,6,6,6,6,6,6,6,6,6,6,6,19,19,15,15,15,15,2,15,15,15,15,2,13,3,3,28,28,32,32,32,32,32,32,16,13,13,13,2,6,13,13,13,13,13,6,6,13,20,13,12,1,1,1,23,1,11,21,1,1,28,28,28,28,28,28,31,18,18,18,18,18,18,10,4,10,10,8,23,15,8,15,8,8,8,25,25,25,31,25,31,10,16,31,31,7,31,31,31,16,16,31,11,11,11,12,11,4,24,26,26,24,24,24,24,24,24,12,23,12,12,26,31,12,12,16,16,16,16,16,16,16,16,16,23,16,11,16,23,16,23,16,16,16,16,26,4,29,31,4,9,21,4,9,23,30,30,30,30,30,9,12,12,4,7,23,2.0,2.0,3.0,2.0,13,6,27,27
13784,1.9954954954954955,0.775750973172324,1,0,1,"[5, 14, 17, 29]",67,89,66,1.0,1.0,1.0,2.0,2.0,2.0,1.0,3.0,3.0,1.0,1.0,1.0,1.0,2.0,1.0,2.0,2.0,2.0,2.0,2.0,3.0,2.0,2.0,3.0,1.0,1.0,1.0,1.0,1.0,3.0,3.0,1.0,1.0,1.0,1.0,3.0,3.0,1.0,3.0,2.0,1.0,2.0,2.0,1.0,1.0,2.0,2.0,1.0,1.0,2.0,2.0,2.0,2.0,3.0,3.0,3.0,2.0,2.0,3.0,1.0,2.0,2.0,1.0,2.0,2.0,1.0,2.0,3.0,2.0,1.0,3.0,1.0,3.0,2.0,1.0,1.0,2.0,2.0,3.0,3.0,3.0,3.0,1.0,2.0,1.0,2.0,2.0,2.0,2.0,1.0,2.0,2.0,3.0,3.0,3.0,2.0,2.0,1.0,1.0,2.0,3.0,1.0,3.0,2.0,3.0,2.0,3.0,1.0,2.0,3.0,3.0,3.0,2.0,2.0,3.0,1.0,2.0,2.0,3.0,1.0,2.0,3.0,2.0,3.0,3.0,2.0,3.0,2.0,2.0,1.0,3.0,2.0,1.0,2.0,1.0,1.0,2.0,1.0,1.0,2.0,1.0,1.0,3.0,2.0,3.0,1.0,3.0,2.0,2.0,2.0,3.0,3.0,3.0,2.0,1.0,1.0,3.0,3.0,1.0,2.0,3.0,1.0,1.0,3.0,1.0,3.0,3.0,2.0,3.0,2.0,2.0,1.0,2.0,2.0,1.0,3.0,3.0,3.0,3.0,2.0,2.0,3.0,3.0,2.0,3.0,2.0,2.0,1.0,2.0,3.0,1.0,3.0,2.0,2.0,2.0,2.0,2.0,2.0,1.0,3.0,2.0,3.0,1.0,2.0,3.0,2.0,2.0,2.0,1.0,3.0,1.0,3.0,2.0,3.0,3.0,2.0,1.0,2.0,,,,,,,,,,,,,,,,,,,,,,,,,,,,,,,,,,,,,,,,,,,,,,,,,,,,,,,,,,,,,,,,,,,,,,,,,,,,,,,,,,,,,,,,,,,,,,,,,,,,,,,,,,,,,,,,,,,,,,,,,,,,,,,,,,,,,,,,,,,,,,,,,,,,,,,,,,,,,,,,,,,,,,,,,,,,,,,,,,,,,,,,,,,,,,,,,,,,,,,,,,,,,,,,,,,,,,,,,,,20,20,20,6,20,20,6,13,6,6,20,6,8,6,7,27,27,6,13,27,27,27,27,13,8,30,13,12,13,3,19,16,7,12,13,2,2,20,2,2,2,2,7,7,7,7,20,7,7,27,27,6,7,6,27,27,7,2,7,7,7,7,7,25,19,15,15,15,15,15,6,16,15,15,15,3,3,3,3,3,28,32,32,6,32,28,13,13,13,13,2,6,13,13,3,6,6,13,13,13,13,13,30,1,1,1,1,1,11,21,1,1,11,11,28,28,25,25,28,18,18,18,18,18,18,10,10,10,10,8,8,15,8,15,8,8,8,30,30,12,25,25,31,31,31,6,31,31,31,31,28,31,31,31,11,30,11,11,11,21,24,26,26,24,4,24,24,28,24,21,12,12,12,12,31,9,12,9,16,16,16,16,16,16,16,16,4,16,16,16,16,16,16,16,16,16,16,26,4,21,31,21,9,21,21,9,21,30,30,4,30,30,9,9,9,4,4,23,1.0,2.0,1.0,1.0,6,6,20,20
13785,2.036036036036036,0.771997795321072,1,0,1,"[5, 17, 14]",62,90,70,3.0,3.0,2.0,2.0,2.0,2.0,1.0,3.0,3.0,1.0,3.0,1.0,1.0,3.0,3.0,1.0,1.0,2.0,1.0,2.0,3.0,1.0,3.0,2.0,1.0,1.0,1.0,1.0,1.0,1.0,1.0,1.0,1.0,1.0,1.0,3.0,3.0,1.0,1.0,2.0,1.0,1.0,2.0,2.0,2.0,2.0,2.0,1.0,1.0,3.0,3.0,2.0,2.0,3.0,2.0,2.0,2.0,1.0,3.0,1.0,2.0,2.0,1.0,3.0,2.0,1.0,2.0,3.0,2.0,2.0,2.0,2.0,3.0,2.0,2.0,1.0,2.0,2.0,3.0,3.0,2.0,3.0,1.0,3.0,1.0,3.0,2.0,2.0,2.0,1.0,2.0,2.0,3.0,3.0,1.0,2.0,2.0,1.0,1.0,1.0,3.0,1.0,3.0,2.0,3.0,2.0,3.0,1.0,1.0,2.0,3.0,3.0,3.0,3.0,1.0,2.0,3.0,3.0,3.0,1.0,2.0,3.0,2.0,3.0,3.0,2.0,3.0,2.0,3.0,1.0,3.0,2.0,1.0,2.0,1.0,1.0,2.0,2.0,2.0,3.0,1.0,2.0,3.0,2.0,2.0,3.0,3.0,2.0,2.0,2.0,2.0,3.0,3.0,2.0,1.0,2.0,3.0,3.0,1.0,3.0,3.0,3.0,3.0,3.0,3.0,2.0,3.0,1.0,3.0,2.0,2.0,1.0,2.0,1.0,2.0,2.0,3.0,2.0,3.0,1.0,2.0,3.0,3.0,2.0,3.0,2.0,2.0,1.0,2.0,3.0,1.0,3.0,2.0,2.0,2.0,2.0,2.0,2.0,2.0,2.0,1.0,2.0,1.0,2.0,1.0,3.0,1.0,2.0,1.0,2.0,2.0,3.0,2.0,3.0,3.0,2.0,1.0,2.0,,,,,,,,,,,,,,,,,,,,,,,,,,,,,,,,,,,,,,,,,,,,,,,,,,,,,,,,,,,,,,,,,,,,,,,,,,,,,,,,,,,,,,,,,,,,,,,,,,,,,,,,,,,,,,,,,,,,,,,,,,,,,,,,,,,,,,,,,,,,,,,,,,,,,,,,,,,,,,,,,,,,,,,,,,,,,,,,,,,,,,,,,,,,,,,,,,,,,,,,,,,,,,,,,,,,,,,,,,,27,27,27,6,20,20,6,13,6,6,27,6,8,27,27,20,21,6,20,27,27,13,13,2,8,30,13,12,13,30,20,16,7,12,13,2,2,20,7,2,2,7,7,6,6,7,20,7,7,6,6,6,7,6,20,20,7,7,7,7,7,7,7,3,19,15,15,15,15,2,15,15,15,15,2,3,3,3,3,3,32,32,32,32,32,3,13,13,13,13,2,6,13,13,20,6,6,13,13,20,13,13,30,1,1,1,1,1,1,1,1,1,28,28,32,30,28,28,28,18,18,18,18,18,18,10,10,10,31,8,8,15,8,15,8,8,8,28,28,25,25,19,31,31,16,31,31,31,31,31,31,31,31,31,11,11,11,11,11,11,24,24,24,24,24,13,24,24,24,21,12,12,12,26,12,12,12,16,16,6,16,16,16,16,16,16,4,16,16,16,16,16,16,16,16,16,16,26,29,29,29,4,9,21,4,10,23,30,30,30,6,30,9,9,9,4,4,23,1.0,2.0,3.0,2.0,6,6,27,27
13786,1.972972972972973,0.7782037497913457,0,1,1,"[14, 5]",70,88,64,3.0,3.0,2.0,2.0,1.0,1.0,1.0,3.0,3.0,1.0,3.0,1.0,1.0,3.0,3.0,2.0,2.0,2.0,2.0,3.0,1.0,1.0,3.0,3.0,1.0,1.0,1.0,1.0,1.0,1.0,3.0,1.0,1.0,1.0,1.0,1.0,1.0,1.0,1.0,2.0,1.0,1.0,2.0,2.0,2.0,2.0,2.0,2.0,2.0,1.0,1.0,2.0,2.0,3.0,2.0,2.0,2.0,1.0,3.0,1.0,2.0,2.0,1.0,2.0,2.0,1.0,2.0,3.0,2.0,2.0,2.0,2.0,3.0,2.0,2.0,3.0,2.0,2.0,1.0,1.0,2.0,2.0,1.0,3.0,1.0,1.0,2.0,2.0,2.0,2.0,2.0,2.0,3.0,3.0,2.0,2.0,2.0,1.0,1.0,2.0,1.0,2.0,3.0,2.0,2.0,2.0,3.0,1.0,2.0,3.0,3.0,3.0,3.0,3.0,3.0,1.0,1.0,1.0,3.0,3.0,1.0,3.0,3.0,3.0,3.0,2.0,1.0,2.0,2.0,1.0,3.0,2.0,1.0,2.0,1.0,1.0,2.0,3.0,3.0,2.0,1.0,1.0,3.0,2.0,3.0,3.0,3.0,2.0,3.0,3.0,2.0,3.0,3.0,2.0,1.0,2.0,3.0,3.0,1.0,1.0,3.0,1.0,1.0,3.0,3.0,3.0,3.0,1.0,3.0,2.0,2.0,1.0,1.0,3.0,2.0,1.0,2.0,3.0,1.0,1.0,2.0,3.0,3.0,1.0,2.0,2.0,3.0,1.0,2.0,2.0,2.0,3.0,3.0,2.0,2.0,2.0,2.0,3.0,3.0,2.0,1.0,2.0,1.0,2.0,1.0,2.0,1.0,2.0,2.0,2.0,1.0,2.0,1.0,3.0,3.0,2.0,2.0,2.0,,,,,,,,,,,,,,,,,,,,,,,,,,,,,,,,,,,,,,,,,,,,,,,,,,,,,,,,,,,,,,,,,,,,,,,,,,,,,,,,,,,,,,,,,,,,,,,,,,,,,,,,,,,,,,,,,,,,,,,,,,,,,,,,,,,,,,,,,,,,,,,,,,,,,,,,,,,,,,,,,,,,,,,,,,,,,,,,,,,,,,,,,,,,,,,,,,,,,,,,,,,,,,,,,,,,,,,,,,,27,27,27,6,30,32,6,13,6,6,27,6,8,27,27,27,27,6,13,20,7,13,13,13,8,30,13,12,13,30,19,16,7,12,13,9,32,20,7,2,2,7,7,6,6,7,20,6,6,20,20,6,7,6,20,20,7,7,7,7,7,7,7,25,19,15,15,15,15,2,15,15,15,15,2,20,3,3,28,28,32,21,32,32,32,32,13,13,13,2,2,6,13,13,13,6,6,13,13,13,7,2,30,1,12,1,1,1,11,21,1,1,28,28,28,28,30,30,28,17,17,18,12,18,18,10,31,10,10,8,8,15,8,15,8,8,8,25,25,12,25,25,31,31,31,31,31,31,20,20,31,31,31,31,11,11,11,11,11,4,24,26,26,24,24,24,24,24,24,21,12,12,9,9,12,21,9,9,10,6,16,16,16,6,23,16,23,16,16,23,23,16,23,16,16,16,16,29,20,29,29,4,9,21,4,9,23,30,4,30,30,4,20,9,9,4,23,23,1.0,2.0,3.0,2.0,6,6,27,27
13787,2.0945945945945947,0.775803520146114,4,0,0,"[14, 5, 17]",57,87,78,1.0,1.0,1.0,2.0,2.0,2.0,2.0,2.0,2.0,2.0,3.0,3.0,3.0,1.0,1.0,1.0,1.0,1.0,2.0,1.0,1.0,2.0,2.0,1.0,1.0,1.0,3.0,3.0,3.0,3.0,2.0,1.0,3.0,2.0,2.0,3.0,3.0,1.0,1.0,2.0,1.0,2.0,1.0,2.0,2.0,3.0,1.0,2.0,2.0,3.0,3.0,3.0,3.0,3.0,1.0,1.0,3.0,2.0,3.0,3.0,1.0,3.0,2.0,3.0,2.0,1.0,2.0,3.0,3.0,2.0,2.0,2.0,2.0,2.0,2.0,1.0,2.0,2.0,3.0,3.0,3.0,3.0,1.0,3.0,2.0,3.0,2.0,2.0,2.0,1.0,2.0,2.0,3.0,3.0,3.0,3.0,3.0,1.0,1.0,2.0,3.0,1.0,2.0,2.0,3.0,2.0,1.0,1.0,2.0,3.0,3.0,3.0,3.0,3.0,3.0,1.0,3.0,3.0,1.0,1.0,2.0,3.0,3.0,3.0,3.0,2.0,2.0,2.0,3.0,1.0,3.0,2.0,1.0,2.0,2.0,1.0,1.0,3.0,3.0,3.0,2.0,1.0,3.0,2.0,2.0,3.0,3.0,2.0,2.0,2.0,3.0,3.0,3.0,1.0,1.0,2.0,3.0,1.0,1.0,3.0,3.0,1.0,2.0,3.0,3.0,2.0,3.0,1.0,2.0,2.0,1.0,1.0,2.0,1.0,2.0,2.0,3.0,3.0,1.0,2.0,2.0,3.0,3.0,2.0,3.0,3.0,1.0,1.0,2.0,2.0,2.0,3.0,3.0,2.0,1.0,2.0,3.0,2.0,2.0,2.0,2.0,2.0,2.0,2.0,3.0,3.0,2.0,2.0,1.0,2.0,1.0,3.0,2.0,1.0,1.0,2.0,2.0,2.0,,,,,,,,,,,,,,,,,,,,,,,,,,,,,,,,,,,,,,,,,,,,,,,,,,,,,,,,,,,,,,,,,,,,,,,,,,,,,,,,,,,,,,,,,,,,,,,,,,,,,,,,,,,,,,,,,,,,,,,,,,,,,,,,,,,,,,,,,,,,,,,,,,,,,,,,,,,,,,,,,,,,,,,,,,,,,,,,,,,,,,,,,,,,,,,,,,,,,,,,,,,,,,,,,,,,,,,,,,,20,20,20,6,20,20,20,20,20,20,27,20,20,7,7,20,21,7,13,25,7,27,27,7,8,30,7,27,7,3,7,16,27,7,7,2,2,20,7,2,2,2,6,6,6,6,6,6,6,6,6,27,6,6,6,6,6,2,7,6,6,6,6,3,19,15,15,15,8,2,15,15,8,15,2,3,3,3,3,3,28,32,32,32,8,3,13,13,13,13,2,6,13,13,3,13,13,13,13,13,13,13,12,1,1,1,23,1,11,21,1,1,28,28,28,28,28,28,30,18,18,18,12,18,18,10,4,10,31,8,8,15,8,15,9,8,15,25,25,25,31,25,31,31,16,31,31,31,31,31,28,31,31,4,11,11,11,13,11,11,24,26,21,24,24,13,24,24,19,21,23,12,12,26,12,12,12,9,10,16,16,16,16,16,16,27,16,16,16,23,23,16,23,16,23,16,27,26,29,29,31,4,21,21,21,10,21,30,30,30,30,30,9,12,12,4,23,23,1.0,2.0,3.0,2.0,6,6,27,27
13788,2.0855855855855854,0.7941353870744926,1,0,1,"[14, 5, 17, 29]",61,81,80,3.0,3.0,2.0,1.0,2.0,2.0,2.0,2.0,2.0,2.0,3.0,3.0,3.0,3.0,3.0,1.0,1.0,1.0,2.0,2.0,3.0,1.0,1.0,1.0,1.0,1.0,3.0,2.0,3.0,2.0,1.0,2.0,1.0,2.0,2.0,3.0,3.0,2.0,3.0,2.0,1.0,2.0,1.0,2.0,2.0,3.0,1.0,2.0,2.0,3.0,3.0,2.0,3.0,3.0,1.0,1.0,3.0,3.0,1.0,3.0,1.0,3.0,2.0,3.0,2.0,1.0,2.0,3.0,3.0,1.0,2.0,2.0,3.0,2.0,1.0,1.0,2.0,2.0,3.0,3.0,2.0,3.0,1.0,3.0,2.0,3.0,3.0,2.0,2.0,1.0,1.0,1.0,3.0,3.0,2.0,3.0,3.0,1.0,1.0,1.0,3.0,1.0,3.0,2.0,3.0,2.0,3.0,1.0,1.0,2.0,3.0,3.0,3.0,3.0,1.0,2.0,3.0,3.0,3.0,1.0,2.0,3.0,2.0,3.0,3.0,2.0,1.0,2.0,3.0,1.0,3.0,1.0,2.0,3.0,1.0,2.0,1.0,2.0,2.0,3.0,1.0,1.0,3.0,1.0,3.0,3.0,3.0,2.0,2.0,2.0,1.0,2.0,2.0,2.0,1.0,2.0,3.0,3.0,1.0,2.0,3.0,1.0,2.0,3.0,3.0,3.0,3.0,1.0,3.0,2.0,2.0,1.0,2.0,1.0,2.0,2.0,1.0,3.0,3.0,2.0,2.0,3.0,3.0,2.0,3.0,2.0,1.0,1.0,1.0,3.0,3.0,3.0,2.0,2.0,2.0,2.0,2.0,2.0,1.0,3.0,2.0,3.0,1.0,2.0,3.0,3.0,1.0,2.0,2.0,2.0,1.0,3.0,2.0,1.0,1.0,2.0,2.0,2.0,,,,,,,,,,,,,,,,,,,,,,,,,,,,,,,,,,,,,,,,,,,,,,,,,,,,,,,,,,,,,,,,,,,,,,,,,,,,,,,,,,,,,,,,,,,,,,,,,,,,,,,,,,,,,,,,,,,,,,,,,,,,,,,,,,,,,,,,,,,,,,,,,,,,,,,,,,,,,,,,,,,,,,,,,,,,,,,,,,,,,,,,,,,,,,,,,,,,,,,,,,,,,,,,,,,,,,,,,,,27,27,27,20,20,20,20,20,20,20,27,20,20,27,27,20,21,7,13,27,27,13,7,7,8,30,7,7,7,7,20,7,7,7,7,2,2,2,2,2,2,2,6,6,6,6,6,6,6,6,6,6,6,6,6,6,6,6,6,6,6,6,6,3,19,15,15,15,8,15,15,15,15,15,15,3,3,3,3,3,32,32,32,32,8,3,16,13,13,13,13,13,13,13,13,13,13,13,13,20,13,13,30,1,1,1,1,1,1,1,1,1,28,28,32,30,28,28,28,18,18,18,18,18,18,10,31,10,31,8,8,8,16,8,8,30,15,28,28,25,25,25,31,10,31,31,31,31,31,31,19,16,16,31,11,11,11,11,11,21,24,26,21,24,24,24,24,24,24,21,12,12,12,26,12,12,13,9,16,16,16,16,16,16,16,16,16,16,11,16,7,16,16,16,16,16,16,26,4,21,31,21,9,21,21,10,23,30,4,30,30,30,9,12,12,4,23,23,1.0,1.0,3.0,2.0,6,20,27,27
13789,2.1981981981981984,0.7346599523640843,1,0,1,"[5, 14, 17, 26]",42,94,86,3.0,2.0,2.0,2.0,3.0,3.0,3.0,1.0,3.0,1.0,3.0,1.0,1.0,1.0,1.0,2.0,2.0,2.0,2.0,1.0,1.0,1.0,3.0,2.0,1.0,1.0,3.0,1.0,3.0,2.0,3.0,1.0,2.0,2.0,2.0,3.0,3.0,2.0,2.0,2.0,2.0,3.0,3.0,3.0,3.0,1.0,2.0,3.0,3.0,1.0,1.0,2.0,3.0,3.0,2.0,2.0,3.0,3.0,2.0,2.0,3.0,1.0,3.0,3.0,2.0,1.0,2.0,3.0,3.0,2.0,2.0,2.0,2.0,2.0,2.0,1.0,2.0,2.0,3.0,3.0,2.0,3.0,2.0,3.0,2.0,3.0,3.0,2.0,2.0,1.0,2.0,2.0,3.0,3.0,2.0,2.0,2.0,1.0,1.0,2.0,3.0,1.0,3.0,2.0,3.0,2.0,3.0,1.0,1.0,2.0,3.0,3.0,3.0,3.0,1.0,2.0,3.0,3.0,3.0,1.0,2.0,3.0,2.0,2.0,1.0,2.0,3.0,2.0,2.0,1.0,2.0,3.0,3.0,3.0,1.0,2.0,1.0,3.0,3.0,2.0,2.0,1.0,3.0,2.0,2.0,3.0,3.0,2.0,2.0,2.0,2.0,3.0,3.0,2.0,1.0,2.0,3.0,3.0,1.0,3.0,3.0,3.0,3.0,3.0,3.0,3.0,3.0,1.0,3.0,1.0,2.0,2.0,1.0,3.0,2.0,3.0,2.0,3.0,3.0,2.0,2.0,3.0,3.0,2.0,2.0,2.0,3.0,1.0,2.0,3.0,1.0,3.0,3.0,2.0,2.0,2.0,2.0,3.0,2.0,2.0,1.0,3.0,2.0,2.0,3.0,2.0,2.0,2.0,2.0,2.0,1.0,3.0,2.0,3.0,3.0,2.0,2.0,2.0,,,,,,,,,,,,,,,,,,,,,,,,,,,,,,,,,,,,,,,,,,,,,,,,,,,,,,,,,,,,,,,,,,,,,,,,,,,,,,,,,,,,,,,,,,,,,,,,,,,,,,,,,,,,,,,,,,,,,,,,,,,,,,,,,,,,,,,,,,,,,,,,,,,,,,,,,,,,,,,,,,,,,,,,,,,,,,,,,,,,,,,,,,,,,,,,,,,,,,,,,,,,,,,,,,,,,,,,,,,27,7,27,6,13,13,7,7,6,6,27,6,8,7,7,27,27,6,13,25,7,13,13,2,8,30,7,12,7,7,19,16,20,7,7,2,2,2,20,2,20,20,20,27,27,20,20,27,27,20,20,6,6,6,20,20,6,6,20,20,20,20,20,3,19,15,15,15,8,2,15,15,8,15,2,3,3,3,3,3,32,32,25,32,8,3,16,13,13,13,2,6,13,13,13,6,6,13,13,13,13,13,30,1,1,1,1,1,1,1,1,1,28,28,32,30,28,28,28,18,18,18,18,16,6,10,10,10,10,8,23,6,23,8,8,30,15,25,25,12,31,25,31,31,16,31,31,31,31,31,31,31,31,31,11,11,11,11,11,11,24,24,24,24,24,24,24,24,24,12,12,7,9,9,12,9,9,9,16,16,16,16,16,16,23,16,23,16,16,16,16,16,23,16,16,16,16,29,29,29,29,21,21,21,21,9,21,30,4,30,30,30,9,9,9,4,23,23,1.0,2.0,3.0,2.0,6,6,27,27
13790,2.144144144144144,0.7941738853197862,4,0,1,"[17, 14, 5, 29]",56,78,88,2.0,2.0,2.0,2.0,2.0,2.0,3.0,1.0,3.0,3.0,3.0,3.0,3.0,2.0,1.0,2.0,2.0,3.0,3.0,1.0,1.0,1.0,1.0,1.0,1.0,1.0,3.0,2.0,3.0,3.0,1.0,3.0,2.0,1.0,2.0,3.0,3.0,2.0,2.0,2.0,2.0,3.0,1.0,2.0,2.0,3.0,1.0,2.0,2.0,3.0,3.0,2.0,3.0,3.0,1.0,1.0,3.0,3.0,1.0,3.0,1.0,3.0,2.0,3.0,2.0,1.0,2.0,3.0,3.0,2.0,2.0,2.0,2.0,2.0,2.0,3.0,2.0,2.0,3.0,3.0,2.0,3.0,1.0,3.0,1.0,3.0,2.0,2.0,2.0,1.0,2.0,2.0,3.0,3.0,3.0,1.0,1.0,1.0,1.0,1.0,3.0,1.0,1.0,2.0,3.0,2.0,3.0,1.0,1.0,2.0,3.0,3.0,3.0,3.0,1.0,2.0,3.0,3.0,3.0,1.0,2.0,3.0,2.0,3.0,3.0,2.0,2.0,2.0,3.0,1.0,3.0,1.0,2.0,2.0,1.0,1.0,1.0,2.0,2.0,3.0,2.0,1.0,3.0,1.0,3.0,3.0,3.0,2.0,1.0,1.0,1.0,3.0,3.0,2.0,1.0,2.0,3.0,3.0,1.0,3.0,3.0,3.0,3.0,3.0,3.0,2.0,3.0,1.0,3.0,2.0,1.0,1.0,1.0,3.0,3.0,3.0,1.0,3.0,3.0,2.0,2.0,3.0,3.0,2.0,3.0,1.0,3.0,1.0,2.0,3.0,2.0,3.0,3.0,2.0,2.0,3.0,2.0,2.0,3.0,3.0,2.0,2.0,1.0,2.0,1.0,3.0,1.0,2.0,2.0,3.0,1.0,2.0,2.0,3.0,3.0,2.0,2.0,2.0,,,,,,,,,,,,,,,,,,,,,,,,,,,,,,,,,,,,,,,,,,,,,,,,,,,,,,,,,,,,,,,,,,,,,,,,,,,,,,,,,,,,,,,,,,,,,,,,,,,,,,,,,,,,,,,,,,,,,,,,,,,,,,,,,,,,,,,,,,,,,,,,,,,,,,,,,,,,,,,,,,,,,,,,,,,,,,,,,,,,,,,,,,,,,,,,,,,,,,,,,,,,,,,,,,,,,,,,,,,7,7,27,6,20,20,7,7,6,27,27,20,20,6,7,27,27,27,27,25,7,13,7,7,8,30,7,7,7,3,20,27,20,12,7,2,2,2,20,2,20,20,6,6,6,6,6,6,6,6,6,6,6,6,6,6,6,6,6,6,6,6,6,3,19,15,15,15,8,2,15,15,8,15,2,20,3,3,3,3,32,32,32,32,32,3,13,13,13,13,2,6,13,13,3,12,2,13,13,20,13,13,13,1,1,1,1,1,1,1,1,1,28,28,32,30,28,28,28,18,18,18,18,18,18,10,4,10,31,8,8,8,16,15,8,8,15,28,28,25,31,25,31,10,31,31,31,31,13,13,19,31,31,31,11,11,11,11,11,11,24,24,24,24,24,13,24,24,24,21,23,12,9,9,23,9,13,9,16,16,16,16,16,16,16,21,23,16,16,16,23,16,23,16,16,4,16,26,20,21,31,4,9,21,4,10,23,30,4,4,30,4,9,9,9,4,23,23,1.0,2.0,3.0,2.0,6,6,27,27
13791,2.063063063063063,0.7819141066723375,3,0,1,"[5, 14, 17]",61,86,75,2.0,2.0,2.0,2.0,2.0,2.0,3.0,1.0,1.0,1.0,3.0,2.0,2.0,3.0,3.0,1.0,1.0,1.0,2.0,2.0,3.0,2.0,2.0,2.0,1.0,1.0,3.0,2.0,3.0,3.0,1.0,2.0,2.0,1.0,2.0,3.0,3.0,2.0,2.0,2.0,2.0,3.0,1.0,2.0,2.0,3.0,1.0,2.0,2.0,3.0,3.0,2.0,3.0,3.0,1.0,1.0,3.0,3.0,1.0,3.0,1.0,3.0,2.0,3.0,2.0,3.0,2.0,3.0,2.0,2.0,2.0,2.0,3.0,2.0,2.0,1.0,2.0,2.0,3.0,3.0,3.0,3.0,1.0,3.0,1.0,3.0,2.0,2.0,2.0,1.0,2.0,2.0,3.0,3.0,3.0,3.0,3.0,1.0,1.0,1.0,3.0,1.0,1.0,2.0,3.0,2.0,3.0,1.0,1.0,2.0,3.0,3.0,2.0,2.0,3.0,1.0,3.0,3.0,2.0,1.0,2.0,3.0,2.0,3.0,3.0,1.0,3.0,2.0,2.0,1.0,3.0,2.0,1.0,2.0,1.0,1.0,1.0,3.0,3.0,3.0,1.0,2.0,3.0,2.0,2.0,3.0,3.0,2.0,1.0,1.0,3.0,2.0,2.0,1.0,1.0,2.0,3.0,2.0,1.0,2.0,3.0,1.0,1.0,3.0,2.0,2.0,3.0,1.0,3.0,1.0,1.0,1.0,1.0,1.0,1.0,3.0,2.0,2.0,3.0,2.0,2.0,3.0,3.0,2.0,3.0,2.0,2.0,1.0,2.0,3.0,1.0,3.0,2.0,2.0,2.0,3.0,2.0,2.0,2.0,2.0,1.0,1.0,1.0,3.0,1.0,3.0,1.0,2.0,2.0,3.0,1.0,3.0,2.0,3.0,3.0,2.0,1.0,2.0,,,,,,,,,,,,,,,,,,,,,,,,,,,,,,,,,,,,,,,,,,,,,,,,,,,,,,,,,,,,,,,,,,,,,,,,,,,,,,,,,,,,,,,,,,,,,,,,,,,,,,,,,,,,,,,,,,,,,,,,,,,,,,,,,,,,,,,,,,,,,,,,,,,,,,,,,,,,,,,,,,,,,,,,,,,,,,,,,,,,,,,,,,,,,,,,,,,,,,,,,,,,,,,,,,,,,,,,,,,7,7,27,6,20,20,7,7,7,6,27,28,28,27,27,20,21,7,13,27,27,27,27,2,8,30,7,7,7,3,20,7,20,12,7,2,2,2,20,2,20,20,6,6,6,6,6,6,6,6,6,6,6,6,6,6,6,6,6,6,6,6,6,3,19,6,15,15,15,2,15,15,15,15,2,3,3,3,3,3,28,32,32,32,32,3,13,13,13,13,2,6,13,13,3,13,13,13,13,20,13,13,13,1,1,1,1,1,1,1,1,1,11,11,28,28,28,28,31,18,18,18,18,18,18,11,10,10,10,8,8,15,8,15,8,8,15,25,25,25,25,19,31,31,16,31,31,31,13,13,28,16,16,4,11,11,11,12,11,21,24,26,26,24,30,13,24,24,24,12,23,12,9,26,31,9,9,16,16,16,16,16,16,16,16,16,4,16,16,16,16,16,16,16,16,4,16,26,29,29,29,23,9,7,4,10,23,30,4,4,30,30,9,9,9,4,4,23,1.0,1.0,3.0,2.0,6,20,27,27
13792,2.1396396396396398,0.768942304560528,3,0,2,"[17, 5, 14, 26]",52,87,83,2.0,2.0,2.0,2.0,1.0,2.0,3.0,1.0,1.0,1.0,2.0,1.0,1.0,2.0,1.0,2.0,2.0,2.0,2.0,1.0,1.0,1.0,3.0,1.0,1.0,1.0,3.0,1.0,3.0,2.0,3.0,1.0,3.0,1.0,1.0,3.0,3.0,2.0,3.0,2.0,1.0,2.0,3.0,3.0,3.0,1.0,1.0,3.0,3.0,2.0,2.0,2.0,3.0,3.0,3.0,3.0,1.0,2.0,2.0,2.0,3.0,1.0,3.0,3.0,2.0,1.0,2.0,3.0,3.0,1.0,2.0,2.0,2.0,2.0,1.0,1.0,2.0,2.0,3.0,3.0,3.0,3.0,1.0,3.0,1.0,3.0,3.0,2.0,2.0,1.0,2.0,2.0,3.0,3.0,2.0,2.0,2.0,1.0,1.0,2.0,3.0,1.0,3.0,2.0,3.0,1.0,3.0,2.0,2.0,3.0,3.0,3.0,2.0,2.0,3.0,1.0,3.0,3.0,3.0,1.0,2.0,3.0,2.0,3.0,3.0,2.0,1.0,2.0,3.0,1.0,3.0,2.0,3.0,2.0,1.0,1.0,3.0,3.0,3.0,2.0,1.0,1.0,3.0,2.0,2.0,3.0,3.0,2.0,2.0,2.0,3.0,2.0,2.0,2.0,1.0,1.0,1.0,3.0,1.0,2.0,3.0,3.0,3.0,3.0,3.0,3.0,3.0,1.0,3.0,2.0,2.0,2.0,1.0,3.0,3.0,3.0,2.0,2.0,2.0,2.0,2.0,3.0,3.0,2.0,3.0,2.0,3.0,1.0,2.0,3.0,2.0,3.0,3.0,2.0,3.0,2.0,2.0,3.0,2.0,2.0,1.0,1.0,2.0,2.0,3.0,3.0,2.0,3.0,2.0,2.0,1.0,3.0,2.0,3.0,3.0,2.0,2.0,2.0,,,,,,,,,,,,,,,,,,,,,,,,,,,,,,,,,,,,,,,,,,,,,,,,,,,,,,,,,,,,,,,,,,,,,,,,,,,,,,,,,,,,,,,,,,,,,,,,,,,,,,,,,,,,,,,,,,,,,,,,,,,,,,,,,,,,,,,,,,,,,,,,,,,,,,,,,,,,,,,,,,,,,,,,,,,,,,,,,,,,,,,,,,,,,,,,,,,,,,,,,,,,,,,,,,,,,,,,,,,7,7,27,6,30,20,7,7,7,6,13,6,8,6,7,27,27,6,13,25,7,13,13,7,8,30,7,12,7,7,19,16,27,12,13,2,2,2,2,2,2,2,20,27,27,20,6,27,27,27,27,6,6,6,27,27,20,2,20,20,20,20,20,3,19,15,15,15,8,15,15,15,8,15,15,3,3,3,3,3,28,32,32,32,32,3,16,13,13,13,2,6,13,13,13,6,6,13,13,13,13,13,30,1,1,11,1,30,11,21,1,1,11,11,28,28,28,28,28,18,18,18,18,18,18,10,31,10,31,8,8,15,23,15,8,8,31,25,25,12,25,25,31,31,16,31,31,31,31,31,28,16,16,31,11,30,21,11,11,21,24,24,24,24,24,24,24,24,24,21,12,7,9,9,23,9,9,16,6,16,16,16,16,16,16,16,23,16,16,16,23,16,23,16,6,16,16,29,29,29,29,23,21,21,21,10,21,6,4,30,30,30,9,9,9,4,23,23,1.0,2.0,2.0,2.0,6,6,13,27
13793,2.130630630630631,0.7763813021301699,0,0,1,"[17, 14, 5, 29]",54,85,83,2.0,2.0,2.0,2.0,1.0,1.0,3.0,1.0,3.0,1.0,3.0,1.0,1.0,1.0,1.0,2.0,2.0,2.0,2.0,1.0,1.0,2.0,2.0,1.0,1.0,1.0,3.0,1.0,3.0,3.0,3.0,2.0,2.0,2.0,1.0,1.0,1.0,2.0,3.0,2.0,1.0,2.0,3.0,3.0,3.0,1.0,2.0,2.0,2.0,1.0,1.0,2.0,1.0,3.0,2.0,2.0,1.0,3.0,2.0,2.0,3.0,3.0,3.0,3.0,1.0,1.0,2.0,3.0,3.0,1.0,2.0,2.0,3.0,2.0,1.0,1.0,2.0,2.0,3.0,3.0,2.0,3.0,1.0,3.0,1.0,3.0,2.0,2.0,2.0,1.0,2.0,2.0,3.0,3.0,3.0,2.0,2.0,1.0,1.0,2.0,3.0,1.0,3.0,2.0,3.0,2.0,3.0,2.0,2.0,3.0,3.0,3.0,3.0,3.0,3.0,1.0,3.0,3.0,3.0,1.0,2.0,3.0,2.0,3.0,3.0,2.0,3.0,2.0,3.0,1.0,3.0,1.0,3.0,2.0,2.0,1.0,2.0,3.0,3.0,3.0,2.0,1.0,3.0,3.0,2.0,3.0,3.0,2.0,2.0,2.0,1.0,3.0,3.0,2.0,1.0,2.0,2.0,3.0,1.0,3.0,3.0,3.0,3.0,3.0,3.0,2.0,3.0,1.0,3.0,2.0,1.0,1.0,1.0,1.0,3.0,3.0,1.0,3.0,3.0,2.0,2.0,3.0,3.0,2.0,3.0,1.0,2.0,1.0,2.0,2.0,2.0,3.0,3.0,2.0,2.0,3.0,2.0,2.0,1.0,3.0,2.0,2.0,2.0,2.0,3.0,3.0,2.0,2.0,2.0,2.0,1.0,3.0,2.0,3.0,3.0,2.0,2.0,2.0,,,,,,,,,,,,,,,,,,,,,,,,,,,,,,,,,,,,,,,,,,,,,,,,,,,,,,,,,,,,,,,,,,,,,,,,,,,,,,,,,,,,,,,,,,,,,,,,,,,,,,,,,,,,,,,,,,,,,,,,,,,,,,,,,,,,,,,,,,,,,,,,,,,,,,,,,,,,,,,,,,,,,,,,,,,,,,,,,,,,,,,,,,,,,,,,,,,,,,,,,,,,,,,,,,,,,,,,,,,7,7,27,6,30,32,7,7,6,6,27,6,8,7,7,27,27,6,13,25,7,27,27,7,8,30,7,12,7,3,19,7,20,7,13,9,32,2,2,2,2,2,20,27,27,20,20,6,6,20,20,6,20,6,20,20,20,6,20,20,20,6,20,3,20,15,15,15,8,15,15,15,15,15,15,3,3,3,3,3,32,32,32,32,32,3,13,13,13,13,2,6,13,13,3,6,6,13,13,13,13,13,30,1,1,1,1,30,11,21,1,1,28,28,28,28,28,28,28,18,18,18,18,18,18,10,10,10,31,8,8,8,23,15,9,8,8,25,25,25,31,25,31,6,16,31,31,31,31,31,19,31,31,31,11,11,6,11,11,11,24,24,24,24,24,13,24,24,24,21,23,12,9,26,23,9,13,9,16,16,16,16,16,16,16,21,4,16,16,23,23,16,23,16,16,4,16,26,4,21,31,4,21,21,21,10,21,30,4,30,30,30,9,9,9,4,23,23,1.0,2.0,3.0,2.0,6,6,27,27
13794,2.0855855855855854,0.8054505326308168,1,0,1,"[14, 17, 5]",63,77,82,1.0,1.0,1.0,3.0,3.0,3.0,1.0,3.0,2.0,2.0,2.0,3.0,3.0,2.0,1.0,1.0,1.0,2.0,1.0,3.0,2.0,1.0,2.0,3.0,1.0,1.0,1.0,1.0,1.0,2.0,3.0,1.0,3.0,1.0,2.0,3.0,3.0,3.0,1.0,2.0,1.0,1.0,2.0,3.0,3.0,3.0,1.0,3.0,3.0,2.0,2.0,2.0,2.0,3.0,1.0,1.0,2.0,3.0,3.0,3.0,2.0,3.0,1.0,3.0,2.0,3.0,1.0,3.0,2.0,2.0,2.0,2.0,2.0,2.0,2.0,2.0,2.0,2.0,3.0,3.0,3.0,3.0,1.0,3.0,2.0,3.0,1.0,3.0,3.0,2.0,1.0,1.0,1.0,1.0,2.0,3.0,3.0,3.0,3.0,2.0,1.0,2.0,3.0,2.0,3.0,2.0,3.0,1.0,1.0,2.0,3.0,3.0,3.0,3.0,3.0,1.0,2.0,2.0,3.0,1.0,2.0,3.0,2.0,3.0,3.0,1.0,3.0,2.0,2.0,1.0,2.0,1.0,3.0,2.0,1.0,1.0,2.0,3.0,3.0,3.0,2.0,1.0,3.0,1.0,3.0,3.0,3.0,2.0,2.0,2.0,3.0,3.0,3.0,2.0,1.0,2.0,3.0,3.0,1.0,1.0,3.0,1.0,1.0,3.0,2.0,3.0,3.0,1.0,3.0,1.0,1.0,1.0,2.0,1.0,3.0,2.0,3.0,2.0,3.0,2.0,2.0,3.0,3.0,2.0,3.0,1.0,2.0,1.0,2.0,2.0,2.0,3.0,3.0,2.0,3.0,3.0,2.0,3.0,1.0,2.0,2.0,2.0,2.0,2.0,1.0,1.0,2.0,2.0,1.0,2.0,1.0,3.0,2.0,1.0,1.0,2.0,1.0,2.0,,,,,,,,,,,,,,,,,,,,,,,,,,,,,,,,,,,,,,,,,,,,,,,,,,,,,,,,,,,,,,,,,,,,,,,,,,,,,,,,,,,,,,,,,,,,,,,,,,,,,,,,,,,,,,,,,,,,,,,,,,,,,,,,,,,,,,,,,,,,,,,,,,,,,,,,,,,,,,,,,,,,,,,,,,,,,,,,,,,,,,,,,,,,,,,,,,,,,,,,,,,,,,,,,,,,,,,,,,,20,20,20,13,13,13,6,13,20,20,13,20,20,6,7,20,21,6,20,20,13,13,27,13,8,30,13,12,13,7,19,16,27,12,7,2,2,13,7,2,2,7,7,27,27,6,6,27,27,27,27,6,7,6,6,6,7,6,7,6,7,6,7,3,19,6,6,15,15,2,15,15,8,15,2,13,3,3,3,3,28,32,32,32,8,3,6,27,27,2,13,13,6,6,13,13,13,27,27,13,7,2,30,1,1,1,1,1,1,1,1,1,28,28,28,28,25,25,28,18,18,18,18,18,18,11,10,10,10,8,23,8,23,15,8,8,8,25,25,25,31,25,31,10,31,31,31,31,31,31,28,31,31,31,11,11,11,11,11,4,24,26,26,24,30,24,24,24,24,12,23,12,12,26,23,12,12,16,16,16,16,16,16,16,16,21,4,16,16,23,23,16,23,16,6,4,16,29,4,29,31,4,21,21,4,21,21,30,30,30,30,30,9,12,12,4,4,23,2.0,3.0,2.0,1.0,13,13,13,20
13795,2.0045045045045047,0.7930566774479465,2,0,1,"[5, 17, 26, 14]",69,83,70,1.0,1.0,1.0,2.0,2.0,2.0,1.0,3.0,3.0,1.0,1.0,1.0,1.0,2.0,1.0,2.0,2.0,2.0,2.0,2.0,3.0,2.0,2.0,2.0,1.0,1.0,1.0,1.0,1.0,3.0,3.0,1.0,1.0,1.0,1.0,3.0,3.0,2.0,1.0,2.0,1.0,1.0,2.0,1.0,1.0,2.0,2.0,1.0,1.0,2.0,2.0,2.0,2.0,3.0,3.0,3.0,2.0,1.0,3.0,3.0,3.0,2.0,1.0,3.0,2.0,2.0,2.0,3.0,3.0,1.0,2.0,2.0,3.0,2.0,1.0,1.0,2.0,2.0,3.0,3.0,2.0,3.0,1.0,3.0,2.0,3.0,3.0,2.0,2.0,1.0,2.0,2.0,3.0,3.0,3.0,2.0,2.0,1.0,1.0,2.0,3.0,1.0,1.0,2.0,3.0,2.0,3.0,1.0,1.0,2.0,3.0,3.0,3.0,3.0,1.0,2.0,3.0,3.0,3.0,1.0,2.0,3.0,2.0,3.0,3.0,2.0,3.0,1.0,2.0,1.0,3.0,2.0,2.0,2.0,1.0,2.0,2.0,2.0,2.0,3.0,1.0,1.0,3.0,2.0,3.0,3.0,3.0,2.0,1.0,1.0,2.0,3.0,3.0,1.0,1.0,1.0,3.0,2.0,1.0,3.0,3.0,3.0,2.0,3.0,1.0,1.0,3.0,1.0,3.0,2.0,1.0,1.0,1.0,3.0,1.0,1.0,2.0,2.0,3.0,2.0,2.0,3.0,3.0,2.0,3.0,1.0,2.0,1.0,1.0,3.0,1.0,3.0,2.0,2.0,3.0,3.0,2.0,3.0,2.0,2.0,1.0,2.0,2.0,2.0,1.0,3.0,2.0,3.0,2.0,2.0,1.0,3.0,2.0,3.0,3.0,2.0,2.0,2.0,,,,,,,,,,,,,,,,,,,,,,,,,,,,,,,,,,,,,,,,,,,,,,,,,,,,,,,,,,,,,,,,,,,,,,,,,,,,,,,,,,,,,,,,,,,,,,,,,,,,,,,,,,,,,,,,,,,,,,,,,,,,,,,,,,,,,,,,,,,,,,,,,,,,,,,,,,,,,,,,,,,,,,,,,,,,,,,,,,,,,,,,,,,,,,,,,,,,,,,,,,,,,,,,,,,,,,,,,,,20,20,20,6,20,20,6,13,6,6,20,6,8,6,7,27,27,6,13,27,27,27,27,2,8,30,13,12,13,3,19,16,7,12,13,2,2,2,7,2,2,7,7,7,7,7,20,7,7,27,27,6,7,6,27,27,7,7,7,6,20,7,7,3,19,20,15,15,8,15,15,15,15,15,15,3,3,3,3,3,32,32,32,32,8,3,16,13,13,13,2,6,13,13,3,6,6,13,13,13,13,13,13,1,1,1,1,1,1,1,1,1,28,28,32,30,28,28,28,18,18,18,18,18,18,10,10,11,10,8,8,15,16,15,8,30,8,28,28,25,25,25,31,31,31,31,31,31,13,13,31,31,31,4,11,30,11,12,11,11,24,24,21,24,4,30,24,24,24,21,23,12,9,9,31,21,9,16,16,16,16,16,16,16,16,21,4,16,11,16,16,16,16,16,6,4,16,29,29,29,29,4,21,21,4,10,21,6,4,30,30,30,9,9,9,4,23,23,1.0,2.0,1.0,1.0,6,6,20,20
13796,2.0765765765765765,0.7660741968667065,0,0,1,"[5, 17, 14]",57,91,74,3.0,3.0,2.0,2.0,3.0,3.0,1.0,1.0,3.0,1.0,3.0,1.0,1.0,2.0,1.0,2.0,2.0,2.0,2.0,2.0,3.0,1.0,3.0,1.0,1.0,1.0,3.0,2.0,3.0,1.0,2.0,2.0,2.0,2.0,2.0,3.0,3.0,2.0,2.0,2.0,2.0,3.0,3.0,1.0,1.0,1.0,2.0,1.0,1.0,1.0,1.0,2.0,1.0,3.0,2.0,2.0,1.0,2.0,2.0,2.0,3.0,1.0,3.0,3.0,2.0,3.0,2.0,3.0,2.0,2.0,3.0,2.0,3.0,2.0,2.0,1.0,2.0,2.0,3.0,3.0,3.0,3.0,1.0,3.0,1.0,3.0,3.0,2.0,2.0,1.0,2.0,2.0,3.0,3.0,2.0,2.0,2.0,1.0,1.0,2.0,3.0,1.0,2.0,2.0,3.0,2.0,3.0,1.0,1.0,2.0,3.0,3.0,3.0,3.0,3.0,1.0,2.0,2.0,3.0,1.0,2.0,3.0,2.0,2.0,3.0,2.0,3.0,2.0,2.0,1.0,3.0,2.0,1.0,2.0,1.0,1.0,1.0,3.0,3.0,3.0,2.0,1.0,3.0,2.0,3.0,3.0,3.0,2.0,2.0,2.0,3.0,2.0,2.0,2.0,1.0,1.0,3.0,3.0,1.0,3.0,3.0,1.0,1.0,3.0,2.0,3.0,3.0,1.0,2.0,2.0,1.0,1.0,1.0,3.0,1.0,3.0,2.0,2.0,3.0,2.0,2.0,3.0,3.0,2.0,3.0,2.0,3.0,1.0,2.0,3.0,2.0,3.0,2.0,2.0,1.0,2.0,2.0,3.0,2.0,1.0,1.0,1.0,1.0,2.0,3.0,2.0,1.0,2.0,1.0,2.0,2.0,3.0,2.0,3.0,3.0,2.0,2.0,2.0,,,,,,,,,,,,,,,,,,,,,,,,,,,,,,,,,,,,,,,,,,,,,,,,,,,,,,,,,,,,,,,,,,,,,,,,,,,,,,,,,,,,,,,,,,,,,,,,,,,,,,,,,,,,,,,,,,,,,,,,,,,,,,,,,,,,,,,,,,,,,,,,,,,,,,,,,,,,,,,,,,,,,,,,,,,,,,,,,,,,,,,,,,,,,,,,,,,,,,,,,,,,,,,,,,,,,,,,,,,27,27,27,6,13,13,6,7,6,6,27,6,8,6,7,27,27,6,13,27,27,13,13,7,8,30,7,7,7,30,7,7,20,7,7,2,2,2,20,2,20,20,20,7,7,20,20,7,7,20,20,6,20,6,20,20,20,2,20,20,20,20,20,3,19,6,15,15,15,2,6,15,15,15,2,3,3,3,3,3,28,32,32,32,32,3,16,13,13,13,2,6,13,13,13,6,6,13,13,13,13,13,12,1,1,1,1,1,1,1,1,1,28,28,28,28,25,25,28,18,18,18,18,16,18,10,10,10,10,8,8,15,8,15,8,8,15,25,25,25,31,25,31,31,31,31,31,31,31,31,28,16,16,31,11,30,11,11,11,11,24,26,26,24,30,24,24,24,19,21,23,12,9,9,31,9,9,16,16,16,16,16,16,16,16,16,23,16,16,16,23,16,16,16,23,16,16,29,29,11,29,23,9,21,21,9,23,30,30,30,6,30,9,9,9,4,23,23,1.0,2.0,3.0,2.0,6,6,27,27
13797,2.0405405405405403,0.8145596348957616,3,0,0,"[5, 26, 14, 17]",69,75,78,1.0,1.0,2.0,3.0,2.0,2.0,2.0,2.0,2.0,2.0,1.0,3.0,3.0,1.0,1.0,2.0,2.0,1.0,2.0,1.0,1.0,1.0,1.0,1.0,1.0,1.0,3.0,1.0,3.0,2.0,2.0,2.0,3.0,3.0,3.0,3.0,3.0,3.0,3.0,1.0,1.0,2.0,1.0,2.0,2.0,3.0,1.0,2.0,2.0,3.0,3.0,2.0,3.0,3.0,1.0,1.0,3.0,2.0,1.0,3.0,1.0,3.0,2.0,3.0,2.0,1.0,2.0,3.0,2.0,1.0,2.0,1.0,2.0,2.0,1.0,1.0,2.0,2.0,3.0,3.0,2.0,3.0,1.0,3.0,1.0,3.0,3.0,2.0,2.0,1.0,2.0,2.0,3.0,3.0,1.0,3.0,3.0,1.0,1.0,2.0,3.0,1.0,3.0,2.0,3.0,2.0,3.0,1.0,2.0,1.0,3.0,3.0,3.0,3.0,1.0,2.0,3.0,3.0,3.0,1.0,2.0,3.0,2.0,3.0,3.0,2.0,3.0,1.0,3.0,1.0,3.0,2.0,1.0,2.0,1.0,1.0,2.0,2.0,2.0,3.0,1.0,1.0,3.0,2.0,2.0,3.0,3.0,2.0,2.0,2.0,1.0,3.0,3.0,1.0,1.0,2.0,1.0,3.0,1.0,1.0,3.0,3.0,3.0,3.0,3.0,2.0,3.0,1.0,3.0,1.0,1.0,1.0,1.0,3.0,3.0,3.0,2.0,2.0,1.0,2.0,2.0,3.0,3.0,2.0,3.0,2.0,2.0,1.0,2.0,3.0,1.0,3.0,3.0,2.0,2.0,2.0,2.0,3.0,2.0,2.0,1.0,2.0,1.0,2.0,1.0,3.0,1.0,2.0,1.0,2.0,1.0,3.0,2.0,3.0,3.0,1.0,1.0,2.0,,,,,,,,,,,,,,,,,,,,,,,,,,,,,,,,,,,,,,,,,,,,,,,,,,,,,,,,,,,,,,,,,,,,,,,,,,,,,,,,,,,,,,,,,,,,,,,,,,,,,,,,,,,,,,,,,,,,,,,,,,,,,,,,,,,,,,,,,,,,,,,,,,,,,,,,,,,,,,,,,,,,,,,,,,,,,,,,,,,,,,,,,,,,,,,,,,,,,,,,,,,,,,,,,,,,,,,,,,,20,20,27,13,20,20,20,20,20,20,20,20,20,7,7,27,27,7,13,25,7,13,7,7,8,30,7,12,7,7,7,7,27,27,27,2,2,13,2,27,2,2,6,6,6,6,6,6,6,6,6,6,6,6,6,6,6,2,6,6,6,6,6,3,19,15,15,15,15,15,15,16,8,15,15,3,3,3,3,3,32,32,32,32,32,3,16,13,13,13,2,6,13,13,20,13,13,13,13,13,13,13,30,1,1,1,1,1,11,7,1,1,28,28,32,30,28,28,28,18,18,18,18,18,18,10,10,11,31,8,8,15,8,15,8,8,8,28,28,25,25,25,31,31,16,31,31,31,31,31,19,31,31,4,11,11,21,11,11,4,24,24,24,24,24,13,24,24,24,12,23,12,9,9,23,9,9,16,10,16,16,16,16,16,16,16,4,16,16,16,16,16,23,16,16,16,16,29,29,29,29,4,9,21,4,10,23,30,30,30,30,30,9,9,9,27,4,23,1.0,1.0,3.0,2.0,6,20,27,27
13798,2.1126126126126126,0.7675095904442579,1,0,1,"[14, 5, 17, 26]",54,89,79,1.0,1.0,1.0,1.0,2.0,2.0,2.0,2.0,2.0,2.0,3.0,3.0,3.0,2.0,1.0,2.0,2.0,2.0,2.0,2.0,3.0,2.0,2.0,2.0,1.0,1.0,1.0,1.0,1.0,3.0,3.0,1.0,1.0,1.0,1.0,3.0,3.0,3.0,1.0,2.0,1.0,1.0,2.0,1.0,1.0,3.0,1.0,1.0,1.0,3.0,3.0,2.0,2.0,3.0,3.0,3.0,2.0,3.0,3.0,1.0,2.0,3.0,1.0,3.0,2.0,3.0,2.0,3.0,2.0,2.0,2.0,2.0,2.0,2.0,2.0,1.0,2.0,2.0,3.0,3.0,3.0,3.0,2.0,3.0,2.0,3.0,2.0,2.0,2.0,1.0,2.0,2.0,3.0,3.0,3.0,2.0,2.0,1.0,1.0,2.0,3.0,1.0,1.0,2.0,3.0,2.0,3.0,2.0,1.0,2.0,3.0,3.0,3.0,3.0,1.0,2.0,3.0,3.0,3.0,1.0,2.0,3.0,2.0,3.0,3.0,2.0,1.0,2.0,2.0,1.0,2.0,2.0,3.0,3.0,1.0,1.0,2.0,3.0,3.0,3.0,2.0,1.0,3.0,2.0,3.0,3.0,3.0,2.0,2.0,2.0,3.0,2.0,2.0,2.0,1.0,1.0,3.0,3.0,1.0,3.0,3.0,3.0,3.0,3.0,2.0,3.0,3.0,1.0,3.0,1.0,2.0,1.0,2.0,3.0,3.0,3.0,3.0,3.0,3.0,2.0,2.0,3.0,3.0,2.0,2.0,2.0,2.0,1.0,2.0,2.0,2.0,3.0,3.0,2.0,2.0,3.0,2.0,3.0,2.0,1.0,1.0,2.0,1.0,2.0,1.0,3.0,2.0,2.0,3.0,2.0,2.0,3.0,2.0,1.0,1.0,2.0,1.0,2.0,,,,,,,,,,,,,,,,,,,,,,,,,,,,,,,,,,,,,,,,,,,,,,,,,,,,,,,,,,,,,,,,,,,,,,,,,,,,,,,,,,,,,,,,,,,,,,,,,,,,,,,,,,,,,,,,,,,,,,,,,,,,,,,,,,,,,,,,,,,,,,,,,,,,,,,,,,,,,,,,,,,,,,,,,,,,,,,,,,,,,,,,,,,,,,,,,,,,,,,,,,,,,,,,,,,,,,,,,,,20,20,20,20,20,20,20,20,20,20,27,20,20,6,7,27,27,6,13,27,27,27,27,2,8,30,13,12,13,3,19,16,7,12,13,2,2,13,7,2,2,7,7,7,7,6,6,7,7,6,6,6,7,6,27,27,7,6,7,7,7,6,7,3,19,6,15,15,15,2,15,15,8,15,2,3,3,3,3,3,28,32,25,32,8,3,13,13,13,13,2,6,13,13,3,6,6,13,13,13,13,13,13,1,1,1,1,30,1,1,1,1,28,28,32,30,28,28,28,18,18,18,18,18,18,10,31,10,10,8,23,15,23,8,8,8,8,25,25,25,31,25,31,31,31,31,31,31,31,31,28,16,16,31,11,30,11,11,11,11,24,24,24,24,30,24,24,24,24,12,12,12,12,9,23,9,12,9,16,16,16,16,16,16,23,16,4,16,16,23,23,16,23,16,16,4,16,29,29,11,29,4,9,21,4,10,21,30,6,30,6,30,9,12,12,4,4,23,1.0,2.0,3.0,1.0,6,6,27,20
13799,2.144144144144144,0.7592190181956641,0,0,1,"[17, 14, 26, 5]",50,90,82,3.0,3.0,2.0,2.0,3.0,3.0,3.0,1.0,3.0,3.0,3.0,1.0,1.0,3.0,3.0,1.0,1.0,2.0,2.0,1.0,1.0,1.0,3.0,1.0,1.0,1.0,3.0,1.0,3.0,3.0,2.0,3.0,2.0,2.0,2.0,3.0,3.0,2.0,1.0,2.0,2.0,3.0,3.0,1.0,1.0,3.0,2.0,2.0,2.0,3.0,3.0,2.0,1.0,3.0,2.0,2.0,1.0,2.0,2.0,2.0,3.0,1.0,3.0,3.0,2.0,1.0,1.0,3.0,2.0,2.0,2.0,2.0,3.0,2.0,2.0,1.0,2.0,2.0,3.0,3.0,2.0,3.0,1.0,3.0,2.0,3.0,2.0,2.0,2.0,1.0,2.0,2.0,3.0,3.0,3.0,2.0,2.0,2.0,2.0,2.0,3.0,1.0,1.0,2.0,2.0,2.0,2.0,1.0,2.0,3.0,3.0,3.0,3.0,3.0,1.0,2.0,3.0,3.0,3.0,1.0,2.0,3.0,2.0,3.0,3.0,2.0,2.0,2.0,3.0,1.0,3.0,2.0,1.0,2.0,1.0,1.0,1.0,2.0,2.0,3.0,1.0,1.0,3.0,2.0,2.0,3.0,3.0,2.0,2.0,2.0,1.0,3.0,3.0,2.0,1.0,1.0,3.0,3.0,1.0,3.0,3.0,3.0,3.0,3.0,3.0,3.0,3.0,1.0,3.0,2.0,2.0,2.0,2.0,2.0,2.0,2.0,3.0,2.0,1.0,2.0,2.0,3.0,3.0,2.0,3.0,1.0,1.0,1.0,2.0,3.0,1.0,3.0,2.0,2.0,2.0,2.0,2.0,3.0,2.0,2.0,2.0,3.0,1.0,2.0,3.0,3.0,1.0,2.0,3.0,1.0,1.0,3.0,2.0,3.0,3.0,2.0,2.0,2.0,,,,,,,,,,,,,,,,,,,,,,,,,,,,,,,,,,,,,,,,,,,,,,,,,,,,,,,,,,,,,,,,,,,,,,,,,,,,,,,,,,,,,,,,,,,,,,,,,,,,,,,,,,,,,,,,,,,,,,,,,,,,,,,,,,,,,,,,,,,,,,,,,,,,,,,,,,,,,,,,,,,,,,,,,,,,,,,,,,,,,,,,,,,,,,,,,,,,,,,,,,,,,,,,,,,,,,,,,,,27,27,27,6,13,13,7,7,6,27,27,6,8,27,27,20,21,6,13,25,7,13,13,7,8,30,7,12,7,3,7,27,20,7,7,2,2,2,7,2,20,20,20,7,7,6,20,6,6,6,6,6,20,6,20,20,20,2,20,20,20,20,20,3,19,15,6,15,15,2,15,15,15,15,2,3,3,3,3,3,32,32,32,32,8,3,13,13,13,13,2,6,13,13,3,6,6,6,6,13,13,13,13,1,12,1,21,1,11,21,1,1,28,28,32,30,28,28,28,18,18,18,18,18,18,10,4,10,31,8,8,15,8,15,8,8,15,28,28,25,25,25,31,31,16,31,31,31,31,31,19,31,31,31,11,30,11,11,11,11,24,24,24,24,24,24,24,24,24,21,12,7,12,12,12,12,12,16,10,16,16,16,16,16,16,21,16,16,16,16,16,16,16,16,16,16,16,29,29,29,31,21,9,21,21,10,23,30,6,23,30,30,9,9,9,4,23,23,1.0,2.0,3.0,2.0,6,6,27,27
13800,2.0720720720720722,0.7926324970155456,1,0,1,"[14, 17, 5]",62,82,78,3.0,3.0,2.0,2.0,1.0,1.0,1.0,1.0,3.0,1.0,3.0,1.0,1.0,3.0,3.0,2.0,2.0,2.0,2.0,1.0,1.0,1.0,1.0,1.0,1.0,1.0,3.0,2.0,3.0,3.0,3.0,2.0,2.0,2.0,2.0,1.0,1.0,2.0,3.0,2.0,1.0,2.0,3.0,2.0,2.0,1.0,2.0,1.0,1.0,3.0,3.0,2.0,2.0,3.0,2.0,2.0,3.0,2.0,2.0,2.0,3.0,1.0,3.0,3.0,2.0,1.0,2.0,3.0,3.0,1.0,2.0,2.0,3.0,2.0,1.0,1.0,2.0,2.0,3.0,3.0,2.0,3.0,1.0,3.0,1.0,3.0,2.0,2.0,2.0,1.0,2.0,2.0,3.0,3.0,3.0,2.0,2.0,1.0,1.0,2.0,3.0,1.0,3.0,2.0,3.0,2.0,3.0,1.0,1.0,2.0,3.0,3.0,3.0,3.0,3.0,1.0,3.0,3.0,3.0,1.0,2.0,3.0,2.0,3.0,3.0,1.0,2.0,2.0,2.0,1.0,3.0,2.0,3.0,3.0,2.0,1.0,2.0,3.0,3.0,3.0,2.0,1.0,3.0,1.0,3.0,3.0,3.0,2.0,1.0,1.0,2.0,3.0,3.0,2.0,1.0,1.0,3.0,3.0,1.0,2.0,3.0,3.0,3.0,3.0,2.0,2.0,3.0,1.0,3.0,1.0,1.0,1.0,2.0,2.0,3.0,2.0,3.0,2.0,3.0,2.0,2.0,3.0,3.0,2.0,2.0,2.0,1.0,1.0,2.0,3.0,1.0,3.0,3.0,2.0,3.0,2.0,2.0,2.0,2.0,1.0,2.0,1.0,1.0,2.0,3.0,3.0,1.0,2.0,1.0,3.0,1.0,2.0,2.0,1.0,1.0,2.0,1.0,2.0,,,,,,,,,,,,,,,,,,,,,,,,,,,,,,,,,,,,,,,,,,,,,,,,,,,,,,,,,,,,,,,,,,,,,,,,,,,,,,,,,,,,,,,,,,,,,,,,,,,,,,,,,,,,,,,,,,,,,,,,,,,,,,,,,,,,,,,,,,,,,,,,,,,,,,,,,,,,,,,,,,,,,,,,,,,,,,,,,,,,,,,,,,,,,,,,,,,,,,,,,,,,,,,,,,,,,,,,,,,27,27,27,6,30,32,6,7,6,6,27,6,8,27,27,27,27,6,13,25,7,13,7,7,8,30,7,7,7,3,19,7,20,7,7,9,32,2,2,2,2,2,20,6,6,20,20,7,7,6,6,6,7,6,20,20,6,2,20,20,20,20,20,3,19,15,15,15,8,15,15,15,15,15,15,3,3,3,3,3,32,32,32,32,32,3,13,13,13,13,2,6,13,13,3,6,6,13,13,13,13,13,30,1,1,1,1,1,1,1,1,1,28,28,28,28,28,28,28,18,18,18,18,18,18,11,4,10,10,8,8,15,23,8,9,8,8,25,25,25,31,25,31,10,31,31,31,31,13,13,31,31,31,31,11,30,11,11,11,21,24,24,24,24,30,13,24,24,24,12,23,12,12,12,23,12,12,16,16,16,16,16,16,16,23,16,16,16,16,16,16,16,23,16,6,16,16,26,29,11,31,23,9,21,21,10,23,30,30,4,30,4,9,12,12,4,4,23,1.0,2.0,3.0,2.0,6,6,27,27
13801,2.0945945945945947,0.7399813912100528,1,0,1,"[14, 5, 26]",51,99,72,2.0,2.0,2.0,2.0,3.0,3.0,3.0,1.0,3.0,1.0,3.0,1.0,1.0,2.0,1.0,2.0,2.0,3.0,3.0,1.0,1.0,2.0,2.0,1.0,1.0,1.0,3.0,1.0,3.0,3.0,3.0,2.0,2.0,2.0,2.0,2.0,2.0,2.0,3.0,2.0,1.0,2.0,3.0,2.0,2.0,3.0,2.0,2.0,2.0,1.0,1.0,2.0,3.0,3.0,2.0,2.0,1.0,2.0,2.0,2.0,3.0,1.0,3.0,3.0,2.0,1.0,2.0,3.0,3.0,1.0,2.0,2.0,3.0,2.0,1.0,1.0,2.0,2.0,3.0,3.0,3.0,3.0,1.0,3.0,2.0,3.0,2.0,2.0,2.0,1.0,2.0,2.0,3.0,3.0,3.0,2.0,2.0,2.0,2.0,2.0,3.0,1.0,2.0,2.0,3.0,2.0,3.0,1.0,1.0,2.0,3.0,3.0,3.0,3.0,3.0,1.0,2.0,2.0,2.0,3.0,1.0,3.0,3.0,2.0,3.0,1.0,3.0,2.0,2.0,1.0,2.0,2.0,2.0,3.0,1.0,1.0,3.0,2.0,2.0,3.0,2.0,1.0,3.0,2.0,2.0,3.0,3.0,2.0,1.0,1.0,3.0,3.0,3.0,2.0,1.0,1.0,3.0,1.0,1.0,2.0,3.0,3.0,2.0,3.0,2.0,2.0,3.0,1.0,3.0,2.0,2.0,1.0,2.0,2.0,2.0,1.0,1.0,2.0,3.0,2.0,2.0,3.0,3.0,2.0,3.0,2.0,2.0,1.0,1.0,3.0,2.0,3.0,2.0,2.0,2.0,2.0,2.0,3.0,1.0,1.0,1.0,2.0,1.0,2.0,3.0,3.0,2.0,2.0,2.0,3.0,1.0,2.0,2.0,3.0,3.0,2.0,1.0,2.0,,,,,,,,,,,,,,,,,,,,,,,,,,,,,,,,,,,,,,,,,,,,,,,,,,,,,,,,,,,,,,,,,,,,,,,,,,,,,,,,,,,,,,,,,,,,,,,,,,,,,,,,,,,,,,,,,,,,,,,,,,,,,,,,,,,,,,,,,,,,,,,,,,,,,,,,,,,,,,,,,,,,,,,,,,,,,,,,,,,,,,,,,,,,,,,,,,,,,,,,,,,,,,,,,,,,,,,,,,,7,7,27,6,13,13,7,7,6,6,27,6,8,6,7,27,27,27,27,25,7,27,27,7,8,30,7,12,7,3,19,7,20,7,7,21,21,2,2,2,2,2,20,6,6,6,20,6,6,20,20,6,6,6,20,20,20,2,20,20,20,20,20,3,19,15,15,15,8,15,15,15,15,15,15,3,3,3,3,3,28,32,32,32,8,3,13,13,13,13,2,6,13,13,3,6,6,6,6,13,13,13,12,1,1,1,1,1,1,1,1,1,28,28,28,28,25,25,31,17,17,18,12,16,18,11,10,10,10,8,23,15,16,8,8,8,31,28,28,25,31,25,31,31,16,31,31,31,13,13,28,31,31,31,11,30,11,13,11,21,24,24,21,24,30,13,24,24,24,21,12,12,12,12,12,21,13,16,16,16,16,16,16,16,16,16,4,16,11,16,23,16,16,16,16,16,16,29,4,11,29,4,9,21,21,10,21,30,4,4,30,4,9,9,9,4,4,23,1.0,2.0,3.0,2.0,6,6,27,27
13802,2.0675675675675675,0.8015440034905214,4,0,1,"[17, 14, 5, 26]",64,79,79,2.0,2.0,1.0,1.0,2.0,2.0,1.0,1.0,2.0,2.0,3.0,3.0,3.0,1.0,1.0,2.0,2.0,3.0,3.0,1.0,1.0,1.0,3.0,1.0,1.0,1.0,3.0,1.0,3.0,3.0,2.0,2.0,3.0,1.0,2.0,3.0,3.0,1.0,3.0,1.0,1.0,2.0,1.0,2.0,2.0,3.0,1.0,2.0,2.0,3.0,3.0,3.0,3.0,3.0,1.0,1.0,3.0,3.0,1.0,3.0,1.0,3.0,2.0,3.0,2.0,1.0,2.0,3.0,2.0,2.0,2.0,2.0,3.0,2.0,2.0,1.0,2.0,2.0,3.0,3.0,2.0,3.0,1.0,3.0,1.0,3.0,3.0,2.0,2.0,1.0,2.0,2.0,3.0,3.0,3.0,3.0,3.0,1.0,1.0,2.0,3.0,1.0,1.0,2.0,3.0,2.0,3.0,1.0,1.0,2.0,3.0,3.0,3.0,3.0,3.0,1.0,3.0,3.0,3.0,1.0,2.0,3.0,2.0,3.0,3.0,2.0,2.0,2.0,2.0,1.0,3.0,2.0,1.0,2.0,1.0,1.0,2.0,3.0,3.0,2.0,1.0,1.0,3.0,1.0,2.0,3.0,3.0,2.0,2.0,2.0,1.0,2.0,2.0,1.0,1.0,2.0,3.0,3.0,1.0,3.0,3.0,3.0,3.0,3.0,2.0,2.0,3.0,1.0,3.0,1.0,2.0,1.0,1.0,2.0,1.0,3.0,2.0,3.0,3.0,2.0,2.0,3.0,3.0,2.0,3.0,3.0,2.0,1.0,2.0,3.0,1.0,3.0,2.0,2.0,2.0,2.0,2.0,3.0,2.0,2.0,2.0,1.0,1.0,2.0,1.0,2.0,1.0,2.0,2.0,3.0,1.0,2.0,2.0,3.0,3.0,1.0,1.0,2.0,,,,,,,,,,,,,,,,,,,,,,,,,,,,,,,,,,,,,,,,,,,,,,,,,,,,,,,,,,,,,,,,,,,,,,,,,,,,,,,,,,,,,,,,,,,,,,,,,,,,,,,,,,,,,,,,,,,,,,,,,,,,,,,,,,,,,,,,,,,,,,,,,,,,,,,,,,,,,,,,,,,,,,,,,,,,,,,,,,,,,,,,,,,,,,,,,,,,,,,,,,,,,,,,,,,,,,,,,,,7,7,20,20,20,20,6,7,20,20,27,20,20,7,7,27,27,27,27,25,7,13,13,7,8,30,7,12,7,3,7,7,27,12,7,2,2,20,2,27,2,2,6,6,6,6,6,6,6,6,6,27,6,6,6,6,6,6,6,6,6,6,6,3,19,15,15,15,15,2,15,15,15,15,2,3,3,3,3,3,32,32,32,32,32,3,16,13,13,13,2,6,13,13,3,13,13,13,13,13,13,13,13,1,1,1,1,1,1,1,1,1,28,28,28,28,28,28,28,18,18,18,18,18,18,10,4,10,10,8,8,15,8,15,8,8,8,25,25,12,25,25,31,10,16,31,31,31,31,31,19,16,16,4,11,11,11,11,11,11,24,24,24,24,30,13,24,24,24,12,12,12,9,12,31,9,9,9,16,16,16,16,16,16,16,27,4,16,16,16,16,16,16,16,16,16,16,29,29,29,31,23,9,21,4,9,23,30,4,4,30,4,9,9,9,27,4,23,1.0,2.0,1.0,1.0,6,6,20,20
13803,2.054054054054054,0.7709409874398376,2,0,1,"[14, 17, 5]",60,90,72,1.0,1.0,1.0,2.0,3.0,3.0,2.0,2.0,2.0,2.0,3.0,3.0,3.0,2.0,1.0,2.0,2.0,2.0,2.0,3.0,1.0,2.0,2.0,2.0,1.0,1.0,1.0,1.0,1.0,3.0,3.0,1.0,1.0,1.0,1.0,3.0,3.0,2.0,1.0,2.0,2.0,1.0,2.0,1.0,1.0,2.0,1.0,1.0,1.0,2.0,2.0,2.0,2.0,3.0,3.0,3.0,3.0,1.0,3.0,1.0,2.0,2.0,2.0,3.0,2.0,3.0,1.0,2.0,2.0,2.0,2.0,2.0,3.0,2.0,2.0,1.0,2.0,2.0,3.0,3.0,2.0,3.0,1.0,3.0,2.0,3.0,3.0,2.0,2.0,1.0,2.0,2.0,3.0,3.0,3.0,2.0,2.0,1.0,1.0,2.0,3.0,1.0,1.0,2.0,3.0,2.0,3.0,1.0,2.0,3.0,3.0,3.0,3.0,3.0,1.0,2.0,3.0,3.0,3.0,1.0,2.0,3.0,2.0,3.0,3.0,1.0,3.0,2.0,2.0,1.0,3.0,2.0,1.0,2.0,1.0,1.0,1.0,2.0,2.0,3.0,2.0,1.0,3.0,2.0,2.0,3.0,3.0,2.0,2.0,2.0,2.0,3.0,3.0,2.0,1.0,2.0,3.0,2.0,1.0,2.0,3.0,1.0,1.0,3.0,2.0,1.0,3.0,1.0,3.0,2.0,1.0,1.0,1.0,3.0,3.0,3.0,2.0,3.0,3.0,1.0,2.0,3.0,3.0,2.0,2.0,1.0,3.0,1.0,2.0,2.0,2.0,3.0,3.0,2.0,3.0,3.0,2.0,2.0,1.0,2.0,1.0,2.0,2.0,2.0,3.0,3.0,2.0,2.0,2.0,3.0,1.0,2.0,2.0,3.0,3.0,2.0,1.0,2.0,,,,,,,,,,,,,,,,,,,,,,,,,,,,,,,,,,,,,,,,,,,,,,,,,,,,,,,,,,,,,,,,,,,,,,,,,,,,,,,,,,,,,,,,,,,,,,,,,,,,,,,,,,,,,,,,,,,,,,,,,,,,,,,,,,,,,,,,,,,,,,,,,,,,,,,,,,,,,,,,,,,,,,,,,,,,,,,,,,,,,,,,,,,,,,,,,,,,,,,,,,,,,,,,,,,,,,,,,,,20,20,20,6,13,13,20,20,20,20,27,20,20,6,7,27,27,6,13,20,7,27,27,2,8,30,13,12,13,3,19,16,7,12,13,2,2,2,7,2,20,7,7,7,7,7,6,7,7,27,27,6,7,6,27,27,6,7,7,7,7,7,6,3,19,6,6,6,15,2,15,15,15,15,2,3,3,3,3,3,32,32,32,32,8,3,16,13,13,13,2,6,13,13,3,6,6,13,13,13,13,13,13,1,1,1,1,1,11,21,1,1,28,28,32,30,28,28,28,18,18,18,18,18,18,11,10,10,10,8,8,15,8,15,8,8,15,28,28,25,31,25,31,31,16,31,31,31,31,31,31,31,31,31,11,11,11,12,11,21,24,26,26,24,30,30,24,24,24,21,23,12,9,9,23,9,9,9,16,6,16,16,16,16,23,21,23,16,16,23,23,16,23,16,6,4,16,26,4,29,29,4,21,21,21,10,21,30,4,4,30,4,9,9,9,4,4,23,1.0,1.0,3.0,1.0,6,20,27,20
13804,2.09009009009009,0.8021413597850569,3,0,0,"[17, 14, 5]",62,78,82,1.0,1.0,2.0,1.0,2.0,2.0,2.0,2.0,2.0,2.0,3.0,3.0,3.0,3.0,3.0,2.0,2.0,3.0,3.0,2.0,3.0,1.0,1.0,1.0,3.0,1.0,3.0,2.0,3.0,2.0,3.0,2.0,1.0,2.0,2.0,3.0,3.0,2.0,3.0,2.0,1.0,2.0,1.0,2.0,2.0,3.0,1.0,2.0,2.0,3.0,3.0,2.0,3.0,3.0,1.0,1.0,3.0,2.0,1.0,3.0,1.0,3.0,2.0,3.0,2.0,1.0,2.0,3.0,3.0,1.0,2.0,1.0,3.0,2.0,1.0,1.0,2.0,2.0,3.0,3.0,3.0,3.0,1.0,3.0,1.0,3.0,3.0,2.0,2.0,1.0,1.0,1.0,3.0,3.0,2.0,3.0,3.0,1.0,1.0,2.0,3.0,1.0,1.0,2.0,3.0,2.0,3.0,1.0,3.0,1.0,3.0,3.0,3.0,3.0,3.0,1.0,2.0,2.0,3.0,1.0,2.0,3.0,2.0,3.0,3.0,1.0,3.0,2.0,2.0,1.0,3.0,2.0,1.0,2.0,1.0,1.0,3.0,3.0,3.0,3.0,2.0,1.0,3.0,1.0,2.0,3.0,3.0,2.0,2.0,2.0,3.0,3.0,3.0,2.0,1.0,1.0,3.0,3.0,1.0,3.0,3.0,1.0,1.0,3.0,3.0,1.0,3.0,1.0,3.0,2.0,2.0,1.0,2.0,1.0,2.0,2.0,3.0,2.0,3.0,2.0,2.0,3.0,3.0,2.0,2.0,1.0,3.0,1.0,2.0,3.0,1.0,3.0,2.0,2.0,2.0,2.0,2.0,2.0,2.0,3.0,2.0,3.0,1.0,2.0,3.0,1.0,1.0,2.0,1.0,2.0,1.0,3.0,2.0,1.0,1.0,2.0,2.0,2.0,,,,,,,,,,,,,,,,,,,,,,,,,,,,,,,,,,,,,,,,,,,,,,,,,,,,,,,,,,,,,,,,,,,,,,,,,,,,,,,,,,,,,,,,,,,,,,,,,,,,,,,,,,,,,,,,,,,,,,,,,,,,,,,,,,,,,,,,,,,,,,,,,,,,,,,,,,,,,,,,,,,,,,,,,,,,,,,,,,,,,,,,,,,,,,,,,,,,,,,,,,,,,,,,,,,,,,,,,,,20,20,27,20,20,20,20,20,20,20,27,20,20,27,27,27,27,27,27,27,27,13,7,7,7,30,7,7,7,7,19,7,7,7,7,2,2,2,2,2,2,2,6,6,6,6,6,6,6,6,6,6,6,6,6,6,6,2,6,6,6,6,6,3,19,15,15,15,8,15,15,16,15,15,15,3,3,3,3,3,28,32,32,32,32,3,16,13,13,13,13,13,13,13,13,13,13,13,13,13,13,13,13,1,1,1,1,1,21,7,1,1,28,28,28,28,25,25,28,18,18,18,18,18,18,11,10,10,10,8,8,15,8,15,8,8,31,25,25,25,31,25,31,10,16,31,31,31,31,31,28,31,31,31,11,30,11,11,11,11,24,26,26,24,24,30,24,24,24,21,12,12,12,26,12,12,12,16,16,16,16,16,16,16,23,21,23,16,16,16,16,16,16,16,16,16,16,26,29,21,31,21,9,21,21,21,23,30,30,30,30,30,9,12,12,4,23,23,1.0,1.0,1.0,2.0,6,20,20,27
13805,2.0720720720720722,0.7926324970155457,3,0,1,"[17, 5, 26, 14]",62,82,78,2.0,2.0,2.0,1.0,2.0,2.0,3.0,1.0,2.0,2.0,3.0,3.0,3.0,3.0,3.0,1.0,1.0,1.0,2.0,2.0,3.0,2.0,2.0,1.0,1.0,1.0,3.0,2.0,3.0,3.0,2.0,1.0,2.0,2.0,2.0,3.0,3.0,1.0,3.0,2.0,1.0,2.0,1.0,2.0,2.0,3.0,1.0,2.0,2.0,3.0,3.0,2.0,3.0,3.0,1.0,1.0,3.0,3.0,1.0,3.0,1.0,3.0,2.0,1.0,1.0,1.0,2.0,3.0,2.0,1.0,2.0,2.0,3.0,2.0,1.0,1.0,2.0,2.0,3.0,3.0,2.0,3.0,2.0,3.0,1.0,1.0,3.0,2.0,2.0,1.0,2.0,1.0,3.0,3.0,3.0,3.0,3.0,1.0,1.0,2.0,3.0,1.0,3.0,2.0,3.0,2.0,3.0,1.0,1.0,2.0,3.0,3.0,3.0,3.0,1.0,2.0,3.0,3.0,3.0,1.0,2.0,3.0,2.0,3.0,3.0,1.0,3.0,1.0,2.0,1.0,3.0,1.0,1.0,3.0,2.0,1.0,2.0,2.0,2.0,3.0,1.0,1.0,3.0,2.0,3.0,3.0,3.0,2.0,1.0,1.0,1.0,3.0,3.0,2.0,1.0,2.0,3.0,1.0,1.0,2.0,3.0,3.0,2.0,3.0,2.0,2.0,3.0,1.0,3.0,1.0,2.0,1.0,1.0,3.0,1.0,3.0,2.0,2.0,1.0,2.0,2.0,3.0,3.0,2.0,3.0,2.0,1.0,1.0,2.0,2.0,1.0,3.0,2.0,2.0,2.0,2.0,2.0,3.0,2.0,2.0,2.0,3.0,1.0,2.0,3.0,3.0,2.0,2.0,2.0,2.0,1.0,3.0,2.0,3.0,3.0,2.0,1.0,2.0,,,,,,,,,,,,,,,,,,,,,,,,,,,,,,,,,,,,,,,,,,,,,,,,,,,,,,,,,,,,,,,,,,,,,,,,,,,,,,,,,,,,,,,,,,,,,,,,,,,,,,,,,,,,,,,,,,,,,,,,,,,,,,,,,,,,,,,,,,,,,,,,,,,,,,,,,,,,,,,,,,,,,,,,,,,,,,,,,,,,,,,,,,,,,,,,,,,,,,,,,,,,,,,,,,,,,,,,,,,7,7,27,20,20,20,7,7,20,20,27,20,20,27,27,20,21,7,13,27,27,27,27,7,8,30,7,7,7,3,7,16,20,7,7,2,2,20,2,2,2,2,6,6,6,6,6,6,6,6,6,6,6,6,6,6,6,6,6,6,6,6,6,19,20,15,15,15,15,15,15,15,15,15,15,3,3,3,3,3,32,32,25,32,32,32,16,13,13,13,2,13,13,13,3,13,13,13,13,13,13,13,30,1,1,1,1,1,1,1,1,1,28,28,32,30,28,28,28,18,18,18,18,18,18,11,10,11,10,8,8,8,8,8,9,8,8,28,28,25,25,25,31,31,31,31,31,31,13,13,19,31,31,31,11,11,11,13,11,21,24,24,21,24,30,13,24,24,24,12,12,12,9,9,31,9,9,16,10,16,16,16,16,16,16,16,16,16,16,23,16,16,16,16,16,16,16,29,29,29,31,21,9,21,21,10,21,30,4,30,30,30,9,9,9,4,4,23,1.0,1.0,3.0,2.0,6,20,27,27
13806,2.018018018018018,0.7842566527683642,1,0,1,"[5, 14, 17]",66,86,70,2.0,2.0,2.0,2.0,3.0,3.0,1.0,1.0,1.0,3.0,3.0,1.0,1.0,2.0,1.0,2.0,2.0,1.0,2.0,1.0,1.0,2.0,2.0,1.0,1.0,1.0,3.0,1.0,3.0,3.0,3.0,3.0,2.0,2.0,1.0,3.0,3.0,2.0,3.0,2.0,1.0,2.0,1.0,2.0,2.0,2.0,2.0,2.0,2.0,1.0,1.0,2.0,1.0,3.0,2.0,2.0,1.0,3.0,2.0,2.0,3.0,1.0,3.0,3.0,2.0,1.0,2.0,3.0,3.0,1.0,2.0,2.0,3.0,2.0,1.0,1.0,2.0,2.0,3.0,3.0,2.0,3.0,1.0,3.0,1.0,3.0,3.0,2.0,2.0,1.0,2.0,2.0,3.0,3.0,3.0,2.0,2.0,1.0,1.0,2.0,3.0,1.0,1.0,2.0,3.0,2.0,3.0,1.0,1.0,2.0,3.0,3.0,3.0,3.0,1.0,2.0,3.0,3.0,3.0,1.0,2.0,3.0,2.0,3.0,3.0,1.0,3.0,2.0,2.0,1.0,3.0,1.0,1.0,2.0,2.0,2.0,2.0,3.0,3.0,3.0,2.0,1.0,3.0,3.0,2.0,3.0,3.0,2.0,2.0,2.0,2.0,3.0,3.0,1.0,1.0,2.0,3.0,3.0,1.0,1.0,3.0,1.0,1.0,3.0,2.0,2.0,3.0,1.0,3.0,2.0,1.0,1.0,1.0,1.0,1.0,3.0,2.0,2.0,1.0,1.0,2.0,3.0,3.0,2.0,3.0,2.0,1.0,1.0,2.0,3.0,1.0,3.0,2.0,2.0,2.0,2.0,2.0,2.0,1.0,2.0,2.0,2.0,1.0,2.0,1.0,2.0,1.0,2.0,1.0,3.0,1.0,3.0,2.0,3.0,3.0,2.0,1.0,2.0,,,,,,,,,,,,,,,,,,,,,,,,,,,,,,,,,,,,,,,,,,,,,,,,,,,,,,,,,,,,,,,,,,,,,,,,,,,,,,,,,,,,,,,,,,,,,,,,,,,,,,,,,,,,,,,,,,,,,,,,,,,,,,,,,,,,,,,,,,,,,,,,,,,,,,,,,,,,,,,,,,,,,,,,,,,,,,,,,,,,,,,,,,,,,,,,,,,,,,,,,,,,,,,,,,,,,,,,,,,7,7,27,6,13,13,6,7,7,27,27,6,8,6,7,27,27,7,13,25,7,27,27,7,8,30,7,12,7,3,19,27,20,7,13,2,2,2,2,2,2,2,6,6,6,7,20,6,6,20,20,6,20,6,20,20,20,6,20,20,20,20,20,3,19,15,15,15,8,15,15,15,15,15,15,3,3,3,3,3,32,32,32,32,32,3,16,13,13,13,2,6,13,13,3,6,6,13,13,13,13,13,13,1,1,1,1,1,1,1,1,1,28,28,32,30,28,28,28,18,18,18,18,18,18,11,10,10,10,8,8,8,8,15,9,30,8,25,25,25,31,25,31,6,16,31,31,31,31,31,31,31,31,4,11,11,11,11,11,4,24,26,26,24,30,13,24,24,24,21,23,12,9,26,31,9,9,16,10,6,16,16,16,16,16,16,16,16,16,16,16,16,16,16,16,16,16,26,4,29,31,4,9,21,4,9,23,30,30,4,30,30,9,9,9,4,4,23,1.0,2.0,3.0,2.0,6,6,27,27
13807,2.1216216216216215,0.7661274075493342,1,1,1,"[17, 5, 14, 26]",53,89,80,1.0,1.0,1.0,2.0,2.0,2.0,2.0,2.0,2.0,2.0,3.0,3.0,3.0,3.0,3.0,2.0,2.0,3.0,3.0,2.0,3.0,1.0,3.0,2.0,1.0,1.0,1.0,2.0,1.0,2.0,2.0,2.0,1.0,2.0,2.0,3.0,3.0,1.0,1.0,2.0,1.0,1.0,1.0,2.0,2.0,3.0,1.0,2.0,2.0,3.0,3.0,2.0,3.0,3.0,1.0,1.0,3.0,3.0,1.0,3.0,1.0,3.0,2.0,2.0,2.0,1.0,2.0,3.0,3.0,2.0,2.0,2.0,3.0,2.0,2.0,2.0,2.0,2.0,3.0,3.0,3.0,3.0,1.0,3.0,1.0,2.0,3.0,2.0,2.0,1.0,2.0,2.0,3.0,3.0,2.0,3.0,3.0,2.0,2.0,2.0,1.0,1.0,3.0,2.0,3.0,2.0,3.0,1.0,1.0,2.0,3.0,3.0,3.0,3.0,3.0,1.0,1.0,1.0,2.0,1.0,2.0,3.0,2.0,3.0,3.0,1.0,3.0,1.0,2.0,1.0,3.0,1.0,2.0,3.0,2.0,1.0,2.0,3.0,3.0,3.0,2.0,1.0,3.0,1.0,3.0,3.0,3.0,3.0,2.0,2.0,3.0,3.0,3.0,2.0,1.0,1.0,1.0,3.0,1.0,2.0,3.0,3.0,3.0,3.0,3.0,3.0,3.0,2.0,2.0,2.0,2.0,1.0,2.0,2.0,2.0,1.0,1.0,2.0,3.0,2.0,2.0,3.0,3.0,2.0,3.0,2.0,1.0,1.0,2.0,3.0,2.0,3.0,3.0,2.0,2.0,2.0,2.0,3.0,2.0,1.0,2.0,3.0,2.0,3.0,3.0,3.0,2.0,2.0,2.0,2.0,1.0,3.0,2.0,1.0,1.0,2.0,1.0,2.0,,,,,,,,,,,,,,,,,,,,,,,,,,,,,,,,,,,,,,,,,,,,,,,,,,,,,,,,,,,,,,,,,,,,,,,,,,,,,,,,,,,,,,,,,,,,,,,,,,,,,,,,,,,,,,,,,,,,,,,,,,,,,,,,,,,,,,,,,,,,,,,,,,,,,,,,,,,,,,,,,,,,,,,,,,,,,,,,,,,,,,,,,,,,,,,,,,,,,,,,,,,,,,,,,,,,,,,,,,,20,20,20,6,20,20,20,20,20,20,27,20,20,27,27,27,27,27,27,27,27,13,13,2,8,30,13,7,13,7,7,7,7,7,7,2,2,20,7,2,2,7,6,6,6,6,6,6,6,6,6,6,6,6,6,6,6,6,6,6,6,6,6,25,19,15,15,15,8,2,15,15,15,15,2,13,3,3,3,3,28,32,32,32,32,28,16,13,13,13,2,6,13,13,13,13,13,6,6,13,7,13,30,1,1,1,1,1,1,1,1,1,28,28,28,28,30,30,31,18,18,18,18,18,18,11,10,11,10,8,8,8,16,8,9,8,8,25,25,25,31,25,31,10,31,31,31,7,31,31,28,31,31,31,11,30,21,11,11,21,24,24,24,24,24,24,24,28,19,21,12,12,12,12,12,21,13,16,16,16,16,16,16,16,16,16,16,16,16,16,23,16,23,16,16,16,16,29,29,11,31,21,21,7,21,10,21,30,4,30,30,30,9,12,12,4,4,23,2.0,2.0,3.0,1.0,13,6,27,20
13808,2.063063063063063,0.7876797851721572,2,0,0,"[5, 14, 17]",62,84,76,3.0,3.0,2.0,2.0,1.0,1.0,3.0,1.0,2.0,2.0,3.0,3.0,3.0,3.0,3.0,1.0,1.0,1.0,1.0,2.0,3.0,1.0,1.0,1.0,1.0,1.0,3.0,2.0,3.0,3.0,3.0,2.0,2.0,2.0,2.0,1.0,1.0,1.0,3.0,2.0,1.0,2.0,1.0,2.0,2.0,3.0,1.0,2.0,2.0,3.0,3.0,2.0,3.0,3.0,1.0,1.0,3.0,2.0,1.0,1.0,1.0,3.0,2.0,2.0,1.0,1.0,2.0,3.0,3.0,1.0,2.0,2.0,2.0,2.0,1.0,1.0,2.0,2.0,3.0,3.0,2.0,3.0,2.0,3.0,1.0,1.0,2.0,2.0,2.0,1.0,2.0,2.0,3.0,3.0,3.0,3.0,3.0,1.0,1.0,2.0,3.0,1.0,1.0,2.0,3.0,2.0,3.0,1.0,1.0,2.0,3.0,3.0,3.0,3.0,3.0,1.0,3.0,3.0,2.0,1.0,2.0,3.0,2.0,2.0,3.0,1.0,2.0,2.0,2.0,1.0,3.0,2.0,1.0,3.0,2.0,2.0,2.0,2.0,2.0,3.0,2.0,1.0,3.0,1.0,2.0,3.0,3.0,2.0,2.0,2.0,2.0,3.0,3.0,2.0,1.0,1.0,3.0,3.0,1.0,3.0,3.0,1.0,2.0,3.0,1.0,2.0,3.0,1.0,2.0,2.0,1.0,1.0,1.0,3.0,3.0,3.0,3.0,2.0,3.0,2.0,2.0,3.0,3.0,2.0,3.0,2.0,2.0,1.0,2.0,3.0,1.0,3.0,3.0,2.0,2.0,2.0,2.0,2.0,1.0,3.0,1.0,3.0,1.0,2.0,3.0,3.0,2.0,2.0,1.0,2.0,1.0,2.0,2.0,3.0,3.0,2.0,1.0,2.0,,,,,,,,,,,,,,,,,,,,,,,,,,,,,,,,,,,,,,,,,,,,,,,,,,,,,,,,,,,,,,,,,,,,,,,,,,,,,,,,,,,,,,,,,,,,,,,,,,,,,,,,,,,,,,,,,,,,,,,,,,,,,,,,,,,,,,,,,,,,,,,,,,,,,,,,,,,,,,,,,,,,,,,,,,,,,,,,,,,,,,,,,,,,,,,,,,,,,,,,,,,,,,,,,,,,,,,,,,,27,27,27,6,30,32,7,7,20,20,27,20,20,27,27,20,21,7,20,27,27,13,7,7,8,30,7,7,7,3,19,7,20,7,7,9,32,20,2,2,2,2,6,6,6,6,6,6,6,6,6,6,6,6,6,6,6,2,6,7,6,6,6,25,20,15,15,15,8,15,15,15,8,15,15,3,3,3,3,3,32,32,25,32,32,32,13,13,13,13,2,6,13,13,3,13,13,13,13,13,13,13,13,1,1,1,1,1,1,1,1,1,28,28,28,28,28,28,31,18,18,18,18,16,18,11,4,10,10,8,8,15,8,8,9,30,8,28,28,25,31,25,31,10,16,31,31,31,31,31,31,31,31,31,11,30,11,11,11,11,24,26,21,24,4,13,24,24,19,21,23,12,9,9,23,9,12,16,16,16,16,16,16,16,16,16,4,16,16,16,16,16,23,16,16,16,16,26,4,21,29,21,9,21,21,10,21,30,30,30,30,4,9,9,9,4,4,23,2.0,1.0,3.0,2.0,13,20,27,27
13809,2.099099099099099,0.7839447177267498,0,0,1,"[17, 14, 5]",58,84,80,2.0,2.0,2.0,2.0,3.0,3.0,3.0,1.0,3.0,1.0,3.0,1.0,1.0,1.0,1.0,1.0,1.0,2.0,2.0,1.0,1.0,2.0,2.0,1.0,1.0,1.0,3.0,1.0,3.0,3.0,2.0,1.0,2.0,1.0,1.0,3.0,3.0,2.0,2.0,2.0,2.0,3.0,3.0,3.0,3.0,3.0,2.0,3.0,3.0,1.0,1.0,2.0,3.0,3.0,2.0,2.0,3.0,2.0,2.0,2.0,3.0,1.0,3.0,3.0,2.0,1.0,2.0,3.0,2.0,2.0,3.0,3.0,3.0,2.0,2.0,1.0,2.0,2.0,3.0,3.0,2.0,3.0,1.0,3.0,1.0,3.0,3.0,2.0,2.0,1.0,2.0,2.0,3.0,3.0,3.0,2.0,2.0,1.0,1.0,2.0,3.0,1.0,1.0,2.0,3.0,2.0,3.0,1.0,2.0,1.0,3.0,3.0,3.0,3.0,1.0,2.0,3.0,3.0,3.0,1.0,2.0,3.0,2.0,2.0,3.0,2.0,1.0,2.0,2.0,2.0,3.0,2.0,1.0,2.0,1.0,3.0,1.0,2.0,2.0,3.0,1.0,1.0,3.0,1.0,2.0,3.0,3.0,2.0,2.0,2.0,2.0,3.0,3.0,2.0,1.0,1.0,3.0,3.0,1.0,3.0,3.0,1.0,2.0,3.0,1.0,2.0,3.0,1.0,3.0,2.0,1.0,1.0,1.0,1.0,3.0,3.0,2.0,3.0,3.0,2.0,2.0,3.0,3.0,2.0,3.0,2.0,2.0,1.0,2.0,3.0,1.0,3.0,3.0,2.0,1.0,2.0,2.0,3.0,2.0,2.0,2.0,2.0,2.0,2.0,3.0,1.0,2.0,2.0,1.0,3.0,1.0,3.0,2.0,3.0,3.0,2.0,1.0,2.0,,,,,,,,,,,,,,,,,,,,,,,,,,,,,,,,,,,,,,,,,,,,,,,,,,,,,,,,,,,,,,,,,,,,,,,,,,,,,,,,,,,,,,,,,,,,,,,,,,,,,,,,,,,,,,,,,,,,,,,,,,,,,,,,,,,,,,,,,,,,,,,,,,,,,,,,,,,,,,,,,,,,,,,,,,,,,,,,,,,,,,,,,,,,,,,,,,,,,,,,,,,,,,,,,,,,,,,,,,,7,7,27,6,13,13,7,7,6,6,27,6,8,7,7,20,21,6,13,25,7,27,27,7,8,30,7,12,7,3,7,16,20,12,13,2,2,2,20,2,20,20,20,27,27,6,20,27,27,20,20,6,6,6,20,20,6,2,20,20,20,20,20,3,19,15,15,15,15,2,6,19,15,15,2,3,3,3,3,3,32,32,32,32,32,3,16,13,13,13,2,6,13,13,3,6,6,13,13,13,13,13,13,1,1,1,1,1,11,7,1,1,28,28,32,30,28,28,28,18,18,18,18,16,18,10,31,10,10,30,8,15,8,15,8,6,15,28,28,25,25,25,31,10,16,31,31,31,31,31,31,31,31,31,11,30,11,11,11,11,24,26,21,24,4,13,24,24,24,21,23,12,9,26,23,9,9,9,16,16,16,16,16,16,16,16,4,16,16,16,16,16,23,16,23,16,16,29,29,29,31,4,21,21,21,21,21,30,30,4,30,30,9,9,9,4,4,23,1.0,2.0,3.0,2.0,6,6,27,27
13810,2.0135135135135136,0.7638893675656883,0,0,1,"[5, 26, 14, 17]",63,93,66,2.0,2.0,2.0,2.0,1.0,1.0,3.0,1.0,3.0,1.0,3.0,1.0,1.0,2.0,1.0,1.0,1.0,2.0,2.0,1.0,1.0,2.0,2.0,1.0,1.0,1.0,3.0,2.0,3.0,3.0,3.0,1.0,1.0,1.0,2.0,1.0,1.0,2.0,2.0,2.0,2.0,3.0,3.0,3.0,3.0,1.0,2.0,3.0,3.0,1.0,1.0,2.0,1.0,3.0,2.0,2.0,1.0,2.0,2.0,2.0,1.0,1.0,3.0,2.0,2.0,1.0,2.0,3.0,2.0,2.0,2.0,2.0,3.0,1.0,2.0,1.0,2.0,2.0,3.0,3.0,2.0,2.0,1.0,3.0,1.0,1.0,2.0,2.0,2.0,1.0,2.0,2.0,3.0,3.0,3.0,2.0,2.0,1.0,1.0,2.0,3.0,2.0,1.0,2.0,3.0,2.0,3.0,1.0,2.0,3.0,3.0,3.0,3.0,3.0,3.0,1.0,3.0,3.0,3.0,1.0,2.0,3.0,3.0,3.0,3.0,2.0,3.0,2.0,3.0,1.0,3.0,2.0,1.0,2.0,1.0,1.0,1.0,1.0,1.0,3.0,2.0,1.0,3.0,2.0,2.0,3.0,3.0,2.0,1.0,1.0,2.0,2.0,2.0,2.0,1.0,2.0,3.0,2.0,1.0,3.0,3.0,3.0,3.0,3.0,2.0,2.0,3.0,1.0,3.0,2.0,2.0,1.0,2.0,3.0,2.0,2.0,1.0,2.0,1.0,1.0,2.0,3.0,3.0,2.0,3.0,2.0,2.0,1.0,2.0,3.0,1.0,3.0,2.0,2.0,2.0,3.0,2.0,3.0,2.0,2.0,2.0,2.0,1.0,2.0,1.0,2.0,2.0,2.0,1.0,2.0,2.0,3.0,2.0,3.0,3.0,2.0,1.0,2.0,,,,,,,,,,,,,,,,,,,,,,,,,,,,,,,,,,,,,,,,,,,,,,,,,,,,,,,,,,,,,,,,,,,,,,,,,,,,,,,,,,,,,,,,,,,,,,,,,,,,,,,,,,,,,,,,,,,,,,,,,,,,,,,,,,,,,,,,,,,,,,,,,,,,,,,,,,,,,,,,,,,,,,,,,,,,,,,,,,,,,,,,,,,,,,,,,,,,,,,,,,,,,,,,,,,,,,,,,,,7,7,27,6,30,32,7,7,6,6,27,6,8,6,7,20,21,6,13,25,7,27,27,7,8,30,7,7,7,3,19,16,7,12,7,9,32,2,20,2,20,20,20,27,27,20,20,27,27,20,20,6,20,6,20,20,20,2,20,20,6,20,20,25,19,15,15,15,15,2,15,15,15,6,2,3,3,3,3,3,32,21,32,32,32,32,13,13,13,13,2,6,13,13,3,6,6,13,13,13,13,2,13,1,1,1,1,1,11,21,1,1,28,28,28,28,28,28,28,18,18,18,12,18,18,10,10,10,31,8,8,15,8,15,8,8,15,30,30,25,31,25,31,31,16,31,31,31,13,13,31,16,16,31,11,11,11,12,11,11,24,24,24,24,30,13,24,24,24,21,12,12,12,9,12,12,13,16,10,6,16,16,16,16,16,16,4,16,16,16,16,16,16,16,16,4,16,29,29,29,31,4,9,21,4,9,21,30,30,30,6,30,9,9,9,4,4,23,1.0,2.0,3.0,2.0,6,6,27,27
13811,2.0945945945945947,0.7816142754752871,2,0,0,"[14, 5, 26, 29, 17]",58,85,79,3.0,3.0,2.0,1.0,2.0,2.0,2.0,2.0,2.0,2.0,3.0,3.0,3.0,3.0,3.0,1.0,1.0,1.0,1.0,2.0,3.0,1.0,1.0,1.0,1.0,1.0,3.0,2.0,3.0,3.0,2.0,2.0,1.0,2.0,2.0,3.0,3.0,2.0,3.0,2.0,1.0,2.0,1.0,2.0,2.0,3.0,1.0,2.0,2.0,3.0,3.0,2.0,2.0,3.0,1.0,1.0,3.0,2.0,1.0,3.0,1.0,3.0,2.0,3.0,2.0,1.0,2.0,3.0,3.0,1.0,2.0,2.0,3.0,2.0,1.0,1.0,2.0,2.0,3.0,3.0,2.0,3.0,1.0,3.0,2.0,3.0,2.0,2.0,2.0,1.0,1.0,1.0,3.0,3.0,3.0,2.0,2.0,1.0,1.0,2.0,3.0,1.0,2.0,2.0,2.0,2.0,3.0,1.0,1.0,2.0,3.0,3.0,3.0,3.0,1.0,2.0,3.0,3.0,3.0,1.0,2.0,3.0,2.0,3.0,3.0,2.0,1.0,2.0,2.0,1.0,3.0,1.0,3.0,3.0,1.0,2.0,1.0,2.0,2.0,3.0,1.0,1.0,3.0,2.0,3.0,3.0,3.0,2.0,1.0,1.0,1.0,2.0,2.0,2.0,1.0,2.0,3.0,3.0,1.0,3.0,3.0,3.0,2.0,3.0,3.0,2.0,3.0,1.0,3.0,1.0,2.0,1.0,2.0,3.0,2.0,3.0,3.0,2.0,3.0,2.0,2.0,3.0,3.0,2.0,3.0,2.0,2.0,1.0,2.0,3.0,1.0,3.0,2.0,2.0,2.0,2.0,2.0,1.0,1.0,3.0,2.0,3.0,1.0,2.0,3.0,3.0,2.0,2.0,1.0,2.0,1.0,3.0,2.0,3.0,3.0,2.0,1.0,2.0,,,,,,,,,,,,,,,,,,,,,,,,,,,,,,,,,,,,,,,,,,,,,,,,,,,,,,,,,,,,,,,,,,,,,,,,,,,,,,,,,,,,,,,,,,,,,,,,,,,,,,,,,,,,,,,,,,,,,,,,,,,,,,,,,,,,,,,,,,,,,,,,,,,,,,,,,,,,,,,,,,,,,,,,,,,,,,,,,,,,,,,,,,,,,,,,,,,,,,,,,,,,,,,,,,,,,,,,,,,27,27,27,20,20,20,20,20,20,20,27,20,20,27,27,20,21,7,20,27,27,13,7,7,8,30,7,7,7,3,7,7,7,7,7,2,2,2,2,2,2,2,6,6,6,6,6,6,6,6,6,6,7,6,6,6,6,2,6,6,6,6,6,3,19,15,15,15,8,15,15,15,15,15,15,3,3,3,3,3,32,32,32,32,8,3,13,13,13,13,13,13,13,13,3,6,6,13,13,13,13,13,12,1,12,1,1,1,1,1,1,1,28,28,32,30,28,28,28,18,18,18,18,18,18,10,31,10,10,8,8,8,23,8,8,30,15,28,28,25,25,25,31,31,31,31,31,31,13,13,19,16,16,31,11,11,11,11,11,11,24,24,21,24,24,13,24,24,24,12,12,12,12,9,12,9,12,16,16,16,16,16,16,16,16,16,4,16,16,16,16,16,16,16,16,16,16,4,4,21,31,21,9,21,21,10,21,30,30,30,30,30,9,9,9,4,4,23,1.0,1.0,3.0,2.0,6,20,27,27
13812,2.1216216216216215,0.8120033218180283,2,0,1,"[5, 17, 14]",61,73,88,2.0,2.0,1.0,2.0,2.0,2.0,1.0,1.0,2.0,2.0,1.0,3.0,3.0,1.0,1.0,2.0,2.0,3.0,3.0,1.0,1.0,1.0,3.0,1.0,1.0,1.0,3.0,2.0,3.0,3.0,3.0,1.0,3.0,2.0,1.0,3.0,3.0,1.0,3.0,1.0,1.0,2.0,3.0,3.0,3.0,3.0,1.0,3.0,3.0,2.0,2.0,2.0,3.0,3.0,3.0,3.0,3.0,2.0,1.0,3.0,1.0,3.0,2.0,3.0,2.0,1.0,2.0,3.0,3.0,1.0,2.0,1.0,3.0,2.0,1.0,1.0,2.0,2.0,3.0,3.0,3.0,3.0,1.0,3.0,1.0,3.0,3.0,2.0,2.0,1.0,2.0,2.0,3.0,3.0,3.0,2.0,2.0,1.0,1.0,2.0,3.0,1.0,2.0,2.0,3.0,2.0,3.0,1.0,2.0,3.0,3.0,3.0,3.0,3.0,3.0,1.0,3.0,3.0,2.0,1.0,2.0,3.0,2.0,3.0,3.0,2.0,3.0,2.0,2.0,1.0,3.0,2.0,1.0,3.0,1.0,1.0,1.0,3.0,3.0,2.0,1.0,1.0,3.0,2.0,3.0,3.0,3.0,2.0,1.0,1.0,3.0,3.0,3.0,2.0,1.0,2.0,3.0,3.0,1.0,2.0,3.0,1.0,1.0,3.0,2.0,2.0,3.0,1.0,3.0,2.0,1.0,2.0,2.0,3.0,3.0,3.0,2.0,3.0,3.0,2.0,2.0,3.0,3.0,2.0,3.0,1.0,2.0,1.0,2.0,3.0,2.0,3.0,3.0,2.0,1.0,3.0,2.0,2.0,2.0,2.0,1.0,1.0,1.0,2.0,3.0,2.0,2.0,2.0,1.0,2.0,1.0,3.0,2.0,3.0,3.0,1.0,2.0,2.0,,,,,,,,,,,,,,,,,,,,,,,,,,,,,,,,,,,,,,,,,,,,,,,,,,,,,,,,,,,,,,,,,,,,,,,,,,,,,,,,,,,,,,,,,,,,,,,,,,,,,,,,,,,,,,,,,,,,,,,,,,,,,,,,,,,,,,,,,,,,,,,,,,,,,,,,,,,,,,,,,,,,,,,,,,,,,,,,,,,,,,,,,,,,,,,,,,,,,,,,,,,,,,,,,,,,,,,,,,,7,7,20,6,20,20,6,7,20,20,20,20,20,7,7,27,27,27,27,25,7,13,13,7,8,30,7,7,7,3,19,16,27,7,13,2,2,20,2,27,2,2,20,27,27,6,6,27,27,27,27,6,6,6,27,27,6,2,6,6,6,6,6,3,19,15,15,15,8,15,15,16,15,15,15,3,3,3,3,3,28,32,32,32,32,3,16,13,13,13,2,6,13,13,3,6,6,13,13,13,13,13,12,1,1,1,1,1,11,21,1,1,28,28,28,28,28,28,31,18,18,18,18,18,18,10,10,10,10,8,8,15,8,8,8,8,15,25,25,12,25,25,31,31,31,31,31,31,13,13,28,31,31,31,11,11,11,11,11,21,24,26,26,24,30,13,24,24,24,21,23,7,12,9,23,9,9,9,16,16,16,16,16,16,16,21,4,16,16,16,23,16,23,16,23,4,16,26,29,29,29,23,9,21,21,9,21,30,30,30,30,30,9,9,9,27,23,23,1.0,1.0,1.0,2.0,6,20,20,27
13813,2.0675675675675675,0.7610022163187308,1,0,1,"[5, 14]",57,93,72,3.0,3.0,2.0,2.0,1.0,2.0,1.0,1.0,3.0,1.0,3.0,1.0,1.0,2.0,1.0,2.0,2.0,2.0,2.0,2.0,3.0,1.0,1.0,2.0,1.0,1.0,3.0,2.0,3.0,3.0,3.0,2.0,2.0,2.0,2.0,3.0,3.0,2.0,2.0,2.0,2.0,3.0,3.0,1.0,1.0,1.0,2.0,1.0,1.0,1.0,1.0,2.0,1.0,3.0,2.0,2.0,1.0,3.0,2.0,2.0,3.0,1.0,3.0,2.0,2.0,1.0,1.0,3.0,2.0,2.0,2.0,2.0,3.0,2.0,2.0,1.0,2.0,2.0,3.0,3.0,3.0,3.0,1.0,3.0,1.0,2.0,2.0,2.0,2.0,1.0,2.0,2.0,3.0,3.0,3.0,2.0,2.0,1.0,1.0,2.0,3.0,1.0,2.0,2.0,3.0,2.0,3.0,2.0,1.0,2.0,3.0,3.0,2.0,2.0,3.0,1.0,3.0,3.0,2.0,3.0,1.0,3.0,2.0,3.0,3.0,2.0,3.0,2.0,3.0,2.0,3.0,2.0,1.0,2.0,1.0,2.0,1.0,3.0,3.0,3.0,2.0,1.0,3.0,3.0,2.0,3.0,3.0,2.0,2.0,2.0,3.0,3.0,3.0,2.0,1.0,2.0,3.0,1.0,1.0,3.0,3.0,1.0,1.0,3.0,2.0,2.0,3.0,2.0,3.0,2.0,1.0,1.0,2.0,1.0,3.0,1.0,3.0,2.0,3.0,2.0,2.0,3.0,3.0,2.0,2.0,1.0,3.0,1.0,2.0,3.0,2.0,3.0,1.0,2.0,1.0,3.0,2.0,1.0,1.0,3.0,1.0,2.0,2.0,2.0,3.0,3.0,2.0,2.0,2.0,3.0,1.0,2.0,2.0,1.0,1.0,2.0,2.0,2.0,,,,,,,,,,,,,,,,,,,,,,,,,,,,,,,,,,,,,,,,,,,,,,,,,,,,,,,,,,,,,,,,,,,,,,,,,,,,,,,,,,,,,,,,,,,,,,,,,,,,,,,,,,,,,,,,,,,,,,,,,,,,,,,,,,,,,,,,,,,,,,,,,,,,,,,,,,,,,,,,,,,,,,,,,,,,,,,,,,,,,,,,,,,,,,,,,,,,,,,,,,,,,,,,,,,,,,,,,,,27,27,27,6,30,20,6,7,6,6,27,6,8,6,7,27,27,6,13,27,27,13,7,2,8,30,7,7,7,3,19,7,20,7,7,2,2,2,20,2,20,20,20,7,7,20,20,7,7,20,20,6,20,6,20,20,20,6,20,20,20,20,20,25,19,15,6,15,15,2,15,15,15,15,2,3,3,3,3,3,28,32,32,32,32,28,13,13,13,13,2,6,13,13,3,6,6,13,13,13,13,13,12,1,1,1,1,30,1,1,1,1,11,11,28,28,28,28,31,17,17,18,18,18,18,10,10,10,31,30,8,15,8,15,8,30,15,25,25,25,31,25,31,6,16,31,31,31,31,31,28,31,31,31,11,11,11,13,11,11,24,26,26,24,30,13,24,28,24,21,23,12,12,26,23,21,12,16,16,16,16,16,16,16,23,21,23,16,16,16,23,16,7,16,23,4,16,4,4,21,29,4,21,21,21,10,21,30,4,4,30,4,9,12,12,4,23,23,1.0,2.0,3.0,2.0,6,6,27,27
13814,2.045045045045045,0.7715224109129613,1,0,1,"[5, 14, 17]",61,90,71,1.0,1.0,2.0,1.0,2.0,2.0,2.0,2.0,2.0,2.0,3.0,3.0,3.0,2.0,1.0,2.0,2.0,2.0,2.0,2.0,3.0,1.0,3.0,2.0,1.0,1.0,1.0,1.0,1.0,3.0,3.0,1.0,1.0,1.0,1.0,3.0,3.0,1.0,1.0,2.0,1.0,1.0,2.0,1.0,1.0,2.0,1.0,2.0,2.0,2.0,2.0,2.0,2.0,3.0,3.0,3.0,2.0,1.0,3.0,1.0,2.0,2.0,2.0,3.0,2.0,1.0,2.0,3.0,2.0,2.0,2.0,1.0,3.0,2.0,2.0,1.0,2.0,2.0,3.0,3.0,3.0,3.0,1.0,2.0,1.0,3.0,3.0,2.0,2.0,1.0,2.0,2.0,3.0,3.0,3.0,2.0,2.0,1.0,1.0,2.0,3.0,1.0,3.0,2.0,3.0,2.0,3.0,1.0,1.0,2.0,3.0,3.0,3.0,3.0,3.0,1.0,2.0,2.0,3.0,1.0,2.0,3.0,2.0,2.0,3.0,2.0,1.0,1.0,2.0,2.0,3.0,2.0,1.0,2.0,1.0,2.0,1.0,1.0,1.0,3.0,1.0,1.0,3.0,1.0,3.0,3.0,3.0,2.0,2.0,2.0,3.0,3.0,3.0,2.0,1.0,1.0,3.0,3.0,1.0,3.0,3.0,1.0,2.0,3.0,3.0,1.0,3.0,1.0,3.0,2.0,2.0,1.0,1.0,3.0,2.0,2.0,3.0,2.0,2.0,2.0,2.0,3.0,3.0,2.0,3.0,2.0,2.0,1.0,2.0,3.0,1.0,3.0,3.0,2.0,3.0,2.0,2.0,2.0,2.0,3.0,2.0,3.0,2.0,2.0,3.0,3.0,2.0,3.0,2.0,3.0,2.0,3.0,2.0,1.0,1.0,2.0,1.0,2.0,,,,,,,,,,,,,,,,,,,,,,,,,,,,,,,,,,,,,,,,,,,,,,,,,,,,,,,,,,,,,,,,,,,,,,,,,,,,,,,,,,,,,,,,,,,,,,,,,,,,,,,,,,,,,,,,,,,,,,,,,,,,,,,,,,,,,,,,,,,,,,,,,,,,,,,,,,,,,,,,,,,,,,,,,,,,,,,,,,,,,,,,,,,,,,,,,,,,,,,,,,,,,,,,,,,,,,,,,,,20,20,27,20,20,20,20,20,20,20,27,20,20,6,7,27,27,6,13,27,27,13,13,2,8,30,13,12,13,3,19,16,7,12,13,2,2,20,7,2,2,7,7,7,7,7,6,6,6,27,27,6,7,6,27,27,7,7,7,7,7,7,6,3,19,15,15,15,15,2,15,16,15,15,2,3,3,3,3,3,28,32,32,6,32,3,16,13,13,13,2,6,13,13,3,6,6,13,13,13,13,13,30,1,1,1,1,1,1,1,1,1,28,28,28,28,25,25,28,18,18,18,18,16,18,10,31,11,10,30,8,15,8,15,8,30,15,30,30,25,25,25,31,10,31,31,31,31,31,31,28,31,31,31,11,30,11,11,11,11,24,26,21,24,24,30,24,24,24,21,12,12,9,9,12,12,12,16,6,16,16,16,16,16,16,16,4,16,16,16,16,16,23,16,6,16,16,26,29,21,31,21,21,21,21,10,21,6,4,4,6,30,9,12,12,4,4,23,1.0,2.0,3.0,1.0,6,6,27,20
13815,2.0720720720720722,0.7394716434889129,2,1,1,"[17, 14, 5, 26]",53,100,69,1.0,1.0,2.0,2.0,2.0,2.0,2.0,2.0,2.0,2.0,1.0,3.0,3.0,3.0,3.0,2.0,2.0,2.0,2.0,2.0,3.0,2.0,2.0,2.0,1.0,1.0,1.0,1.0,1.0,1.0,3.0,1.0,1.0,1.0,1.0,3.0,3.0,2.0,1.0,1.0,1.0,1.0,2.0,2.0,2.0,2.0,1.0,2.0,2.0,3.0,3.0,2.0,2.0,3.0,1.0,1.0,2.0,1.0,3.0,1.0,2.0,2.0,1.0,2.0,2.0,1.0,2.0,3.0,3.0,2.0,2.0,2.0,3.0,2.0,2.0,1.0,2.0,2.0,2.0,2.0,2.0,3.0,1.0,3.0,2.0,1.0,3.0,2.0,2.0,1.0,2.0,2.0,3.0,3.0,2.0,2.0,2.0,2.0,2.0,2.0,3.0,1.0,2.0,2.0,3.0,2.0,3.0,1.0,2.0,3.0,3.0,3.0,3.0,3.0,1.0,2.0,3.0,3.0,3.0,1.0,2.0,3.0,2.0,3.0,3.0,1.0,3.0,2.0,2.0,1.0,3.0,2.0,1.0,3.0,2.0,2.0,2.0,2.0,2.0,3.0,2.0,1.0,3.0,3.0,3.0,3.0,3.0,2.0,2.0,2.0,2.0,3.0,3.0,2.0,1.0,1.0,2.0,3.0,1.0,3.0,3.0,3.0,3.0,3.0,3.0,2.0,3.0,1.0,3.0,2.0,2.0,1.0,2.0,3.0,2.0,2.0,2.0,2.0,3.0,2.0,3.0,3.0,3.0,2.0,3.0,2.0,3.0,1.0,2.0,3.0,1.0,3.0,2.0,2.0,2.0,2.0,2.0,3.0,2.0,2.0,1.0,1.0,1.0,2.0,1.0,3.0,1.0,2.0,2.0,1.0,1.0,3.0,2.0,3.0,3.0,1.0,2.0,2.0,,,,,,,,,,,,,,,,,,,,,,,,,,,,,,,,,,,,,,,,,,,,,,,,,,,,,,,,,,,,,,,,,,,,,,,,,,,,,,,,,,,,,,,,,,,,,,,,,,,,,,,,,,,,,,,,,,,,,,,,,,,,,,,,,,,,,,,,,,,,,,,,,,,,,,,,,,,,,,,,,,,,,,,,,,,,,,,,,,,,,,,,,,,,,,,,,,,,,,,,,,,,,,,,,,,,,,,,,,,20,20,27,6,20,20,20,20,20,20,20,20,20,27,27,27,27,6,13,27,27,27,27,2,8,30,13,12,13,30,19,16,7,12,13,2,2,2,7,27,2,7,7,6,6,7,6,6,6,6,6,6,7,6,6,6,7,7,7,7,7,7,7,25,19,15,15,15,8,2,15,15,15,15,2,3,3,3,13,13,32,32,32,32,8,32,16,13,13,13,2,6,13,13,13,6,6,6,6,13,13,13,12,1,1,1,1,1,11,21,1,1,28,28,32,30,28,28,28,18,18,18,18,18,18,11,10,10,10,8,8,15,8,8,9,30,8,28,28,25,31,25,31,6,31,31,31,31,31,31,31,31,31,31,11,30,6,11,11,11,24,24,24,24,24,13,24,24,24,21,12,12,12,9,12,12,9,16,16,16,20,16,16,16,16,16,23,16,16,16,16,16,16,16,16,16,16,29,29,29,29,23,9,21,4,10,23,30,4,23,30,30,9,9,9,27,23,23,1.0,2.0,3.0,1.0,6,6,27,20
13816,2.036036036036036,0.7481854722981272,1,0,1,"[5, 29, 17, 14]",58,98,66,3.0,3.0,2.0,2.0,3.0,3.0,1.0,1.0,3.0,1.0,3.0,1.0,1.0,2.0,1.0,1.0,1.0,2.0,2.0,2.0,3.0,2.0,2.0,1.0,1.0,1.0,3.0,2.0,3.0,3.0,3.0,2.0,2.0,2.0,2.0,2.0,2.0,2.0,3.0,2.0,1.0,2.0,3.0,2.0,2.0,1.0,2.0,1.0,1.0,1.0,1.0,2.0,1.0,3.0,2.0,2.0,1.0,2.0,2.0,1.0,3.0,2.0,3.0,3.0,2.0,1.0,2.0,3.0,3.0,1.0,2.0,2.0,2.0,2.0,1.0,1.0,2.0,2.0,3.0,3.0,2.0,3.0,1.0,3.0,1.0,3.0,2.0,2.0,2.0,1.0,2.0,2.0,3.0,3.0,3.0,2.0,2.0,1.0,1.0,2.0,3.0,1.0,1.0,2.0,3.0,2.0,3.0,1.0,1.0,2.0,3.0,3.0,3.0,3.0,1.0,2.0,3.0,3.0,3.0,1.0,2.0,3.0,2.0,2.0,3.0,2.0,3.0,1.0,2.0,1.0,3.0,2.0,1.0,2.0,2.0,2.0,2.0,2.0,2.0,2.0,2.0,1.0,3.0,2.0,2.0,3.0,3.0,2.0,2.0,2.0,2.0,2.0,2.0,1.0,1.0,2.0,3.0,1.0,1.0,1.0,3.0,3.0,3.0,3.0,3.0,3.0,3.0,1.0,3.0,2.0,2.0,1.0,2.0,2.0,2.0,1.0,3.0,2.0,3.0,2.0,2.0,3.0,3.0,2.0,2.0,2.0,2.0,1.0,2.0,3.0,1.0,3.0,2.0,2.0,2.0,3.0,2.0,2.0,1.0,1.0,2.0,1.0,2.0,2.0,1.0,3.0,1.0,3.0,3.0,3.0,1.0,3.0,2.0,1.0,1.0,2.0,2.0,2.0,,,,,,,,,,,,,,,,,,,,,,,,,,,,,,,,,,,,,,,,,,,,,,,,,,,,,,,,,,,,,,,,,,,,,,,,,,,,,,,,,,,,,,,,,,,,,,,,,,,,,,,,,,,,,,,,,,,,,,,,,,,,,,,,,,,,,,,,,,,,,,,,,,,,,,,,,,,,,,,,,,,,,,,,,,,,,,,,,,,,,,,,,,,,,,,,,,,,,,,,,,,,,,,,,,,,,,,,,,,27,27,27,6,13,13,6,7,6,6,27,6,8,6,7,20,21,6,13,27,27,27,27,7,8,30,7,7,7,3,19,7,20,7,7,21,21,2,2,2,2,2,20,6,6,20,20,7,7,20,20,6,20,6,20,20,20,2,20,7,20,7,20,3,19,15,15,15,8,15,15,15,8,15,15,3,3,3,3,3,32,32,32,32,32,3,13,13,13,13,2,6,13,13,3,6,6,13,13,13,13,13,13,1,1,1,1,1,1,1,1,1,28,28,32,30,28,28,28,18,18,18,18,16,18,10,10,11,10,8,8,15,8,15,9,30,8,28,28,12,31,25,31,31,16,31,31,31,31,31,31,16,16,4,11,11,11,13,11,4,24,24,24,24,24,24,24,24,24,21,12,12,12,12,12,21,12,16,16,16,16,16,16,16,23,16,4,16,16,16,16,16,16,16,16,4,16,26,4,11,31,23,21,21,4,10,23,6,6,4,30,30,9,12,12,4,23,23,1.0,2.0,3.0,2.0,6,6,27,27
13817,2.045045045045045,0.7773651679208455,2,0,0,"[17, 5, 14]",62,88,72,1.0,1.0,2.0,2.0,2.0,2.0,2.0,2.0,2.0,2.0,3.0,3.0,3.0,3.0,3.0,2.0,2.0,3.0,3.0,2.0,3.0,1.0,3.0,2.0,1.0,1.0,1.0,1.0,1.0,3.0,2.0,1.0,1.0,1.0,1.0,3.0,3.0,1.0,1.0,2.0,1.0,1.0,2.0,2.0,2.0,2.0,1.0,2.0,2.0,3.0,3.0,3.0,3.0,3.0,1.0,1.0,2.0,1.0,3.0,3.0,2.0,2.0,1.0,3.0,2.0,1.0,2.0,3.0,2.0,2.0,3.0,2.0,3.0,2.0,2.0,1.0,2.0,2.0,3.0,3.0,3.0,3.0,2.0,3.0,1.0,3.0,3.0,2.0,2.0,1.0,2.0,2.0,3.0,3.0,3.0,2.0,2.0,1.0,1.0,2.0,3.0,1.0,1.0,2.0,3.0,2.0,3.0,1.0,1.0,2.0,3.0,3.0,3.0,3.0,3.0,1.0,2.0,2.0,3.0,1.0,2.0,3.0,2.0,3.0,3.0,2.0,2.0,2.0,2.0,1.0,3.0,2.0,1.0,2.0,1.0,1.0,1.0,3.0,3.0,3.0,2.0,2.0,3.0,2.0,2.0,3.0,3.0,2.0,2.0,2.0,3.0,2.0,2.0,1.0,1.0,2.0,1.0,3.0,1.0,3.0,3.0,1.0,1.0,3.0,2.0,1.0,3.0,1.0,3.0,1.0,2.0,1.0,2.0,1.0,1.0,2.0,3.0,2.0,2.0,1.0,2.0,3.0,3.0,2.0,3.0,3.0,2.0,1.0,1.0,3.0,1.0,3.0,2.0,2.0,2.0,3.0,2.0,2.0,1.0,2.0,2.0,2.0,1.0,2.0,3.0,3.0,2.0,2.0,1.0,2.0,1.0,3.0,2.0,3.0,3.0,2.0,1.0,2.0,,,,,,,,,,,,,,,,,,,,,,,,,,,,,,,,,,,,,,,,,,,,,,,,,,,,,,,,,,,,,,,,,,,,,,,,,,,,,,,,,,,,,,,,,,,,,,,,,,,,,,,,,,,,,,,,,,,,,,,,,,,,,,,,,,,,,,,,,,,,,,,,,,,,,,,,,,,,,,,,,,,,,,,,,,,,,,,,,,,,,,,,,,,,,,,,,,,,,,,,,,,,,,,,,,,,,,,,,,,20,20,27,6,20,20,20,20,20,20,27,20,20,27,27,27,27,27,27,27,27,13,13,2,8,30,13,12,13,3,7,16,7,12,13,2,2,20,7,2,2,7,7,6,6,7,6,6,6,6,6,27,6,6,6,6,7,7,7,6,7,7,7,3,19,15,15,15,15,2,6,15,15,15,2,3,3,3,3,3,28,32,25,32,32,3,16,13,13,13,2,6,13,13,3,6,6,13,13,13,13,13,13,1,1,1,1,1,1,1,1,1,28,28,28,28,25,25,28,18,18,18,18,18,18,10,4,10,10,8,8,15,8,15,8,8,15,25,25,25,31,19,31,31,16,31,31,31,31,31,28,16,16,4,11,11,21,11,11,11,24,26,26,24,30,30,24,24,24,12,12,12,12,26,31,12,12,16,6,6,16,16,16,16,16,27,4,16,11,16,16,16,16,16,16,4,16,26,4,29,31,4,9,21,21,10,21,30,30,30,30,30,9,9,9,4,4,23,1.0,2.0,1.0,1.0,6,6,20,20
13818,2.09009009009009,0.761631370669714,4,0,1,"[14, 17, 5]",55,92,75,1.0,1.0,2.0,2.0,2.0,2.0,2.0,2.0,2.0,2.0,1.0,3.0,3.0,3.0,3.0,2.0,2.0,3.0,3.0,2.0,3.0,1.0,3.0,2.0,1.0,1.0,3.0,1.0,3.0,3.0,2.0,2.0,1.0,2.0,2.0,3.0,3.0,1.0,1.0,2.0,1.0,1.0,1.0,2.0,2.0,3.0,1.0,2.0,2.0,3.0,3.0,2.0,3.0,3.0,1.0,1.0,3.0,3.0,1.0,3.0,1.0,3.0,2.0,3.0,2.0,1.0,2.0,3.0,2.0,2.0,2.0,3.0,3.0,2.0,2.0,1.0,2.0,2.0,3.0,3.0,2.0,3.0,1.0,3.0,1.0,3.0,2.0,2.0,2.0,1.0,2.0,2.0,3.0,3.0,3.0,3.0,3.0,1.0,1.0,2.0,3.0,1.0,2.0,2.0,3.0,2.0,3.0,1.0,3.0,1.0,3.0,3.0,3.0,3.0,1.0,2.0,3.0,3.0,3.0,1.0,2.0,3.0,2.0,3.0,3.0,2.0,2.0,2.0,2.0,1.0,3.0,2.0,2.0,2.0,1.0,1.0,1.0,3.0,3.0,3.0,1.0,1.0,3.0,2.0,2.0,3.0,3.0,2.0,2.0,2.0,2.0,2.0,2.0,1.0,1.0,2.0,3.0,3.0,1.0,3.0,3.0,1.0,1.0,3.0,2.0,1.0,3.0,1.0,3.0,1.0,2.0,1.0,2.0,1.0,2.0,2.0,1.0,2.0,3.0,2.0,2.0,3.0,3.0,2.0,3.0,2.0,1.0,1.0,2.0,3.0,2.0,2.0,2.0,2.0,2.0,2.0,1.0,2.0,2.0,2.0,1.0,3.0,2.0,2.0,3.0,3.0,2.0,2.0,2.0,2.0,1.0,3.0,2.0,3.0,3.0,2.0,1.0,2.0,,,,,,,,,,,,,,,,,,,,,,,,,,,,,,,,,,,,,,,,,,,,,,,,,,,,,,,,,,,,,,,,,,,,,,,,,,,,,,,,,,,,,,,,,,,,,,,,,,,,,,,,,,,,,,,,,,,,,,,,,,,,,,,,,,,,,,,,,,,,,,,,,,,,,,,,,,,,,,,,,,,,,,,,,,,,,,,,,,,,,,,,,,,,,,,,,,,,,,,,,,,,,,,,,,,,,,,,,,,20,20,27,6,20,20,20,20,20,20,20,20,20,27,27,27,27,27,27,27,27,13,13,2,8,30,7,12,7,3,7,7,7,7,7,2,2,20,7,2,2,7,6,6,6,6,6,6,6,6,6,6,6,6,6,6,6,6,6,6,6,6,6,3,19,15,15,15,15,2,15,19,15,15,2,3,3,3,3,3,32,32,32,32,32,3,13,13,13,13,2,6,13,13,3,13,13,13,13,13,13,13,12,1,1,1,1,1,21,7,1,1,28,28,32,30,28,28,28,18,18,18,18,18,18,10,4,10,10,8,8,15,16,15,8,8,15,25,25,25,25,25,31,31,16,31,31,31,31,31,31,16,16,4,11,11,11,11,11,11,24,26,26,24,30,30,24,24,24,12,12,12,12,26,12,12,13,16,16,16,16,16,16,16,16,16,16,16,16,16,23,7,16,16,16,16,7,26,29,29,29,21,21,21,21,10,21,30,4,30,30,30,9,9,9,4,4,23,1.0,2.0,1.0,2.0,6,6,20,27
13819,2.054054054054054,0.7767881177453528,1,0,1,"[17, 14, 5]",61,88,73,3.0,3.0,2.0,2.0,1.0,1.0,3.0,1.0,3.0,1.0,3.0,1.0,1.0,3.0,3.0,1.0,1.0,2.0,2.0,2.0,3.0,1.0,1.0,1.0,1.0,3.0,3.0,1.0,3.0,1.0,2.0,1.0,2.0,2.0,2.0,1.0,1.0,2.0,3.0,2.0,1.0,2.0,3.0,1.0,1.0,1.0,2.0,1.0,1.0,3.0,3.0,2.0,1.0,3.0,2.0,2.0,2.0,2.0,2.0,2.0,3.0,1.0,3.0,3.0,2.0,1.0,2.0,3.0,3.0,1.0,2.0,2.0,3.0,1.0,1.0,1.0,2.0,2.0,3.0,3.0,2.0,3.0,2.0,3.0,1.0,3.0,2.0,2.0,2.0,1.0,2.0,2.0,3.0,3.0,2.0,2.0,2.0,2.0,2.0,2.0,3.0,1.0,1.0,2.0,3.0,2.0,3.0,2.0,2.0,3.0,3.0,3.0,3.0,3.0,1.0,2.0,3.0,3.0,3.0,1.0,2.0,3.0,2.0,3.0,3.0,1.0,1.0,2.0,2.0,2.0,3.0,2.0,1.0,2.0,2.0,1.0,2.0,3.0,3.0,3.0,1.0,2.0,3.0,2.0,2.0,3.0,3.0,2.0,1.0,1.0,2.0,2.0,2.0,2.0,1.0,2.0,3.0,2.0,1.0,2.0,3.0,1.0,1.0,3.0,3.0,1.0,3.0,1.0,3.0,1.0,1.0,1.0,2.0,3.0,3.0,3.0,2.0,3.0,1.0,1.0,2.0,1.0,3.0,2.0,3.0,1.0,3.0,1.0,2.0,3.0,2.0,3.0,3.0,2.0,1.0,2.0,2.0,3.0,2.0,2.0,1.0,2.0,2.0,2.0,3.0,3.0,2.0,2.0,2.0,3.0,1.0,2.0,2.0,3.0,3.0,2.0,2.0,2.0,,,,,,,,,,,,,,,,,,,,,,,,,,,,,,,,,,,,,,,,,,,,,,,,,,,,,,,,,,,,,,,,,,,,,,,,,,,,,,,,,,,,,,,,,,,,,,,,,,,,,,,,,,,,,,,,,,,,,,,,,,,,,,,,,,,,,,,,,,,,,,,,,,,,,,,,,,,,,,,,,,,,,,,,,,,,,,,,,,,,,,,,,,,,,,,,,,,,,,,,,,,,,,,,,,,,,,,,,,,27,27,27,6,30,32,7,7,6,6,27,6,8,27,27,20,21,6,13,27,27,13,7,7,8,20,7,12,7,30,7,16,20,7,7,9,32,2,2,2,2,2,20,7,7,20,20,7,7,6,6,6,20,6,20,20,7,2,20,20,20,20,20,3,19,15,15,15,8,15,15,15,15,6,15,3,3,3,3,3,32,32,25,32,32,3,13,13,13,13,2,6,13,13,13,6,6,6,6,13,13,13,13,1,1,1,1,30,11,21,1,1,28,28,32,30,28,28,28,18,18,18,18,18,18,11,31,10,10,30,8,15,8,15,9,8,8,25,25,25,25,19,31,31,16,31,31,31,13,13,31,16,16,31,11,11,11,12,11,21,24,26,26,24,24,30,24,24,24,12,23,12,12,9,23,9,9,9,10,6,16,6,16,16,16,21,23,16,16,16,23,16,23,16,23,16,16,29,29,29,29,4,21,21,21,10,21,30,4,4,30,4,9,9,9,4,23,23,1.0,2.0,3.0,2.0,6,6,27,27
13820,2.108108108108108,0.7885073974678759,5,0,0,"[5, 14, 26]",58,82,82,1.0,1.0,1.0,2.0,3.0,3.0,2.0,2.0,2.0,2.0,3.0,3.0,3.0,3.0,3.0,2.0,2.0,3.0,3.0,3.0,1.0,2.0,2.0,1.0,1.0,1.0,3.0,3.0,3.0,3.0,3.0,1.0,1.0,1.0,2.0,3.0,3.0,2.0,3.0,2.0,1.0,2.0,2.0,1.0,1.0,3.0,1.0,1.0,1.0,3.0,3.0,2.0,3.0,3.0,1.0,1.0,2.0,2.0,3.0,1.0,2.0,3.0,1.0,3.0,2.0,1.0,2.0,3.0,3.0,1.0,2.0,1.0,3.0,2.0,1.0,1.0,2.0,2.0,3.0,3.0,2.0,3.0,1.0,3.0,1.0,3.0,2.0,2.0,2.0,1.0,2.0,2.0,3.0,3.0,3.0,2.0,2.0,2.0,2.0,2.0,3.0,1.0,1.0,2.0,3.0,2.0,3.0,1.0,2.0,3.0,3.0,3.0,3.0,3.0,1.0,2.0,3.0,3.0,3.0,3.0,1.0,3.0,2.0,3.0,3.0,2.0,3.0,2.0,3.0,1.0,3.0,3.0,1.0,2.0,1.0,3.0,1.0,2.0,2.0,3.0,2.0,1.0,3.0,1.0,2.0,3.0,3.0,2.0,2.0,2.0,2.0,2.0,2.0,2.0,1.0,1.0,3.0,3.0,1.0,2.0,3.0,3.0,3.0,3.0,2.0,2.0,3.0,1.0,3.0,1.0,2.0,1.0,2.0,3.0,2.0,2.0,1.0,2.0,3.0,2.0,2.0,3.0,3.0,2.0,3.0,1.0,1.0,1.0,1.0,3.0,1.0,3.0,3.0,2.0,2.0,2.0,3.0,3.0,2.0,3.0,2.0,1.0,2.0,2.0,3.0,2.0,2.0,2.0,2.0,2.0,1.0,3.0,2.0,1.0,1.0,2.0,2.0,2.0,,,,,,,,,,,,,,,,,,,,,,,,,,,,,,,,,,,,,,,,,,,,,,,,,,,,,,,,,,,,,,,,,,,,,,,,,,,,,,,,,,,,,,,,,,,,,,,,,,,,,,,,,,,,,,,,,,,,,,,,,,,,,,,,,,,,,,,,,,,,,,,,,,,,,,,,,,,,,,,,,,,,,,,,,,,,,,,,,,,,,,,,,,,,,,,,,,,,,,,,,,,,,,,,,,,,,,,,,,,20,20,20,6,13,13,20,20,20,20,27,20,20,27,27,27,27,27,27,20,7,27,27,7,8,30,7,27,7,3,19,16,7,12,7,2,2,2,2,2,2,2,7,7,7,6,6,7,7,6,6,6,6,6,6,6,7,2,7,7,7,6,7,3,19,15,15,15,8,15,15,16,15,15,15,3,3,3,3,3,32,32,32,32,32,3,13,13,13,13,2,6,13,13,3,6,6,6,6,13,13,13,13,1,1,1,1,1,11,21,1,1,28,28,32,30,28,28,28,17,17,18,18,18,18,10,10,10,31,8,8,6,8,15,8,6,15,28,28,25,31,25,31,10,16,31,31,31,31,31,31,16,16,31,11,30,11,11,11,21,24,24,24,24,30,13,24,24,24,12,12,12,12,9,12,12,13,16,16,16,16,16,16,16,16,21,16,16,11,16,16,16,23,16,16,16,27,29,29,21,31,23,21,21,21,9,21,30,4,30,30,30,9,12,12,4,23,23,1.0,2.0,1.0,1.0,6,6,20,20
13821,2.130630630630631,0.7821877652156126,4,0,0,"[14, 17, 5]",55,83,84,1.0,1.0,1.0,2.0,2.0,2.0,2.0,2.0,2.0,2.0,2.0,3.0,3.0,2.0,3.0,1.0,1.0,2.0,2.0,1.0,1.0,1.0,3.0,1.0,1.0,1.0,3.0,1.0,3.0,3.0,2.0,1.0,3.0,1.0,1.0,3.0,3.0,2.0,3.0,2.0,1.0,2.0,2.0,3.0,3.0,2.0,1.0,3.0,3.0,2.0,2.0,2.0,2.0,3.0,3.0,3.0,2.0,3.0,3.0,3.0,2.0,2.0,1.0,3.0,2.0,1.0,2.0,3.0,3.0,1.0,2.0,2.0,3.0,2.0,1.0,3.0,2.0,2.0,3.0,3.0,2.0,3.0,1.0,3.0,1.0,3.0,3.0,2.0,2.0,1.0,2.0,2.0,3.0,3.0,3.0,2.0,2.0,1.0,1.0,2.0,3.0,1.0,3.0,2.0,3.0,1.0,3.0,1.0,2.0,3.0,3.0,3.0,3.0,3.0,1.0,2.0,3.0,3.0,3.0,1.0,2.0,3.0,2.0,3.0,3.0,1.0,3.0,2.0,2.0,1.0,3.0,3.0,1.0,2.0,1.0,1.0,2.0,3.0,3.0,2.0,1.0,1.0,3.0,2.0,2.0,3.0,3.0,2.0,2.0,2.0,1.0,3.0,3.0,2.0,1.0,1.0,1.0,2.0,1.0,3.0,3.0,3.0,3.0,3.0,2.0,1.0,3.0,1.0,3.0,2.0,2.0,1.0,2.0,3.0,1.0,3.0,3.0,2.0,3.0,1.0,2.0,3.0,3.0,1.0,3.0,2.0,2.0,1.0,2.0,3.0,1.0,3.0,2.0,2.0,2.0,2.0,2.0,2.0,3.0,2.0,2.0,3.0,1.0,2.0,3.0,3.0,2.0,2.0,2.0,3.0,2.0,3.0,2.0,3.0,3.0,2.0,1.0,2.0,,,,,,,,,,,,,,,,,,,,,,,,,,,,,,,,,,,,,,,,,,,,,,,,,,,,,,,,,,,,,,,,,,,,,,,,,,,,,,,,,,,,,,,,,,,,,,,,,,,,,,,,,,,,,,,,,,,,,,,,,,,,,,,,,,,,,,,,,,,,,,,,,,,,,,,,,,,,,,,,,,,,,,,,,,,,,,,,,,,,,,,,,,,,,,,,,,,,,,,,,,,,,,,,,,,,,,,,,,,20,20,20,6,20,20,20,20,20,20,13,20,20,6,27,20,21,6,13,25,7,13,13,7,8,30,7,12,7,3,7,16,27,12,13,2,2,2,2,2,2,2,7,27,27,7,6,27,27,27,27,6,7,6,27,27,7,6,7,6,7,7,7,3,19,15,15,15,8,15,15,15,15,15,15,20,3,3,3,3,32,32,32,32,32,3,16,13,13,13,2,6,13,13,3,6,6,13,13,13,13,13,30,1,1,11,1,1,11,21,1,1,28,28,32,30,28,28,28,18,18,18,18,18,18,11,10,10,10,8,8,6,8,15,8,8,8,25,25,12,25,25,31,31,16,31,31,31,31,31,19,31,31,31,11,30,21,12,11,11,24,24,24,24,30,30,24,24,24,21,12,12,12,9,31,9,12,16,16,6,16,16,16,6,16,16,4,16,16,16,16,16,16,16,16,16,16,26,20,29,31,21,9,21,21,10,21,30,4,4,6,30,9,9,9,4,4,23,1.0,2.0,2.0,1.0,6,6,13,20
13822,2.1486486486486487,0.7789498517034033,0,0,2,"[14, 5, 26]",53,83,86,2.0,2.0,2.0,2.0,3.0,3.0,3.0,1.0,3.0,1.0,2.0,1.0,1.0,2.0,1.0,2.0,2.0,2.0,2.0,1.0,1.0,1.0,3.0,1.0,1.0,1.0,3.0,1.0,3.0,3.0,3.0,1.0,3.0,2.0,2.0,3.0,3.0,2.0,2.0,2.0,2.0,3.0,3.0,3.0,3.0,1.0,2.0,3.0,3.0,3.0,3.0,2.0,3.0,3.0,3.0,3.0,1.0,2.0,2.0,2.0,3.0,1.0,3.0,3.0,2.0,1.0,2.0,3.0,2.0,2.0,2.0,2.0,3.0,2.0,2.0,1.0,2.0,2.0,3.0,3.0,3.0,3.0,1.0,3.0,1.0,3.0,3.0,2.0,2.0,1.0,2.0,2.0,3.0,3.0,3.0,2.0,2.0,1.0,1.0,2.0,3.0,1.0,3.0,2.0,3.0,2.0,3.0,1.0,1.0,2.0,3.0,3.0,3.0,3.0,3.0,1.0,3.0,3.0,2.0,3.0,1.0,3.0,2.0,3.0,3.0,2.0,3.0,1.0,3.0,1.0,3.0,2.0,1.0,2.0,1.0,1.0,3.0,3.0,3.0,3.0,2.0,1.0,2.0,1.0,3.0,3.0,3.0,2.0,2.0,2.0,3.0,2.0,2.0,2.0,1.0,2.0,1.0,3.0,1.0,1.0,3.0,3.0,3.0,3.0,3.0,3.0,3.0,1.0,3.0,2.0,2.0,1.0,2.0,2.0,2.0,2.0,3.0,2.0,1.0,2.0,2.0,3.0,3.0,2.0,3.0,2.0,2.0,1.0,2.0,3.0,1.0,3.0,2.0,2.0,2.0,3.0,1.0,3.0,2.0,1.0,1.0,2.0,2.0,2.0,1.0,1.0,2.0,3.0,1.0,2.0,1.0,3.0,2.0,3.0,3.0,2.0,1.0,2.0,,,,,,,,,,,,,,,,,,,,,,,,,,,,,,,,,,,,,,,,,,,,,,,,,,,,,,,,,,,,,,,,,,,,,,,,,,,,,,,,,,,,,,,,,,,,,,,,,,,,,,,,,,,,,,,,,,,,,,,,,,,,,,,,,,,,,,,,,,,,,,,,,,,,,,,,,,,,,,,,,,,,,,,,,,,,,,,,,,,,,,,,,,,,,,,,,,,,,,,,,,,,,,,,,,,,,,,,,,,7,7,27,6,13,13,7,7,6,6,13,6,8,6,7,27,27,6,13,25,7,13,13,7,8,30,7,12,7,3,19,16,27,7,7,2,2,2,20,2,20,20,20,27,27,20,20,27,27,6,6,6,6,6,27,27,20,2,20,20,20,20,20,3,19,15,15,15,15,2,15,15,15,15,2,3,3,3,3,3,28,32,32,32,32,3,16,13,13,13,2,6,13,13,3,6,6,13,13,13,13,13,30,1,1,1,1,1,1,1,1,1,28,28,28,28,28,28,31,17,17,18,18,18,18,10,10,11,31,8,8,15,8,15,8,8,31,25,25,25,31,25,6,10,31,31,31,31,31,31,28,16,16,31,11,11,21,11,11,4,24,24,24,24,24,24,24,24,24,21,12,12,12,12,12,12,12,16,10,16,16,16,16,16,16,16,4,16,16,16,16,16,16,16,16,4,7,29,29,11,29,4,21,21,4,21,21,6,30,30,30,30,9,9,9,4,4,23,1.0,2.0,2.0,2.0,6,6,13,27
13823,2.099099099099099,0.7839447177267498,3,0,1,"[5, 14, 17, 26, 29]",58,84,80,2.0,2.0,2.0,1.0,2.0,2.0,1.0,1.0,2.0,2.0,3.0,3.0,3.0,1.0,1.0,2.0,2.0,3.0,3.0,1.0,1.0,2.0,2.0,1.0,1.0,1.0,3.0,1.0,3.0,2.0,3.0,2.0,2.0,1.0,1.0,3.0,3.0,2.0,2.0,2.0,2.0,3.0,1.0,2.0,2.0,3.0,1.0,2.0,2.0,3.0,3.0,2.0,3.0,3.0,1.0,1.0,3.0,3.0,1.0,3.0,1.0,3.0,2.0,3.0,2.0,1.0,2.0,3.0,2.0,2.0,2.0,2.0,3.0,2.0,2.0,1.0,2.0,2.0,3.0,3.0,3.0,3.0,1.0,3.0,1.0,3.0,2.0,2.0,2.0,1.0,2.0,2.0,3.0,3.0,2.0,1.0,1.0,1.0,1.0,2.0,3.0,1.0,3.0,2.0,3.0,2.0,3.0,1.0,1.0,2.0,3.0,3.0,3.0,3.0,3.0,1.0,3.0,3.0,1.0,1.0,2.0,3.0,2.0,3.0,3.0,1.0,1.0,2.0,2.0,1.0,3.0,2.0,1.0,2.0,1.0,1.0,2.0,3.0,3.0,3.0,2.0,1.0,3.0,1.0,2.0,3.0,3.0,2.0,2.0,2.0,3.0,2.0,2.0,2.0,1.0,1.0,3.0,3.0,1.0,3.0,3.0,3.0,3.0,3.0,3.0,2.0,3.0,1.0,3.0,2.0,2.0,1.0,1.0,3.0,1.0,1.0,1.0,2.0,3.0,2.0,2.0,3.0,3.0,2.0,3.0,2.0,2.0,1.0,2.0,3.0,3.0,3.0,2.0,2.0,2.0,2.0,2.0,1.0,1.0,3.0,2.0,3.0,2.0,2.0,3.0,3.0,2.0,2.0,1.0,3.0,1.0,3.0,2.0,3.0,3.0,2.0,1.0,2.0,,,,,,,,,,,,,,,,,,,,,,,,,,,,,,,,,,,,,,,,,,,,,,,,,,,,,,,,,,,,,,,,,,,,,,,,,,,,,,,,,,,,,,,,,,,,,,,,,,,,,,,,,,,,,,,,,,,,,,,,,,,,,,,,,,,,,,,,,,,,,,,,,,,,,,,,,,,,,,,,,,,,,,,,,,,,,,,,,,,,,,,,,,,,,,,,,,,,,,,,,,,,,,,,,,,,,,,,,,,7,7,27,20,20,20,6,7,20,20,27,20,20,7,7,27,27,27,27,25,7,27,27,7,8,30,7,12,7,7,19,7,20,12,13,2,2,2,20,2,20,20,6,6,6,6,6,6,6,6,6,6,6,6,6,6,6,6,6,6,6,6,6,3,19,15,15,15,15,2,15,15,15,15,2,3,3,3,3,3,28,32,32,32,32,3,13,13,13,13,2,6,13,13,13,12,2,13,13,13,13,13,30,1,1,1,1,1,1,1,1,1,28,28,28,28,28,28,30,18,18,18,18,18,18,11,31,10,10,8,8,15,8,15,8,8,8,25,25,25,31,25,31,10,16,31,31,31,31,31,28,16,16,31,11,30,11,11,11,11,24,24,24,24,24,13,24,24,24,21,12,12,9,9,31,21,13,16,16,16,16,16,16,16,16,16,4,16,16,16,7,16,16,16,16,16,16,4,4,21,31,21,21,21,21,10,21,30,30,4,30,30,9,9,9,4,4,23,1.0,2.0,3.0,2.0,6,6,27,27
13824,2.1036036036036037,0.7569201620723689,2,0,1,"[17, 14, 5, 26]",53,93,76,2.0,2.0,2.0,2.0,2.0,2.0,3.0,1.0,3.0,1.0,2.0,1.0,1.0,1.0,1.0,2.0,2.0,2.0,2.0,1.0,1.0,1.0,3.0,1.0,1.0,1.0,3.0,1.0,3.0,3.0,2.0,1.0,3.0,1.0,2.0,3.0,3.0,2.0,3.0,2.0,1.0,2.0,3.0,3.0,3.0,3.0,2.0,3.0,3.0,2.0,2.0,2.0,3.0,3.0,3.0,3.0,3.0,2.0,2.0,2.0,3.0,1.0,3.0,1.0,2.0,1.0,2.0,3.0,2.0,1.0,3.0,2.0,3.0,2.0,1.0,1.0,2.0,2.0,3.0,3.0,2.0,3.0,2.0,3.0,1.0,1.0,3.0,2.0,2.0,1.0,2.0,2.0,3.0,3.0,3.0,2.0,2.0,1.0,1.0,2.0,3.0,1.0,3.0,2.0,3.0,2.0,3.0,1.0,1.0,2.0,3.0,3.0,3.0,3.0,1.0,2.0,3.0,3.0,3.0,1.0,2.0,3.0,1.0,3.0,3.0,2.0,2.0,2.0,3.0,1.0,3.0,3.0,1.0,2.0,1.0,1.0,2.0,2.0,2.0,3.0,2.0,1.0,3.0,1.0,2.0,3.0,3.0,2.0,2.0,2.0,2.0,2.0,2.0,2.0,1.0,2.0,3.0,2.0,1.0,3.0,3.0,3.0,3.0,3.0,2.0,3.0,3.0,1.0,3.0,2.0,2.0,1.0,2.0,3.0,2.0,1.0,1.0,3.0,3.0,2.0,2.0,3.0,3.0,2.0,2.0,2.0,2.0,1.0,1.0,3.0,2.0,3.0,2.0,2.0,2.0,2.0,2.0,3.0,2.0,3.0,2.0,3.0,2.0,2.0,3.0,3.0,2.0,2.0,1.0,2.0,1.0,2.0,2.0,1.0,1.0,2.0,1.0,2.0,,,,,,,,,,,,,,,,,,,,,,,,,,,,,,,,,,,,,,,,,,,,,,,,,,,,,,,,,,,,,,,,,,,,,,,,,,,,,,,,,,,,,,,,,,,,,,,,,,,,,,,,,,,,,,,,,,,,,,,,,,,,,,,,,,,,,,,,,,,,,,,,,,,,,,,,,,,,,,,,,,,,,,,,,,,,,,,,,,,,,,,,,,,,,,,,,,,,,,,,,,,,,,,,,,,,,,,,,,,7,7,27,6,20,20,7,7,6,6,13,6,8,7,7,27,27,6,13,25,7,13,13,7,8,30,7,12,7,3,7,16,27,12,7,2,2,2,2,2,2,2,20,27,27,6,20,27,27,27,27,6,6,6,27,27,6,2,20,20,20,20,20,19,19,15,15,15,15,15,6,15,15,15,15,3,3,3,3,3,32,32,25,32,32,32,16,13,13,13,2,6,13,13,3,6,6,13,13,13,13,13,30,1,1,1,1,1,1,1,1,1,28,28,32,30,28,28,28,18,18,18,16,18,18,10,4,10,31,8,8,6,8,15,8,8,8,28,28,25,31,25,31,10,16,31,31,31,31,31,31,16,16,31,11,11,11,12,11,11,24,24,24,24,30,24,24,24,24,21,12,12,12,9,12,21,13,9,16,16,16,16,16,16,23,16,4,16,11,16,23,16,16,16,16,16,16,29,29,21,31,21,21,21,21,10,21,30,30,30,30,4,9,12,12,4,4,23,1.0,2.0,2.0,2.0,6,6,13,27
13825,2.081081081081081,0.7506875899130774,2,0,1,"[5, 17, 14]",54,96,72,2.0,2.0,2.0,2.0,3.0,3.0,1.0,1.0,3.0,1.0,3.0,1.0,1.0,2.0,1.0,2.0,2.0,2.0,2.0,1.0,1.0,1.0,1.0,1.0,1.0,1.0,3.0,2.0,3.0,2.0,3.0,1.0,2.0,1.0,2.0,3.0,3.0,2.0,3.0,2.0,1.0,2.0,3.0,3.0,3.0,1.0,2.0,3.0,3.0,1.0,1.0,2.0,1.0,3.0,2.0,2.0,3.0,2.0,2.0,2.0,3.0,1.0,3.0,3.0,2.0,1.0,2.0,3.0,3.0,1.0,2.0,1.0,3.0,2.0,1.0,1.0,2.0,2.0,3.0,3.0,2.0,3.0,2.0,3.0,1.0,3.0,3.0,2.0,2.0,1.0,2.0,2.0,3.0,3.0,2.0,2.0,2.0,1.0,1.0,2.0,3.0,1.0,1.0,1.0,3.0,2.0,3.0,1.0,3.0,3.0,3.0,3.0,3.0,3.0,1.0,2.0,3.0,3.0,3.0,1.0,2.0,3.0,2.0,3.0,3.0,2.0,3.0,2.0,2.0,1.0,3.0,2.0,1.0,2.0,1.0,3.0,2.0,2.0,2.0,3.0,2.0,1.0,2.0,2.0,2.0,3.0,3.0,2.0,2.0,2.0,2.0,3.0,3.0,2.0,1.0,2.0,3.0,3.0,1.0,2.0,3.0,3.0,3.0,3.0,3.0,3.0,3.0,1.0,3.0,2.0,2.0,1.0,2.0,1.0,2.0,2.0,3.0,2.0,3.0,2.0,2.0,3.0,3.0,2.0,2.0,2.0,2.0,1.0,2.0,2.0,2.0,3.0,2.0,2.0,2.0,2.0,2.0,2.0,2.0,1.0,2.0,2.0,2.0,2.0,3.0,2.0,1.0,2.0,1.0,2.0,1.0,3.0,2.0,1.0,1.0,2.0,1.0,2.0,,,,,,,,,,,,,,,,,,,,,,,,,,,,,,,,,,,,,,,,,,,,,,,,,,,,,,,,,,,,,,,,,,,,,,,,,,,,,,,,,,,,,,,,,,,,,,,,,,,,,,,,,,,,,,,,,,,,,,,,,,,,,,,,,,,,,,,,,,,,,,,,,,,,,,,,,,,,,,,,,,,,,,,,,,,,,,,,,,,,,,,,,,,,,,,,,,,,,,,,,,,,,,,,,,,,,,,,,,,7,7,27,6,13,13,6,7,6,6,27,6,8,6,7,27,27,6,13,25,7,13,7,7,8,30,7,7,7,7,19,16,20,12,7,2,2,2,2,2,2,2,20,27,27,20,20,27,27,20,20,6,20,6,20,20,6,2,20,20,20,20,20,3,19,15,15,15,8,15,15,16,15,15,15,3,3,3,3,3,32,32,25,32,32,3,16,13,13,13,2,6,13,13,13,6,6,13,13,13,13,13,13,21,1,1,1,1,21,21,1,1,28,28,32,30,28,28,28,18,18,18,18,18,18,10,10,10,10,8,8,15,8,15,8,6,8,28,28,25,31,25,6,31,16,31,31,31,31,31,31,31,31,31,11,11,11,11,11,21,24,24,24,24,24,24,24,24,24,21,12,12,12,26,12,12,12,16,16,16,16,16,16,16,23,16,4,16,16,23,23,16,16,16,16,16,16,26,29,11,31,4,21,21,21,9,23,30,30,30,30,30,9,12,12,4,4,23,1.0,2.0,3.0,2.0,6,6,27,27
13826,2.036036036036036,0.8063989326099907,2,0,0,"[14, 5, 17]",68,78,76,3.0,3.0,2.0,2.0,2.0,2.0,1.0,1.0,3.0,1.0,3.0,1.0,1.0,3.0,3.0,1.0,1.0,2.0,1.0,2.0,3.0,1.0,3.0,1.0,1.0,1.0,3.0,1.0,3.0,1.0,1.0,1.0,1.0,1.0,1.0,2.0,2.0,1.0,3.0,2.0,1.0,2.0,2.0,1.0,1.0,2.0,2.0,1.0,1.0,1.0,1.0,2.0,2.0,3.0,2.0,2.0,2.0,2.0,1.0,1.0,1.0,3.0,1.0,3.0,2.0,1.0,2.0,3.0,3.0,1.0,2.0,3.0,3.0,2.0,1.0,1.0,2.0,2.0,3.0,3.0,3.0,3.0,1.0,3.0,2.0,3.0,3.0,2.0,2.0,1.0,2.0,2.0,3.0,3.0,2.0,2.0,2.0,1.0,1.0,1.0,3.0,2.0,2.0,2.0,3.0,2.0,3.0,1.0,1.0,2.0,3.0,3.0,3.0,3.0,3.0,1.0,3.0,3.0,2.0,1.0,2.0,3.0,2.0,3.0,3.0,2.0,3.0,1.0,3.0,1.0,3.0,2.0,1.0,2.0,1.0,2.0,3.0,3.0,3.0,3.0,1.0,1.0,3.0,1.0,3.0,3.0,3.0,2.0,1.0,1.0,3.0,2.0,2.0,2.0,1.0,2.0,3.0,1.0,1.0,3.0,3.0,3.0,3.0,3.0,2.0,2.0,3.0,1.0,3.0,2.0,2.0,1.0,2.0,1.0,1.0,2.0,3.0,3.0,3.0,2.0,2.0,3.0,3.0,2.0,2.0,2.0,1.0,1.0,2.0,3.0,1.0,3.0,2.0,2.0,3.0,2.0,2.0,3.0,2.0,2.0,1.0,3.0,2.0,2.0,3.0,3.0,2.0,2.0,1.0,1.0,1.0,3.0,2.0,3.0,3.0,2.0,2.0,2.0,,,,,,,,,,,,,,,,,,,,,,,,,,,,,,,,,,,,,,,,,,,,,,,,,,,,,,,,,,,,,,,,,,,,,,,,,,,,,,,,,,,,,,,,,,,,,,,,,,,,,,,,,,,,,,,,,,,,,,,,,,,,,,,,,,,,,,,,,,,,,,,,,,,,,,,,,,,,,,,,,,,,,,,,,,,,,,,,,,,,,,,,,,,,,,,,,,,,,,,,,,,,,,,,,,,,,,,,,,,27,27,27,6,20,20,6,7,6,6,27,6,8,27,27,20,21,6,20,27,27,13,13,7,8,30,7,12,7,30,20,16,7,12,13,21,21,20,2,2,2,2,7,7,7,7,20,7,7,20,20,6,7,6,20,20,7,2,6,7,6,6,7,3,19,15,15,15,8,15,15,19,15,15,15,3,3,3,3,3,28,32,32,32,8,3,16,13,13,13,2,6,13,13,13,6,6,13,13,20,13,2,12,1,1,1,1,1,1,1,1,1,28,28,28,28,28,28,31,18,18,18,18,18,18,10,10,11,31,8,8,15,8,15,8,30,31,25,25,25,25,25,31,10,31,31,31,31,13,13,28,16,16,31,11,11,11,13,11,11,24,24,24,24,30,13,24,24,24,21,12,12,12,26,31,12,12,9,16,16,16,16,16,16,23,16,16,16,16,16,16,16,16,16,6,16,16,29,29,29,29,21,21,21,21,10,21,30,30,23,30,30,9,9,9,4,23,23,1.0,2.0,3.0,2.0,6,6,27,27
13827,2.045045045045045,0.7773651679208455,3,0,0,"[14, 29, 5, 17]",62,88,72,3.0,3.0,2.0,2.0,2.0,2.0,1.0,1.0,3.0,1.0,3.0,1.0,1.0,3.0,3.0,1.0,1.0,2.0,2.0,2.0,3.0,1.0,3.0,1.0,1.0,1.0,3.0,1.0,3.0,1.0,1.0,1.0,1.0,1.0,1.0,3.0,3.0,1.0,3.0,2.0,1.0,2.0,2.0,1.0,1.0,3.0,2.0,2.0,2.0,1.0,1.0,2.0,2.0,3.0,2.0,2.0,2.0,2.0,3.0,1.0,2.0,2.0,1.0,1.0,2.0,1.0,2.0,3.0,2.0,1.0,2.0,2.0,3.0,2.0,1.0,1.0,2.0,2.0,3.0,3.0,2.0,3.0,2.0,3.0,1.0,1.0,2.0,2.0,2.0,1.0,2.0,2.0,3.0,3.0,1.0,2.0,2.0,2.0,2.0,1.0,3.0,1.0,2.0,2.0,3.0,2.0,3.0,1.0,1.0,2.0,3.0,3.0,3.0,3.0,1.0,2.0,3.0,3.0,3.0,1.0,2.0,3.0,2.0,3.0,3.0,1.0,3.0,2.0,2.0,1.0,3.0,1.0,3.0,3.0,2.0,1.0,2.0,3.0,3.0,2.0,1.0,1.0,3.0,2.0,2.0,3.0,3.0,2.0,2.0,2.0,2.0,3.0,3.0,2.0,1.0,2.0,1.0,1.0,1.0,2.0,3.0,3.0,3.0,3.0,3.0,3.0,3.0,1.0,3.0,2.0,2.0,1.0,2.0,1.0,3.0,2.0,1.0,2.0,3.0,2.0,2.0,3.0,3.0,2.0,3.0,2.0,3.0,1.0,2.0,3.0,2.0,3.0,2.0,2.0,2.0,2.0,2.0,1.0,1.0,3.0,2.0,1.0,2.0,2.0,3.0,3.0,1.0,3.0,2.0,3.0,1.0,2.0,2.0,3.0,3.0,2.0,2.0,2.0,,,,,,,,,,,,,,,,,,,,,,,,,,,,,,,,,,,,,,,,,,,,,,,,,,,,,,,,,,,,,,,,,,,,,,,,,,,,,,,,,,,,,,,,,,,,,,,,,,,,,,,,,,,,,,,,,,,,,,,,,,,,,,,,,,,,,,,,,,,,,,,,,,,,,,,,,,,,,,,,,,,,,,,,,,,,,,,,,,,,,,,,,,,,,,,,,,,,,,,,,,,,,,,,,,,,,,,,,,,27,27,27,6,20,20,6,7,6,6,27,6,8,27,27,20,21,6,13,27,27,13,13,7,8,30,7,12,7,30,20,16,7,12,13,2,2,20,2,2,2,2,7,7,7,6,20,6,6,20,20,6,7,6,20,20,7,2,7,7,7,7,7,19,19,15,15,15,15,15,15,15,15,15,15,3,3,3,3,3,32,32,25,32,32,32,13,13,13,13,2,6,13,13,20,6,6,6,6,20,13,13,12,1,1,1,1,1,1,1,1,1,28,28,32,30,28,28,28,18,18,18,18,18,18,11,10,10,10,8,8,8,23,8,9,8,8,25,25,12,25,25,31,31,16,31,31,31,31,31,31,31,31,31,11,11,21,13,11,21,24,24,24,24,24,24,24,24,24,21,12,12,12,26,23,12,13,16,16,16,16,16,16,16,16,16,23,16,16,16,23,16,16,16,16,16,16,4,4,21,31,23,21,21,21,10,23,6,4,4,30,4,9,9,9,4,23,23,1.0,2.0,3.0,2.0,6,6,27,27
13828,2.0720720720720722,0.7926324970155456,0,0,1,"[14, 17, 5, 29]",62,82,78,1.0,1.0,2.0,2.0,2.0,2.0,2.0,2.0,2.0,2.0,2.0,3.0,3.0,2.0,1.0,2.0,2.0,2.0,2.0,1.0,1.0,1.0,3.0,1.0,1.0,1.0,3.0,1.0,3.0,3.0,1.0,1.0,3.0,1.0,2.0,3.0,3.0,1.0,3.0,1.0,1.0,2.0,2.0,3.0,3.0,3.0,1.0,3.0,3.0,2.0,2.0,2.0,2.0,3.0,3.0,3.0,2.0,2.0,1.0,3.0,2.0,2.0,1.0,3.0,2.0,1.0,2.0,3.0,2.0,1.0,3.0,1.0,3.0,2.0,1.0,1.0,2.0,2.0,3.0,3.0,3.0,3.0,1.0,3.0,1.0,3.0,2.0,2.0,2.0,1.0,2.0,2.0,3.0,3.0,3.0,2.0,2.0,1.0,1.0,1.0,3.0,1.0,3.0,2.0,3.0,2.0,3.0,2.0,2.0,3.0,3.0,3.0,3.0,3.0,3.0,1.0,3.0,3.0,2.0,1.0,2.0,3.0,2.0,3.0,1.0,2.0,3.0,2.0,2.0,1.0,3.0,2.0,1.0,2.0,1.0,1.0,2.0,3.0,3.0,3.0,1.0,2.0,3.0,3.0,3.0,3.0,3.0,2.0,2.0,2.0,3.0,3.0,3.0,2.0,1.0,2.0,3.0,2.0,1.0,3.0,3.0,1.0,1.0,3.0,3.0,1.0,3.0,1.0,3.0,2.0,1.0,1.0,1.0,1.0,3.0,3.0,1.0,2.0,2.0,2.0,2.0,3.0,3.0,2.0,3.0,2.0,2.0,1.0,2.0,3.0,1.0,3.0,2.0,2.0,2.0,3.0,2.0,1.0,1.0,3.0,2.0,2.0,1.0,2.0,1.0,2.0,1.0,2.0,2.0,2.0,1.0,3.0,2.0,3.0,3.0,1.0,1.0,2.0,,,,,,,,,,,,,,,,,,,,,,,,,,,,,,,,,,,,,,,,,,,,,,,,,,,,,,,,,,,,,,,,,,,,,,,,,,,,,,,,,,,,,,,,,,,,,,,,,,,,,,,,,,,,,,,,,,,,,,,,,,,,,,,,,,,,,,,,,,,,,,,,,,,,,,,,,,,,,,,,,,,,,,,,,,,,,,,,,,,,,,,,,,,,,,,,,,,,,,,,,,,,,,,,,,,,,,,,,,,20,20,27,6,20,20,20,20,20,20,13,20,20,6,7,27,27,6,13,25,7,13,13,7,8,30,7,12,7,3,20,16,27,12,7,2,2,20,2,27,2,2,7,27,27,6,6,27,27,27,27,6,7,6,27,27,7,2,6,6,7,7,7,3,19,15,15,15,15,15,6,16,15,15,15,3,3,3,3,3,28,32,32,32,32,3,13,13,13,13,2,6,13,13,3,6,6,13,13,20,13,13,30,1,1,1,1,30,11,21,1,1,28,28,28,28,28,28,31,18,18,18,18,18,6,10,10,10,10,8,8,15,8,15,8,8,8,25,25,25,25,19,31,6,31,31,31,31,31,31,28,31,31,31,11,11,11,12,11,11,24,26,26,24,24,30,24,24,24,21,23,12,9,26,23,9,13,16,6,16,16,16,16,16,16,16,4,16,16,16,16,16,16,16,16,4,16,4,4,21,31,4,9,21,4,9,23,30,4,30,30,30,9,9,9,27,4,23,1.0,1.0,2.0,2.0,6,20,13,27
13829,1.9954954954954955,0.7698959661033117,2,0,1,"[17, 14, 5]",66,91,65,3.0,3.0,2.0,2.0,2.0,2.0,2.0,2.0,2.0,2.0,3.0,3.0,3.0,3.0,3.0,1.0,1.0,2.0,2.0,1.0,1.0,2.0,2.0,2.0,1.0,1.0,1.0,1.0,1.0,3.0,1.0,1.0,1.0,1.0,1.0,2.0,2.0,1.0,3.0,2.0,1.0,2.0,2.0,1.0,1.0,2.0,1.0,1.0,1.0,3.0,3.0,2.0,2.0,3.0,1.0,1.0,2.0,2.0,3.0,1.0,2.0,2.0,1.0,3.0,2.0,1.0,2.0,3.0,3.0,1.0,2.0,2.0,3.0,2.0,1.0,1.0,2.0,2.0,3.0,3.0,2.0,3.0,1.0,2.0,2.0,3.0,2.0,2.0,2.0,1.0,2.0,2.0,3.0,3.0,3.0,2.0,2.0,1.0,1.0,1.0,3.0,2.0,3.0,2.0,3.0,2.0,3.0,2.0,1.0,2.0,3.0,3.0,3.0,3.0,1.0,2.0,2.0,2.0,1.0,1.0,2.0,1.0,2.0,3.0,3.0,2.0,1.0,2.0,2.0,1.0,3.0,1.0,3.0,3.0,2.0,3.0,2.0,2.0,2.0,3.0,1.0,2.0,2.0,2.0,3.0,3.0,3.0,2.0,1.0,1.0,2.0,3.0,3.0,2.0,1.0,2.0,3.0,3.0,1.0,3.0,3.0,3.0,3.0,3.0,2.0,2.0,3.0,1.0,3.0,2.0,1.0,1.0,2.0,1.0,1.0,1.0,1.0,2.0,3.0,2.0,2.0,3.0,1.0,2.0,3.0,2.0,3.0,1.0,2.0,3.0,2.0,3.0,3.0,2.0,1.0,2.0,2.0,1.0,1.0,3.0,1.0,2.0,2.0,2.0,1.0,3.0,2.0,2.0,3.0,3.0,1.0,2.0,2.0,1.0,1.0,2.0,2.0,2.0,,,,,,,,,,,,,,,,,,,,,,,,,,,,,,,,,,,,,,,,,,,,,,,,,,,,,,,,,,,,,,,,,,,,,,,,,,,,,,,,,,,,,,,,,,,,,,,,,,,,,,,,,,,,,,,,,,,,,,,,,,,,,,,,,,,,,,,,,,,,,,,,,,,,,,,,,,,,,,,,,,,,,,,,,,,,,,,,,,,,,,,,,,,,,,,,,,,,,,,,,,,,,,,,,,,,,,,,,,,27,27,27,6,20,20,20,20,20,20,27,20,20,27,27,20,21,6,13,25,7,27,27,2,8,30,13,12,13,3,20,16,7,12,13,21,21,20,2,2,2,2,7,7,7,7,6,7,7,6,6,6,7,6,6,6,7,2,7,7,7,7,7,3,19,15,15,15,8,15,15,15,15,15,15,3,3,3,3,3,32,32,32,6,8,3,13,13,13,13,2,6,13,13,3,6,6,13,13,20,13,2,30,1,1,1,1,30,1,1,1,1,28,28,32,30,25,25,30,18,18,6,18,18,18,10,31,10,10,8,8,8,23,8,9,6,8,28,28,25,25,19,6,31,31,31,31,31,13,13,31,31,31,31,11,11,11,11,11,11,24,24,24,24,30,13,24,24,24,21,23,12,12,26,31,21,13,16,16,16,16,16,6,16,16,16,23,16,16,16,23,16,23,16,23,16,16,4,4,21,29,4,21,21,4,10,21,30,6,4,30,4,9,12,12,4,23,23,1.0,1.0,3.0,2.0,6,20,27,27
13830,2.0495495495495497,0.779995808536583,1,0,1,"[14, 17, 5, 26]",62,87,73,2.0,2.0,2.0,2.0,1.0,1.0,1.0,1.0,1.0,1.0,3.0,1.0,1.0,1.0,1.0,1.0,1.0,2.0,2.0,1.0,1.0,2.0,2.0,1.0,1.0,1.0,3.0,2.0,3.0,3.0,3.0,1.0,2.0,1.0,1.0,1.0,1.0,1.0,3.0,2.0,1.0,2.0,3.0,3.0,3.0,1.0,2.0,3.0,3.0,1.0,1.0,2.0,1.0,3.0,2.0,2.0,3.0,3.0,2.0,2.0,3.0,3.0,3.0,3.0,2.0,1.0,2.0,3.0,2.0,2.0,2.0,2.0,3.0,2.0,2.0,1.0,2.0,2.0,3.0,3.0,2.0,3.0,1.0,2.0,1.0,3.0,2.0,2.0,2.0,1.0,2.0,2.0,3.0,3.0,3.0,2.0,2.0,1.0,1.0,2.0,3.0,1.0,3.0,2.0,3.0,2.0,3.0,1.0,1.0,2.0,3.0,3.0,3.0,3.0,1.0,2.0,3.0,3.0,3.0,1.0,2.0,3.0,2.0,3.0,3.0,2.0,3.0,1.0,2.0,1.0,3.0,2.0,1.0,2.0,1.0,1.0,2.0,2.0,2.0,3.0,1.0,1.0,3.0,2.0,3.0,3.0,3.0,2.0,2.0,2.0,2.0,3.0,3.0,2.0,3.0,2.0,3.0,3.0,1.0,3.0,3.0,3.0,3.0,3.0,3.0,2.0,3.0,1.0,3.0,1.0,2.0,1.0,2.0,2.0,2.0,2.0,1.0,2.0,1.0,1.0,2.0,3.0,3.0,2.0,3.0,2.0,1.0,1.0,2.0,3.0,1.0,3.0,2.0,2.0,2.0,2.0,2.0,3.0,2.0,2.0,1.0,3.0,2.0,2.0,3.0,1.0,2.0,2.0,2.0,3.0,1.0,2.0,2.0,3.0,3.0,2.0,1.0,2.0,,,,,,,,,,,,,,,,,,,,,,,,,,,,,,,,,,,,,,,,,,,,,,,,,,,,,,,,,,,,,,,,,,,,,,,,,,,,,,,,,,,,,,,,,,,,,,,,,,,,,,,,,,,,,,,,,,,,,,,,,,,,,,,,,,,,,,,,,,,,,,,,,,,,,,,,,,,,,,,,,,,,,,,,,,,,,,,,,,,,,,,,,,,,,,,,,,,,,,,,,,,,,,,,,,,,,,,,,,,7,7,27,6,30,32,6,7,7,6,27,6,8,7,7,20,21,6,13,25,7,27,27,7,8,30,7,7,7,3,19,16,20,12,13,9,32,20,2,2,2,2,20,27,27,20,20,27,27,20,20,6,20,6,20,20,6,6,20,20,20,6,20,3,19,15,15,15,15,2,15,15,15,15,2,3,3,3,3,3,32,32,32,6,32,3,13,13,13,13,2,6,13,13,3,6,6,13,13,13,13,13,30,1,1,1,1,1,1,1,1,1,28,28,32,30,28,28,28,18,18,18,18,18,18,10,10,11,10,8,8,15,8,15,8,8,8,28,28,25,25,25,31,31,31,31,31,31,31,31,31,31,31,31,7,11,11,11,11,11,24,24,24,24,24,13,24,24,24,12,12,12,12,12,12,12,13,16,10,6,16,16,16,16,16,16,16,16,16,16,16,16,16,16,16,16,16,29,29,29,29,21,21,21,21,21,21,30,4,4,30,4,9,9,9,4,4,23,1.0,2.0,3.0,2.0,6,6,27,27
13831,2.0585585585585586,0.7965955238903087,0,0,1,"[5, 17, 14, 26]",64,81,77,3.0,3.0,2.0,2.0,3.0,3.0,1.0,1.0,3.0,1.0,3.0,1.0,1.0,2.0,1.0,1.0,1.0,2.0,2.0,1.0,1.0,2.0,2.0,2.0,1.0,1.0,3.0,2.0,3.0,3.0,3.0,2.0,2.0,2.0,2.0,3.0,3.0,2.0,2.0,1.0,2.0,3.0,3.0,1.0,1.0,1.0,2.0,1.0,1.0,1.0,1.0,2.0,3.0,3.0,2.0,2.0,1.0,3.0,2.0,2.0,3.0,1.0,3.0,3.0,2.0,1.0,2.0,3.0,2.0,2.0,2.0,2.0,3.0,2.0,2.0,1.0,2.0,2.0,3.0,3.0,2.0,3.0,1.0,3.0,1.0,3.0,3.0,2.0,2.0,3.0,2.0,2.0,3.0,3.0,3.0,1.0,1.0,1.0,1.0,2.0,3.0,1.0,1.0,2.0,3.0,2.0,3.0,1.0,2.0,1.0,3.0,3.0,3.0,3.0,1.0,2.0,3.0,3.0,3.0,1.0,2.0,3.0,1.0,3.0,3.0,2.0,3.0,2.0,3.0,1.0,3.0,2.0,1.0,2.0,1.0,1.0,2.0,3.0,3.0,3.0,2.0,1.0,2.0,2.0,2.0,3.0,3.0,2.0,2.0,2.0,2.0,2.0,2.0,2.0,1.0,2.0,3.0,1.0,1.0,3.0,3.0,3.0,3.0,3.0,3.0,2.0,3.0,1.0,3.0,1.0,1.0,1.0,1.0,3.0,1.0,3.0,1.0,3.0,1.0,2.0,2.0,3.0,3.0,2.0,3.0,2.0,3.0,1.0,2.0,3.0,2.0,3.0,2.0,2.0,2.0,2.0,2.0,3.0,2.0,2.0,1.0,1.0,1.0,2.0,1.0,2.0,1.0,3.0,1.0,1.0,1.0,3.0,2.0,3.0,3.0,1.0,2.0,2.0,,,,,,,,,,,,,,,,,,,,,,,,,,,,,,,,,,,,,,,,,,,,,,,,,,,,,,,,,,,,,,,,,,,,,,,,,,,,,,,,,,,,,,,,,,,,,,,,,,,,,,,,,,,,,,,,,,,,,,,,,,,,,,,,,,,,,,,,,,,,,,,,,,,,,,,,,,,,,,,,,,,,,,,,,,,,,,,,,,,,,,,,,,,,,,,,,,,,,,,,,,,,,,,,,,,,,,,,,,,27,27,27,6,13,13,6,7,6,6,27,6,8,6,7,20,21,6,13,25,7,27,27,2,8,30,7,7,7,3,19,7,20,7,7,2,2,2,20,27,20,20,20,7,7,20,20,7,7,20,20,6,6,6,20,20,20,6,20,20,20,20,20,3,19,15,15,15,15,2,15,15,15,15,2,3,3,3,3,3,32,32,32,32,32,3,16,13,13,20,2,6,13,13,3,12,2,13,13,13,13,13,13,1,1,1,1,1,11,7,1,1,28,28,32,30,28,28,28,18,18,18,16,18,18,10,10,10,31,8,8,15,8,15,8,8,8,25,25,25,31,25,6,31,16,31,31,31,31,31,31,16,16,31,11,11,11,13,11,11,24,24,24,24,24,13,24,24,24,12,23,12,9,9,31,9,13,9,10,16,16,16,16,16,16,16,23,16,16,16,23,16,16,16,16,16,16,29,29,29,29,23,9,21,4,9,23,6,30,23,30,30,9,9,9,27,23,23,1.0,2.0,3.0,2.0,6,6,27,27
13832,2.0225225225225225,0.7812491082706583,3,0,0,"[14, 17, 5]",65,87,70,1.0,1.0,2.0,2.0,2.0,2.0,2.0,2.0,3.0,3.0,1.0,3.0,3.0,1.0,1.0,2.0,2.0,1.0,2.0,1.0,1.0,2.0,2.0,1.0,1.0,1.0,3.0,2.0,3.0,3.0,1.0,3.0,3.0,2.0,2.0,3.0,3.0,1.0,3.0,2.0,1.0,2.0,1.0,2.0,2.0,3.0,1.0,2.0,2.0,3.0,3.0,2.0,3.0,3.0,1.0,1.0,3.0,2.0,3.0,3.0,1.0,3.0,2.0,3.0,2.0,1.0,2.0,3.0,3.0,1.0,2.0,2.0,2.0,2.0,1.0,1.0,2.0,2.0,3.0,3.0,2.0,3.0,1.0,3.0,2.0,3.0,2.0,2.0,2.0,1.0,1.0,1.0,3.0,3.0,3.0,3.0,3.0,1.0,1.0,1.0,3.0,1.0,1.0,2.0,3.0,2.0,3.0,1.0,2.0,1.0,3.0,3.0,3.0,3.0,3.0,1.0,2.0,2.0,3.0,1.0,2.0,3.0,2.0,2.0,3.0,1.0,2.0,2.0,2.0,1.0,3.0,2.0,3.0,2.0,1.0,1.0,3.0,2.0,2.0,3.0,2.0,1.0,3.0,2.0,2.0,3.0,3.0,2.0,2.0,2.0,1.0,2.0,2.0,2.0,1.0,2.0,3.0,2.0,1.0,2.0,3.0,1.0,1.0,3.0,3.0,3.0,3.0,1.0,3.0,2.0,1.0,1.0,1.0,1.0,1.0,1.0,1.0,3.0,1.0,2.0,2.0,3.0,3.0,2.0,3.0,2.0,1.0,1.0,2.0,3.0,1.0,3.0,2.0,2.0,2.0,3.0,2.0,1.0,2.0,2.0,1.0,3.0,2.0,2.0,1.0,3.0,2.0,2.0,2.0,2.0,1.0,2.0,2.0,3.0,3.0,2.0,1.0,2.0,,,,,,,,,,,,,,,,,,,,,,,,,,,,,,,,,,,,,,,,,,,,,,,,,,,,,,,,,,,,,,,,,,,,,,,,,,,,,,,,,,,,,,,,,,,,,,,,,,,,,,,,,,,,,,,,,,,,,,,,,,,,,,,,,,,,,,,,,,,,,,,,,,,,,,,,,,,,,,,,,,,,,,,,,,,,,,,,,,,,,,,,,,,,,,,,,,,,,,,,,,,,,,,,,,,,,,,,,,,20,20,27,6,20,20,20,20,6,27,20,20,20,7,7,27,27,7,13,25,7,27,27,7,8,30,7,7,7,3,20,27,27,7,7,2,2,20,2,2,2,2,6,6,6,6,6,6,6,6,6,6,6,6,6,6,6,2,7,6,6,6,6,3,19,15,15,15,8,15,15,15,8,15,15,3,3,3,3,3,32,32,32,32,8,3,13,13,13,13,13,13,13,13,3,13,13,13,13,20,13,13,13,1,1,1,1,1,11,7,1,1,28,28,28,28,25,25,28,18,18,18,18,16,18,11,4,10,10,8,8,15,23,15,8,8,31,28,28,25,31,25,31,31,16,31,31,31,31,31,19,16,16,31,11,11,11,12,11,21,24,26,26,24,24,24,24,24,24,21,23,12,9,26,31,21,13,9,10,16,16,16,16,16,16,16,16,16,16,16,16,16,16,16,16,4,16,4,29,29,29,21,21,21,4,10,21,30,4,30,30,4,9,9,9,4,4,23,1.0,2.0,1.0,2.0,6,6,20,27
13833,2.0945945945945947,0.775803520146114,2,0,2,"[17, 5, 14]",57,87,78,2.0,2.0,2.0,2.0,3.0,3.0,3.0,1.0,3.0,1.0,2.0,1.0,1.0,2.0,1.0,2.0,2.0,2.0,2.0,1.0,1.0,1.0,3.0,1.0,1.0,1.0,3.0,1.0,3.0,2.0,3.0,1.0,3.0,2.0,2.0,3.0,3.0,1.0,3.0,2.0,1.0,2.0,3.0,2.0,2.0,1.0,2.0,3.0,3.0,3.0,3.0,2.0,3.0,3.0,3.0,3.0,1.0,2.0,2.0,2.0,3.0,1.0,3.0,3.0,2.0,1.0,2.0,1.0,2.0,1.0,2.0,2.0,3.0,2.0,1.0,1.0,2.0,2.0,3.0,3.0,2.0,3.0,1.0,3.0,1.0,3.0,3.0,2.0,2.0,1.0,1.0,2.0,3.0,3.0,2.0,2.0,2.0,1.0,1.0,2.0,3.0,1.0,3.0,2.0,3.0,2.0,3.0,1.0,1.0,2.0,3.0,3.0,3.0,3.0,1.0,2.0,3.0,3.0,3.0,1.0,2.0,3.0,3.0,3.0,3.0,2.0,3.0,2.0,2.0,1.0,3.0,1.0,2.0,2.0,1.0,1.0,2.0,2.0,2.0,2.0,1.0,1.0,3.0,2.0,3.0,3.0,3.0,2.0,2.0,2.0,2.0,2.0,2.0,2.0,1.0,1.0,3.0,3.0,1.0,3.0,3.0,3.0,3.0,3.0,3.0,1.0,3.0,1.0,3.0,2.0,2.0,1.0,2.0,2.0,1.0,3.0,3.0,3.0,3.0,1.0,2.0,3.0,3.0,2.0,3.0,2.0,2.0,1.0,2.0,3.0,1.0,3.0,2.0,2.0,2.0,3.0,2.0,2.0,1.0,2.0,1.0,2.0,1.0,2.0,1.0,2.0,1.0,2.0,2.0,3.0,1.0,3.0,2.0,3.0,3.0,2.0,2.0,2.0,,,,,,,,,,,,,,,,,,,,,,,,,,,,,,,,,,,,,,,,,,,,,,,,,,,,,,,,,,,,,,,,,,,,,,,,,,,,,,,,,,,,,,,,,,,,,,,,,,,,,,,,,,,,,,,,,,,,,,,,,,,,,,,,,,,,,,,,,,,,,,,,,,,,,,,,,,,,,,,,,,,,,,,,,,,,,,,,,,,,,,,,,,,,,,,,,,,,,,,,,,,,,,,,,,,,,,,,,,,7,7,27,6,13,13,7,7,6,6,13,6,8,6,7,27,27,6,13,25,7,13,13,7,8,30,7,12,7,7,19,16,27,7,7,2,2,20,2,2,2,2,20,6,6,20,20,27,27,6,6,6,6,6,27,27,20,2,20,20,20,20,20,3,19,15,15,11,15,15,15,15,15,15,15,3,3,3,3,3,32,32,32,32,32,3,16,13,13,13,13,6,13,13,13,6,6,13,13,13,13,13,30,1,1,1,1,1,1,1,1,1,28,28,32,30,28,28,28,18,18,18,12,18,18,10,10,10,10,8,8,8,16,15,8,8,8,28,28,12,25,25,31,31,31,31,31,31,31,31,31,16,16,31,11,30,11,11,11,11,24,24,24,24,24,30,24,24,24,21,12,12,12,12,31,9,12,9,16,6,16,16,16,16,16,16,4,16,16,16,16,16,16,16,16,4,16,26,4,29,29,4,9,21,4,9,23,30,4,4,30,30,9,9,9,4,23,23,1.0,2.0,2.0,2.0,6,6,13,27
13834,2.0675675675675675,0.7844255657897979,2,0,2,"[5, 14, 29, 17]",61,85,76,2.0,2.0,2.0,2.0,3.0,3.0,1.0,1.0,3.0,1.0,2.0,1.0,1.0,2.0,1.0,2.0,2.0,2.0,2.0,1.0,1.0,1.0,1.0,1.0,1.0,1.0,3.0,1.0,3.0,3.0,2.0,2.0,3.0,2.0,1.0,3.0,3.0,1.0,3.0,2.0,1.0,2.0,3.0,3.0,3.0,1.0,2.0,3.0,3.0,2.0,2.0,2.0,1.0,3.0,3.0,3.0,1.0,2.0,2.0,2.0,3.0,1.0,3.0,1.0,2.0,1.0,2.0,3.0,3.0,1.0,3.0,2.0,3.0,2.0,1.0,1.0,2.0,2.0,3.0,3.0,3.0,3.0,1.0,3.0,1.0,2.0,3.0,2.0,2.0,1.0,1.0,2.0,3.0,3.0,3.0,2.0,2.0,1.0,1.0,2.0,3.0,1.0,3.0,2.0,3.0,2.0,3.0,1.0,1.0,2.0,3.0,3.0,2.0,2.0,3.0,1.0,3.0,3.0,1.0,1.0,2.0,3.0,2.0,3.0,3.0,2.0,3.0,2.0,3.0,1.0,3.0,3.0,1.0,2.0,1.0,1.0,1.0,3.0,3.0,3.0,2.0,1.0,3.0,2.0,3.0,3.0,3.0,2.0,2.0,2.0,3.0,2.0,2.0,1.0,1.0,2.0,3.0,3.0,1.0,2.0,3.0,3.0,3.0,3.0,2.0,1.0,3.0,2.0,3.0,2.0,2.0,1.0,2.0,2.0,2.0,3.0,3.0,3.0,1.0,2.0,2.0,3.0,3.0,2.0,2.0,1.0,3.0,1.0,2.0,2.0,2.0,3.0,3.0,2.0,1.0,3.0,2.0,2.0,1.0,3.0,2.0,3.0,2.0,2.0,1.0,1.0,1.0,2.0,2.0,2.0,2.0,2.0,2.0,1.0,1.0,2.0,1.0,2.0,,,,,,,,,,,,,,,,,,,,,,,,,,,,,,,,,,,,,,,,,,,,,,,,,,,,,,,,,,,,,,,,,,,,,,,,,,,,,,,,,,,,,,,,,,,,,,,,,,,,,,,,,,,,,,,,,,,,,,,,,,,,,,,,,,,,,,,,,,,,,,,,,,,,,,,,,,,,,,,,,,,,,,,,,,,,,,,,,,,,,,,,,,,,,,,,,,,,,,,,,,,,,,,,,,,,,,,,,,,7,7,27,6,13,13,6,7,6,6,13,6,8,6,7,27,27,6,13,25,7,13,7,7,8,30,7,12,7,3,7,7,27,7,13,2,2,20,2,2,2,2,20,27,27,20,20,27,27,27,27,6,20,6,27,27,20,2,20,20,20,20,20,19,19,15,15,15,8,15,6,15,15,15,15,3,3,3,3,3,28,32,32,32,32,28,16,13,13,13,13,6,13,13,3,6,6,13,13,13,13,13,30,1,1,1,1,1,1,1,1,1,11,11,28,28,28,28,30,18,18,18,18,18,18,10,10,10,31,8,8,6,8,15,8,8,15,25,25,25,31,25,31,31,31,31,31,31,31,31,28,16,16,4,11,11,11,11,11,21,24,24,24,24,30,30,24,28,24,21,12,12,12,12,12,9,12,9,10,16,16,16,16,16,23,21,23,16,16,23,23,16,23,16,23,4,16,26,4,21,31,21,21,21,4,21,23,30,4,30,6,4,9,12,12,4,4,23,1.0,2.0,2.0,2.0,6,6,13,27
13835,2.009009009009009,0.7958659644705466,0,0,1,"[17, 5, 14, 29]",69,82,71,3.0,3.0,2.0,1.0,2.0,2.0,2.0,2.0,2.0,2.0,3.0,3.0,3.0,3.0,3.0,1.0,1.0,2.0,2.0,2.0,3.0,1.0,3.0,2.0,1.0,1.0,1.0,1.0,1.0,1.0,1.0,1.0,1.0,1.0,1.0,3.0,3.0,1.0,1.0,2.0,1.0,1.0,1.0,1.0,1.0,2.0,1.0,1.0,1.0,3.0,3.0,2.0,2.0,3.0,1.0,1.0,2.0,1.0,3.0,1.0,2.0,2.0,2.0,1.0,2.0,1.0,2.0,3.0,3.0,2.0,3.0,2.0,2.0,2.0,2.0,1.0,2.0,2.0,3.0,3.0,2.0,3.0,1.0,3.0,1.0,1.0,3.0,2.0,2.0,1.0,2.0,2.0,3.0,3.0,2.0,2.0,2.0,1.0,1.0,1.0,3.0,1.0,2.0,2.0,3.0,2.0,3.0,1.0,1.0,2.0,3.0,3.0,3.0,3.0,3.0,1.0,3.0,3.0,2.0,1.0,2.0,3.0,2.0,3.0,3.0,2.0,3.0,2.0,2.0,1.0,3.0,1.0,2.0,3.0,1.0,2.0,1.0,2.0,2.0,3.0,1.0,1.0,3.0,2.0,2.0,3.0,3.0,2.0,2.0,2.0,2.0,2.0,2.0,2.0,1.0,2.0,1.0,3.0,1.0,2.0,3.0,3.0,3.0,3.0,3.0,3.0,3.0,1.0,3.0,1.0,1.0,1.0,1.0,1.0,3.0,3.0,2.0,3.0,3.0,2.0,2.0,3.0,3.0,1.0,3.0,1.0,2.0,1.0,1.0,3.0,1.0,3.0,2.0,2.0,3.0,3.0,2.0,2.0,1.0,1.0,2.0,3.0,2.0,2.0,3.0,2.0,1.0,2.0,2.0,3.0,2.0,2.0,2.0,3.0,3.0,2.0,1.0,2.0,,,,,,,,,,,,,,,,,,,,,,,,,,,,,,,,,,,,,,,,,,,,,,,,,,,,,,,,,,,,,,,,,,,,,,,,,,,,,,,,,,,,,,,,,,,,,,,,,,,,,,,,,,,,,,,,,,,,,,,,,,,,,,,,,,,,,,,,,,,,,,,,,,,,,,,,,,,,,,,,,,,,,,,,,,,,,,,,,,,,,,,,,,,,,,,,,,,,,,,,,,,,,,,,,,,,,,,,,,,27,27,27,20,20,20,20,20,20,20,27,20,20,27,27,20,21,6,13,27,27,13,13,2,8,30,13,12,13,30,20,16,7,12,13,2,2,20,7,2,2,7,6,7,7,7,6,7,7,6,6,6,7,6,6,6,7,7,7,7,7,7,6,19,19,15,15,15,8,2,6,15,8,15,2,3,3,3,3,3,32,32,32,32,32,32,16,13,13,13,2,6,13,13,13,6,6,13,13,20,13,13,12,1,1,1,1,1,1,1,1,1,28,28,28,28,28,28,31,18,18,18,18,18,18,10,10,10,10,8,8,8,16,8,8,30,15,28,28,25,25,25,31,31,16,31,31,31,31,31,31,16,16,31,11,11,21,11,11,21,24,24,24,24,24,24,24,24,24,12,23,12,9,26,23,9,9,9,16,16,16,16,16,6,16,21,4,16,11,16,16,16,16,16,6,4,16,26,4,11,31,21,21,21,21,9,23,30,4,4,6,4,9,9,9,4,4,23,1.0,2.0,3.0,2.0,6,6,27,27
13836,2.09009009009009,0.7734221953755527,2,0,0,"[5, 14, 26, 17]",57,88,77,1.0,1.0,2.0,2.0,2.0,2.0,2.0,2.0,2.0,2.0,3.0,3.0,3.0,3.0,3.0,2.0,2.0,2.0,2.0,3.0,3.0,2.0,2.0,2.0,1.0,1.0,3.0,1.0,1.0,3.0,3.0,1.0,1.0,1.0,1.0,3.0,3.0,1.0,1.0,2.0,1.0,1.0,2.0,2.0,2.0,2.0,1.0,1.0,1.0,3.0,3.0,2.0,2.0,3.0,1.0,1.0,3.0,1.0,1.0,1.0,2.0,2.0,2.0,3.0,2.0,1.0,2.0,3.0,2.0,2.0,2.0,2.0,3.0,2.0,2.0,1.0,2.0,2.0,3.0,3.0,2.0,3.0,1.0,3.0,1.0,3.0,2.0,2.0,2.0,1.0,2.0,2.0,3.0,3.0,3.0,2.0,2.0,1.0,1.0,2.0,3.0,1.0,1.0,2.0,3.0,2.0,3.0,1.0,2.0,3.0,3.0,3.0,3.0,3.0,2.0,2.0,3.0,3.0,3.0,1.0,2.0,3.0,2.0,3.0,3.0,1.0,3.0,2.0,2.0,1.0,3.0,2.0,1.0,2.0,1.0,3.0,2.0,2.0,2.0,3.0,1.0,1.0,3.0,2.0,3.0,3.0,3.0,2.0,1.0,1.0,2.0,3.0,3.0,1.0,1.0,2.0,1.0,3.0,1.0,2.0,3.0,3.0,3.0,3.0,3.0,3.0,3.0,1.0,3.0,2.0,2.0,1.0,1.0,3.0,1.0,3.0,2.0,3.0,3.0,2.0,2.0,3.0,3.0,2.0,3.0,1.0,2.0,1.0,2.0,3.0,1.0,3.0,2.0,2.0,2.0,3.0,2.0,3.0,1.0,2.0,2.0,2.0,1.0,2.0,3.0,3.0,2.0,3.0,2.0,2.0,1.0,2.0,2.0,3.0,3.0,2.0,2.0,2.0,,,,,,,,,,,,,,,,,,,,,,,,,,,,,,,,,,,,,,,,,,,,,,,,,,,,,,,,,,,,,,,,,,,,,,,,,,,,,,,,,,,,,,,,,,,,,,,,,,,,,,,,,,,,,,,,,,,,,,,,,,,,,,,,,,,,,,,,,,,,,,,,,,,,,,,,,,,,,,,,,,,,,,,,,,,,,,,,,,,,,,,,,,,,,,,,,,,,,,,,,,,,,,,,,,,,,,,,,,,20,20,27,6,20,20,20,20,20,20,27,20,20,27,27,27,27,6,13,20,27,27,27,2,8,30,7,12,13,3,19,16,7,12,13,2,2,20,7,2,2,7,7,6,6,7,6,7,7,6,6,6,7,6,6,6,6,7,6,7,7,7,6,3,19,15,15,15,15,2,15,15,15,15,2,3,3,3,3,3,32,32,32,32,32,3,13,13,13,13,2,6,13,13,3,6,6,13,13,13,13,13,13,1,1,1,1,1,11,21,1,1,28,28,24,30,28,28,28,18,18,18,18,18,18,11,10,10,10,8,8,15,8,15,8,6,8,28,28,25,25,25,31,31,31,31,31,31,13,13,31,31,31,4,11,11,21,11,11,21,24,24,24,24,24,24,24,24,24,21,12,12,9,9,31,9,9,9,16,16,16,16,16,16,16,21,4,16,16,16,16,16,16,16,16,4,16,29,4,29,31,4,9,21,21,10,21,6,4,30,30,4,9,9,9,4,23,23,1.0,1.0,3.0,2.0,6,20,27,27
13837,2.18018018018018,0.7574450767621899,0,0,2,"[17, 5, 26, 14]",47,88,87,2.0,2.0,2.0,2.0,3.0,3.0,3.0,1.0,3.0,1.0,2.0,1.0,1.0,1.0,1.0,2.0,2.0,2.0,2.0,1.0,1.0,1.0,3.0,1.0,1.0,1.0,3.0,2.0,3.0,1.0,3.0,2.0,3.0,1.0,1.0,3.0,3.0,2.0,2.0,2.0,2.0,3.0,3.0,2.0,2.0,3.0,2.0,3.0,3.0,2.0,2.0,2.0,3.0,1.0,3.0,3.0,1.0,3.0,2.0,3.0,3.0,1.0,3.0,3.0,2.0,3.0,2.0,3.0,2.0,2.0,2.0,2.0,3.0,2.0,2.0,1.0,2.0,2.0,3.0,3.0,3.0,3.0,1.0,3.0,1.0,3.0,2.0,3.0,3.0,3.0,2.0,2.0,2.0,2.0,2.0,1.0,1.0,3.0,3.0,2.0,3.0,1.0,1.0,2.0,2.0,2.0,3.0,1.0,2.0,3.0,3.0,3.0,3.0,3.0,3.0,1.0,3.0,3.0,2.0,1.0,2.0,3.0,2.0,3.0,3.0,2.0,3.0,1.0,2.0,1.0,3.0,2.0,1.0,2.0,1.0,1.0,1.0,3.0,3.0,3.0,2.0,1.0,3.0,2.0,2.0,3.0,3.0,2.0,2.0,2.0,3.0,3.0,3.0,2.0,1.0,2.0,3.0,2.0,1.0,2.0,3.0,3.0,3.0,3.0,3.0,3.0,3.0,1.0,3.0,2.0,2.0,1.0,2.0,3.0,2.0,3.0,2.0,3.0,3.0,2.0,2.0,3.0,3.0,2.0,3.0,2.0,1.0,1.0,2.0,1.0,1.0,3.0,2.0,2.0,2.0,2.0,2.0,3.0,2.0,3.0,1.0,3.0,2.0,2.0,3.0,3.0,1.0,2.0,1.0,2.0,2.0,3.0,2.0,3.0,3.0,2.0,2.0,2.0,,,,,,,,,,,,,,,,,,,,,,,,,,,,,,,,,,,,,,,,,,,,,,,,,,,,,,,,,,,,,,,,,,,,,,,,,,,,,,,,,,,,,,,,,,,,,,,,,,,,,,,,,,,,,,,,,,,,,,,,,,,,,,,,,,,,,,,,,,,,,,,,,,,,,,,,,,,,,,,,,,,,,,,,,,,,,,,,,,,,,,,,,,,,,,,,,,,,,,,,,,,,,,,,,,,,,,,,,,,7,7,27,6,13,13,7,7,6,6,13,6,8,7,7,27,27,6,13,25,7,13,13,7,8,30,7,7,7,30,19,7,27,12,13,2,2,2,20,2,20,20,20,6,6,6,20,27,27,27,27,6,6,27,27,27,20,6,20,6,20,20,20,3,19,6,15,15,15,2,15,15,15,15,2,3,3,3,3,3,28,32,32,32,32,3,13,27,27,20,2,6,27,27,13,12,2,27,27,13,13,13,13,1,12,1,1,1,11,21,1,1,28,28,28,28,28,28,31,18,18,18,18,18,18,10,10,11,10,8,8,15,8,15,8,8,15,25,25,25,31,25,31,31,16,31,31,31,31,31,28,31,31,31,11,11,11,12,11,21,24,24,24,24,24,24,24,24,24,21,12,12,12,9,12,9,9,9,16,16,16,16,16,16,16,16,16,16,16,27,16,16,16,16,16,16,16,29,29,21,29,21,21,21,21,10,23,30,30,30,6,30,9,9,9,4,23,23,1.0,2.0,2.0,2.0,6,6,13,27
13838,2.054054054054054,0.788352286342648,2,0,1,"[14, 5, 29, 17]",63,84,75,2.0,2.0,2.0,1.0,2.0,2.0,3.0,1.0,3.0,3.0,3.0,3.0,3.0,2.0,1.0,2.0,2.0,3.0,3.0,3.0,1.0,1.0,3.0,1.0,1.0,1.0,3.0,1.0,3.0,2.0,1.0,3.0,2.0,1.0,1.0,3.0,3.0,1.0,3.0,2.0,1.0,1.0,1.0,2.0,2.0,3.0,1.0,2.0,2.0,3.0,3.0,2.0,3.0,3.0,1.0,1.0,3.0,2.0,3.0,3.0,1.0,3.0,2.0,3.0,2.0,1.0,2.0,3.0,3.0,1.0,2.0,2.0,2.0,2.0,1.0,1.0,2.0,2.0,3.0,3.0,2.0,3.0,1.0,3.0,1.0,3.0,3.0,2.0,2.0,1.0,2.0,2.0,3.0,3.0,2.0,3.0,3.0,1.0,1.0,1.0,3.0,1.0,1.0,2.0,3.0,2.0,3.0,1.0,1.0,2.0,3.0,3.0,2.0,2.0,1.0,2.0,2.0,2.0,3.0,1.0,2.0,3.0,2.0,3.0,3.0,2.0,2.0,2.0,2.0,2.0,3.0,2.0,1.0,2.0,1.0,2.0,2.0,2.0,2.0,3.0,1.0,1.0,3.0,1.0,3.0,3.0,3.0,2.0,2.0,2.0,1.0,2.0,2.0,1.0,1.0,2.0,3.0,2.0,1.0,3.0,3.0,1.0,2.0,3.0,3.0,3.0,3.0,1.0,3.0,2.0,1.0,1.0,1.0,1.0,1.0,3.0,2.0,2.0,3.0,2.0,2.0,3.0,3.0,2.0,3.0,1.0,1.0,1.0,2.0,3.0,1.0,3.0,2.0,2.0,2.0,3.0,2.0,2.0,1.0,3.0,2.0,2.0,2.0,2.0,1.0,1.0,2.0,2.0,1.0,3.0,1.0,3.0,2.0,3.0,3.0,2.0,2.0,2.0,,,,,,,,,,,,,,,,,,,,,,,,,,,,,,,,,,,,,,,,,,,,,,,,,,,,,,,,,,,,,,,,,,,,,,,,,,,,,,,,,,,,,,,,,,,,,,,,,,,,,,,,,,,,,,,,,,,,,,,,,,,,,,,,,,,,,,,,,,,,,,,,,,,,,,,,,,,,,,,,,,,,,,,,,,,,,,,,,,,,,,,,,,,,,,,,,,,,,,,,,,,,,,,,,,,,,,,,,,,7,7,27,20,20,20,7,7,6,27,27,20,20,6,7,27,27,27,27,20,7,13,13,7,8,30,7,12,7,7,20,27,20,12,13,2,2,20,2,2,2,7,6,6,6,6,6,6,6,6,6,6,6,6,6,6,6,2,7,6,6,6,6,3,19,15,15,15,8,15,15,15,8,15,15,3,3,3,3,3,32,32,32,32,32,3,16,13,13,13,2,6,13,13,13,13,13,13,13,20,13,13,13,1,1,1,1,1,1,1,1,1,11,11,32,30,25,25,28,18,18,18,18,18,18,10,4,10,10,30,8,15,8,15,8,30,8,28,28,25,25,25,31,10,31,31,31,31,31,31,19,16,16,4,11,11,11,12,11,11,24,26,21,24,24,24,24,24,24,21,23,12,9,26,31,9,9,16,16,16,16,16,16,16,16,21,16,16,16,16,16,16,16,16,16,4,16,26,4,21,31,4,21,21,4,21,21,30,30,4,30,30,9,9,9,4,23,23,1.0,1.0,3.0,2.0,6,20,27,27
13839,2.063063063063063,0.8103323632877316,4,0,0,"[5, 17, 14]",66,76,80,2.0,2.0,1.0,1.0,2.0,2.0,3.0,1.0,2.0,2.0,3.0,3.0,3.0,2.0,1.0,1.0,1.0,1.0,2.0,1.0,1.0,1.0,1.0,1.0,1.0,1.0,3.0,3.0,3.0,2.0,3.0,1.0,3.0,3.0,3.0,3.0,3.0,1.0,3.0,2.0,1.0,2.0,1.0,2.0,2.0,3.0,1.0,2.0,2.0,3.0,3.0,3.0,3.0,3.0,1.0,1.0,3.0,2.0,1.0,3.0,1.0,3.0,2.0,3.0,2.0,1.0,2.0,3.0,3.0,1.0,2.0,2.0,3.0,2.0,1.0,1.0,2.0,2.0,3.0,3.0,2.0,3.0,1.0,3.0,1.0,3.0,3.0,2.0,2.0,1.0,1.0,1.0,3.0,3.0,2.0,3.0,3.0,1.0,1.0,2.0,3.0,1.0,2.0,2.0,3.0,2.0,3.0,1.0,1.0,2.0,3.0,3.0,3.0,3.0,1.0,2.0,3.0,3.0,3.0,1.0,2.0,3.0,2.0,3.0,3.0,2.0,2.0,1.0,3.0,1.0,3.0,2.0,2.0,3.0,1.0,1.0,2.0,2.0,2.0,3.0,1.0,1.0,3.0,2.0,3.0,3.0,3.0,2.0,2.0,2.0,2.0,2.0,2.0,3.0,1.0,2.0,3.0,2.0,1.0,3.0,3.0,1.0,1.0,3.0,2.0,1.0,3.0,1.0,3.0,2.0,3.0,1.0,2.0,3.0,2.0,2.0,3.0,2.0,3.0,2.0,2.0,3.0,3.0,2.0,3.0,3.0,2.0,1.0,2.0,3.0,1.0,3.0,3.0,2.0,2.0,2.0,3.0,2.0,1.0,2.0,2.0,2.0,1.0,2.0,3.0,3.0,1.0,2.0,1.0,3.0,1.0,2.0,2.0,1.0,1.0,2.0,1.0,2.0,,,,,,,,,,,,,,,,,,,,,,,,,,,,,,,,,,,,,,,,,,,,,,,,,,,,,,,,,,,,,,,,,,,,,,,,,,,,,,,,,,,,,,,,,,,,,,,,,,,,,,,,,,,,,,,,,,,,,,,,,,,,,,,,,,,,,,,,,,,,,,,,,,,,,,,,,,,,,,,,,,,,,,,,,,,,,,,,,,,,,,,,,,,,,,,,,,,,,,,,,,,,,,,,,,,,,,,,,,,7,7,20,20,20,20,7,7,20,20,27,20,20,6,7,20,21,7,13,25,7,13,7,7,8,30,7,27,7,7,19,16,27,27,27,2,2,20,2,2,2,2,6,6,6,6,6,6,6,6,6,27,6,6,6,6,6,2,6,6,6,6,6,3,19,15,15,15,8,15,15,15,15,15,15,3,3,3,3,3,32,32,32,32,32,3,16,13,13,13,13,13,13,13,13,13,13,13,13,13,13,13,12,1,1,1,1,1,1,1,1,1,28,28,32,30,28,28,28,18,18,18,18,18,18,10,4,11,31,8,8,15,16,8,8,8,8,28,28,25,25,25,31,31,31,31,31,31,31,31,31,16,16,27,11,11,11,12,11,11,24,26,26,24,30,30,24,24,24,21,27,12,12,9,12,12,12,16,16,16,16,16,16,16,16,27,4,16,16,16,16,16,23,16,16,16,27,26,4,29,31,4,9,21,21,10,23,30,30,4,30,4,9,12,12,4,4,23,1.0,1.0,1.0,1.0,6,20,20,20
13840,2.0720720720720722,0.7516101775757872,3,0,1,"[14, 5, 17]",55,96,71,2.0,2.0,2.0,2.0,3.0,3.0,1.0,1.0,2.0,1.0,3.0,1.0,1.0,2.0,1.0,2.0,2.0,2.0,2.0,1.0,1.0,2.0,2.0,1.0,1.0,1.0,3.0,3.0,3.0,2.0,3.0,1.0,2.0,1.0,2.0,3.0,3.0,1.0,3.0,2.0,1.0,2.0,3.0,2.0,2.0,2.0,2.0,2.0,2.0,1.0,1.0,2.0,2.0,3.0,2.0,2.0,1.0,2.0,2.0,2.0,3.0,3.0,3.0,3.0,2.0,2.0,2.0,3.0,2.0,1.0,2.0,1.0,3.0,2.0,1.0,1.0,2.0,2.0,3.0,3.0,2.0,3.0,1.0,3.0,1.0,3.0,2.0,2.0,2.0,1.0,1.0,2.0,3.0,3.0,2.0,2.0,2.0,1.0,1.0,2.0,3.0,1.0,3.0,2.0,3.0,1.0,3.0,1.0,2.0,3.0,3.0,3.0,3.0,3.0,1.0,2.0,3.0,3.0,3.0,1.0,2.0,3.0,2.0,3.0,3.0,2.0,3.0,2.0,2.0,1.0,3.0,2.0,1.0,2.0,1.0,1.0,2.0,2.0,2.0,3.0,2.0,1.0,3.0,2.0,2.0,3.0,3.0,2.0,2.0,2.0,2.0,3.0,3.0,2.0,1.0,2.0,1.0,2.0,1.0,3.0,3.0,1.0,1.0,3.0,3.0,2.0,3.0,1.0,3.0,2.0,2.0,1.0,2.0,2.0,2.0,3.0,3.0,3.0,3.0,1.0,2.0,3.0,3.0,2.0,3.0,1.0,2.0,1.0,2.0,3.0,1.0,3.0,2.0,2.0,2.0,3.0,3.0,3.0,2.0,2.0,1.0,2.0,1.0,2.0,1.0,2.0,2.0,2.0,2.0,3.0,1.0,3.0,2.0,3.0,3.0,2.0,1.0,2.0,,,,,,,,,,,,,,,,,,,,,,,,,,,,,,,,,,,,,,,,,,,,,,,,,,,,,,,,,,,,,,,,,,,,,,,,,,,,,,,,,,,,,,,,,,,,,,,,,,,,,,,,,,,,,,,,,,,,,,,,,,,,,,,,,,,,,,,,,,,,,,,,,,,,,,,,,,,,,,,,,,,,,,,,,,,,,,,,,,,,,,,,,,,,,,,,,,,,,,,,,,,,,,,,,,,,,,,,,,,7,7,27,6,13,13,6,7,20,6,27,6,8,6,7,27,27,6,13,25,7,27,27,7,8,30,7,27,7,7,19,16,20,12,7,2,2,20,2,2,2,2,20,6,6,7,20,6,6,20,20,6,7,6,20,20,20,2,20,20,20,6,20,3,19,20,15,15,15,15,15,16,15,15,15,3,3,3,3,3,32,32,32,32,32,3,13,13,13,13,13,6,13,13,13,6,6,13,13,13,13,13,30,1,1,11,1,1,11,21,1,1,28,28,32,30,28,28,28,18,18,18,18,18,18,10,10,10,10,8,8,15,8,15,8,8,8,28,28,25,31,25,31,31,16,31,31,31,31,31,31,31,31,31,11,11,21,12,11,11,24,26,26,24,24,13,24,24,24,21,12,12,12,12,12,9,12,9,16,6,16,16,16,16,16,21,4,16,16,16,16,16,16,16,16,4,27,29,29,29,29,4,9,21,4,9,21,30,4,4,30,30,9,9,9,4,4,23,1.0,2.0,3.0,2.0,6,6,27,27
13841,2.1531531531531534,0.7514474502955103,4,0,1,"[5, 17, 14]",48,92,82,2.0,2.0,2.0,2.0,2.0,2.0,3.0,1.0,2.0,2.0,3.0,3.0,3.0,2.0,1.0,2.0,2.0,1.0,2.0,1.0,1.0,2.0,2.0,1.0,1.0,1.0,3.0,1.0,3.0,3.0,2.0,1.0,2.0,3.0,3.0,3.0,3.0,2.0,2.0,2.0,2.0,3.0,1.0,2.0,2.0,3.0,1.0,2.0,2.0,3.0,3.0,1.0,3.0,3.0,1.0,1.0,3.0,3.0,1.0,3.0,1.0,3.0,2.0,3.0,2.0,1.0,2.0,3.0,3.0,2.0,2.0,2.0,2.0,2.0,2.0,1.0,2.0,2.0,3.0,3.0,2.0,3.0,1.0,3.0,1.0,3.0,2.0,2.0,2.0,1.0,2.0,2.0,3.0,3.0,3.0,3.0,3.0,1.0,1.0,2.0,3.0,1.0,2.0,2.0,3.0,2.0,3.0,1.0,2.0,3.0,3.0,3.0,3.0,3.0,1.0,2.0,2.0,2.0,3.0,1.0,2.0,3.0,2.0,3.0,3.0,2.0,1.0,1.0,2.0,1.0,3.0,2.0,2.0,3.0,1.0,2.0,2.0,3.0,3.0,3.0,2.0,2.0,3.0,1.0,2.0,3.0,3.0,2.0,2.0,2.0,2.0,3.0,3.0,1.0,1.0,2.0,3.0,1.0,3.0,3.0,3.0,3.0,3.0,3.0,3.0,2.0,3.0,1.0,3.0,2.0,2.0,1.0,2.0,1.0,2.0,2.0,3.0,2.0,3.0,2.0,2.0,3.0,3.0,2.0,3.0,1.0,1.0,1.0,2.0,3.0,1.0,3.0,2.0,3.0,2.0,3.0,2.0,3.0,1.0,3.0,2.0,3.0,2.0,2.0,1.0,3.0,2.0,2.0,2.0,2.0,1.0,2.0,2.0,3.0,3.0,2.0,1.0,2.0,,,,,,,,,,,,,,,,,,,,,,,,,,,,,,,,,,,,,,,,,,,,,,,,,,,,,,,,,,,,,,,,,,,,,,,,,,,,,,,,,,,,,,,,,,,,,,,,,,,,,,,,,,,,,,,,,,,,,,,,,,,,,,,,,,,,,,,,,,,,,,,,,,,,,,,,,,,,,,,,,,,,,,,,,,,,,,,,,,,,,,,,,,,,,,,,,,,,,,,,,,,,,,,,,,,,,,,,,,,7,7,27,6,20,20,7,7,20,20,27,20,20,6,7,27,27,7,13,25,7,27,27,7,8,30,7,12,7,3,7,16,20,27,27,2,2,2,20,2,20,20,6,6,6,6,6,6,6,6,6,20,6,6,6,6,6,6,6,6,6,6,6,3,19,15,15,15,8,2,15,15,8,15,2,3,3,3,3,3,32,32,32,32,32,3,13,13,13,13,2,6,13,13,3,13,13,13,13,13,13,13,12,1,1,1,1,1,11,21,1,1,28,28,32,30,25,25,28,18,18,18,18,18,18,10,31,11,10,8,8,15,16,8,8,30,8,25,25,25,31,19,31,10,16,31,31,31,31,31,31,31,31,4,11,11,11,13,2,11,24,24,24,24,24,13,24,24,24,21,12,12,12,26,12,12,12,16,16,16,16,16,16,16,16,21,16,16,16,16,16,16,16,7,16,4,16,29,4,21,31,21,21,21,4,10,21,30,4,30,30,4,9,9,9,4,4,23,1.0,2.0,3.0,2.0,6,6,27,27
13842,2.184684684684685,0.7351175851027343,0,0,2,"[5, 14]",43,95,84,2.0,2.0,2.0,2.0,3.0,3.0,1.0,1.0,3.0,1.0,2.0,1.0,1.0,2.0,1.0,2.0,2.0,2.0,2.0,1.0,1.0,1.0,3.0,1.0,1.0,1.0,3.0,2.0,3.0,3.0,3.0,1.0,3.0,2.0,2.0,3.0,3.0,2.0,2.0,2.0,2.0,3.0,3.0,3.0,3.0,2.0,2.0,3.0,3.0,2.0,2.0,2.0,1.0,3.0,3.0,3.0,1.0,2.0,2.0,2.0,3.0,1.0,3.0,3.0,2.0,1.0,2.0,3.0,3.0,2.0,2.0,2.0,2.0,2.0,2.0,1.0,2.0,2.0,3.0,3.0,2.0,3.0,1.0,2.0,2.0,3.0,3.0,2.0,2.0,1.0,2.0,2.0,3.0,3.0,3.0,2.0,2.0,3.0,3.0,2.0,3.0,1.0,1.0,2.0,3.0,2.0,3.0,1.0,1.0,2.0,3.0,3.0,3.0,3.0,1.0,2.0,3.0,3.0,3.0,3.0,1.0,3.0,2.0,3.0,3.0,2.0,2.0,2.0,2.0,1.0,3.0,3.0,2.0,3.0,2.0,2.0,1.0,3.0,3.0,3.0,2.0,1.0,3.0,2.0,2.0,3.0,3.0,2.0,2.0,2.0,2.0,3.0,3.0,2.0,1.0,2.0,3.0,3.0,1.0,3.0,3.0,1.0,2.0,3.0,2.0,3.0,3.0,1.0,3.0,2.0,1.0,1.0,1.0,3.0,3.0,3.0,2.0,3.0,3.0,2.0,2.0,3.0,3.0,2.0,3.0,2.0,2.0,1.0,2.0,3.0,2.0,3.0,2.0,2.0,2.0,3.0,2.0,3.0,1.0,2.0,1.0,2.0,2.0,2.0,1.0,3.0,2.0,2.0,1.0,2.0,2.0,3.0,2.0,3.0,3.0,2.0,1.0,2.0,,,,,,,,,,,,,,,,,,,,,,,,,,,,,,,,,,,,,,,,,,,,,,,,,,,,,,,,,,,,,,,,,,,,,,,,,,,,,,,,,,,,,,,,,,,,,,,,,,,,,,,,,,,,,,,,,,,,,,,,,,,,,,,,,,,,,,,,,,,,,,,,,,,,,,,,,,,,,,,,,,,,,,,,,,,,,,,,,,,,,,,,,,,,,,,,,,,,,,,,,,,,,,,,,,,,,,,,,,,7,7,27,6,13,13,6,7,6,6,13,6,8,6,7,27,27,6,13,25,7,13,13,7,8,30,7,7,7,3,19,16,27,7,7,2,2,2,20,2,20,20,20,27,27,7,20,27,27,27,27,6,20,6,27,27,20,2,20,20,20,20,20,3,19,15,15,15,8,2,15,15,8,15,2,3,3,3,3,3,32,32,32,6,8,3,16,13,13,13,2,6,13,13,3,6,6,27,27,13,13,13,13,1,1,1,1,1,1,1,1,1,28,28,32,30,28,28,28,17,17,18,18,18,18,10,4,10,10,8,8,6,16,8,9,30,15,25,25,25,31,25,31,31,16,31,31,31,31,31,31,31,31,31,11,11,11,11,11,11,24,26,21,24,30,24,24,24,24,21,23,12,9,9,23,9,9,9,16,16,16,16,16,16,16,16,4,16,16,16,23,16,16,16,16,4,16,29,4,29,29,4,21,21,4,10,21,30,30,30,6,30,9,9,9,4,4,23,1.0,2.0,2.0,2.0,6,6,13,27
13843,2.0945945945945947,0.7581040697715146,3,0,0,"[5, 14, 26]",54,93,75,3.0,3.0,2.0,2.0,2.0,2.0,2.0,2.0,2.0,2.0,3.0,3.0,3.0,3.0,3.0,1.0,1.0,1.0,2.0,2.0,3.0,1.0,1.0,2.0,1.0,2.0,3.0,2.0,3.0,3.0,2.0,1.0,1.0,2.0,2.0,3.0,3.0,2.0,1.0,2.0,2.0,1.0,1.0,2.0,2.0,3.0,1.0,2.0,2.0,3.0,3.0,2.0,3.0,2.0,1.0,1.0,3.0,3.0,1.0,3.0,1.0,3.0,2.0,3.0,2.0,1.0,2.0,3.0,2.0,2.0,2.0,2.0,3.0,2.0,2.0,1.0,2.0,2.0,3.0,3.0,2.0,3.0,1.0,3.0,1.0,3.0,2.0,2.0,2.0,1.0,2.0,2.0,3.0,3.0,3.0,3.0,3.0,1.0,1.0,2.0,3.0,1.0,1.0,2.0,3.0,2.0,3.0,1.0,1.0,2.0,3.0,3.0,3.0,3.0,1.0,2.0,2.0,2.0,3.0,3.0,1.0,3.0,1.0,2.0,3.0,2.0,2.0,2.0,2.0,1.0,2.0,2.0,1.0,2.0,1.0,1.0,2.0,3.0,3.0,3.0,2.0,1.0,3.0,2.0,3.0,3.0,3.0,2.0,2.0,2.0,1.0,3.0,3.0,1.0,1.0,2.0,3.0,3.0,1.0,3.0,3.0,3.0,2.0,3.0,2.0,1.0,3.0,1.0,3.0,1.0,1.0,1.0,2.0,2.0,3.0,2.0,3.0,3.0,3.0,2.0,2.0,3.0,3.0,2.0,3.0,2.0,1.0,1.0,2.0,3.0,2.0,3.0,2.0,2.0,1.0,2.0,2.0,3.0,2.0,2.0,2.0,2.0,2.0,2.0,1.0,3.0,1.0,2.0,2.0,3.0,1.0,2.0,2.0,1.0,1.0,2.0,2.0,2.0,,,,,,,,,,,,,,,,,,,,,,,,,,,,,,,,,,,,,,,,,,,,,,,,,,,,,,,,,,,,,,,,,,,,,,,,,,,,,,,,,,,,,,,,,,,,,,,,,,,,,,,,,,,,,,,,,,,,,,,,,,,,,,,,,,,,,,,,,,,,,,,,,,,,,,,,,,,,,,,,,,,,,,,,,,,,,,,,,,,,,,,,,,,,,,,,,,,,,,,,,,,,,,,,,,,,,,,,,,,27,27,27,6,20,20,20,20,20,20,27,20,20,27,27,20,21,7,13,27,27,13,7,2,8,7,7,7,7,3,7,16,7,7,7,2,2,2,7,2,20,7,6,6,6,6,6,6,6,6,6,6,6,20,6,6,6,6,6,6,6,6,6,3,19,15,15,15,15,2,15,15,15,15,2,3,3,3,3,3,32,32,32,32,32,3,13,13,13,13,2,6,13,13,3,13,13,13,13,13,13,13,13,1,1,1,1,1,1,1,1,1,28,28,32,30,25,25,28,17,17,18,16,16,18,10,4,10,10,8,23,15,8,15,8,8,8,25,25,25,31,25,31,31,31,31,31,31,31,31,19,31,31,4,11,11,11,11,11,11,24,24,21,24,30,30,24,24,24,12,23,12,12,12,23,12,12,9,16,16,16,16,16,16,16,16,16,16,16,16,23,16,16,16,23,16,16,29,29,29,31,4,21,21,4,10,23,30,4,4,30,4,9,12,12,4,23,23,1.0,1.0,3.0,2.0,6,20,27,27
13844,2.0495495495495497,0.8195986076270692,1,0,0,"[5, 14]",69,73,80,3.0,3.0,2.0,1.0,2.0,2.0,2.0,2.0,1.0,3.0,3.0,3.0,3.0,3.0,3.0,1.0,1.0,1.0,2.0,1.0,1.0,1.0,3.0,1.0,1.0,1.0,3.0,1.0,3.0,2.0,1.0,3.0,1.0,2.0,2.0,3.0,3.0,1.0,3.0,2.0,1.0,2.0,2.0,2.0,2.0,3.0,1.0,2.0,2.0,3.0,3.0,2.0,3.0,3.0,1.0,1.0,3.0,3.0,1.0,3.0,1.0,3.0,2.0,3.0,2.0,1.0,2.0,3.0,3.0,2.0,2.0,2.0,3.0,2.0,2.0,1.0,2.0,2.0,3.0,3.0,2.0,3.0,1.0,3.0,1.0,3.0,3.0,2.0,2.0,1.0,1.0,1.0,3.0,3.0,2.0,3.0,3.0,1.0,1.0,1.0,3.0,1.0,3.0,2.0,3.0,2.0,3.0,1.0,1.0,2.0,3.0,3.0,3.0,3.0,1.0,2.0,3.0,3.0,3.0,3.0,1.0,3.0,1.0,2.0,3.0,2.0,2.0,2.0,2.0,1.0,3.0,2.0,1.0,2.0,1.0,1.0,1.0,2.0,2.0,3.0,1.0,1.0,3.0,2.0,2.0,3.0,3.0,2.0,2.0,2.0,1.0,3.0,3.0,1.0,1.0,1.0,3.0,3.0,1.0,3.0,3.0,1.0,1.0,3.0,1.0,3.0,3.0,1.0,3.0,2.0,2.0,1.0,2.0,1.0,2.0,1.0,3.0,2.0,3.0,2.0,2.0,3.0,3.0,2.0,3.0,1.0,1.0,1.0,1.0,3.0,2.0,3.0,2.0,3.0,2.0,2.0,2.0,2.0,1.0,2.0,1.0,3.0,1.0,2.0,3.0,3.0,2.0,2.0,2.0,2.0,1.0,3.0,2.0,1.0,1.0,2.0,1.0,2.0,,,,,,,,,,,,,,,,,,,,,,,,,,,,,,,,,,,,,,,,,,,,,,,,,,,,,,,,,,,,,,,,,,,,,,,,,,,,,,,,,,,,,,,,,,,,,,,,,,,,,,,,,,,,,,,,,,,,,,,,,,,,,,,,,,,,,,,,,,,,,,,,,,,,,,,,,,,,,,,,,,,,,,,,,,,,,,,,,,,,,,,,,,,,,,,,,,,,,,,,,,,,,,,,,,,,,,,,,,,27,27,27,20,20,20,20,20,7,27,27,20,20,27,27,20,21,7,13,25,7,13,13,7,8,30,7,12,7,7,20,27,7,7,7,2,2,20,2,2,2,2,7,6,6,6,6,6,6,6,6,6,6,6,6,6,6,6,6,6,6,6,6,3,19,15,15,15,8,2,15,15,15,15,2,3,3,3,3,3,32,32,32,32,32,3,16,13,13,13,13,13,13,13,13,13,13,13,13,20,13,13,30,1,1,1,1,1,1,1,1,1,28,28,32,30,28,28,28,17,17,18,16,16,18,10,4,10,10,8,8,15,8,15,8,8,15,28,28,25,25,25,31,31,16,31,31,31,31,31,19,31,31,4,11,30,11,11,11,11,24,26,26,24,4,24,24,24,24,21,12,12,12,26,12,21,12,16,16,16,16,16,16,16,16,21,16,16,11,16,23,16,16,7,16,16,16,26,4,29,29,21,9,21,21,10,21,30,4,30,30,30,9,12,12,4,4,23,1.0,1.0,3.0,2.0,6,20,27,27
13845,2.036036036036036,0.7950972839868216,3,0,0,"[14, 17, 5, 29]",66,82,74,3.0,3.0,2.0,2.0,2.0,2.0,2.0,2.0,2.0,2.0,3.0,3.0,3.0,3.0,3.0,2.0,2.0,2.0,2.0,1.0,1.0,1.0,3.0,1.0,1.0,1.0,3.0,1.0,3.0,3.0,1.0,1.0,1.0,1.0,1.0,3.0,3.0,1.0,3.0,2.0,1.0,2.0,2.0,2.0,2.0,2.0,1.0,2.0,2.0,3.0,3.0,2.0,2.0,2.0,1.0,1.0,2.0,2.0,3.0,1.0,2.0,2.0,1.0,3.0,2.0,1.0,1.0,3.0,3.0,1.0,2.0,2.0,3.0,2.0,1.0,1.0,2.0,2.0,3.0,3.0,2.0,3.0,1.0,3.0,1.0,3.0,2.0,2.0,2.0,1.0,1.0,2.0,3.0,3.0,3.0,2.0,2.0,2.0,2.0,1.0,3.0,1.0,3.0,2.0,3.0,2.0,3.0,1.0,2.0,3.0,3.0,3.0,3.0,3.0,1.0,2.0,3.0,3.0,3.0,1.0,2.0,3.0,2.0,3.0,3.0,2.0,1.0,1.0,2.0,1.0,2.0,1.0,2.0,3.0,1.0,1.0,2.0,3.0,3.0,3.0,2.0,1.0,3.0,1.0,3.0,3.0,3.0,2.0,1.0,1.0,1.0,3.0,3.0,2.0,1.0,2.0,1.0,2.0,1.0,1.0,3.0,3.0,3.0,3.0,3.0,2.0,3.0,1.0,3.0,2.0,1.0,1.0,2.0,1.0,3.0,2.0,3.0,2.0,1.0,1.0,2.0,3.0,3.0,3.0,3.0,2.0,2.0,1.0,2.0,3.0,1.0,3.0,2.0,2.0,2.0,3.0,2.0,1.0,1.0,1.0,2.0,2.0,2.0,2.0,3.0,1.0,2.0,3.0,1.0,2.0,1.0,3.0,2.0,1.0,1.0,2.0,1.0,2.0,,,,,,,,,,,,,,,,,,,,,,,,,,,,,,,,,,,,,,,,,,,,,,,,,,,,,,,,,,,,,,,,,,,,,,,,,,,,,,,,,,,,,,,,,,,,,,,,,,,,,,,,,,,,,,,,,,,,,,,,,,,,,,,,,,,,,,,,,,,,,,,,,,,,,,,,,,,,,,,,,,,,,,,,,,,,,,,,,,,,,,,,,,,,,,,,,,,,,,,,,,,,,,,,,,,,,,,,,,,27,27,27,6,20,20,20,20,20,20,27,20,20,27,27,27,27,6,13,25,7,13,13,7,8,30,7,12,7,3,20,16,7,12,13,2,2,20,2,2,2,2,7,6,6,7,6,6,6,6,6,6,7,20,6,6,7,2,7,7,7,7,7,3,19,15,6,15,8,15,15,15,15,15,15,3,3,3,3,3,32,32,32,32,32,3,13,13,13,13,13,6,13,13,3,6,6,6,6,20,13,13,30,1,1,1,1,1,11,21,1,1,28,28,32,30,28,28,28,18,18,18,18,18,18,10,31,11,10,8,23,8,16,8,8,8,8,25,25,25,31,25,31,10,31,31,31,31,13,13,19,31,31,31,11,11,21,12,11,4,24,24,24,24,24,13,24,24,24,21,23,12,12,26,23,12,12,16,10,6,16,16,16,20,16,16,4,16,16,16,16,16,16,16,16,4,16,4,4,11,31,4,21,21,21,21,21,6,30,30,30,30,9,12,12,4,4,23,1.0,2.0,3.0,2.0,6,6,27,27
13846,2.108108108108108,0.7999021586249626,2,0,0,"[14, 17, 5]",60,78,84,2.0,2.0,1.0,3.0,3.0,3.0,3.0,3.0,2.0,2.0,2.0,3.0,3.0,1.0,1.0,1.0,1.0,1.0,2.0,1.0,2.0,1.0,3.0,3.0,1.0,1.0,1.0,2.0,1.0,2.0,2.0,2.0,3.0,2.0,2.0,2.0,2.0,3.0,3.0,1.0,1.0,2.0,1.0,2.0,2.0,3.0,1.0,2.0,2.0,3.0,3.0,3.0,3.0,2.0,1.0,1.0,3.0,2.0,1.0,3.0,1.0,3.0,2.0,3.0,2.0,1.0,2.0,3.0,3.0,1.0,2.0,2.0,3.0,2.0,1.0,2.0,2.0,2.0,3.0,3.0,2.0,3.0,1.0,3.0,1.0,3.0,3.0,3.0,3.0,2.0,1.0,1.0,1.0,1.0,2.0,3.0,3.0,2.0,2.0,2.0,2.0,2.0,3.0,2.0,3.0,1.0,3.0,1.0,2.0,3.0,3.0,3.0,3.0,3.0,1.0,2.0,3.0,3.0,3.0,1.0,2.0,3.0,2.0,3.0,3.0,2.0,3.0,1.0,2.0,1.0,2.0,2.0,1.0,3.0,1.0,1.0,2.0,3.0,3.0,2.0,1.0,1.0,3.0,2.0,2.0,3.0,3.0,2.0,2.0,2.0,1.0,2.0,2.0,3.0,1.0,1.0,3.0,2.0,1.0,1.0,3.0,3.0,3.0,3.0,3.0,3.0,3.0,1.0,3.0,2.0,3.0,1.0,1.0,1.0,3.0,3.0,2.0,2.0,3.0,2.0,3.0,3.0,3.0,2.0,3.0,3.0,1.0,1.0,2.0,3.0,2.0,3.0,2.0,2.0,2.0,2.0,2.0,1.0,1.0,2.0,1.0,3.0,2.0,2.0,3.0,3.0,1.0,2.0,1.0,3.0,1.0,3.0,2.0,3.0,3.0,1.0,1.0,2.0,,,,,,,,,,,,,,,,,,,,,,,,,,,,,,,,,,,,,,,,,,,,,,,,,,,,,,,,,,,,,,,,,,,,,,,,,,,,,,,,,,,,,,,,,,,,,,,,,,,,,,,,,,,,,,,,,,,,,,,,,,,,,,,,,,,,,,,,,,,,,,,,,,,,,,,,,,,,,,,,,,,,,,,,,,,,,,,,,,,,,,,,,,,,,,,,,,,,,,,,,,,,,,,,,,,,,,,,,,,7,7,20,13,13,13,7,13,20,20,13,20,20,7,7,20,21,7,13,25,13,13,13,13,8,30,13,7,13,7,7,7,27,7,7,21,21,13,2,27,2,2,6,6,6,6,6,6,6,6,6,27,6,20,6,6,6,2,6,6,6,6,6,3,19,15,15,15,8,15,15,15,15,15,15,13,3,3,3,3,32,32,32,32,32,3,16,27,27,2,13,13,6,6,13,13,13,6,6,13,20,2,30,1,1,11,1,1,11,21,1,1,28,28,32,30,28,28,28,18,18,18,18,18,18,10,10,11,10,8,23,15,8,8,8,8,8,25,25,12,25,25,31,31,16,31,31,31,31,31,19,16,16,27,11,30,11,12,11,4,24,24,24,24,24,24,24,24,24,21,27,12,9,26,23,9,9,16,16,16,20,16,16,16,16,27,16,16,16,16,23,16,16,16,16,16,16,4,4,29,29,21,21,21,21,10,23,30,30,4,30,30,9,9,9,27,4,23,2.0,3.0,2.0,1.0,13,13,13,20
13847,2.0135135135135136,0.7986398490019414,1,0,0,"[14, 5, 17, 29]",69,81,72,1.0,1.0,2.0,2.0,2.0,2.0,2.0,2.0,2.0,2.0,3.0,3.0,3.0,3.0,3.0,1.0,1.0,3.0,3.0,1.0,1.0,2.0,2.0,3.0,1.0,1.0,1.0,1.0,1.0,1.0,3.0,1.0,1.0,1.0,1.0,3.0,3.0,2.0,1.0,2.0,1.0,1.0,2.0,2.0,2.0,2.0,1.0,1.0,1.0,3.0,3.0,2.0,3.0,3.0,1.0,1.0,2.0,1.0,3.0,3.0,2.0,3.0,1.0,3.0,2.0,1.0,2.0,3.0,3.0,2.0,2.0,2.0,2.0,2.0,2.0,1.0,2.0,2.0,3.0,3.0,3.0,3.0,1.0,3.0,1.0,3.0,2.0,2.0,2.0,1.0,2.0,2.0,3.0,3.0,1.0,2.0,2.0,1.0,1.0,2.0,3.0,1.0,1.0,2.0,3.0,2.0,3.0,1.0,1.0,2.0,3.0,3.0,3.0,3.0,3.0,1.0,3.0,3.0,1.0,1.0,2.0,3.0,2.0,2.0,3.0,1.0,3.0,2.0,2.0,1.0,3.0,2.0,2.0,3.0,2.0,1.0,2.0,3.0,3.0,3.0,2.0,1.0,3.0,2.0,2.0,3.0,3.0,2.0,2.0,2.0,3.0,2.0,2.0,1.0,1.0,2.0,3.0,2.0,1.0,3.0,3.0,1.0,1.0,3.0,2.0,1.0,3.0,1.0,3.0,1.0,2.0,1.0,2.0,1.0,2.0,1.0,1.0,3.0,3.0,1.0,2.0,3.0,3.0,1.0,3.0,2.0,2.0,1.0,2.0,3.0,1.0,3.0,2.0,2.0,3.0,2.0,2.0,2.0,1.0,3.0,2.0,1.0,2.0,2.0,1.0,3.0,1.0,2.0,2.0,3.0,1.0,3.0,2.0,3.0,3.0,2.0,1.0,2.0,,,,,,,,,,,,,,,,,,,,,,,,,,,,,,,,,,,,,,,,,,,,,,,,,,,,,,,,,,,,,,,,,,,,,,,,,,,,,,,,,,,,,,,,,,,,,,,,,,,,,,,,,,,,,,,,,,,,,,,,,,,,,,,,,,,,,,,,,,,,,,,,,,,,,,,,,,,,,,,,,,,,,,,,,,,,,,,,,,,,,,,,,,,,,,,,,,,,,,,,,,,,,,,,,,,,,,,,,,,20,20,27,6,20,20,20,20,20,20,27,20,20,27,27,20,21,27,27,25,7,27,27,13,8,30,13,12,13,30,19,16,7,12,13,2,2,2,7,2,2,7,7,6,6,7,6,7,7,6,6,6,6,6,6,6,7,7,7,6,7,6,7,3,19,15,15,15,8,2,15,15,8,15,2,3,3,3,3,3,28,32,32,32,32,3,13,13,13,13,2,6,13,13,20,6,6,13,13,13,13,13,13,1,1,1,1,1,1,1,1,1,28,28,28,28,28,28,30,18,18,18,18,16,18,11,10,10,10,8,8,15,16,8,9,8,8,25,25,25,31,25,31,31,16,31,31,31,31,31,28,16,16,4,11,11,11,12,11,11,24,26,26,24,30,30,24,24,24,12,12,12,12,26,12,21,13,9,16,6,16,16,16,6,16,16,4,16,16,16,16,16,16,16,6,16,16,26,4,21,31,23,21,21,4,10,23,30,4,4,30,30,9,9,9,4,4,23,1.0,1.0,3.0,2.0,6,20,27,27
13848,2.0765765765765765,0.8007298655844591,3,0,0,"[5, 17, 14]",63,79,80,1.0,1.0,1.0,2.0,2.0,2.0,2.0,2.0,2.0,2.0,3.0,3.0,3.0,1.0,1.0,2.0,2.0,1.0,2.0,1.0,1.0,1.0,1.0,1.0,1.0,1.0,3.0,2.0,3.0,3.0,2.0,1.0,3.0,2.0,2.0,2.0,2.0,1.0,3.0,2.0,1.0,2.0,1.0,2.0,2.0,3.0,1.0,2.0,2.0,3.0,3.0,3.0,3.0,3.0,1.0,1.0,3.0,2.0,1.0,3.0,1.0,3.0,2.0,3.0,2.0,1.0,2.0,3.0,3.0,1.0,2.0,1.0,3.0,2.0,1.0,1.0,2.0,2.0,3.0,3.0,2.0,3.0,1.0,3.0,1.0,3.0,2.0,2.0,2.0,1.0,2.0,2.0,3.0,3.0,3.0,3.0,3.0,3.0,3.0,2.0,3.0,1.0,3.0,2.0,3.0,2.0,3.0,1.0,1.0,2.0,3.0,3.0,3.0,3.0,1.0,2.0,3.0,3.0,3.0,1.0,2.0,3.0,2.0,3.0,3.0,2.0,3.0,2.0,3.0,1.0,3.0,2.0,1.0,2.0,1.0,1.0,2.0,2.0,2.0,3.0,1.0,1.0,3.0,2.0,3.0,3.0,3.0,2.0,1.0,1.0,1.0,3.0,3.0,2.0,1.0,2.0,3.0,3.0,1.0,3.0,3.0,3.0,3.0,3.0,3.0,2.0,3.0,1.0,3.0,1.0,1.0,1.0,2.0,1.0,1.0,2.0,3.0,2.0,3.0,2.0,2.0,3.0,3.0,2.0,3.0,3.0,1.0,1.0,2.0,2.0,2.0,3.0,3.0,2.0,1.0,2.0,2.0,2.0,2.0,2.0,1.0,3.0,2.0,2.0,3.0,3.0,1.0,2.0,1.0,2.0,1.0,3.0,2.0,1.0,1.0,2.0,2.0,2.0,,,,,,,,,,,,,,,,,,,,,,,,,,,,,,,,,,,,,,,,,,,,,,,,,,,,,,,,,,,,,,,,,,,,,,,,,,,,,,,,,,,,,,,,,,,,,,,,,,,,,,,,,,,,,,,,,,,,,,,,,,,,,,,,,,,,,,,,,,,,,,,,,,,,,,,,,,,,,,,,,,,,,,,,,,,,,,,,,,,,,,,,,,,,,,,,,,,,,,,,,,,,,,,,,,,,,,,,,,,20,20,20,6,20,20,20,20,20,20,27,20,20,7,7,27,27,7,13,25,7,13,7,7,8,30,7,7,7,3,7,16,27,7,7,21,21,20,2,2,2,2,6,6,6,6,6,6,6,6,6,27,6,6,6,6,6,2,6,6,6,6,6,3,19,15,15,15,8,15,15,16,15,15,15,3,3,3,3,3,32,32,32,32,32,3,13,13,13,13,2,6,13,13,3,13,13,27,27,13,13,13,30,1,1,1,1,1,1,1,1,1,28,28,32,30,28,28,28,18,18,18,18,18,18,10,10,10,31,8,8,15,8,15,8,8,8,28,28,25,25,25,31,31,31,31,31,31,13,13,19,31,31,31,11,11,11,11,11,11,24,24,24,24,24,13,24,24,24,12,23,12,12,26,31,12,12,16,16,16,16,16,16,16,16,27,16,16,16,23,23,16,23,16,23,16,16,26,29,29,29,21,21,21,21,10,23,30,30,30,30,30,9,12,12,4,23,23,1.0,1.0,3.0,2.0,6,20,27,27
13849,2.0720720720720722,0.7694590179486329,3,0,0,"[14, 17, 5, 26]",58,90,74,3.0,3.0,2.0,2.0,2.0,2.0,2.0,2.0,2.0,2.0,3.0,3.0,3.0,3.0,3.0,1.0,1.0,1.0,2.0,1.0,1.0,2.0,2.0,2.0,1.0,1.0,3.0,2.0,3.0,3.0,3.0,2.0,1.0,1.0,2.0,3.0,3.0,2.0,1.0,2.0,2.0,1.0,1.0,2.0,2.0,2.0,1.0,2.0,2.0,3.0,3.0,2.0,3.0,2.0,1.0,1.0,3.0,3.0,1.0,3.0,1.0,3.0,2.0,3.0,2.0,1.0,2.0,3.0,3.0,2.0,2.0,2.0,3.0,2.0,2.0,1.0,2.0,2.0,3.0,3.0,2.0,3.0,1.0,3.0,1.0,3.0,3.0,2.0,2.0,1.0,2.0,2.0,3.0,3.0,3.0,2.0,2.0,1.0,1.0,2.0,3.0,1.0,1.0,2.0,3.0,2.0,3.0,1.0,1.0,2.0,3.0,3.0,3.0,3.0,1.0,2.0,3.0,3.0,3.0,1.0,2.0,3.0,2.0,2.0,3.0,2.0,3.0,2.0,3.0,1.0,3.0,2.0,1.0,2.0,1.0,1.0,1.0,2.0,2.0,3.0,1.0,1.0,3.0,2.0,3.0,3.0,3.0,2.0,2.0,2.0,2.0,3.0,3.0,1.0,1.0,2.0,3.0,1.0,1.0,3.0,3.0,3.0,2.0,3.0,3.0,2.0,3.0,1.0,3.0,2.0,2.0,1.0,2.0,2.0,2.0,2.0,1.0,2.0,3.0,2.0,2.0,3.0,3.0,2.0,3.0,1.0,1.0,1.0,2.0,3.0,1.0,3.0,2.0,2.0,2.0,2.0,1.0,3.0,2.0,1.0,1.0,1.0,2.0,2.0,3.0,3.0,2.0,2.0,1.0,2.0,1.0,3.0,2.0,1.0,1.0,2.0,2.0,2.0,,,,,,,,,,,,,,,,,,,,,,,,,,,,,,,,,,,,,,,,,,,,,,,,,,,,,,,,,,,,,,,,,,,,,,,,,,,,,,,,,,,,,,,,,,,,,,,,,,,,,,,,,,,,,,,,,,,,,,,,,,,,,,,,,,,,,,,,,,,,,,,,,,,,,,,,,,,,,,,,,,,,,,,,,,,,,,,,,,,,,,,,,,,,,,,,,,,,,,,,,,,,,,,,,,,,,,,,,,,27,27,27,6,20,20,20,20,20,20,27,20,20,27,27,20,21,7,13,25,7,27,27,2,8,30,7,7,7,3,19,7,7,12,7,2,2,2,7,2,20,7,6,6,6,7,6,6,6,6,6,6,6,20,6,6,6,6,6,6,6,6,6,3,19,15,15,15,8,2,15,15,15,15,2,3,3,3,3,3,32,32,32,32,32,3,16,13,13,13,2,6,13,13,3,6,6,13,13,13,13,13,13,1,1,1,1,1,1,1,1,1,28,28,32,30,28,28,28,18,18,18,18,16,18,10,10,10,31,8,8,15,8,15,8,8,15,28,28,25,25,25,31,31,31,31,31,31,31,31,31,31,31,4,11,11,11,13,11,11,24,24,21,24,24,13,24,24,24,21,12,12,12,12,12,12,13,16,16,16,16,16,16,16,16,21,16,16,16,16,16,16,16,16,16,16,7,29,29,11,29,23,21,21,21,10,21,30,30,30,30,30,9,12,12,4,23,23,1.0,1.0,3.0,2.0,6,20,27,27
13850,2.135135135135135,0.7668055200882192,3,0,1,"[5, 14]",52,88,82,1.0,1.0,2.0,1.0,2.0,2.0,2.0,2.0,2.0,2.0,1.0,3.0,3.0,3.0,3.0,2.0,2.0,1.0,2.0,2.0,3.0,2.0,2.0,1.0,1.0,1.0,3.0,1.0,3.0,3.0,2.0,2.0,1.0,2.0,2.0,3.0,3.0,2.0,1.0,2.0,1.0,1.0,1.0,2.0,2.0,3.0,1.0,2.0,2.0,3.0,3.0,2.0,3.0,3.0,1.0,1.0,3.0,3.0,1.0,3.0,1.0,3.0,2.0,3.0,2.0,1.0,2.0,3.0,3.0,2.0,2.0,2.0,3.0,2.0,2.0,1.0,2.0,2.0,3.0,3.0,2.0,3.0,1.0,3.0,2.0,3.0,2.0,2.0,2.0,1.0,2.0,2.0,3.0,3.0,3.0,3.0,3.0,1.0,1.0,2.0,3.0,1.0,1.0,2.0,3.0,2.0,3.0,1.0,1.0,2.0,3.0,3.0,3.0,3.0,1.0,2.0,3.0,3.0,3.0,3.0,1.0,3.0,2.0,3.0,3.0,2.0,2.0,2.0,2.0,1.0,3.0,1.0,1.0,2.0,2.0,1.0,1.0,2.0,2.0,3.0,1.0,2.0,3.0,2.0,3.0,3.0,3.0,2.0,2.0,2.0,2.0,3.0,3.0,2.0,3.0,2.0,3.0,3.0,1.0,3.0,3.0,1.0,2.0,3.0,2.0,2.0,3.0,1.0,3.0,2.0,1.0,1.0,2.0,3.0,3.0,3.0,2.0,3.0,3.0,2.0,2.0,3.0,3.0,2.0,3.0,2.0,1.0,1.0,1.0,3.0,1.0,3.0,2.0,2.0,2.0,2.0,2.0,3.0,2.0,3.0,1.0,3.0,1.0,2.0,3.0,3.0,2.0,2.0,1.0,2.0,1.0,3.0,2.0,3.0,3.0,2.0,2.0,2.0,,,,,,,,,,,,,,,,,,,,,,,,,,,,,,,,,,,,,,,,,,,,,,,,,,,,,,,,,,,,,,,,,,,,,,,,,,,,,,,,,,,,,,,,,,,,,,,,,,,,,,,,,,,,,,,,,,,,,,,,,,,,,,,,,,,,,,,,,,,,,,,,,,,,,,,,,,,,,,,,,,,,,,,,,,,,,,,,,,,,,,,,,,,,,,,,,,,,,,,,,,,,,,,,,,,,,,,,,,,20,20,27,20,20,20,20,20,20,20,20,20,20,27,27,27,27,7,13,27,27,27,27,7,8,30,7,12,7,3,7,7,7,7,7,2,2,2,7,2,2,7,6,6,6,6,6,6,6,6,6,6,6,6,6,6,6,6,6,6,6,6,6,3,19,15,15,15,8,2,15,15,15,15,2,3,3,3,3,3,32,32,32,32,8,3,13,13,13,13,2,6,13,13,3,13,13,13,13,13,13,13,13,1,1,1,1,1,1,1,1,1,28,28,32,30,28,28,28,17,17,18,18,18,18,10,4,10,10,8,8,8,8,15,9,8,15,28,28,25,25,19,31,31,31,31,31,31,31,31,31,31,31,31,7,11,11,11,11,11,24,26,21,24,30,13,24,24,24,21,23,12,12,9,23,9,9,9,16,16,16,16,16,16,16,16,16,16,11,16,16,16,16,16,16,16,16,29,29,21,29,21,9,21,21,10,21,30,30,30,30,30,9,9,9,4,23,23,1.0,1.0,3.0,2.0,6,20,27,27
13851,2.018018018018018,0.7957122877791638,2,0,1,"[14, 5, 17]",68,82,72,3.0,3.0,2.0,2.0,3.0,3.0,1.0,1.0,3.0,1.0,3.0,1.0,1.0,2.0,1.0,2.0,2.0,2.0,2.0,1.0,1.0,2.0,2.0,1.0,1.0,1.0,3.0,2.0,3.0,3.0,3.0,2.0,2.0,1.0,2.0,3.0,3.0,2.0,3.0,2.0,1.0,2.0,3.0,1.0,1.0,1.0,2.0,1.0,1.0,3.0,3.0,2.0,1.0,3.0,2.0,2.0,1.0,2.0,2.0,2.0,3.0,1.0,3.0,1.0,1.0,1.0,2.0,2.0,3.0,1.0,2.0,2.0,3.0,2.0,1.0,1.0,2.0,2.0,3.0,3.0,2.0,3.0,3.0,3.0,1.0,1.0,2.0,2.0,2.0,1.0,2.0,2.0,3.0,3.0,3.0,2.0,2.0,1.0,1.0,2.0,3.0,1.0,3.0,2.0,3.0,2.0,3.0,1.0,1.0,2.0,3.0,3.0,3.0,3.0,1.0,2.0,3.0,3.0,3.0,1.0,2.0,1.0,2.0,3.0,3.0,2.0,3.0,1.0,2.0,1.0,3.0,2.0,1.0,3.0,1.0,2.0,1.0,2.0,2.0,3.0,1.0,1.0,3.0,1.0,2.0,3.0,3.0,2.0,2.0,2.0,2.0,2.0,2.0,1.0,1.0,2.0,3.0,3.0,1.0,2.0,3.0,1.0,1.0,3.0,1.0,2.0,3.0,1.0,3.0,1.0,2.0,1.0,1.0,3.0,1.0,3.0,1.0,2.0,3.0,2.0,2.0,3.0,3.0,2.0,3.0,2.0,3.0,1.0,2.0,3.0,1.0,3.0,2.0,2.0,2.0,3.0,2.0,3.0,1.0,2.0,1.0,1.0,1.0,2.0,1.0,2.0,1.0,2.0,2.0,3.0,1.0,3.0,2.0,3.0,3.0,2.0,3.0,2.0,,,,,,,,,,,,,,,,,,,,,,,,,,,,,,,,,,,,,,,,,,,,,,,,,,,,,,,,,,,,,,,,,,,,,,,,,,,,,,,,,,,,,,,,,,,,,,,,,,,,,,,,,,,,,,,,,,,,,,,,,,,,,,,,,,,,,,,,,,,,,,,,,,,,,,,,,,,,,,,,,,,,,,,,,,,,,,,,,,,,,,,,,,,,,,,,,,,,,,,,,,,,,,,,,,,,,,,,,,,27,27,27,6,13,13,6,7,6,6,27,6,8,6,7,27,27,6,13,25,7,27,27,7,8,30,7,7,7,3,19,7,20,12,7,2,2,2,2,2,2,2,20,7,7,20,20,7,7,6,6,6,20,6,20,20,20,2,20,20,20,20,20,19,20,15,15,6,8,15,15,15,15,15,15,3,3,3,3,3,32,32,26,32,32,32,13,13,13,13,2,6,13,13,3,6,6,13,13,13,13,13,30,1,1,1,1,1,1,1,1,1,28,28,32,30,28,28,28,18,18,6,18,18,18,10,10,11,10,8,8,15,8,8,8,30,15,28,28,25,25,25,31,10,16,31,31,31,31,31,31,16,16,4,11,11,11,11,11,21,24,26,26,24,4,13,24,24,24,12,12,12,9,9,31,9,13,16,16,16,16,16,16,16,16,16,23,16,16,16,16,16,16,16,16,4,16,29,4,29,29,23,9,21,4,9,23,30,4,4,30,30,9,9,9,4,7,23,1.0,2.0,3.0,2.0,6,6,27,27
13852,2.081081081081081,0.7685578565836622,2,1,0,"[14, 17, 5]",57,90,75,3.0,3.0,2.0,1.0,2.0,2.0,2.0,2.0,2.0,2.0,3.0,3.0,3.0,3.0,3.0,2.0,2.0,1.0,2.0,3.0,1.0,1.0,3.0,1.0,1.0,1.0,3.0,2.0,3.0,2.0,1.0,2.0,1.0,2.0,2.0,3.0,3.0,1.0,3.0,2.0,1.0,2.0,1.0,2.0,2.0,3.0,1.0,2.0,2.0,3.0,3.0,2.0,3.0,3.0,1.0,1.0,3.0,2.0,1.0,3.0,1.0,3.0,2.0,1.0,2.0,1.0,2.0,3.0,3.0,1.0,2.0,2.0,2.0,2.0,1.0,2.0,2.0,2.0,1.0,1.0,2.0,3.0,2.0,3.0,1.0,1.0,3.0,2.0,2.0,1.0,1.0,1.0,3.0,3.0,3.0,3.0,3.0,1.0,1.0,1.0,3.0,1.0,3.0,2.0,3.0,2.0,3.0,1.0,1.0,2.0,3.0,3.0,2.0,2.0,1.0,2.0,3.0,3.0,3.0,1.0,2.0,3.0,2.0,3.0,3.0,2.0,3.0,2.0,3.0,1.0,3.0,2.0,2.0,2.0,1.0,1.0,2.0,2.0,2.0,3.0,1.0,1.0,3.0,1.0,2.0,3.0,3.0,2.0,2.0,2.0,2.0,3.0,3.0,2.0,1.0,1.0,3.0,3.0,1.0,2.0,3.0,1.0,1.0,3.0,3.0,3.0,3.0,1.0,3.0,2.0,2.0,1.0,1.0,1.0,2.0,3.0,2.0,2.0,3.0,2.0,2.0,3.0,2.0,2.0,3.0,2.0,3.0,1.0,2.0,3.0,2.0,3.0,2.0,2.0,2.0,2.0,2.0,3.0,2.0,1.0,2.0,3.0,2.0,2.0,3.0,1.0,2.0,2.0,1.0,1.0,1.0,3.0,2.0,3.0,3.0,2.0,2.0,2.0,,,,,,,,,,,,,,,,,,,,,,,,,,,,,,,,,,,,,,,,,,,,,,,,,,,,,,,,,,,,,,,,,,,,,,,,,,,,,,,,,,,,,,,,,,,,,,,,,,,,,,,,,,,,,,,,,,,,,,,,,,,,,,,,,,,,,,,,,,,,,,,,,,,,,,,,,,,,,,,,,,,,,,,,,,,,,,,,,,,,,,,,,,,,,,,,,,,,,,,,,,,,,,,,,,,,,,,,,,,27,27,27,20,20,20,20,20,20,20,27,20,20,27,27,27,27,7,13,20,7,13,13,7,8,30,7,7,7,7,20,7,7,7,7,2,2,20,2,2,2,2,6,6,6,6,6,6,6,6,6,6,6,6,6,6,6,2,6,6,6,6,6,19,19,15,15,15,8,15,15,15,8,15,15,13,3,3,28,28,32,32,25,32,32,32,16,13,13,13,13,13,13,13,3,13,13,13,13,20,13,13,30,1,1,1,1,1,1,1,1,1,11,11,32,30,28,28,28,18,18,18,18,18,18,10,10,10,31,8,8,15,16,15,8,8,8,28,28,25,25,25,31,10,16,31,31,31,31,31,31,31,31,31,11,30,11,11,11,21,24,26,26,24,24,24,24,24,24,21,12,12,9,26,12,9,9,16,16,16,16,16,7,16,16,16,23,16,16,16,23,16,16,16,16,16,16,29,29,11,31,21,21,21,21,21,21,30,30,23,30,30,9,9,9,4,23,23,2.0,2.0,3.0,2.0,13,6,27,27
13853,2.0315315315315314,0.7867088190490746,2,0,1,"[14, 17, 5]",65,85,72,3.0,3.0,2.0,1.0,2.0,2.0,2.0,2.0,2.0,2.0,3.0,3.0,3.0,3.0,3.0,1.0,1.0,2.0,2.0,1.0,1.0,2.0,2.0,1.0,1.0,1.0,3.0,2.0,3.0,2.0,2.0,1.0,1.0,2.0,2.0,3.0,3.0,1.0,1.0,2.0,1.0,1.0,1.0,2.0,2.0,3.0,1.0,2.0,2.0,3.0,3.0,2.0,3.0,3.0,1.0,1.0,3.0,3.0,1.0,3.0,1.0,3.0,2.0,3.0,2.0,1.0,2.0,1.0,2.0,2.0,2.0,3.0,3.0,2.0,2.0,1.0,2.0,2.0,3.0,3.0,2.0,3.0,1.0,3.0,1.0,3.0,3.0,2.0,2.0,1.0,2.0,1.0,3.0,3.0,2.0,1.0,1.0,1.0,1.0,2.0,3.0,1.0,3.0,2.0,3.0,2.0,3.0,1.0,2.0,3.0,3.0,3.0,3.0,3.0,1.0,2.0,3.0,3.0,3.0,1.0,2.0,3.0,2.0,3.0,3.0,2.0,3.0,2.0,2.0,1.0,3.0,2.0,2.0,2.0,1.0,1.0,1.0,2.0,2.0,3.0,2.0,1.0,3.0,2.0,3.0,3.0,3.0,2.0,1.0,1.0,2.0,3.0,3.0,2.0,1.0,1.0,3.0,1.0,1.0,1.0,3.0,1.0,1.0,3.0,2.0,2.0,3.0,1.0,3.0,1.0,2.0,1.0,2.0,3.0,3.0,2.0,3.0,3.0,3.0,2.0,2.0,3.0,3.0,2.0,3.0,2.0,1.0,1.0,1.0,3.0,2.0,3.0,2.0,2.0,2.0,2.0,2.0,2.0,2.0,2.0,1.0,1.0,1.0,2.0,1.0,2.0,1.0,2.0,2.0,1.0,1.0,3.0,2.0,1.0,1.0,2.0,2.0,2.0,,,,,,,,,,,,,,,,,,,,,,,,,,,,,,,,,,,,,,,,,,,,,,,,,,,,,,,,,,,,,,,,,,,,,,,,,,,,,,,,,,,,,,,,,,,,,,,,,,,,,,,,,,,,,,,,,,,,,,,,,,,,,,,,,,,,,,,,,,,,,,,,,,,,,,,,,,,,,,,,,,,,,,,,,,,,,,,,,,,,,,,,,,,,,,,,,,,,,,,,,,,,,,,,,,,,,,,,,,,27,27,27,20,20,20,20,20,20,20,27,20,20,27,27,20,21,6,13,25,7,27,27,7,8,30,7,7,7,7,7,16,7,7,7,2,2,20,7,2,2,7,6,6,6,6,6,6,6,6,6,6,6,6,6,6,6,6,6,6,6,6,6,3,19,15,15,11,15,2,15,19,15,15,2,3,3,3,3,3,32,32,32,32,32,3,16,13,13,13,2,13,13,13,13,12,2,13,13,13,13,13,30,1,1,1,1,1,11,21,1,1,28,28,32,30,28,28,28,18,18,18,18,18,18,10,10,10,10,8,8,15,16,15,8,8,15,28,28,25,31,25,31,31,31,31,31,31,13,13,31,31,31,31,11,30,11,13,11,4,24,26,26,24,30,13,24,24,24,12,12,12,12,9,23,12,12,9,16,16,16,16,16,16,16,16,16,16,11,16,23,16,16,16,16,16,16,26,29,29,29,23,9,21,4,9,23,30,4,23,30,30,9,12,12,4,23,23,2.0,1.0,3.0,2.0,13,20,27,27
13854,2.0675675675675675,0.778635790667876,1,0,1,"[5, 17, 14]",60,87,75,2.0,2.0,2.0,2.0,3.0,3.0,3.0,1.0,3.0,1.0,3.0,1.0,1.0,1.0,1.0,2.0,2.0,2.0,2.0,1.0,1.0,1.0,1.0,1.0,1.0,1.0,3.0,1.0,3.0,3.0,3.0,1.0,2.0,1.0,2.0,2.0,2.0,1.0,3.0,2.0,1.0,2.0,3.0,2.0,2.0,1.0,2.0,3.0,3.0,1.0,1.0,2.0,3.0,3.0,2.0,2.0,3.0,2.0,2.0,2.0,3.0,3.0,3.0,3.0,2.0,1.0,2.0,3.0,2.0,1.0,2.0,2.0,2.0,2.0,1.0,1.0,2.0,2.0,3.0,3.0,3.0,3.0,1.0,3.0,1.0,3.0,3.0,2.0,2.0,1.0,2.0,2.0,3.0,3.0,3.0,2.0,2.0,1.0,1.0,2.0,3.0,1.0,3.0,2.0,3.0,2.0,3.0,1.0,1.0,2.0,3.0,3.0,3.0,3.0,3.0,1.0,3.0,3.0,2.0,1.0,2.0,1.0,2.0,3.0,3.0,2.0,2.0,2.0,2.0,3.0,3.0,1.0,1.0,2.0,1.0,2.0,2.0,3.0,3.0,3.0,2.0,1.0,3.0,2.0,3.0,3.0,3.0,2.0,2.0,2.0,3.0,2.0,2.0,2.0,1.0,2.0,3.0,1.0,1.0,3.0,3.0,1.0,1.0,3.0,2.0,2.0,3.0,1.0,3.0,2.0,1.0,1.0,2.0,1.0,2.0,2.0,3.0,2.0,3.0,3.0,2.0,3.0,3.0,2.0,3.0,1.0,3.0,1.0,1.0,3.0,2.0,3.0,3.0,2.0,1.0,2.0,2.0,2.0,2.0,2.0,1.0,3.0,2.0,2.0,3.0,3.0,2.0,2.0,1.0,1.0,1.0,3.0,2.0,1.0,1.0,2.0,2.0,2.0,,,,,,,,,,,,,,,,,,,,,,,,,,,,,,,,,,,,,,,,,,,,,,,,,,,,,,,,,,,,,,,,,,,,,,,,,,,,,,,,,,,,,,,,,,,,,,,,,,,,,,,,,,,,,,,,,,,,,,,,,,,,,,,,,,,,,,,,,,,,,,,,,,,,,,,,,,,,,,,,,,,,,,,,,,,,,,,,,,,,,,,,,,,,,,,,,,,,,,,,,,,,,,,,,,,,,,,,,,,7,7,27,6,13,13,7,7,6,6,27,6,8,7,7,27,27,6,13,25,7,13,7,7,8,30,7,12,7,3,19,16,20,12,7,21,21,20,2,2,2,2,20,6,6,20,20,27,27,20,20,6,6,6,20,20,6,2,20,20,20,6,20,3,19,15,15,15,15,15,15,15,8,15,15,3,3,3,3,3,28,32,32,32,32,3,16,13,13,13,2,6,13,13,3,6,6,13,13,13,13,13,30,1,1,1,1,1,1,1,1,1,28,28,28,28,28,28,31,18,18,6,18,18,18,10,4,10,10,27,8,8,8,15,8,30,8,25,25,25,31,25,31,31,31,31,31,31,31,31,28,16,16,31,11,11,11,13,11,11,24,26,26,24,30,13,24,24,24,21,23,12,12,26,12,12,12,16,16,27,16,16,16,16,16,21,23,16,11,16,23,16,23,16,23,16,16,26,29,29,29,21,21,21,21,10,21,30,30,23,30,30,9,12,12,4,23,23,1.0,2.0,3.0,2.0,6,6,27,27
13855,2.054054054054054,0.788352286342648,0,0,0,"[17, 5, 14]",63,84,75,3.0,3.0,2.0,2.0,2.0,2.0,2.0,2.0,2.0,2.0,3.0,3.0,3.0,3.0,3.0,1.0,1.0,2.0,2.0,2.0,3.0,1.0,3.0,2.0,1.0,1.0,1.0,1.0,1.0,3.0,3.0,1.0,1.0,1.0,1.0,3.0,3.0,1.0,1.0,2.0,1.0,1.0,2.0,2.0,2.0,2.0,1.0,2.0,2.0,3.0,3.0,2.0,3.0,2.0,1.0,1.0,2.0,1.0,3.0,1.0,2.0,2.0,1.0,1.0,1.0,3.0,2.0,3.0,2.0,2.0,2.0,2.0,3.0,2.0,2.0,1.0,2.0,2.0,3.0,3.0,2.0,3.0,1.0,3.0,1.0,1.0,3.0,2.0,2.0,1.0,2.0,2.0,3.0,3.0,3.0,2.0,2.0,1.0,1.0,2.0,3.0,1.0,3.0,2.0,3.0,1.0,3.0,1.0,2.0,3.0,3.0,3.0,3.0,3.0,3.0,1.0,3.0,3.0,3.0,1.0,2.0,3.0,2.0,3.0,3.0,1.0,3.0,1.0,2.0,1.0,3.0,2.0,1.0,2.0,1.0,1.0,1.0,3.0,3.0,3.0,1.0,1.0,3.0,1.0,2.0,3.0,3.0,2.0,2.0,2.0,2.0,3.0,3.0,2.0,1.0,1.0,2.0,2.0,1.0,2.0,3.0,3.0,3.0,3.0,2.0,3.0,3.0,1.0,3.0,2.0,1.0,1.0,1.0,1.0,1.0,3.0,2.0,2.0,2.0,2.0,2.0,3.0,3.0,2.0,3.0,2.0,2.0,1.0,2.0,3.0,1.0,3.0,2.0,2.0,1.0,2.0,2.0,3.0,2.0,2.0,1.0,3.0,1.0,2.0,3.0,3.0,2.0,2.0,2.0,2.0,1.0,3.0,2.0,3.0,3.0,2.0,1.0,2.0,,,,,,,,,,,,,,,,,,,,,,,,,,,,,,,,,,,,,,,,,,,,,,,,,,,,,,,,,,,,,,,,,,,,,,,,,,,,,,,,,,,,,,,,,,,,,,,,,,,,,,,,,,,,,,,,,,,,,,,,,,,,,,,,,,,,,,,,,,,,,,,,,,,,,,,,,,,,,,,,,,,,,,,,,,,,,,,,,,,,,,,,,,,,,,,,,,,,,,,,,,,,,,,,,,,,,,,,,,,27,27,27,6,20,20,20,20,20,20,27,20,20,27,27,20,21,6,13,27,27,13,13,2,8,30,13,12,13,3,19,16,7,12,13,2,2,20,7,2,2,7,7,6,6,7,6,6,6,6,6,6,6,20,6,6,7,7,7,7,7,7,7,19,20,6,15,15,15,2,15,15,15,15,2,3,3,3,3,3,32,32,32,32,32,32,16,13,13,13,2,6,13,13,3,6,6,13,13,13,13,13,30,1,1,11,1,1,11,21,1,1,28,28,28,28,28,28,28,18,18,18,18,18,18,11,10,11,10,8,8,15,8,15,8,8,15,25,25,25,25,25,31,10,16,31,31,31,31,31,31,31,31,31,11,30,6,12,11,21,24,24,24,24,30,24,24,24,24,21,23,12,9,26,31,9,9,16,6,16,16,16,16,16,16,16,4,16,16,16,16,16,16,16,23,16,16,29,29,29,29,21,9,21,21,10,21,30,4,30,30,30,9,9,9,4,4,23,1.0,2.0,3.0,2.0,6,6,27,27
13856,2.144144144144144,0.7532355168433922,0,0,1,"[14, 17, 5]",49,92,81,2.0,2.0,2.0,2.0,3.0,3.0,3.0,1.0,3.0,1.0,3.0,1.0,1.0,1.0,1.0,1.0,1.0,2.0,2.0,1.0,1.0,2.0,2.0,1.0,1.0,1.0,3.0,1.0,3.0,2.0,3.0,1.0,2.0,1.0,2.0,3.0,3.0,2.0,2.0,2.0,2.0,3.0,3.0,3.0,3.0,3.0,2.0,3.0,3.0,1.0,1.0,2.0,3.0,3.0,2.0,2.0,1.0,2.0,2.0,3.0,3.0,3.0,3.0,1.0,1.0,3.0,2.0,3.0,3.0,2.0,2.0,2.0,2.0,2.0,2.0,1.0,2.0,2.0,3.0,3.0,2.0,3.0,3.0,3.0,1.0,1.0,2.0,2.0,2.0,3.0,2.0,2.0,3.0,3.0,2.0,2.0,2.0,1.0,1.0,2.0,3.0,1.0,2.0,2.0,3.0,2.0,3.0,1.0,1.0,2.0,3.0,3.0,3.0,3.0,1.0,2.0,3.0,3.0,3.0,1.0,2.0,3.0,3.0,2.0,3.0,2.0,3.0,2.0,2.0,1.0,3.0,1.0,2.0,3.0,2.0,2.0,1.0,2.0,2.0,3.0,1.0,1.0,3.0,2.0,3.0,3.0,3.0,2.0,2.0,2.0,2.0,3.0,3.0,2.0,1.0,2.0,3.0,3.0,1.0,3.0,3.0,3.0,2.0,3.0,2.0,2.0,3.0,1.0,3.0,2.0,2.0,1.0,2.0,3.0,2.0,3.0,1.0,3.0,3.0,2.0,2.0,3.0,3.0,2.0,3.0,2.0,3.0,1.0,2.0,3.0,1.0,3.0,2.0,2.0,1.0,2.0,2.0,3.0,2.0,2.0,1.0,1.0,2.0,2.0,3.0,1.0,2.0,2.0,2.0,2.0,1.0,3.0,2.0,3.0,3.0,2.0,2.0,2.0,,,,,,,,,,,,,,,,,,,,,,,,,,,,,,,,,,,,,,,,,,,,,,,,,,,,,,,,,,,,,,,,,,,,,,,,,,,,,,,,,,,,,,,,,,,,,,,,,,,,,,,,,,,,,,,,,,,,,,,,,,,,,,,,,,,,,,,,,,,,,,,,,,,,,,,,,,,,,,,,,,,,,,,,,,,,,,,,,,,,,,,,,,,,,,,,,,,,,,,,,,,,,,,,,,,,,,,,,,,7,7,27,6,13,13,7,7,6,6,27,6,8,7,7,20,21,6,13,25,7,27,27,7,8,30,7,12,7,7,19,16,20,12,7,2,2,2,20,2,20,20,20,27,27,6,20,27,27,20,20,6,6,6,20,20,20,2,20,6,20,6,20,19,20,6,15,15,8,2,15,15,8,15,2,3,3,3,3,3,32,32,26,32,32,32,13,13,13,20,2,6,13,13,13,6,6,13,13,13,13,13,12,1,1,1,1,1,1,1,1,1,28,28,32,30,28,28,28,18,18,18,12,16,18,10,10,10,10,8,8,8,16,8,9,30,15,28,28,25,25,25,31,31,31,31,31,31,31,31,31,31,31,31,11,11,11,11,11,11,24,24,21,24,30,13,24,24,24,21,12,12,12,9,12,9,13,9,16,16,16,16,16,16,16,16,23,16,16,16,16,16,16,16,23,16,16,29,29,29,29,23,21,21,21,21,21,30,4,30,30,30,9,9,9,4,23,23,1.0,2.0,3.0,2.0,6,6,27,27
13857,2.0585585585585586,0.7793684028847381,2,0,1,"[5, 14, 17]",61,87,74,2.0,2.0,2.0,2.0,1.0,1.0,3.0,1.0,1.0,1.0,3.0,1.0,1.0,2.0,1.0,2.0,2.0,2.0,2.0,1.0,1.0,1.0,3.0,1.0,1.0,1.0,3.0,1.0,3.0,3.0,2.0,1.0,3.0,1.0,1.0,1.0,1.0,2.0,3.0,2.0,1.0,2.0,3.0,3.0,3.0,1.0,1.0,3.0,3.0,3.0,3.0,2.0,1.0,3.0,3.0,3.0,3.0,2.0,2.0,2.0,3.0,3.0,3.0,3.0,2.0,1.0,2.0,3.0,3.0,1.0,2.0,2.0,2.0,2.0,1.0,1.0,2.0,2.0,3.0,3.0,2.0,3.0,1.0,3.0,1.0,3.0,3.0,2.0,2.0,1.0,2.0,2.0,3.0,3.0,3.0,2.0,2.0,1.0,1.0,2.0,1.0,1.0,2.0,2.0,3.0,2.0,3.0,1.0,2.0,3.0,3.0,3.0,3.0,3.0,3.0,1.0,2.0,2.0,3.0,1.0,2.0,3.0,2.0,3.0,3.0,2.0,3.0,1.0,3.0,2.0,3.0,1.0,3.0,3.0,2.0,2.0,2.0,2.0,2.0,2.0,1.0,1.0,3.0,2.0,2.0,3.0,3.0,2.0,2.0,2.0,1.0,3.0,3.0,2.0,1.0,2.0,3.0,1.0,1.0,1.0,3.0,1.0,1.0,3.0,2.0,2.0,3.0,1.0,3.0,2.0,2.0,1.0,2.0,1.0,3.0,2.0,2.0,3.0,3.0,2.0,2.0,3.0,3.0,2.0,3.0,2.0,2.0,1.0,2.0,3.0,2.0,3.0,2.0,2.0,2.0,2.0,2.0,2.0,1.0,2.0,2.0,2.0,1.0,2.0,1.0,3.0,1.0,3.0,2.0,2.0,1.0,3.0,2.0,3.0,3.0,2.0,1.0,2.0,,,,,,,,,,,,,,,,,,,,,,,,,,,,,,,,,,,,,,,,,,,,,,,,,,,,,,,,,,,,,,,,,,,,,,,,,,,,,,,,,,,,,,,,,,,,,,,,,,,,,,,,,,,,,,,,,,,,,,,,,,,,,,,,,,,,,,,,,,,,,,,,,,,,,,,,,,,,,,,,,,,,,,,,,,,,,,,,,,,,,,,,,,,,,,,,,,,,,,,,,,,,,,,,,,,,,,,,,,,7,7,27,6,30,32,7,7,7,6,27,6,8,6,7,27,27,6,13,25,7,13,13,7,8,30,7,12,7,3,7,16,27,12,13,9,32,2,2,2,2,2,20,27,27,20,6,27,27,6,6,6,20,6,27,27,6,2,20,20,20,6,20,3,19,15,15,15,8,15,15,15,8,15,15,3,3,3,3,3,32,32,32,32,32,3,16,13,13,13,2,6,13,13,3,6,6,13,13,13,7,13,12,1,1,1,1,1,11,21,1,1,28,28,28,28,25,25,28,18,18,18,18,18,18,10,10,11,31,30,8,8,23,8,9,30,8,28,28,12,25,25,31,31,16,31,31,31,31,31,19,31,31,31,11,11,11,13,11,4,24,26,26,24,30,13,24,24,24,21,12,12,12,26,23,12,9,9,16,16,16,16,16,16,16,16,4,16,16,16,23,16,16,16,16,16,16,26,4,29,31,4,9,21,4,10,23,6,4,30,30,30,9,9,9,4,4,23,1.0,2.0,1.0,2.0,6,6,20,27
13858,2.1126126126126126,0.779211472538248,3,0,3,"[17, 5, 26, 14]",56,85,81,2.0,2.0,2.0,2.0,1.0,1.0,3.0,1.0,1.0,1.0,2.0,1.0,1.0,2.0,1.0,2.0,2.0,2.0,2.0,1.0,1.0,1.0,3.0,1.0,1.0,1.0,3.0,2.0,3.0,2.0,3.0,1.0,3.0,1.0,1.0,3.0,3.0,2.0,3.0,2.0,1.0,2.0,3.0,3.0,3.0,1.0,2.0,3.0,3.0,2.0,2.0,2.0,1.0,3.0,3.0,3.0,3.0,2.0,2.0,2.0,3.0,1.0,3.0,3.0,2.0,1.0,2.0,3.0,3.0,1.0,2.0,2.0,3.0,2.0,1.0,1.0,2.0,2.0,3.0,3.0,3.0,3.0,1.0,3.0,1.0,3.0,3.0,2.0,2.0,1.0,2.0,2.0,3.0,3.0,2.0,2.0,2.0,1.0,1.0,2.0,3.0,1.0,2.0,2.0,3.0,2.0,3.0,1.0,1.0,2.0,3.0,3.0,2.0,2.0,3.0,1.0,2.0,2.0,3.0,1.0,2.0,3.0,2.0,3.0,3.0,1.0,3.0,2.0,2.0,1.0,3.0,2.0,3.0,3.0,1.0,2.0,2.0,2.0,2.0,3.0,2.0,1.0,3.0,3.0,3.0,3.0,3.0,2.0,2.0,2.0,3.0,3.0,3.0,2.0,1.0,1.0,3.0,3.0,1.0,2.0,3.0,3.0,3.0,3.0,3.0,3.0,3.0,1.0,3.0,1.0,2.0,1.0,1.0,3.0,2.0,3.0,2.0,3.0,2.0,2.0,2.0,3.0,1.0,2.0,3.0,2.0,3.0,1.0,2.0,3.0,2.0,3.0,3.0,2.0,2.0,2.0,2.0,3.0,2.0,2.0,2.0,1.0,1.0,2.0,3.0,3.0,1.0,2.0,1.0,1.0,1.0,3.0,2.0,3.0,3.0,2.0,2.0,1.0,,,,,,,,,,,,,,,,,,,,,,,,,,,,,,,,,,,,,,,,,,,,,,,,,,,,,,,,,,,,,,,,,,,,,,,,,,,,,,,,,,,,,,,,,,,,,,,,,,,,,,,,,,,,,,,,,,,,,,,,,,,,,,,,,,,,,,,,,,,,,,,,,,,,,,,,,,,,,,,,,,,,,,,,,,,,,,,,,,,,,,,,,,,,,,,,,,,,,,,,,,,,,,,,,,,,,,,,,,,7,7,27,6,30,32,7,7,7,6,13,6,8,6,7,27,27,6,13,25,7,13,13,7,8,30,7,7,7,7,19,16,27,12,13,2,2,2,2,2,2,2,20,27,27,20,20,27,27,27,27,6,20,6,27,27,6,2,20,20,20,20,20,3,19,15,15,15,8,15,15,15,15,15,15,3,3,3,3,3,28,32,32,32,32,3,16,13,13,13,2,6,13,13,13,6,6,13,13,13,13,13,12,1,1,1,1,1,1,1,1,1,11,11,28,28,25,25,28,18,18,18,18,18,18,11,10,10,10,8,8,15,23,8,8,30,8,28,28,25,31,25,31,6,31,31,31,31,31,31,28,31,31,31,11,30,11,11,11,21,24,24,24,24,24,24,24,24,24,12,12,12,9,9,12,9,9,9,6,16,16,16,6,16,16,16,23,16,16,16,23,16,23,16,16,16,16,29,29,29,31,23,9,21,21,10,23,30,30,23,30,30,9,9,9,4,23,6,1.0,2.0,2.0,2.0,6,6,13,27
13859,2.0765765765765765,0.7893470530302839,0,0,1,"[26, 17, 14, 5]",61,83,78,2.0,2.0,2.0,2.0,3.0,3.0,1.0,1.0,3.0,1.0,3.0,1.0,1.0,2.0,1.0,1.0,1.0,2.0,2.0,1.0,1.0,1.0,1.0,2.0,3.0,1.0,3.0,1.0,3.0,2.0,3.0,2.0,2.0,1.0,2.0,3.0,3.0,2.0,2.0,1.0,2.0,3.0,3.0,3.0,3.0,1.0,2.0,3.0,3.0,1.0,1.0,2.0,1.0,3.0,2.0,2.0,1.0,3.0,2.0,2.0,3.0,1.0,3.0,3.0,2.0,3.0,2.0,3.0,2.0,2.0,2.0,2.0,3.0,2.0,2.0,1.0,2.0,2.0,3.0,3.0,3.0,3.0,1.0,3.0,1.0,3.0,2.0,2.0,2.0,1.0,2.0,2.0,3.0,3.0,2.0,1.0,1.0,1.0,1.0,2.0,3.0,1.0,3.0,2.0,3.0,1.0,3.0,2.0,1.0,2.0,3.0,3.0,3.0,3.0,3.0,1.0,2.0,2.0,3.0,1.0,2.0,3.0,2.0,3.0,3.0,1.0,3.0,2.0,2.0,1.0,3.0,2.0,1.0,2.0,1.0,1.0,1.0,3.0,3.0,2.0,2.0,1.0,3.0,2.0,2.0,3.0,3.0,2.0,2.0,2.0,3.0,2.0,2.0,1.0,1.0,1.0,1.0,3.0,1.0,3.0,3.0,3.0,3.0,3.0,2.0,1.0,3.0,1.0,3.0,2.0,2.0,1.0,1.0,3.0,2.0,3.0,2.0,3.0,2.0,2.0,2.0,3.0,3.0,2.0,3.0,1.0,1.0,1.0,2.0,3.0,1.0,3.0,2.0,2.0,2.0,2.0,2.0,3.0,2.0,3.0,1.0,2.0,2.0,2.0,1.0,3.0,2.0,3.0,2.0,3.0,1.0,3.0,2.0,3.0,3.0,1.0,1.0,2.0,,,,,,,,,,,,,,,,,,,,,,,,,,,,,,,,,,,,,,,,,,,,,,,,,,,,,,,,,,,,,,,,,,,,,,,,,,,,,,,,,,,,,,,,,,,,,,,,,,,,,,,,,,,,,,,,,,,,,,,,,,,,,,,,,,,,,,,,,,,,,,,,,,,,,,,,,,,,,,,,,,,,,,,,,,,,,,,,,,,,,,,,,,,,,,,,,,,,,,,,,,,,,,,,,,,,,,,,,,,7,7,27,6,13,13,6,7,6,6,27,6,8,6,7,20,21,6,13,25,7,13,7,2,7,30,7,12,7,7,19,7,20,12,7,2,2,2,20,27,20,20,20,27,27,20,20,27,27,20,20,6,20,6,20,20,20,6,20,20,20,20,20,3,19,6,15,15,15,2,15,15,15,15,2,3,3,3,3,3,28,32,32,32,32,3,13,13,13,13,2,6,13,13,13,12,2,13,13,13,13,13,30,1,1,11,1,30,1,1,1,1,28,28,28,28,25,25,28,18,18,18,18,18,18,11,10,10,10,8,8,15,8,15,8,8,15,25,25,12,31,25,31,31,16,31,31,31,31,31,28,16,16,4,11,30,21,11,11,11,24,24,24,24,30,30,24,24,24,21,12,12,9,9,12,9,9,9,6,16,16,16,16,16,16,21,16,16,16,16,16,16,16,16,16,16,16,29,29,21,29,4,21,21,4,10,21,6,4,4,30,30,9,9,9,27,4,23,1.0,2.0,3.0,2.0,6,6,27,27
13860,2.018018018018018,0.7900052348985382,5,0,1,"[17, 5, 14]",67,84,71,1.0,1.0,1.0,2.0,2.0,2.0,2.0,2.0,3.0,1.0,3.0,1.0,1.0,2.0,1.0,2.0,2.0,2.0,2.0,1.0,1.0,1.0,3.0,2.0,1.0,1.0,3.0,1.0,3.0,3.0,1.0,1.0,3.0,1.0,1.0,3.0,3.0,1.0,1.0,2.0,1.0,1.0,2.0,3.0,3.0,3.0,2.0,3.0,3.0,2.0,2.0,2.0,2.0,3.0,3.0,3.0,2.0,1.0,3.0,1.0,2.0,2.0,1.0,1.0,2.0,1.0,2.0,3.0,3.0,2.0,2.0,2.0,2.0,2.0,2.0,1.0,2.0,2.0,3.0,3.0,3.0,3.0,1.0,3.0,1.0,2.0,3.0,2.0,2.0,1.0,2.0,2.0,3.0,3.0,3.0,2.0,2.0,1.0,1.0,1.0,3.0,1.0,1.0,2.0,3.0,2.0,3.0,2.0,3.0,3.0,3.0,3.0,2.0,2.0,3.0,1.0,1.0,1.0,3.0,1.0,2.0,3.0,2.0,3.0,3.0,1.0,3.0,2.0,2.0,1.0,2.0,2.0,2.0,3.0,1.0,3.0,2.0,3.0,3.0,2.0,1.0,1.0,3.0,1.0,2.0,3.0,3.0,2.0,2.0,2.0,3.0,2.0,2.0,1.0,1.0,1.0,3.0,1.0,1.0,3.0,3.0,1.0,1.0,3.0,2.0,3.0,3.0,2.0,3.0,1.0,2.0,1.0,1.0,1.0,2.0,2.0,2.0,3.0,3.0,2.0,2.0,3.0,3.0,2.0,2.0,1.0,3.0,1.0,2.0,2.0,2.0,3.0,3.0,2.0,1.0,3.0,2.0,2.0,1.0,2.0,1.0,3.0,1.0,2.0,3.0,1.0,2.0,3.0,1.0,2.0,2.0,3.0,2.0,3.0,3.0,2.0,1.0,2.0,,,,,,,,,,,,,,,,,,,,,,,,,,,,,,,,,,,,,,,,,,,,,,,,,,,,,,,,,,,,,,,,,,,,,,,,,,,,,,,,,,,,,,,,,,,,,,,,,,,,,,,,,,,,,,,,,,,,,,,,,,,,,,,,,,,,,,,,,,,,,,,,,,,,,,,,,,,,,,,,,,,,,,,,,,,,,,,,,,,,,,,,,,,,,,,,,,,,,,,,,,,,,,,,,,,,,,,,,,,20,20,20,6,20,20,20,20,6,6,27,6,8,6,7,27,27,6,13,25,7,13,13,2,8,30,7,12,7,3,20,16,27,12,13,2,2,20,7,2,2,7,7,27,27,6,20,27,27,27,27,6,7,6,27,27,7,7,7,7,7,7,7,19,19,15,15,15,8,2,15,15,8,15,2,3,3,3,3,3,28,32,32,32,32,28,16,13,13,13,2,6,13,13,3,6,6,13,13,20,13,13,13,1,1,1,1,30,21,21,1,1,11,11,28,28,30,30,28,18,18,18,18,18,18,11,10,10,10,8,23,15,16,8,8,6,8,25,25,12,25,25,31,10,16,31,31,31,31,31,28,16,16,4,11,30,11,13,11,11,24,26,26,24,30,24,24,28,24,12,12,12,9,26,12,12,9,9,16,16,16,16,16,16,23,21,23,16,16,23,23,16,23,16,23,4,16,26,4,29,29,21,9,21,21,21,21,6,30,30,6,30,9,9,9,4,4,23,1.0,2.0,1.0,2.0,6,6,20,27
13861,2.0765765765765765,0.8063610180276339,3,0,1,"[5, 17, 14]",64,77,81,2.0,2.0,1.0,2.0,2.0,2.0,3.0,1.0,2.0,2.0,1.0,3.0,3.0,2.0,1.0,2.0,2.0,3.0,3.0,1.0,1.0,2.0,2.0,1.0,1.0,1.0,3.0,3.0,3.0,2.0,2.0,1.0,3.0,2.0,1.0,3.0,3.0,1.0,3.0,2.0,1.0,2.0,1.0,2.0,2.0,3.0,1.0,2.0,2.0,3.0,3.0,2.0,3.0,3.0,1.0,1.0,3.0,2.0,1.0,3.0,1.0,3.0,2.0,3.0,2.0,1.0,2.0,3.0,3.0,1.0,2.0,2.0,3.0,2.0,1.0,1.0,2.0,2.0,3.0,3.0,2.0,3.0,1.0,3.0,1.0,3.0,2.0,2.0,2.0,1.0,1.0,1.0,3.0,3.0,2.0,3.0,3.0,1.0,1.0,2.0,3.0,1.0,2.0,2.0,3.0,2.0,3.0,1.0,1.0,2.0,3.0,3.0,3.0,3.0,3.0,1.0,3.0,3.0,3.0,1.0,2.0,3.0,2.0,3.0,3.0,2.0,3.0,2.0,3.0,1.0,3.0,1.0,1.0,2.0,2.0,1.0,2.0,3.0,3.0,2.0,1.0,1.0,3.0,2.0,3.0,3.0,3.0,2.0,2.0,2.0,1.0,3.0,3.0,2.0,1.0,2.0,3.0,3.0,1.0,3.0,3.0,1.0,1.0,3.0,1.0,1.0,3.0,1.0,3.0,1.0,1.0,1.0,1.0,3.0,3.0,2.0,2.0,3.0,3.0,2.0,2.0,3.0,3.0,2.0,2.0,2.0,3.0,1.0,2.0,3.0,1.0,3.0,3.0,2.0,2.0,2.0,3.0,2.0,1.0,3.0,1.0,2.0,1.0,2.0,1.0,3.0,1.0,2.0,2.0,3.0,1.0,2.0,2.0,3.0,3.0,2.0,2.0,2.0,,,,,,,,,,,,,,,,,,,,,,,,,,,,,,,,,,,,,,,,,,,,,,,,,,,,,,,,,,,,,,,,,,,,,,,,,,,,,,,,,,,,,,,,,,,,,,,,,,,,,,,,,,,,,,,,,,,,,,,,,,,,,,,,,,,,,,,,,,,,,,,,,,,,,,,,,,,,,,,,,,,,,,,,,,,,,,,,,,,,,,,,,,,,,,,,,,,,,,,,,,,,,,,,,,,,,,,,,,,7,7,20,6,20,20,7,7,20,20,20,20,20,6,7,27,27,27,27,25,7,27,27,7,8,30,7,27,7,7,7,16,27,7,13,2,2,20,2,2,2,2,6,6,6,6,6,6,6,6,6,6,6,6,6,6,6,2,6,6,6,6,6,3,19,15,15,15,8,15,15,15,15,15,15,3,3,3,3,3,32,32,32,32,32,3,13,13,13,13,13,13,13,13,13,13,13,13,13,13,13,13,12,1,1,1,1,1,1,1,1,1,28,28,28,28,28,28,28,18,18,18,18,18,18,10,10,10,31,8,8,8,8,15,9,8,8,25,25,12,25,25,31,31,31,31,31,31,31,31,19,31,31,31,11,11,11,11,11,11,24,26,26,24,4,30,24,24,24,12,23,12,9,9,23,12,9,9,16,16,16,16,16,16,23,16,23,16,16,16,16,16,23,16,16,16,27,26,4,21,29,4,9,21,4,10,23,30,4,4,30,4,9,9,9,4,23,23,1.0,1.0,1.0,2.0,6,20,20,27
13862,2.0135135135135136,0.7756458685451882,2,0,0,"[17, 5, 26, 14]",65,89,68,3.0,3.0,2.0,2.0,2.0,2.0,1.0,1.0,3.0,1.0,3.0,1.0,1.0,3.0,3.0,1.0,1.0,2.0,1.0,2.0,3.0,1.0,3.0,1.0,1.0,1.0,1.0,1.0,1.0,3.0,3.0,1.0,1.0,1.0,1.0,3.0,3.0,1.0,3.0,2.0,1.0,2.0,2.0,1.0,1.0,3.0,2.0,1.0,1.0,1.0,1.0,2.0,2.0,3.0,2.0,2.0,2.0,2.0,3.0,1.0,2.0,2.0,1.0,2.0,2.0,3.0,2.0,3.0,2.0,1.0,2.0,2.0,3.0,1.0,1.0,1.0,2.0,2.0,3.0,3.0,2.0,3.0,1.0,3.0,2.0,1.0,1.0,2.0,2.0,1.0,1.0,2.0,3.0,3.0,3.0,2.0,2.0,1.0,1.0,2.0,2.0,1.0,3.0,2.0,3.0,2.0,3.0,1.0,1.0,2.0,3.0,3.0,3.0,3.0,1.0,2.0,3.0,3.0,3.0,1.0,2.0,3.0,2.0,3.0,3.0,2.0,3.0,2.0,2.0,1.0,3.0,2.0,1.0,2.0,1.0,2.0,2.0,2.0,2.0,3.0,1.0,1.0,3.0,2.0,2.0,3.0,3.0,2.0,2.0,2.0,2.0,2.0,2.0,1.0,1.0,2.0,3.0,1.0,1.0,3.0,3.0,3.0,3.0,3.0,3.0,2.0,3.0,1.0,3.0,1.0,2.0,1.0,2.0,2.0,3.0,2.0,2.0,2.0,3.0,2.0,2.0,3.0,3.0,2.0,3.0,2.0,3.0,1.0,1.0,2.0,2.0,3.0,3.0,2.0,1.0,3.0,2.0,3.0,2.0,2.0,1.0,2.0,1.0,2.0,1.0,2.0,2.0,2.0,2.0,2.0,1.0,3.0,2.0,3.0,3.0,2.0,2.0,2.0,,,,,,,,,,,,,,,,,,,,,,,,,,,,,,,,,,,,,,,,,,,,,,,,,,,,,,,,,,,,,,,,,,,,,,,,,,,,,,,,,,,,,,,,,,,,,,,,,,,,,,,,,,,,,,,,,,,,,,,,,,,,,,,,,,,,,,,,,,,,,,,,,,,,,,,,,,,,,,,,,,,,,,,,,,,,,,,,,,,,,,,,,,,,,,,,,,,,,,,,,,,,,,,,,,,,,,,,,,,27,27,27,6,20,20,6,7,6,6,27,6,8,27,27,20,21,6,20,27,27,13,13,7,8,30,13,12,13,3,19,16,7,12,13,2,2,20,2,2,2,2,7,7,7,6,20,7,7,20,20,6,7,6,20,20,7,2,7,7,7,7,7,25,19,6,15,15,15,15,15,15,15,6,15,3,3,3,3,3,32,32,32,32,8,32,6,13,13,13,13,6,13,13,3,6,6,13,13,13,20,13,30,1,1,1,1,1,1,1,1,1,28,28,32,30,28,28,28,18,18,18,18,18,18,10,10,10,10,8,8,15,8,15,8,30,8,28,28,25,25,25,31,31,16,31,31,31,31,31,31,16,16,4,11,11,11,13,11,11,24,24,24,24,24,13,24,24,24,12,12,12,12,12,23,12,9,16,16,16,16,16,16,16,16,16,23,16,11,23,23,16,23,16,23,4,16,29,29,29,29,4,9,21,4,9,21,30,4,30,30,30,9,9,9,4,23,23,1.0,2.0,3.0,2.0,6,6,27,27
13863,2.0855855855855854,0.7471631836210249,1,0,1,"[5, 29, 17, 14]",53,97,72,2.0,2.0,2.0,2.0,2.0,2.0,3.0,1.0,2.0,2.0,3.0,3.0,3.0,3.0,3.0,1.0,1.0,1.0,2.0,2.0,3.0,2.0,2.0,2.0,1.0,1.0,3.0,2.0,3.0,3.0,3.0,2.0,2.0,2.0,2.0,3.0,3.0,2.0,2.0,2.0,2.0,3.0,1.0,2.0,2.0,3.0,1.0,2.0,2.0,3.0,3.0,2.0,3.0,3.0,1.0,1.0,3.0,3.0,1.0,3.0,1.0,3.0,2.0,3.0,2.0,1.0,2.0,3.0,2.0,2.0,2.0,2.0,3.0,2.0,2.0,1.0,2.0,2.0,3.0,3.0,2.0,3.0,1.0,3.0,1.0,3.0,3.0,2.0,2.0,1.0,2.0,2.0,3.0,3.0,3.0,3.0,3.0,1.0,1.0,2.0,3.0,1.0,1.0,2.0,3.0,2.0,3.0,1.0,1.0,2.0,3.0,3.0,3.0,3.0,1.0,2.0,3.0,3.0,3.0,1.0,2.0,3.0,2.0,3.0,3.0,2.0,3.0,2.0,3.0,1.0,3.0,2.0,1.0,2.0,1.0,1.0,2.0,2.0,2.0,2.0,2.0,1.0,3.0,1.0,2.0,3.0,3.0,2.0,2.0,2.0,2.0,2.0,2.0,2.0,1.0,2.0,3.0,1.0,1.0,3.0,3.0,1.0,1.0,3.0,2.0,1.0,3.0,1.0,3.0,1.0,2.0,1.0,2.0,3.0,2.0,2.0,1.0,2.0,3.0,2.0,2.0,3.0,3.0,2.0,2.0,2.0,2.0,1.0,2.0,2.0,2.0,3.0,3.0,2.0,1.0,3.0,2.0,1.0,1.0,1.0,2.0,2.0,1.0,3.0,1.0,2.0,1.0,2.0,2.0,2.0,1.0,3.0,2.0,1.0,1.0,2.0,2.0,2.0,,,,,,,,,,,,,,,,,,,,,,,,,,,,,,,,,,,,,,,,,,,,,,,,,,,,,,,,,,,,,,,,,,,,,,,,,,,,,,,,,,,,,,,,,,,,,,,,,,,,,,,,,,,,,,,,,,,,,,,,,,,,,,,,,,,,,,,,,,,,,,,,,,,,,,,,,,,,,,,,,,,,,,,,,,,,,,,,,,,,,,,,,,,,,,,,,,,,,,,,,,,,,,,,,,,,,,,,,,,7,7,27,6,20,20,7,7,20,20,27,20,20,27,27,20,21,7,13,27,27,27,27,2,8,30,7,7,7,3,19,7,20,7,7,2,2,2,20,2,20,20,6,6,6,6,6,6,6,6,6,6,6,6,6,6,6,6,6,6,6,6,6,3,19,15,15,15,15,2,15,15,15,15,2,3,3,3,3,3,32,32,32,32,32,3,16,13,13,13,2,6,13,13,3,13,13,13,13,13,13,13,13,1,1,1,1,1,1,1,1,1,28,28,32,30,28,28,28,18,18,18,18,18,18,10,10,10,31,8,8,15,8,15,8,8,8,28,28,12,31,25,31,10,16,31,31,31,31,31,31,16,16,31,11,11,11,13,11,11,24,26,26,24,30,30,24,24,24,12,12,12,12,9,12,12,13,16,16,16,16,16,16,16,23,16,4,16,16,23,23,16,23,16,23,4,16,4,4,11,31,4,9,7,4,9,23,30,4,30,30,30,9,12,12,4,23,23,1.0,2.0,3.0,2.0,6,6,27,27
13864,2.144144144144144,0.776893067839427,6,0,0,"[5, 17, 14]",53,84,85,1.0,1.0,2.0,2.0,2.0,2.0,2.0,2.0,2.0,2.0,3.0,3.0,3.0,1.0,1.0,2.0,2.0,1.0,2.0,1.0,1.0,2.0,2.0,2.0,1.0,1.0,3.0,3.0,3.0,2.0,3.0,1.0,3.0,2.0,1.0,3.0,3.0,2.0,1.0,2.0,2.0,1.0,2.0,2.0,2.0,3.0,1.0,2.0,2.0,3.0,3.0,3.0,3.0,3.0,1.0,1.0,3.0,3.0,1.0,3.0,1.0,3.0,2.0,3.0,2.0,1.0,2.0,3.0,2.0,2.0,2.0,2.0,3.0,2.0,2.0,1.0,2.0,2.0,3.0,3.0,3.0,3.0,1.0,3.0,2.0,3.0,3.0,2.0,2.0,1.0,2.0,2.0,3.0,3.0,2.0,2.0,2.0,1.0,1.0,2.0,3.0,1.0,3.0,2.0,3.0,2.0,3.0,1.0,1.0,2.0,3.0,3.0,3.0,3.0,3.0,1.0,3.0,3.0,2.0,1.0,2.0,3.0,2.0,3.0,3.0,2.0,2.0,2.0,2.0,1.0,3.0,2.0,1.0,2.0,1.0,1.0,2.0,3.0,3.0,2.0,1.0,1.0,3.0,1.0,3.0,3.0,3.0,2.0,2.0,2.0,3.0,3.0,3.0,1.0,1.0,2.0,3.0,1.0,1.0,3.0,3.0,3.0,3.0,3.0,3.0,2.0,3.0,1.0,3.0,2.0,2.0,1.0,1.0,3.0,1.0,3.0,3.0,3.0,3.0,2.0,2.0,3.0,3.0,2.0,3.0,3.0,2.0,1.0,1.0,3.0,1.0,3.0,2.0,2.0,2.0,3.0,3.0,2.0,2.0,3.0,2.0,3.0,1.0,2.0,1.0,2.0,2.0,2.0,2.0,3.0,1.0,3.0,2.0,3.0,3.0,2.0,3.0,2.0,,,,,,,,,,,,,,,,,,,,,,,,,,,,,,,,,,,,,,,,,,,,,,,,,,,,,,,,,,,,,,,,,,,,,,,,,,,,,,,,,,,,,,,,,,,,,,,,,,,,,,,,,,,,,,,,,,,,,,,,,,,,,,,,,,,,,,,,,,,,,,,,,,,,,,,,,,,,,,,,,,,,,,,,,,,,,,,,,,,,,,,,,,,,,,,,,,,,,,,,,,,,,,,,,,,,,,,,,,,20,20,27,6,20,20,20,20,20,20,27,20,20,7,7,27,27,7,13,25,7,27,27,2,8,30,7,27,7,7,19,16,27,7,13,2,2,2,7,2,20,7,7,6,6,6,6,6,6,6,6,27,6,6,6,6,6,6,6,6,6,6,6,3,19,15,15,15,15,2,15,15,15,15,2,3,3,3,3,3,28,32,32,32,8,3,16,13,13,13,2,6,13,13,13,6,6,13,13,13,13,13,30,1,1,1,1,1,1,1,1,1,28,28,28,28,28,28,31,18,18,18,18,18,18,10,4,10,10,8,8,15,8,15,8,8,8,25,25,12,25,25,31,10,31,31,31,31,31,31,28,31,31,4,11,11,11,13,11,11,24,24,24,24,24,13,24,24,24,21,12,12,9,9,31,9,12,9,16,16,16,16,16,16,16,27,4,16,11,16,16,16,16,16,16,4,27,26,29,21,31,21,9,21,4,9,21,30,4,4,30,30,9,9,9,4,7,23,1.0,2.0,1.0,1.0,6,6,20,20
13865,2.0495495495495497,0.7915131135022021,2,0,0,"[5, 17, 14]",64,83,75,3.0,3.0,2.0,1.0,2.0,2.0,2.0,2.0,2.0,2.0,3.0,3.0,3.0,3.0,3.0,1.0,1.0,1.0,2.0,2.0,3.0,1.0,3.0,1.0,1.0,1.0,3.0,2.0,3.0,2.0,1.0,2.0,1.0,2.0,2.0,3.0,3.0,2.0,3.0,2.0,1.0,2.0,1.0,2.0,2.0,3.0,1.0,2.0,2.0,3.0,3.0,2.0,3.0,3.0,1.0,1.0,3.0,2.0,3.0,3.0,1.0,3.0,2.0,3.0,2.0,1.0,2.0,3.0,3.0,1.0,2.0,1.0,2.0,2.0,1.0,1.0,2.0,2.0,3.0,3.0,2.0,3.0,1.0,3.0,1.0,3.0,3.0,2.0,2.0,1.0,1.0,1.0,3.0,3.0,2.0,2.0,2.0,1.0,1.0,1.0,3.0,1.0,3.0,2.0,3.0,2.0,3.0,1.0,1.0,2.0,3.0,3.0,3.0,3.0,1.0,2.0,3.0,3.0,3.0,1.0,2.0,3.0,2.0,3.0,3.0,2.0,3.0,1.0,2.0,1.0,3.0,2.0,1.0,2.0,1.0,1.0,1.0,2.0,2.0,3.0,1.0,1.0,3.0,2.0,3.0,3.0,2.0,2.0,2.0,2.0,1.0,2.0,2.0,2.0,1.0,1.0,3.0,3.0,1.0,3.0,3.0,1.0,2.0,3.0,2.0,3.0,3.0,1.0,3.0,1.0,2.0,1.0,1.0,3.0,1.0,3.0,1.0,3.0,1.0,2.0,2.0,3.0,3.0,2.0,3.0,2.0,2.0,1.0,2.0,3.0,1.0,3.0,2.0,2.0,2.0,2.0,2.0,3.0,1.0,2.0,2.0,2.0,1.0,2.0,1.0,2.0,2.0,2.0,1.0,3.0,1.0,2.0,2.0,3.0,3.0,2.0,1.0,2.0,,,,,,,,,,,,,,,,,,,,,,,,,,,,,,,,,,,,,,,,,,,,,,,,,,,,,,,,,,,,,,,,,,,,,,,,,,,,,,,,,,,,,,,,,,,,,,,,,,,,,,,,,,,,,,,,,,,,,,,,,,,,,,,,,,,,,,,,,,,,,,,,,,,,,,,,,,,,,,,,,,,,,,,,,,,,,,,,,,,,,,,,,,,,,,,,,,,,,,,,,,,,,,,,,,,,,,,,,,,27,27,27,20,20,20,20,20,20,20,27,20,20,27,27,20,21,7,13,27,27,13,13,7,8,30,7,7,7,7,20,7,7,7,7,2,2,2,2,2,2,2,6,6,6,6,6,6,6,6,6,6,6,6,6,6,6,2,7,6,6,6,6,3,19,15,15,15,8,15,15,16,8,15,15,3,3,3,3,3,32,32,32,32,32,3,16,13,13,13,13,13,13,13,13,6,6,13,13,20,13,13,30,1,1,1,1,1,1,1,1,1,28,28,32,30,28,28,28,18,18,18,18,18,18,10,10,11,10,8,8,15,8,15,8,8,15,28,28,25,25,25,31,31,31,31,7,31,31,31,19,16,16,31,11,30,11,11,11,11,24,26,21,24,30,24,24,24,24,12,12,12,9,9,31,9,13,9,10,16,16,16,16,16,16,16,4,16,16,16,16,16,16,16,16,16,16,29,4,29,31,4,9,21,4,9,21,30,30,4,30,4,9,9,9,4,4,23,1.0,1.0,3.0,2.0,6,20,27,27
13866,2.009009009009009,0.812743474086136,1,0,1,"[14, 17, 5, 26]",72,76,74,1.0,1.0,1.0,2.0,2.0,2.0,1.0,2.0,3.0,1.0,1.0,1.0,1.0,2.0,1.0,2.0,2.0,2.0,2.0,2.0,3.0,2.0,2.0,2.0,1.0,1.0,1.0,1.0,1.0,3.0,3.0,1.0,1.0,1.0,1.0,3.0,3.0,1.0,1.0,2.0,1.0,1.0,2.0,1.0,1.0,3.0,2.0,1.0,1.0,2.0,2.0,2.0,2.0,3.0,3.0,3.0,2.0,1.0,3.0,1.0,1.0,2.0,1.0,3.0,2.0,1.0,2.0,3.0,2.0,2.0,2.0,2.0,3.0,2.0,2.0,1.0,2.0,2.0,3.0,3.0,3.0,3.0,1.0,3.0,1.0,3.0,3.0,2.0,2.0,1.0,2.0,2.0,3.0,3.0,3.0,2.0,2.0,1.0,1.0,2.0,3.0,1.0,2.0,2.0,3.0,2.0,3.0,1.0,1.0,2.0,3.0,3.0,3.0,3.0,3.0,1.0,3.0,3.0,2.0,1.0,2.0,3.0,2.0,3.0,3.0,2.0,1.0,2.0,3.0,1.0,3.0,2.0,1.0,1.0,1.0,1.0,1.0,3.0,3.0,3.0,1.0,1.0,3.0,1.0,2.0,3.0,3.0,2.0,1.0,1.0,3.0,2.0,2.0,2.0,1.0,2.0,3.0,3.0,1.0,3.0,3.0,3.0,3.0,3.0,3.0,3.0,3.0,1.0,3.0,1.0,1.0,1.0,1.0,3.0,3.0,3.0,1.0,3.0,3.0,2.0,2.0,3.0,3.0,2.0,3.0,2.0,3.0,1.0,2.0,3.0,2.0,3.0,3.0,2.0,2.0,2.0,2.0,3.0,2.0,2.0,1.0,1.0,1.0,2.0,1.0,3.0,2.0,2.0,1.0,2.0,1.0,3.0,2.0,3.0,3.0,2.0,2.0,2.0,,,,,,,,,,,,,,,,,,,,,,,,,,,,,,,,,,,,,,,,,,,,,,,,,,,,,,,,,,,,,,,,,,,,,,,,,,,,,,,,,,,,,,,,,,,,,,,,,,,,,,,,,,,,,,,,,,,,,,,,,,,,,,,,,,,,,,,,,,,,,,,,,,,,,,,,,,,,,,,,,,,,,,,,,,,,,,,,,,,,,,,,,,,,,,,,,,,,,,,,,,,,,,,,,,,,,,,,,,,20,20,20,6,20,20,6,20,6,6,20,6,8,6,7,27,27,6,13,27,27,27,27,2,8,30,13,12,13,3,19,16,7,12,13,2,2,20,7,2,2,7,7,7,7,6,20,7,7,27,27,6,7,6,27,27,7,7,7,7,6,7,7,3,19,15,15,15,15,2,15,15,15,15,2,3,3,3,3,3,28,32,32,32,32,3,16,13,13,13,2,6,13,13,3,6,6,13,13,13,13,13,12,1,1,1,1,1,1,1,1,1,28,28,28,28,28,28,31,18,18,18,18,18,18,10,31,10,31,8,8,15,8,6,8,8,15,25,25,25,25,25,31,10,16,31,31,31,13,13,28,16,16,31,11,11,11,11,11,11,24,24,24,24,24,24,24,24,24,12,23,12,9,9,23,9,13,9,16,16,16,16,16,16,16,16,23,16,16,16,23,16,23,16,16,16,16,29,29,29,29,23,9,21,4,10,21,30,30,30,30,30,9,9,9,4,23,23,1.0,2.0,1.0,1.0,6,6,20,20
13867,2.0,0.7610423906471906,1,0,1,"[14, 17, 5]",64,94,64,1.0,1.0,1.0,2.0,2.0,2.0,1.0,3.0,3.0,1.0,1.0,1.0,1.0,2.0,1.0,2.0,2.0,2.0,2.0,3.0,3.0,2.0,2.0,3.0,1.0,1.0,1.0,1.0,1.0,3.0,3.0,1.0,1.0,3.0,3.0,3.0,3.0,2.0,1.0,2.0,1.0,1.0,2.0,1.0,1.0,2.0,2.0,1.0,1.0,2.0,2.0,2.0,3.0,3.0,3.0,3.0,2.0,3.0,3.0,1.0,2.0,2.0,1.0,3.0,2.0,1.0,2.0,3.0,2.0,2.0,2.0,2.0,3.0,2.0,2.0,1.0,2.0,2.0,3.0,3.0,2.0,3.0,1.0,3.0,1.0,3.0,3.0,2.0,2.0,1.0,2.0,2.0,3.0,3.0,3.0,2.0,2.0,1.0,1.0,2.0,3.0,1.0,1.0,2.0,3.0,2.0,3.0,1.0,1.0,2.0,3.0,3.0,3.0,3.0,1.0,2.0,1.0,1.0,3.0,1.0,2.0,3.0,2.0,2.0,3.0,2.0,2.0,2.0,3.0,2.0,3.0,2.0,2.0,2.0,1.0,2.0,2.0,2.0,2.0,3.0,2.0,1.0,3.0,1.0,3.0,3.0,3.0,2.0,2.0,2.0,2.0,3.0,3.0,1.0,1.0,2.0,3.0,2.0,1.0,3.0,3.0,1.0,1.0,3.0,3.0,2.0,3.0,1.0,3.0,1.0,2.0,1.0,1.0,2.0,2.0,3.0,2.0,3.0,1.0,2.0,2.0,3.0,3.0,2.0,3.0,2.0,2.0,1.0,2.0,3.0,2.0,3.0,2.0,2.0,2.0,2.0,2.0,2.0,2.0,1.0,1.0,2.0,1.0,2.0,1.0,2.0,1.0,2.0,1.0,2.0,2.0,2.0,2.0,3.0,3.0,2.0,1.0,2.0,,,,,,,,,,,,,,,,,,,,,,,,,,,,,,,,,,,,,,,,,,,,,,,,,,,,,,,,,,,,,,,,,,,,,,,,,,,,,,,,,,,,,,,,,,,,,,,,,,,,,,,,,,,,,,,,,,,,,,,,,,,,,,,,,,,,,,,,,,,,,,,,,,,,,,,,,,,,,,,,,,,,,,,,,,,,,,,,,,,,,,,,,,,,,,,,,,,,,,,,,,,,,,,,,,,,,,,,,,,20,20,20,6,20,20,6,13,6,6,20,6,8,6,7,27,27,6,13,20,27,27,27,13,8,30,13,12,13,3,19,16,7,27,27,2,2,2,7,2,2,7,7,7,7,7,20,7,7,27,27,6,6,6,27,27,7,6,7,7,7,7,7,3,19,15,15,15,15,2,15,15,15,15,2,3,3,3,3,3,32,32,32,32,32,3,16,13,13,13,2,6,13,13,3,6,6,13,13,13,13,13,13,1,1,1,1,1,1,1,1,1,28,28,32,30,30,30,28,18,18,18,18,16,18,10,4,10,31,30,8,15,16,15,8,30,8,28,28,25,31,25,31,10,31,31,31,31,31,31,31,31,31,4,11,11,11,12,11,11,24,26,26,24,24,13,24,24,24,12,12,12,9,12,12,9,9,9,10,16,16,16,16,16,16,16,4,16,16,16,23,16,16,16,16,16,16,26,29,11,29,4,9,21,4,9,23,30,30,30,6,4,9,9,9,4,4,23,1.0,2.0,1.0,1.0,6,6,20,20
13868,2.09009009009009,0.7734221953755526,2,0,1,"[5, 17, 14]",57,88,77,2.0,2.0,2.0,2.0,3.0,3.0,1.0,1.0,3.0,1.0,3.0,1.0,1.0,2.0,1.0,2.0,2.0,1.0,2.0,1.0,1.0,1.0,3.0,1.0,1.0,1.0,3.0,1.0,3.0,3.0,2.0,2.0,2.0,1.0,1.0,3.0,3.0,2.0,3.0,2.0,1.0,2.0,3.0,3.0,3.0,1.0,2.0,3.0,3.0,3.0,3.0,2.0,2.0,3.0,2.0,2.0,1.0,2.0,2.0,2.0,3.0,1.0,3.0,3.0,1.0,1.0,2.0,3.0,2.0,1.0,2.0,2.0,2.0,2.0,1.0,1.0,2.0,2.0,3.0,3.0,2.0,3.0,1.0,3.0,1.0,3.0,3.0,2.0,2.0,1.0,2.0,2.0,3.0,3.0,3.0,2.0,2.0,1.0,1.0,2.0,3.0,1.0,2.0,2.0,3.0,2.0,3.0,1.0,1.0,2.0,3.0,3.0,3.0,3.0,1.0,2.0,3.0,3.0,3.0,1.0,2.0,3.0,2.0,3.0,3.0,2.0,2.0,1.0,2.0,1.0,3.0,3.0,1.0,2.0,2.0,1.0,2.0,2.0,2.0,3.0,1.0,2.0,3.0,2.0,3.0,3.0,3.0,2.0,2.0,2.0,1.0,3.0,3.0,2.0,1.0,1.0,3.0,3.0,1.0,3.0,3.0,1.0,1.0,3.0,2.0,3.0,3.0,1.0,3.0,1.0,2.0,1.0,2.0,3.0,2.0,3.0,2.0,3.0,1.0,2.0,2.0,3.0,3.0,2.0,2.0,2.0,3.0,1.0,2.0,2.0,2.0,3.0,3.0,2.0,3.0,2.0,2.0,2.0,2.0,2.0,2.0,1.0,1.0,2.0,1.0,3.0,2.0,3.0,1.0,2.0,1.0,3.0,2.0,3.0,3.0,2.0,2.0,2.0,,,,,,,,,,,,,,,,,,,,,,,,,,,,,,,,,,,,,,,,,,,,,,,,,,,,,,,,,,,,,,,,,,,,,,,,,,,,,,,,,,,,,,,,,,,,,,,,,,,,,,,,,,,,,,,,,,,,,,,,,,,,,,,,,,,,,,,,,,,,,,,,,,,,,,,,,,,,,,,,,,,,,,,,,,,,,,,,,,,,,,,,,,,,,,,,,,,,,,,,,,,,,,,,,,,,,,,,,,,7,7,27,6,13,13,6,7,6,6,27,6,8,6,7,27,27,7,13,25,7,13,13,7,8,30,7,12,7,3,7,7,20,12,13,2,2,2,2,2,2,2,20,27,27,20,20,27,27,6,6,6,7,6,20,20,20,2,20,20,20,20,20,3,20,15,15,15,15,15,15,15,8,15,15,3,3,3,3,3,32,32,32,32,32,3,16,13,13,13,2,6,13,13,3,6,6,13,13,13,13,13,12,1,1,1,1,1,1,1,1,1,28,28,32,30,28,28,28,18,18,18,18,18,18,10,4,11,10,8,8,6,8,15,9,8,8,28,28,25,25,19,31,31,31,31,31,31,31,31,19,31,31,31,11,30,11,11,11,11,24,26,26,24,30,24,24,24,24,12,12,12,12,9,12,9,9,9,10,16,16,16,16,16,23,16,23,16,16,23,23,16,23,16,6,16,16,26,29,29,31,23,9,21,4,10,21,6,30,30,30,30,9,9,9,4,23,23,1.0,2.0,3.0,2.0,6,6,27,27
13869,2.009009009009009,0.790160021544356,1,0,1,"[14, 17, 5]",68,84,70,3.0,3.0,2.0,2.0,2.0,2.0,1.0,1.0,3.0,1.0,3.0,1.0,1.0,3.0,3.0,1.0,1.0,2.0,1.0,2.0,3.0,1.0,3.0,2.0,1.0,1.0,1.0,1.0,1.0,3.0,1.0,1.0,1.0,1.0,1.0,3.0,3.0,1.0,1.0,2.0,1.0,1.0,2.0,1.0,1.0,3.0,2.0,1.0,1.0,3.0,3.0,2.0,2.0,3.0,2.0,2.0,2.0,1.0,3.0,1.0,2.0,3.0,1.0,1.0,2.0,1.0,2.0,3.0,3.0,2.0,2.0,2.0,3.0,2.0,2.0,1.0,2.0,2.0,3.0,3.0,2.0,3.0,1.0,3.0,1.0,1.0,3.0,2.0,2.0,1.0,2.0,2.0,3.0,3.0,3.0,2.0,2.0,1.0,1.0,1.0,3.0,1.0,3.0,2.0,3.0,2.0,3.0,1.0,1.0,2.0,3.0,3.0,3.0,3.0,3.0,1.0,3.0,3.0,3.0,1.0,2.0,3.0,1.0,3.0,3.0,2.0,3.0,2.0,2.0,1.0,3.0,2.0,2.0,3.0,2.0,1.0,2.0,3.0,3.0,3.0,1.0,1.0,3.0,2.0,3.0,3.0,3.0,2.0,2.0,2.0,2.0,2.0,2.0,2.0,1.0,2.0,3.0,3.0,1.0,3.0,3.0,1.0,2.0,3.0,2.0,2.0,3.0,1.0,3.0,2.0,2.0,1.0,2.0,1.0,2.0,2.0,1.0,2.0,3.0,2.0,2.0,1.0,3.0,3.0,3.0,2.0,1.0,1.0,2.0,3.0,2.0,3.0,2.0,3.0,1.0,2.0,2.0,2.0,2.0,2.0,2.0,2.0,2.0,2.0,3.0,1.0,2.0,2.0,1.0,2.0,1.0,3.0,2.0,1.0,1.0,2.0,1.0,2.0,,,,,,,,,,,,,,,,,,,,,,,,,,,,,,,,,,,,,,,,,,,,,,,,,,,,,,,,,,,,,,,,,,,,,,,,,,,,,,,,,,,,,,,,,,,,,,,,,,,,,,,,,,,,,,,,,,,,,,,,,,,,,,,,,,,,,,,,,,,,,,,,,,,,,,,,,,,,,,,,,,,,,,,,,,,,,,,,,,,,,,,,,,,,,,,,,,,,,,,,,,,,,,,,,,,,,,,,,,,27,27,27,6,20,20,6,7,6,6,27,6,8,27,27,20,21,6,20,27,27,13,13,2,8,30,13,12,13,3,20,16,7,12,13,2,2,20,7,2,2,7,7,7,7,6,20,7,7,6,6,6,7,6,20,20,7,7,7,7,7,6,7,19,19,15,15,15,8,2,15,15,15,15,2,3,3,3,3,3,32,32,32,32,32,32,16,13,13,13,2,6,13,13,3,6,6,13,13,20,13,13,30,1,1,1,1,1,1,1,1,1,28,28,28,28,28,28,28,18,18,18,16,18,18,10,10,10,10,8,8,15,16,8,9,8,8,25,25,25,25,25,31,31,31,31,31,31,31,31,31,16,16,31,11,11,11,11,11,11,24,26,21,24,30,13,24,24,24,21,12,12,12,26,12,12,13,16,16,16,16,6,16,20,16,16,16,16,16,16,23,16,16,7,23,16,16,26,29,29,31,4,21,21,21,21,21,30,30,30,30,30,9,12,12,4,4,23,1.0,2.0,3.0,2.0,6,6,27,27
13870,2.1171171171171173,0.7697768230222574,1,0,2,"[5, 14, 17]",54,88,80,2.0,2.0,2.0,2.0,1.0,2.0,1.0,1.0,3.0,1.0,2.0,1.0,1.0,2.0,1.0,2.0,2.0,2.0,2.0,1.0,1.0,1.0,3.0,2.0,1.0,1.0,3.0,1.0,3.0,2.0,3.0,1.0,3.0,2.0,2.0,3.0,3.0,2.0,2.0,2.0,2.0,3.0,3.0,3.0,3.0,3.0,2.0,3.0,3.0,2.0,2.0,2.0,1.0,3.0,3.0,3.0,1.0,1.0,2.0,2.0,3.0,3.0,3.0,3.0,2.0,1.0,2.0,3.0,3.0,2.0,2.0,2.0,3.0,2.0,2.0,1.0,2.0,2.0,3.0,3.0,2.0,3.0,1.0,3.0,1.0,3.0,3.0,2.0,2.0,1.0,2.0,2.0,3.0,3.0,2.0,2.0,2.0,1.0,1.0,2.0,3.0,1.0,2.0,2.0,3.0,2.0,3.0,1.0,1.0,2.0,3.0,3.0,3.0,3.0,1.0,2.0,3.0,3.0,3.0,1.0,2.0,3.0,2.0,3.0,3.0,2.0,3.0,2.0,2.0,1.0,3.0,2.0,1.0,3.0,2.0,1.0,1.0,2.0,2.0,3.0,1.0,1.0,2.0,2.0,3.0,3.0,3.0,2.0,2.0,2.0,2.0,3.0,3.0,2.0,3.0,2.0,3.0,3.0,1.0,3.0,3.0,1.0,1.0,3.0,2.0,3.0,3.0,1.0,3.0,1.0,1.0,1.0,1.0,1.0,3.0,3.0,2.0,2.0,3.0,2.0,2.0,3.0,3.0,2.0,3.0,1.0,3.0,1.0,1.0,3.0,1.0,3.0,3.0,2.0,1.0,2.0,2.0,2.0,2.0,3.0,2.0,3.0,2.0,2.0,3.0,1.0,2.0,2.0,1.0,1.0,1.0,3.0,2.0,3.0,3.0,2.0,2.0,2.0,,,,,,,,,,,,,,,,,,,,,,,,,,,,,,,,,,,,,,,,,,,,,,,,,,,,,,,,,,,,,,,,,,,,,,,,,,,,,,,,,,,,,,,,,,,,,,,,,,,,,,,,,,,,,,,,,,,,,,,,,,,,,,,,,,,,,,,,,,,,,,,,,,,,,,,,,,,,,,,,,,,,,,,,,,,,,,,,,,,,,,,,,,,,,,,,,,,,,,,,,,,,,,,,,,,,,,,,,,,7,7,27,6,30,20,6,7,6,6,13,6,8,6,7,27,27,6,13,25,7,13,13,2,8,30,7,12,7,7,19,16,27,7,7,2,2,2,20,2,20,20,20,27,27,6,20,27,27,27,27,6,20,6,27,27,20,7,20,20,20,6,20,3,19,15,15,15,8,2,15,15,15,15,2,3,3,3,3,3,32,32,32,32,32,3,16,13,13,13,2,6,13,13,13,6,6,13,13,13,13,13,12,1,1,1,1,1,1,1,1,1,28,28,32,30,28,28,28,18,18,18,18,18,18,10,10,10,10,8,8,15,8,8,9,8,15,28,28,25,25,25,6,31,31,31,31,31,31,31,31,31,31,31,7,11,11,11,11,11,24,26,26,24,30,24,24,24,24,12,23,12,9,26,23,9,9,16,16,16,16,16,16,16,16,21,23,16,11,16,16,16,23,16,23,16,16,26,29,21,31,21,21,21,21,21,21,30,30,23,30,30,9,9,9,4,23,23,1.0,2.0,2.0,2.0,6,6,13,27
13871,2.0675675675675675,0.8071694761865497,0,0,1,"[14, 5, 17]",65,77,80,3.0,3.0,2.0,1.0,2.0,2.0,3.0,1.0,2.0,2.0,3.0,3.0,3.0,3.0,3.0,2.0,2.0,1.0,2.0,3.0,1.0,1.0,1.0,1.0,1.0,1.0,3.0,1.0,3.0,3.0,3.0,2.0,2.0,2.0,2.0,2.0,2.0,1.0,3.0,2.0,1.0,2.0,1.0,2.0,2.0,3.0,1.0,2.0,2.0,3.0,3.0,2.0,3.0,3.0,1.0,1.0,2.0,2.0,1.0,3.0,1.0,3.0,2.0,3.0,2.0,1.0,2.0,3.0,3.0,1.0,2.0,1.0,3.0,2.0,1.0,1.0,2.0,2.0,3.0,3.0,2.0,3.0,1.0,3.0,1.0,3.0,3.0,2.0,2.0,2.0,1.0,1.0,3.0,3.0,3.0,3.0,3.0,1.0,1.0,2.0,3.0,2.0,1.0,2.0,3.0,2.0,3.0,1.0,1.0,2.0,3.0,3.0,3.0,3.0,1.0,2.0,3.0,3.0,3.0,1.0,2.0,3.0,3.0,3.0,3.0,1.0,1.0,2.0,2.0,1.0,3.0,2.0,1.0,3.0,1.0,1.0,1.0,2.0,2.0,3.0,1.0,1.0,3.0,1.0,3.0,3.0,3.0,2.0,1.0,1.0,2.0,3.0,3.0,2.0,1.0,1.0,3.0,2.0,1.0,3.0,3.0,1.0,1.0,3.0,3.0,2.0,3.0,1.0,3.0,2.0,2.0,1.0,2.0,1.0,2.0,3.0,3.0,2.0,1.0,2.0,2.0,3.0,3.0,2.0,3.0,1.0,1.0,1.0,2.0,3.0,1.0,3.0,2.0,2.0,2.0,2.0,2.0,3.0,2.0,1.0,2.0,3.0,2.0,2.0,3.0,2.0,2.0,2.0,1.0,2.0,1.0,3.0,2.0,3.0,3.0,2.0,1.0,2.0,,,,,,,,,,,,,,,,,,,,,,,,,,,,,,,,,,,,,,,,,,,,,,,,,,,,,,,,,,,,,,,,,,,,,,,,,,,,,,,,,,,,,,,,,,,,,,,,,,,,,,,,,,,,,,,,,,,,,,,,,,,,,,,,,,,,,,,,,,,,,,,,,,,,,,,,,,,,,,,,,,,,,,,,,,,,,,,,,,,,,,,,,,,,,,,,,,,,,,,,,,,,,,,,,,,,,,,,,,,27,27,27,20,20,20,7,7,20,20,27,20,20,27,27,27,27,7,13,20,7,13,7,7,8,30,7,12,7,3,19,7,20,7,7,21,21,20,2,2,2,2,6,6,6,6,6,6,6,6,6,6,6,6,6,6,7,2,6,6,6,6,6,3,19,15,15,15,8,15,15,16,15,15,15,3,3,3,3,3,32,32,32,32,32,3,16,13,13,2,13,13,13,13,3,13,13,13,13,13,13,2,13,1,1,1,1,1,1,1,1,1,28,28,32,30,28,28,28,18,18,18,12,18,18,11,31,10,10,8,8,15,8,8,8,8,15,28,28,25,25,25,31,10,31,31,31,31,13,13,31,31,31,31,11,30,11,12,11,11,24,26,26,24,24,13,24,24,24,21,12,12,12,26,12,9,12,16,10,16,16,16,16,16,16,21,16,16,16,16,16,16,16,16,16,16,16,29,29,11,31,21,21,21,21,9,21,30,30,30,30,30,9,9,9,4,4,23,1.0,1.0,3.0,2.0,6,20,27,27
13872,2.0,0.807207352795575,1,0,1,"[5, 14, 17]",72,78,72,3.0,3.0,2.0,2.0,2.0,2.0,1.0,1.0,3.0,1.0,3.0,1.0,1.0,2.0,1.0,1.0,1.0,2.0,1.0,2.0,3.0,2.0,2.0,2.0,1.0,1.0,1.0,1.0,1.0,3.0,1.0,1.0,1.0,1.0,1.0,3.0,3.0,1.0,1.0,2.0,1.0,1.0,2.0,1.0,1.0,2.0,2.0,1.0,1.0,1.0,1.0,2.0,2.0,3.0,2.0,2.0,2.0,1.0,3.0,1.0,2.0,2.0,1.0,3.0,2.0,3.0,2.0,3.0,2.0,2.0,3.0,3.0,3.0,2.0,2.0,1.0,2.0,2.0,3.0,3.0,3.0,3.0,1.0,3.0,1.0,3.0,2.0,2.0,2.0,1.0,2.0,2.0,3.0,3.0,3.0,2.0,2.0,1.0,1.0,1.0,3.0,1.0,1.0,2.0,3.0,2.0,3.0,1.0,1.0,2.0,3.0,3.0,3.0,3.0,3.0,1.0,3.0,3.0,2.0,1.0,2.0,3.0,2.0,3.0,3.0,2.0,3.0,2.0,3.0,1.0,3.0,2.0,1.0,2.0,2.0,1.0,3.0,3.0,3.0,3.0,1.0,1.0,3.0,2.0,2.0,3.0,3.0,2.0,1.0,1.0,3.0,2.0,2.0,2.0,1.0,2.0,3.0,1.0,1.0,3.0,3.0,1.0,2.0,3.0,1.0,1.0,3.0,1.0,3.0,2.0,1.0,1.0,2.0,3.0,1.0,3.0,3.0,3.0,1.0,2.0,2.0,3.0,3.0,2.0,3.0,1.0,2.0,1.0,2.0,3.0,1.0,3.0,2.0,2.0,2.0,3.0,2.0,2.0,2.0,1.0,1.0,3.0,1.0,2.0,3.0,2.0,2.0,2.0,3.0,3.0,1.0,2.0,2.0,3.0,3.0,2.0,1.0,2.0,,,,,,,,,,,,,,,,,,,,,,,,,,,,,,,,,,,,,,,,,,,,,,,,,,,,,,,,,,,,,,,,,,,,,,,,,,,,,,,,,,,,,,,,,,,,,,,,,,,,,,,,,,,,,,,,,,,,,,,,,,,,,,,,,,,,,,,,,,,,,,,,,,,,,,,,,,,,,,,,,,,,,,,,,,,,,,,,,,,,,,,,,,,,,,,,,,,,,,,,,,,,,,,,,,,,,,,,,,,27,27,27,6,20,20,6,7,6,6,27,6,8,6,7,20,21,6,20,27,27,27,27,2,8,30,13,12,13,3,20,16,7,12,13,2,2,20,7,2,2,7,7,7,7,7,20,7,7,20,20,6,7,6,20,20,7,7,7,7,7,7,7,3,19,6,15,15,15,2,6,19,15,15,2,3,3,3,3,3,28,32,32,32,32,3,13,13,13,13,2,6,13,13,3,6,6,13,13,20,13,13,13,1,1,1,1,1,1,1,1,1,28,28,28,28,28,28,31,18,18,18,18,18,18,10,10,10,31,8,8,15,8,15,9,8,31,25,25,25,25,25,31,31,16,31,31,31,13,13,28,16,16,31,11,11,11,13,11,11,24,26,21,24,4,30,24,24,24,21,23,12,12,9,31,9,12,9,10,16,16,16,16,16,16,21,4,16,16,16,16,16,16,16,16,4,16,26,29,11,29,21,9,21,21,9,21,30,6,4,30,4,9,9,9,4,4,23,1.0,2.0,3.0,2.0,6,6,27,27
13873,2.1171171171171173,0.7814447547802414,0,0,1,"[17, 5, 14]",56,84,82,3.0,3.0,2.0,3.0,3.0,3.0,1.0,3.0,3.0,1.0,3.0,1.0,1.0,3.0,3.0,1.0,1.0,3.0,3.0,3.0,2.0,1.0,1.0,3.0,1.0,1.0,1.0,2.0,1.0,2.0,3.0,1.0,1.0,1.0,2.0,2.0,2.0,3.0,3.0,2.0,1.0,2.0,2.0,2.0,2.0,1.0,2.0,2.0,2.0,1.0,1.0,2.0,2.0,3.0,1.0,1.0,2.0,2.0,2.0,1.0,1.0,2.0,1.0,3.0,2.0,3.0,2.0,3.0,3.0,1.0,2.0,2.0,3.0,2.0,1.0,2.0,2.0,2.0,3.0,3.0,2.0,3.0,1.0,2.0,1.0,3.0,3.0,1.0,1.0,2.0,1.0,1.0,3.0,3.0,2.0,3.0,3.0,2.0,2.0,2.0,1.0,2.0,3.0,2.0,3.0,2.0,3.0,1.0,2.0,3.0,3.0,3.0,3.0,3.0,1.0,2.0,3.0,3.0,3.0,1.0,2.0,3.0,2.0,3.0,3.0,2.0,2.0,2.0,2.0,1.0,3.0,2.0,1.0,2.0,1.0,1.0,3.0,3.0,3.0,3.0,1.0,1.0,3.0,3.0,2.0,3.0,3.0,2.0,2.0,2.0,2.0,3.0,3.0,2.0,1.0,2.0,1.0,2.0,1.0,3.0,3.0,3.0,3.0,3.0,3.0,3.0,3.0,1.0,3.0,1.0,2.0,1.0,2.0,1.0,2.0,2.0,2.0,2.0,2.0,2.0,2.0,3.0,3.0,3.0,3.0,2.0,1.0,1.0,1.0,3.0,1.0,3.0,2.0,2.0,2.0,2.0,2.0,3.0,2.0,2.0,2.0,3.0,1.0,2.0,3.0,3.0,2.0,2.0,3.0,2.0,1.0,3.0,2.0,3.0,3.0,2.0,1.0,2.0,,,,,,,,,,,,,,,,,,,,,,,,,,,,,,,,,,,,,,,,,,,,,,,,,,,,,,,,,,,,,,,,,,,,,,,,,,,,,,,,,,,,,,,,,,,,,,,,,,,,,,,,,,,,,,,,,,,,,,,,,,,,,,,,,,,,,,,,,,,,,,,,,,,,,,,,,,,,,,,,,,,,,,,,,,,,,,,,,,,,,,,,,,,,,,,,,,,,,,,,,,,,,,,,,,,,,,,,,,,27,27,27,13,13,13,6,13,6,6,27,6,8,27,27,20,21,27,27,20,13,13,7,13,8,30,13,7,13,7,19,16,7,12,7,21,21,13,2,2,2,2,7,6,6,20,20,6,6,20,20,6,7,6,6,6,7,2,20,7,6,7,7,3,19,6,15,15,8,15,15,15,15,15,15,13,3,3,3,3,32,32,32,6,32,3,16,20,20,2,13,13,13,13,13,13,13,6,6,13,7,2,30,1,1,1,1,1,11,21,1,1,28,28,32,30,28,28,28,18,18,18,18,18,18,10,4,10,10,8,8,15,8,15,8,8,31,25,25,25,25,25,31,6,16,31,31,31,31,31,31,31,31,31,11,11,21,12,11,11,24,24,24,24,24,24,24,24,24,12,12,12,12,26,12,12,9,16,6,16,16,16,16,20,16,16,16,16,11,16,16,16,16,16,16,16,16,29,29,29,31,21,9,21,21,10,21,30,6,30,30,30,9,9,9,4,4,23,2.0,3.0,3.0,2.0,13,13,27,27
13874,2.081081081081081,0.7860219463751896,3,0,1,"[5, 14, 17]",60,84,78,1.0,1.0,2.0,1.0,2.0,2.0,2.0,2.0,2.0,2.0,2.0,3.0,3.0,2.0,3.0,2.0,2.0,2.0,2.0,1.0,2.0,1.0,3.0,2.0,1.0,1.0,3.0,1.0,1.0,1.0,1.0,1.0,3.0,1.0,2.0,3.0,3.0,1.0,1.0,2.0,1.0,1.0,2.0,3.0,3.0,3.0,1.0,3.0,3.0,3.0,3.0,2.0,2.0,3.0,3.0,3.0,2.0,1.0,3.0,1.0,2.0,2.0,2.0,3.0,2.0,3.0,2.0,3.0,2.0,1.0,2.0,2.0,3.0,1.0,1.0,1.0,2.0,2.0,2.0,2.0,2.0,3.0,1.0,3.0,1.0,3.0,3.0,2.0,2.0,2.0,2.0,2.0,3.0,3.0,2.0,2.0,2.0,1.0,1.0,1.0,3.0,1.0,3.0,2.0,3.0,2.0,3.0,1.0,1.0,2.0,3.0,3.0,3.0,3.0,1.0,2.0,3.0,3.0,3.0,1.0,2.0,3.0,2.0,3.0,3.0,1.0,3.0,2.0,2.0,1.0,3.0,1.0,1.0,2.0,1.0,1.0,1.0,2.0,2.0,3.0,1.0,1.0,3.0,2.0,3.0,3.0,3.0,2.0,2.0,2.0,1.0,3.0,3.0,2.0,1.0,2.0,3.0,3.0,1.0,2.0,3.0,1.0,1.0,3.0,3.0,3.0,3.0,1.0,3.0,1.0,2.0,1.0,1.0,3.0,2.0,3.0,1.0,3.0,3.0,2.0,2.0,3.0,3.0,2.0,3.0,1.0,2.0,1.0,2.0,3.0,1.0,3.0,2.0,2.0,3.0,3.0,2.0,3.0,2.0,2.0,2.0,3.0,1.0,2.0,3.0,3.0,2.0,2.0,1.0,2.0,2.0,3.0,2.0,3.0,3.0,2.0,1.0,2.0,,,,,,,,,,,,,,,,,,,,,,,,,,,,,,,,,,,,,,,,,,,,,,,,,,,,,,,,,,,,,,,,,,,,,,,,,,,,,,,,,,,,,,,,,,,,,,,,,,,,,,,,,,,,,,,,,,,,,,,,,,,,,,,,,,,,,,,,,,,,,,,,,,,,,,,,,,,,,,,,,,,,,,,,,,,,,,,,,,,,,,,,,,,,,,,,,,,,,,,,,,,,,,,,,,,,,,,,,,,20,20,27,20,20,20,20,20,20,20,13,20,20,6,27,27,27,6,13,25,13,13,13,2,8,30,7,12,13,30,20,16,27,12,7,2,2,20,7,2,2,7,7,27,27,6,6,27,27,6,6,6,7,6,27,27,7,7,7,7,7,7,6,3,19,6,15,15,15,15,15,15,15,6,15,3,3,3,13,13,32,32,32,32,32,3,16,13,13,2,2,6,13,13,13,6,6,13,13,20,13,13,30,1,1,1,1,1,1,1,1,1,28,28,32,30,28,28,28,18,18,18,18,18,18,11,10,10,10,8,8,8,8,15,8,8,15,28,28,25,25,25,31,31,31,31,31,31,31,31,19,31,31,31,11,11,11,11,11,21,24,26,26,24,24,24,24,24,24,12,12,12,9,9,12,9,13,9,16,16,16,16,16,16,16,21,4,16,16,16,16,16,16,16,6,4,16,29,29,29,31,21,9,21,21,10,21,30,30,30,6,30,9,9,9,4,4,23,1.0,2.0,2.0,2.0,6,6,13,27
13875,2.130630630630631,0.7993541276055078,1,0,1,"[5, 14, 17, 26]",58,77,87,3.0,3.0,2.0,1.0,2.0,2.0,3.0,1.0,1.0,1.0,3.0,3.0,3.0,3.0,3.0,1.0,1.0,1.0,2.0,2.0,3.0,1.0,1.0,1.0,1.0,1.0,3.0,1.0,3.0,3.0,1.0,2.0,2.0,2.0,2.0,3.0,3.0,1.0,3.0,2.0,1.0,2.0,1.0,2.0,2.0,3.0,1.0,2.0,2.0,3.0,3.0,2.0,3.0,3.0,1.0,1.0,3.0,3.0,1.0,3.0,1.0,3.0,2.0,3.0,2.0,1.0,2.0,3.0,3.0,2.0,2.0,2.0,3.0,2.0,2.0,1.0,2.0,2.0,3.0,3.0,3.0,3.0,1.0,3.0,2.0,3.0,3.0,2.0,2.0,1.0,1.0,1.0,3.0,3.0,3.0,3.0,3.0,1.0,1.0,1.0,3.0,1.0,1.0,2.0,3.0,2.0,3.0,1.0,3.0,3.0,3.0,3.0,3.0,3.0,3.0,1.0,3.0,3.0,2.0,1.0,2.0,3.0,2.0,2.0,3.0,2.0,2.0,2.0,2.0,1.0,2.0,1.0,3.0,3.0,2.0,1.0,2.0,3.0,3.0,3.0,1.0,1.0,3.0,2.0,3.0,3.0,3.0,2.0,2.0,2.0,3.0,2.0,2.0,2.0,1.0,2.0,3.0,1.0,1.0,3.0,3.0,3.0,3.0,3.0,2.0,1.0,3.0,1.0,2.0,1.0,1.0,1.0,2.0,2.0,3.0,1.0,3.0,3.0,3.0,2.0,2.0,3.0,3.0,2.0,3.0,2.0,2.0,1.0,2.0,3.0,1.0,3.0,3.0,2.0,2.0,2.0,2.0,3.0,2.0,2.0,2.0,2.0,2.0,2.0,3.0,3.0,2.0,2.0,1.0,2.0,1.0,3.0,2.0,1.0,1.0,2.0,3.0,2.0,,,,,,,,,,,,,,,,,,,,,,,,,,,,,,,,,,,,,,,,,,,,,,,,,,,,,,,,,,,,,,,,,,,,,,,,,,,,,,,,,,,,,,,,,,,,,,,,,,,,,,,,,,,,,,,,,,,,,,,,,,,,,,,,,,,,,,,,,,,,,,,,,,,,,,,,,,,,,,,,,,,,,,,,,,,,,,,,,,,,,,,,,,,,,,,,,,,,,,,,,,,,,,,,,,,,,,,,,,,27,27,27,20,20,20,7,7,7,6,27,20,20,27,27,20,21,7,13,27,27,13,7,7,8,30,7,12,7,3,20,7,20,7,7,2,2,20,2,2,2,2,6,6,6,6,6,6,6,6,6,6,6,6,6,6,6,6,6,6,6,6,6,3,19,15,15,15,8,2,15,15,15,15,2,3,3,3,3,3,28,32,32,32,8,3,16,13,13,13,13,13,13,13,3,13,13,13,13,20,13,13,13,1,1,1,1,1,21,21,1,1,28,28,28,28,28,28,31,18,18,18,18,16,18,10,4,10,10,8,23,8,23,8,9,8,8,25,25,25,25,25,31,31,31,31,31,31,31,31,28,16,16,31,11,11,11,13,11,11,24,24,24,24,30,30,24,24,19,12,23,12,12,12,23,21,12,9,16,16,16,16,16,16,16,16,4,16,16,16,16,16,23,16,16,16,16,29,29,29,31,4,21,21,21,10,21,30,30,30,30,30,9,12,12,4,7,23,1.0,1.0,3.0,2.0,6,20,27,27
13876,2.0945945945945947,0.793108077841898,2,0,1,"[17, 14, 5]",60,81,81,2.0,2.0,2.0,1.0,2.0,2.0,3.0,1.0,3.0,3.0,3.0,3.0,3.0,1.0,1.0,2.0,2.0,1.0,2.0,3.0,1.0,2.0,2.0,1.0,1.0,1.0,3.0,1.0,3.0,3.0,3.0,3.0,2.0,1.0,2.0,3.0,3.0,1.0,3.0,2.0,1.0,2.0,1.0,2.0,2.0,3.0,1.0,2.0,2.0,3.0,3.0,2.0,3.0,3.0,1.0,1.0,3.0,3.0,1.0,3.0,1.0,3.0,2.0,3.0,1.0,1.0,2.0,3.0,3.0,1.0,2.0,2.0,2.0,2.0,1.0,1.0,2.0,2.0,3.0,3.0,2.0,3.0,2.0,3.0,2.0,3.0,2.0,2.0,2.0,1.0,2.0,1.0,3.0,3.0,3.0,3.0,3.0,1.0,1.0,2.0,3.0,1.0,3.0,2.0,3.0,2.0,3.0,1.0,1.0,2.0,3.0,3.0,3.0,3.0,3.0,1.0,3.0,3.0,3.0,1.0,2.0,3.0,2.0,3.0,3.0,1.0,3.0,2.0,2.0,1.0,3.0,1.0,2.0,3.0,2.0,2.0,1.0,3.0,3.0,2.0,1.0,1.0,3.0,2.0,2.0,3.0,3.0,2.0,1.0,1.0,1.0,2.0,2.0,2.0,1.0,2.0,3.0,3.0,1.0,2.0,3.0,1.0,1.0,3.0,2.0,2.0,3.0,1.0,3.0,1.0,1.0,1.0,2.0,1.0,1.0,2.0,3.0,3.0,3.0,2.0,2.0,3.0,3.0,2.0,3.0,2.0,3.0,1.0,2.0,3.0,1.0,3.0,3.0,2.0,2.0,2.0,2.0,2.0,2.0,2.0,2.0,1.0,2.0,2.0,3.0,3.0,1.0,2.0,1.0,2.0,1.0,2.0,2.0,3.0,3.0,2.0,2.0,2.0,,,,,,,,,,,,,,,,,,,,,,,,,,,,,,,,,,,,,,,,,,,,,,,,,,,,,,,,,,,,,,,,,,,,,,,,,,,,,,,,,,,,,,,,,,,,,,,,,,,,,,,,,,,,,,,,,,,,,,,,,,,,,,,,,,,,,,,,,,,,,,,,,,,,,,,,,,,,,,,,,,,,,,,,,,,,,,,,,,,,,,,,,,,,,,,,,,,,,,,,,,,,,,,,,,,,,,,,,,,7,7,27,20,20,20,7,7,6,27,27,20,20,7,7,27,27,7,13,20,7,27,27,7,8,30,7,12,7,3,19,27,20,12,7,2,2,20,2,2,2,2,6,6,6,6,6,6,6,6,6,6,6,6,6,6,6,6,6,6,6,6,6,3,20,15,15,15,8,15,15,15,8,15,15,3,3,3,3,3,32,32,25,32,8,3,13,13,13,13,2,13,13,13,3,13,13,13,13,13,13,13,30,1,1,1,1,1,1,1,1,1,28,28,28,28,28,28,28,18,18,18,18,18,18,11,10,10,10,8,8,8,16,8,9,30,15,25,25,12,25,25,31,31,16,31,31,31,13,13,19,16,16,31,11,11,11,11,11,21,24,26,26,24,30,13,24,24,24,12,23,12,12,26,31,12,12,9,16,16,16,16,16,16,16,16,23,16,16,16,16,16,23,16,16,16,16,26,29,29,31,23,21,21,21,10,23,30,30,30,30,4,9,9,9,4,23,23,1.0,1.0,3.0,2.0,6,20,27,27
13877,2.018018018018018,0.7842566527683641,2,1,1,"[17, 14, 5]",66,86,70,2.0,2.0,2.0,1.0,2.0,2.0,3.0,1.0,2.0,2.0,1.0,3.0,3.0,1.0,1.0,2.0,2.0,3.0,3.0,1.0,1.0,2.0,2.0,1.0,1.0,1.0,3.0,2.0,3.0,1.0,2.0,1.0,3.0,3.0,3.0,2.0,2.0,1.0,3.0,2.0,1.0,2.0,1.0,2.0,2.0,3.0,1.0,2.0,2.0,3.0,3.0,2.0,3.0,3.0,1.0,1.0,3.0,2.0,1.0,3.0,1.0,3.0,2.0,1.0,2.0,1.0,2.0,3.0,3.0,1.0,2.0,2.0,2.0,2.0,1.0,2.0,2.0,2.0,1.0,1.0,2.0,3.0,1.0,3.0,1.0,1.0,3.0,2.0,2.0,2.0,1.0,1.0,3.0,3.0,2.0,3.0,3.0,1.0,1.0,2.0,3.0,2.0,1.0,2.0,3.0,2.0,3.0,2.0,1.0,2.0,3.0,3.0,3.0,3.0,2.0,2.0,3.0,3.0,3.0,1.0,2.0,3.0,2.0,3.0,3.0,2.0,2.0,2.0,2.0,1.0,2.0,1.0,3.0,3.0,1.0,1.0,1.0,3.0,3.0,3.0,2.0,1.0,3.0,2.0,3.0,3.0,3.0,2.0,2.0,2.0,2.0,2.0,2.0,2.0,1.0,2.0,3.0,1.0,1.0,3.0,3.0,1.0,1.0,3.0,2.0,2.0,3.0,1.0,3.0,1.0,1.0,1.0,2.0,1.0,3.0,2.0,3.0,3.0,3.0,2.0,2.0,3.0,3.0,2.0,3.0,1.0,2.0,1.0,2.0,3.0,1.0,3.0,2.0,2.0,1.0,3.0,2.0,2.0,1.0,1.0,1.0,1.0,2.0,2.0,3.0,3.0,2.0,2.0,2.0,3.0,1.0,3.0,2.0,1.0,1.0,2.0,2.0,2.0,,,,,,,,,,,,,,,,,,,,,,,,,,,,,,,,,,,,,,,,,,,,,,,,,,,,,,,,,,,,,,,,,,,,,,,,,,,,,,,,,,,,,,,,,,,,,,,,,,,,,,,,,,,,,,,,,,,,,,,,,,,,,,,,,,,,,,,,,,,,,,,,,,,,,,,,,,,,,,,,,,,,,,,,,,,,,,,,,,,,,,,,,,,,,,,,,,,,,,,,,,,,,,,,,,,,,,,,,,,7,7,27,20,20,20,7,7,20,20,20,20,20,7,7,27,27,27,27,25,7,27,27,7,8,30,7,7,7,30,7,16,27,27,27,21,21,20,2,2,2,2,6,6,6,6,6,6,6,6,6,6,6,6,6,6,6,2,6,6,6,6,6,19,19,15,15,15,8,15,15,15,8,15,15,13,3,3,28,28,32,32,32,32,32,32,16,13,13,2,13,13,13,13,13,13,13,13,13,13,13,2,13,1,1,1,1,30,1,1,1,1,28,28,24,30,28,28,28,18,18,18,18,18,18,10,4,10,10,8,23,8,23,8,8,8,15,25,25,25,31,25,31,31,31,31,31,31,31,31,31,16,16,31,11,11,11,13,11,11,24,26,26,24,30,13,24,24,24,12,23,12,12,26,23,12,12,9,16,16,16,16,16,16,16,21,4,16,16,16,16,16,16,16,23,4,16,26,4,11,29,23,21,21,21,10,21,30,4,4,30,30,9,12,12,4,23,23,2.0,1.0,1.0,1.0,13,20,20,20
13878,2.0675675675675675,0.7958787695220654,3,1,0,"[17, 14, 5]",63,81,78,3.0,3.0,2.0,1.0,2.0,2.0,2.0,2.0,2.0,2.0,3.0,3.0,3.0,3.0,3.0,1.0,1.0,1.0,1.0,2.0,3.0,1.0,1.0,2.0,1.0,1.0,3.0,2.0,3.0,3.0,3.0,2.0,1.0,2.0,1.0,3.0,3.0,1.0,1.0,2.0,1.0,1.0,2.0,2.0,2.0,3.0,1.0,2.0,2.0,3.0,3.0,2.0,3.0,3.0,1.0,1.0,3.0,3.0,1.0,3.0,1.0,3.0,2.0,3.0,2.0,1.0,2.0,3.0,2.0,2.0,2.0,2.0,3.0,2.0,2.0,1.0,2.0,2.0,3.0,3.0,3.0,1.0,3.0,3.0,2.0,3.0,2.0,2.0,2.0,1.0,2.0,1.0,3.0,3.0,3.0,3.0,3.0,1.0,1.0,2.0,3.0,1.0,2.0,1.0,3.0,1.0,3.0,1.0,3.0,3.0,3.0,3.0,2.0,2.0,3.0,1.0,3.0,3.0,3.0,1.0,2.0,3.0,2.0,3.0,3.0,2.0,3.0,1.0,2.0,2.0,3.0,2.0,1.0,2.0,1.0,2.0,2.0,3.0,3.0,3.0,1.0,1.0,3.0,1.0,2.0,3.0,3.0,2.0,2.0,2.0,3.0,2.0,2.0,2.0,1.0,1.0,3.0,2.0,1.0,1.0,3.0,1.0,1.0,3.0,3.0,3.0,3.0,1.0,3.0,2.0,1.0,1.0,2.0,1.0,1.0,1.0,1.0,2.0,3.0,2.0,2.0,3.0,3.0,2.0,3.0,2.0,2.0,1.0,2.0,3.0,1.0,3.0,3.0,2.0,2.0,2.0,2.0,2.0,2.0,2.0,1.0,2.0,2.0,3.0,1.0,1.0,1.0,2.0,2.0,3.0,1.0,3.0,2.0,1.0,1.0,2.0,1.0,2.0,,,,,,,,,,,,,,,,,,,,,,,,,,,,,,,,,,,,,,,,,,,,,,,,,,,,,,,,,,,,,,,,,,,,,,,,,,,,,,,,,,,,,,,,,,,,,,,,,,,,,,,,,,,,,,,,,,,,,,,,,,,,,,,,,,,,,,,,,,,,,,,,,,,,,,,,,,,,,,,,,,,,,,,,,,,,,,,,,,,,,,,,,,,,,,,,,,,,,,,,,,,,,,,,,,,,,,,,,,,27,27,27,20,20,20,20,20,20,20,27,20,20,27,27,20,21,7,20,27,27,13,7,2,8,30,7,7,7,3,19,7,7,7,13,2,2,20,7,2,2,7,7,6,6,6,6,6,6,6,6,6,6,6,6,6,6,6,6,6,6,6,6,3,19,15,15,15,15,2,15,15,15,15,2,3,3,3,3,3,28,30,26,32,8,3,13,13,13,13,2,13,13,13,3,13,13,13,13,13,13,13,12,21,1,11,1,1,21,21,1,1,11,11,28,28,28,28,28,18,18,18,18,18,18,10,10,11,10,30,8,15,8,15,8,30,8,25,25,25,25,25,31,10,16,31,31,31,31,31,28,16,16,31,11,30,11,12,11,4,24,26,26,24,24,24,24,24,24,21,23,12,12,26,31,21,13,16,16,16,16,16,16,16,16,16,4,16,16,16,16,16,23,16,16,16,16,26,29,29,29,4,21,7,4,21,23,30,4,4,30,30,9,12,12,4,4,23,2.0,1.0,3.0,2.0,13,20,27,27
13879,2.135135135135135,0.7726839453446801,2,0,0,"[17, 14, 5, 26]",53,86,83,1.0,1.0,1.0,2.0,2.0,2.0,1.0,3.0,3.0,1.0,2.0,1.0,1.0,2.0,3.0,1.0,1.0,2.0,2.0,1.0,1.0,1.0,3.0,3.0,1.0,1.0,3.0,1.0,3.0,3.0,1.0,1.0,3.0,1.0,1.0,3.0,3.0,1.0,3.0,1.0,1.0,2.0,2.0,3.0,3.0,2.0,2.0,3.0,3.0,3.0,3.0,2.0,2.0,3.0,3.0,3.0,2.0,2.0,3.0,1.0,2.0,2.0,1.0,3.0,2.0,1.0,2.0,3.0,2.0,2.0,2.0,2.0,2.0,2.0,2.0,1.0,2.0,2.0,3.0,3.0,2.0,3.0,1.0,3.0,2.0,3.0,3.0,2.0,2.0,1.0,2.0,2.0,3.0,3.0,3.0,2.0,2.0,1.0,1.0,1.0,3.0,1.0,3.0,2.0,3.0,2.0,3.0,2.0,2.0,3.0,3.0,3.0,3.0,3.0,1.0,2.0,3.0,3.0,3.0,1.0,2.0,3.0,2.0,3.0,3.0,2.0,3.0,2.0,3.0,1.0,2.0,2.0,1.0,3.0,2.0,2.0,2.0,2.0,2.0,3.0,1.0,1.0,3.0,2.0,3.0,3.0,3.0,2.0,2.0,2.0,1.0,3.0,3.0,2.0,1.0,1.0,3.0,3.0,1.0,3.0,3.0,3.0,3.0,3.0,3.0,3.0,3.0,1.0,3.0,2.0,1.0,1.0,2.0,2.0,2.0,2.0,3.0,2.0,3.0,2.0,2.0,3.0,3.0,2.0,2.0,1.0,1.0,1.0,2.0,3.0,2.0,3.0,3.0,2.0,3.0,2.0,2.0,3.0,2.0,2.0,1.0,2.0,2.0,2.0,3.0,3.0,2.0,2.0,2.0,1.0,2.0,3.0,2.0,3.0,3.0,1.0,2.0,2.0,,,,,,,,,,,,,,,,,,,,,,,,,,,,,,,,,,,,,,,,,,,,,,,,,,,,,,,,,,,,,,,,,,,,,,,,,,,,,,,,,,,,,,,,,,,,,,,,,,,,,,,,,,,,,,,,,,,,,,,,,,,,,,,,,,,,,,,,,,,,,,,,,,,,,,,,,,,,,,,,,,,,,,,,,,,,,,,,,,,,,,,,,,,,,,,,,,,,,,,,,,,,,,,,,,,,,,,,,,,20,20,20,6,20,20,6,13,6,6,13,6,8,6,27,20,21,6,13,25,7,13,13,13,8,30,7,12,7,3,20,16,27,12,13,2,2,20,2,27,2,2,7,27,27,7,20,27,27,6,6,6,7,6,27,27,7,2,7,7,7,7,7,3,19,15,15,15,15,2,15,15,8,15,2,3,3,3,3,3,32,32,32,32,8,3,16,13,13,13,2,6,13,13,3,6,6,13,13,20,13,13,30,1,1,1,1,30,11,21,1,1,28,28,32,30,28,28,28,18,18,18,18,18,18,10,10,10,31,8,23,15,8,8,9,30,8,28,28,25,25,25,31,31,31,31,31,31,31,31,19,31,31,31,11,30,11,11,11,11,24,24,24,24,24,24,24,24,24,21,23,12,12,12,12,12,12,16,16,16,16,16,16,16,23,21,16,16,16,16,23,16,23,16,6,16,16,29,29,29,29,4,21,21,21,10,21,30,4,23,6,30,9,9,9,27,23,23,1.0,2.0,2.0,1.0,6,6,13,20
13880,2.0,0.778675055224552,1,0,1,"[17, 14, 5, 4]",67,88,67,1.0,1.0,1.0,2.0,2.0,2.0,1.0,3.0,3.0,1.0,1.0,1.0,1.0,2.0,1.0,2.0,2.0,2.0,2.0,2.0,3.0,1.0,3.0,2.0,1.0,1.0,1.0,1.0,1.0,3.0,1.0,1.0,1.0,1.0,1.0,3.0,3.0,2.0,1.0,1.0,1.0,1.0,2.0,1.0,1.0,2.0,2.0,1.0,1.0,2.0,2.0,2.0,2.0,3.0,3.0,3.0,2.0,1.0,3.0,1.0,2.0,2.0,1.0,1.0,2.0,1.0,2.0,2.0,2.0,2.0,2.0,2.0,3.0,2.0,2.0,1.0,2.0,2.0,3.0,3.0,3.0,3.0,1.0,3.0,1.0,2.0,3.0,2.0,2.0,1.0,2.0,2.0,3.0,3.0,3.0,2.0,2.0,1.0,1.0,1.0,3.0,1.0,2.0,2.0,3.0,1.0,3.0,1.0,2.0,3.0,3.0,3.0,3.0,3.0,3.0,1.0,2.0,2.0,2.0,1.0,2.0,3.0,2.0,3.0,3.0,2.0,3.0,2.0,3.0,1.0,3.0,2.0,1.0,2.0,1.0,1.0,1.0,3.0,3.0,2.0,1.0,1.0,2.0,3.0,3.0,3.0,3.0,2.0,2.0,2.0,3.0,3.0,3.0,2.0,1.0,1.0,3.0,1.0,1.0,3.0,3.0,1.0,2.0,3.0,2.0,3.0,3.0,2.0,3.0,2.0,1.0,1.0,2.0,1.0,3.0,2.0,3.0,2.0,3.0,2.0,2.0,3.0,3.0,2.0,3.0,2.0,3.0,1.0,2.0,2.0,2.0,3.0,3.0,2.0,2.0,2.0,2.0,2.0,2.0,2.0,2.0,3.0,2.0,2.0,3.0,3.0,2.0,2.0,1.0,2.0,1.0,3.0,2.0,3.0,3.0,1.0,2.0,2.0,,,,,,,,,,,,,,,,,,,,,,,,,,,,,,,,,,,,,,,,,,,,,,,,,,,,,,,,,,,,,,,,,,,,,,,,,,,,,,,,,,,,,,,,,,,,,,,,,,,,,,,,,,,,,,,,,,,,,,,,,,,,,,,,,,,,,,,,,,,,,,,,,,,,,,,,,,,,,,,,,,,,,,,,,,,,,,,,,,,,,,,,,,,,,,,,,,,,,,,,,,,,,,,,,,,,,,,,,,,20,20,20,6,20,20,6,13,6,6,20,6,8,6,7,27,27,6,13,27,27,13,13,2,8,30,13,12,13,3,20,16,7,12,13,2,2,2,7,27,2,7,7,7,7,7,20,7,7,27,27,6,7,6,27,27,7,7,7,7,7,7,7,19,19,15,15,6,15,2,15,15,15,15,2,3,3,3,3,3,28,32,32,32,32,28,16,13,13,13,2,6,13,13,3,6,6,13,13,20,13,13,12,1,1,11,1,1,11,21,1,1,28,28,28,28,25,25,31,18,18,18,18,18,18,10,10,10,31,8,8,15,8,15,8,8,15,25,25,12,25,25,6,6,31,31,31,31,31,31,28,31,31,31,11,30,11,13,11,11,24,26,21,24,30,24,24,28,24,21,23,12,12,26,23,12,12,16,16,16,16,16,16,16,16,16,23,16,16,23,23,16,23,16,16,16,16,26,29,29,31,21,21,21,21,10,21,30,30,30,30,30,9,9,9,27,23,23,1.0,2.0,1.0,1.0,6,6,20,20
13881,2.0855855855855854,0.8166089076336228,2,0,0,"[17, 14, 5]",65,73,84,2.0,2.0,1.0,2.0,2.0,2.0,3.0,1.0,2.0,2.0,1.0,3.0,3.0,1.0,1.0,2.0,2.0,1.0,2.0,1.0,1.0,1.0,1.0,1.0,1.0,1.0,3.0,3.0,3.0,3.0,3.0,1.0,3.0,3.0,3.0,3.0,3.0,1.0,3.0,2.0,1.0,2.0,1.0,2.0,2.0,3.0,1.0,2.0,2.0,3.0,3.0,3.0,3.0,3.0,1.0,1.0,3.0,2.0,1.0,3.0,1.0,3.0,2.0,3.0,2.0,1.0,2.0,3.0,3.0,1.0,2.0,2.0,2.0,2.0,1.0,1.0,2.0,2.0,3.0,3.0,2.0,3.0,1.0,3.0,1.0,3.0,2.0,2.0,2.0,1.0,1.0,1.0,3.0,3.0,3.0,3.0,3.0,1.0,1.0,2.0,3.0,1.0,3.0,2.0,3.0,1.0,3.0,1.0,1.0,2.0,3.0,3.0,3.0,3.0,1.0,2.0,3.0,3.0,3.0,1.0,2.0,3.0,2.0,3.0,3.0,2.0,2.0,2.0,2.0,2.0,3.0,2.0,3.0,2.0,1.0,2.0,2.0,3.0,3.0,3.0,2.0,1.0,3.0,1.0,3.0,3.0,3.0,2.0,2.0,2.0,2.0,3.0,3.0,1.0,1.0,1.0,3.0,3.0,1.0,2.0,3.0,1.0,1.0,3.0,3.0,3.0,3.0,1.0,3.0,1.0,1.0,1.0,1.0,1.0,1.0,3.0,2.0,2.0,3.0,2.0,2.0,3.0,3.0,2.0,2.0,3.0,3.0,1.0,1.0,3.0,2.0,3.0,3.0,2.0,2.0,3.0,3.0,2.0,2.0,2.0,1.0,3.0,1.0,2.0,1.0,2.0,2.0,2.0,2.0,3.0,1.0,2.0,2.0,3.0,3.0,2.0,2.0,2.0,,,,,,,,,,,,,,,,,,,,,,,,,,,,,,,,,,,,,,,,,,,,,,,,,,,,,,,,,,,,,,,,,,,,,,,,,,,,,,,,,,,,,,,,,,,,,,,,,,,,,,,,,,,,,,,,,,,,,,,,,,,,,,,,,,,,,,,,,,,,,,,,,,,,,,,,,,,,,,,,,,,,,,,,,,,,,,,,,,,,,,,,,,,,,,,,,,,,,,,,,,,,,,,,,,,,,,,,,,,7,7,20,6,20,20,7,7,20,20,20,20,20,7,7,27,27,7,13,25,7,13,7,7,8,30,7,27,7,3,19,16,27,27,27,2,2,20,2,2,2,2,6,6,6,6,6,6,6,6,6,27,6,6,6,6,6,2,6,6,6,6,6,3,19,15,15,15,8,15,15,15,8,15,15,3,3,3,3,3,32,32,32,32,32,3,13,13,13,13,13,13,13,13,3,13,13,13,13,13,13,13,30,1,1,11,1,1,1,1,1,1,28,28,32,30,28,28,28,18,18,18,18,18,18,10,4,10,10,30,8,15,23,15,8,30,8,25,25,25,31,25,31,10,31,31,31,31,31,31,31,31,31,4,11,30,11,11,11,21,24,26,26,24,24,24,24,24,24,12,23,12,9,26,31,9,9,16,16,16,16,16,16,16,23,27,23,16,11,16,23,16,23,16,16,4,27,26,29,29,29,21,9,21,4,9,21,30,4,4,30,4,9,9,9,4,23,23,1.0,1.0,1.0,1.0,6,20,20,20
13882,2.0585585585585586,0.7557883383543853,2,1,1,"[17, 14, 26, 5]",57,95,70,1.0,1.0,1.0,2.0,2.0,2.0,2.0,2.0,2.0,2.0,1.0,3.0,3.0,2.0,1.0,2.0,2.0,2.0,2.0,2.0,3.0,1.0,3.0,2.0,1.0,1.0,1.0,1.0,1.0,3.0,3.0,1.0,1.0,3.0,3.0,3.0,3.0,1.0,1.0,2.0,1.0,1.0,2.0,1.0,1.0,2.0,1.0,2.0,2.0,2.0,2.0,2.0,2.0,3.0,3.0,3.0,2.0,1.0,3.0,1.0,2.0,2.0,1.0,3.0,2.0,3.0,2.0,3.0,3.0,2.0,2.0,1.0,2.0,2.0,2.0,1.0,2.0,2.0,3.0,3.0,2.0,3.0,1.0,2.0,1.0,3.0,2.0,2.0,2.0,1.0,2.0,2.0,3.0,3.0,3.0,2.0,2.0,1.0,1.0,2.0,3.0,1.0,2.0,2.0,2.0,2.0,3.0,1.0,2.0,3.0,3.0,3.0,3.0,3.0,1.0,2.0,3.0,3.0,3.0,1.0,2.0,3.0,1.0,3.0,3.0,2.0,2.0,2.0,2.0,1.0,3.0,1.0,2.0,3.0,2.0,3.0,2.0,2.0,2.0,3.0,1.0,1.0,2.0,2.0,3.0,3.0,3.0,2.0,2.0,2.0,2.0,2.0,2.0,1.0,1.0,2.0,3.0,2.0,1.0,2.0,3.0,3.0,3.0,3.0,3.0,3.0,3.0,1.0,3.0,2.0,2.0,1.0,2.0,3.0,1.0,3.0,3.0,3.0,3.0,2.0,2.0,3.0,3.0,2.0,3.0,2.0,2.0,1.0,1.0,2.0,1.0,3.0,3.0,2.0,2.0,2.0,2.0,3.0,2.0,2.0,1.0,2.0,1.0,2.0,1.0,3.0,1.0,2.0,2.0,3.0,1.0,3.0,2.0,3.0,3.0,2.0,2.0,1.0,,,,,,,,,,,,,,,,,,,,,,,,,,,,,,,,,,,,,,,,,,,,,,,,,,,,,,,,,,,,,,,,,,,,,,,,,,,,,,,,,,,,,,,,,,,,,,,,,,,,,,,,,,,,,,,,,,,,,,,,,,,,,,,,,,,,,,,,,,,,,,,,,,,,,,,,,,,,,,,,,,,,,,,,,,,,,,,,,,,,,,,,,,,,,,,,,,,,,,,,,,,,,,,,,,,,,,,,,,,20,20,20,6,20,20,20,20,20,20,20,20,20,6,7,27,27,6,13,27,27,13,13,2,8,30,13,12,13,3,19,16,7,27,27,2,2,20,7,2,2,7,7,7,7,7,6,6,6,27,27,6,7,6,27,27,7,7,7,7,7,7,7,3,19,6,15,15,8,2,15,16,8,15,2,3,3,3,3,3,32,32,32,6,32,3,13,13,13,13,2,6,13,13,3,6,6,13,13,13,13,13,12,1,12,1,1,1,11,21,1,1,28,28,32,30,28,28,28,18,18,18,16,18,18,10,4,10,10,8,8,8,16,8,9,6,8,28,28,25,25,25,6,31,31,31,31,31,31,31,31,16,16,4,11,11,11,12,11,21,24,24,24,24,24,24,24,24,24,21,12,12,12,9,31,9,12,9,16,16,16,16,16,16,16,16,4,16,11,23,16,16,23,16,16,16,16,29,29,29,29,4,9,21,4,10,23,30,4,4,30,30,9,9,9,4,23,6,1.0,2.0,1.0,1.0,6,6,20,20
13883,2.0720720720720722,0.7983207682885088,2,0,1,"[14, 5, 29]",63,80,79,3.0,3.0,2.0,1.0,1.0,1.0,2.0,2.0,2.0,2.0,3.0,3.0,3.0,3.0,3.0,1.0,1.0,1.0,1.0,1.0,1.0,2.0,2.0,2.0,1.0,1.0,3.0,2.0,3.0,3.0,3.0,2.0,1.0,2.0,2.0,1.0,1.0,2.0,1.0,2.0,1.0,1.0,1.0,2.0,2.0,3.0,1.0,2.0,2.0,3.0,3.0,2.0,3.0,3.0,1.0,1.0,3.0,3.0,1.0,3.0,1.0,3.0,2.0,2.0,2.0,1.0,2.0,3.0,2.0,2.0,2.0,2.0,3.0,2.0,2.0,3.0,2.0,2.0,3.0,3.0,2.0,2.0,3.0,3.0,1.0,1.0,2.0,2.0,2.0,1.0,2.0,2.0,3.0,3.0,3.0,3.0,3.0,1.0,1.0,2.0,3.0,1.0,3.0,2.0,3.0,2.0,3.0,1.0,2.0,1.0,3.0,3.0,3.0,3.0,1.0,2.0,3.0,3.0,3.0,3.0,1.0,3.0,2.0,3.0,3.0,2.0,2.0,2.0,2.0,1.0,3.0,2.0,1.0,2.0,1.0,1.0,2.0,2.0,2.0,3.0,2.0,1.0,3.0,1.0,3.0,3.0,3.0,2.0,1.0,1.0,2.0,3.0,3.0,1.0,1.0,2.0,3.0,1.0,1.0,1.0,3.0,3.0,3.0,3.0,3.0,3.0,3.0,1.0,3.0,2.0,1.0,1.0,1.0,1.0,1.0,3.0,1.0,2.0,3.0,2.0,2.0,3.0,3.0,2.0,3.0,2.0,1.0,1.0,1.0,3.0,1.0,3.0,2.0,2.0,2.0,3.0,2.0,1.0,3.0,3.0,2.0,3.0,1.0,2.0,3.0,2.0,2.0,2.0,2.0,2.0,1.0,2.0,2.0,3.0,3.0,2.0,2.0,2.0,,,,,,,,,,,,,,,,,,,,,,,,,,,,,,,,,,,,,,,,,,,,,,,,,,,,,,,,,,,,,,,,,,,,,,,,,,,,,,,,,,,,,,,,,,,,,,,,,,,,,,,,,,,,,,,,,,,,,,,,,,,,,,,,,,,,,,,,,,,,,,,,,,,,,,,,,,,,,,,,,,,,,,,,,,,,,,,,,,,,,,,,,,,,,,,,,,,,,,,,,,,,,,,,,,,,,,,,,,,27,27,27,20,30,32,20,20,20,20,27,20,20,27,27,20,21,7,20,25,7,27,27,2,8,30,7,7,7,3,19,7,7,7,7,9,32,2,7,2,2,7,6,6,6,6,6,6,6,6,6,6,6,6,6,6,6,6,6,6,6,6,6,25,19,15,15,15,15,2,15,15,15,15,2,20,3,3,3,3,32,21,26,32,32,32,13,13,13,13,2,6,13,13,3,13,13,13,13,13,13,13,30,1,1,1,1,1,11,7,1,1,28,28,32,30,28,28,28,17,17,18,18,18,18,10,4,10,10,8,8,15,8,15,8,8,8,28,28,25,31,25,31,10,31,31,31,31,13,13,31,31,31,4,11,11,11,13,11,4,24,24,24,24,24,24,24,24,24,21,23,12,9,26,31,9,13,16,16,16,16,16,16,16,16,16,16,16,11,16,16,16,16,16,16,4,16,4,20,21,31,21,9,21,21,9,21,30,4,30,30,4,9,9,9,4,23,23,1.0,1.0,3.0,2.0,6,20,27,27
13884,2.0720720720720722,0.8039687946906964,2,0,1,"[5, 14]",64,78,80,3.0,3.0,2.0,2.0,3.0,3.0,3.0,1.0,3.0,1.0,3.0,1.0,1.0,3.0,3.0,1.0,1.0,1.0,2.0,2.0,3.0,1.0,1.0,1.0,1.0,1.0,3.0,2.0,3.0,3.0,3.0,1.0,2.0,2.0,2.0,3.0,3.0,2.0,3.0,2.0,1.0,2.0,3.0,2.0,2.0,1.0,1.0,2.0,2.0,3.0,3.0,2.0,1.0,3.0,2.0,2.0,1.0,2.0,2.0,3.0,3.0,1.0,3.0,3.0,2.0,1.0,2.0,3.0,3.0,1.0,2.0,1.0,3.0,2.0,1.0,1.0,2.0,2.0,3.0,3.0,2.0,3.0,1.0,3.0,1.0,3.0,2.0,2.0,2.0,1.0,2.0,2.0,3.0,3.0,3.0,2.0,2.0,1.0,1.0,2.0,3.0,1.0,1.0,2.0,3.0,2.0,3.0,1.0,2.0,3.0,3.0,3.0,3.0,3.0,1.0,2.0,3.0,3.0,3.0,3.0,1.0,3.0,2.0,3.0,3.0,2.0,3.0,1.0,2.0,1.0,3.0,2.0,1.0,2.0,1.0,1.0,3.0,3.0,3.0,3.0,1.0,1.0,1.0,2.0,2.0,3.0,3.0,2.0,2.0,2.0,2.0,3.0,3.0,2.0,1.0,1.0,1.0,3.0,1.0,2.0,3.0,1.0,1.0,3.0,2.0,1.0,3.0,1.0,3.0,2.0,2.0,1.0,2.0,1.0,2.0,2.0,3.0,2.0,3.0,1.0,2.0,3.0,3.0,2.0,3.0,2.0,1.0,1.0,1.0,3.0,3.0,3.0,2.0,2.0,2.0,2.0,2.0,2.0,1.0,2.0,2.0,3.0,1.0,2.0,3.0,3.0,1.0,2.0,2.0,3.0,1.0,3.0,2.0,1.0,1.0,2.0,1.0,2.0,,,,,,,,,,,,,,,,,,,,,,,,,,,,,,,,,,,,,,,,,,,,,,,,,,,,,,,,,,,,,,,,,,,,,,,,,,,,,,,,,,,,,,,,,,,,,,,,,,,,,,,,,,,,,,,,,,,,,,,,,,,,,,,,,,,,,,,,,,,,,,,,,,,,,,,,,,,,,,,,,,,,,,,,,,,,,,,,,,,,,,,,,,,,,,,,,,,,,,,,,,,,,,,,,,,,,,,,,,,27,27,27,6,13,13,7,7,6,6,27,6,8,27,27,20,21,7,13,27,27,13,7,7,8,30,7,7,7,3,19,16,20,7,7,2,2,2,2,2,2,2,20,6,6,20,6,6,6,6,6,6,20,6,20,20,20,2,20,6,20,20,20,3,19,15,15,15,8,15,15,16,15,15,15,3,3,3,3,3,32,32,32,32,32,3,13,13,13,13,2,6,13,13,3,6,6,13,13,13,13,13,13,1,1,1,1,1,11,21,1,1,28,28,32,30,28,28,28,17,17,18,18,18,18,10,10,11,10,8,8,15,8,15,8,8,31,25,25,25,25,25,7,31,16,31,31,31,31,31,31,31,31,31,11,30,21,11,11,21,24,26,26,24,30,30,24,24,24,21,12,12,12,26,12,12,12,16,16,6,16,16,16,16,16,16,16,16,11,16,7,16,16,16,16,16,16,26,4,29,31,21,9,21,21,10,23,30,4,4,30,30,9,12,12,4,4,23,1.0,2.0,3.0,2.0,6,6,27,27
13885,2.0225225225225225,0.7927482050973127,1,0,1,"[17, 5, 14, 26]",67,83,72,1.0,1.0,1.0,2.0,2.0,2.0,1.0,3.0,3.0,1.0,1.0,1.0,1.0,2.0,1.0,2.0,2.0,2.0,2.0,2.0,3.0,2.0,2.0,3.0,1.0,1.0,1.0,1.0,1.0,3.0,3.0,1.0,1.0,1.0,1.0,3.0,3.0,1.0,3.0,2.0,1.0,2.0,2.0,1.0,1.0,2.0,2.0,1.0,1.0,2.0,2.0,2.0,2.0,3.0,3.0,3.0,2.0,2.0,3.0,1.0,2.0,2.0,1.0,3.0,2.0,1.0,2.0,3.0,2.0,1.0,2.0,1.0,3.0,2.0,1.0,1.0,2.0,2.0,3.0,3.0,3.0,3.0,1.0,3.0,2.0,3.0,2.0,2.0,2.0,1.0,2.0,2.0,3.0,3.0,3.0,2.0,2.0,1.0,1.0,2.0,3.0,1.0,2.0,2.0,3.0,2.0,3.0,1.0,1.0,2.0,3.0,3.0,3.0,3.0,3.0,1.0,3.0,3.0,1.0,1.0,2.0,3.0,2.0,3.0,3.0,2.0,3.0,1.0,2.0,1.0,3.0,2.0,2.0,1.0,1.0,1.0,2.0,3.0,3.0,3.0,1.0,1.0,2.0,1.0,2.0,3.0,3.0,2.0,2.0,2.0,3.0,3.0,3.0,1.0,1.0,2.0,3.0,2.0,1.0,2.0,3.0,3.0,2.0,3.0,3.0,3.0,3.0,1.0,3.0,2.0,2.0,1.0,1.0,3.0,2.0,3.0,3.0,3.0,3.0,2.0,2.0,3.0,3.0,2.0,2.0,2.0,2.0,1.0,1.0,3.0,1.0,3.0,2.0,2.0,2.0,2.0,2.0,1.0,1.0,3.0,1.0,3.0,1.0,2.0,3.0,2.0,2.0,2.0,3.0,2.0,1.0,3.0,2.0,3.0,3.0,2.0,1.0,2.0,,,,,,,,,,,,,,,,,,,,,,,,,,,,,,,,,,,,,,,,,,,,,,,,,,,,,,,,,,,,,,,,,,,,,,,,,,,,,,,,,,,,,,,,,,,,,,,,,,,,,,,,,,,,,,,,,,,,,,,,,,,,,,,,,,,,,,,,,,,,,,,,,,,,,,,,,,,,,,,,,,,,,,,,,,,,,,,,,,,,,,,,,,,,,,,,,,,,,,,,,,,,,,,,,,,,,,,,,,,20,20,20,6,20,20,6,13,6,6,20,6,8,6,7,27,27,6,13,27,27,27,27,13,8,30,13,12,13,3,19,16,7,12,13,2,2,20,2,2,2,2,7,7,7,7,20,7,7,27,27,6,7,6,27,27,7,2,7,7,7,7,7,3,19,15,15,15,15,15,15,16,15,15,15,3,3,3,3,3,28,32,32,32,8,3,13,13,13,13,2,6,13,13,3,6,6,13,13,13,13,13,12,1,1,1,1,1,1,1,1,1,28,28,28,28,28,28,30,18,18,18,18,18,18,10,10,11,10,8,8,15,16,6,8,8,8,25,25,25,25,25,6,10,16,31,31,31,31,31,28,31,31,4,11,11,11,12,11,21,24,24,21,24,24,24,24,24,24,21,12,12,9,9,12,9,12,9,16,16,16,16,16,16,23,16,4,16,11,16,16,16,16,16,16,16,16,4,4,21,29,21,9,21,21,9,21,30,6,30,30,30,9,9,9,4,4,23,1.0,2.0,1.0,1.0,6,6,20,20
13886,2.0720720720720722,0.7455656143357539,0,0,1,"[28, 17, 5, 14]",54,98,70,3.0,3.0,2.0,2.0,3.0,3.0,1.0,1.0,3.0,1.0,3.0,1.0,1.0,3.0,3.0,1.0,1.0,2.0,2.0,1.0,1.0,2.0,2.0,2.0,1.0,1.0,3.0,2.0,3.0,2.0,3.0,2.0,2.0,2.0,2.0,3.0,3.0,2.0,2.0,2.0,2.0,3.0,3.0,2.0,2.0,1.0,2.0,1.0,1.0,3.0,3.0,2.0,1.0,3.0,2.0,2.0,1.0,3.0,2.0,2.0,3.0,1.0,3.0,3.0,2.0,1.0,2.0,3.0,3.0,2.0,2.0,2.0,3.0,2.0,2.0,1.0,2.0,2.0,3.0,3.0,2.0,3.0,1.0,3.0,1.0,3.0,2.0,2.0,2.0,1.0,2.0,2.0,3.0,3.0,2.0,2.0,2.0,1.0,1.0,2.0,3.0,1.0,2.0,2.0,3.0,2.0,3.0,1.0,1.0,2.0,3.0,3.0,2.0,2.0,1.0,2.0,2.0,2.0,2.0,1.0,2.0,3.0,2.0,3.0,3.0,2.0,1.0,2.0,3.0,2.0,3.0,2.0,1.0,2.0,1.0,1.0,1.0,3.0,3.0,2.0,2.0,1.0,3.0,2.0,2.0,3.0,2.0,3.0,1.0,1.0,2.0,2.0,2.0,2.0,1.0,1.0,3.0,3.0,1.0,3.0,3.0,1.0,1.0,3.0,3.0,3.0,3.0,1.0,3.0,2.0,2.0,1.0,2.0,1.0,2.0,1.0,3.0,2.0,3.0,2.0,2.0,3.0,3.0,2.0,3.0,2.0,3.0,1.0,2.0,3.0,1.0,3.0,2.0,2.0,3.0,2.0,2.0,2.0,2.0,2.0,2.0,3.0,2.0,2.0,3.0,3.0,2.0,2.0,1.0,1.0,1.0,3.0,2.0,1.0,1.0,2.0,2.0,2.0,,,,,,,,,,,,,,,,,,,,,,,,,,,,,,,,,,,,,,,,,,,,,,,,,,,,,,,,,,,,,,,,,,,,,,,,,,,,,,,,,,,,,,,,,,,,,,,,,,,,,,,,,,,,,,,,,,,,,,,,,,,,,,,,,,,,,,,,,,,,,,,,,,,,,,,,,,,,,,,,,,,,,,,,,,,,,,,,,,,,,,,,,,,,,,,,,,,,,,,,,,,,,,,,,,,,,,,,,,,27,27,27,6,13,13,6,7,6,6,27,6,8,27,27,20,21,6,13,25,7,27,27,2,8,30,7,7,7,7,19,7,20,7,7,2,2,2,20,2,20,20,20,6,6,20,20,7,7,6,6,6,20,6,20,20,20,6,20,20,20,20,20,3,19,15,15,15,8,2,15,15,15,15,2,3,3,3,3,3,32,32,32,32,32,3,13,13,13,13,2,6,13,13,13,6,6,13,13,13,13,13,12,1,1,1,1,1,1,1,1,1,11,11,32,30,25,25,31,18,18,18,18,18,18,10,31,10,31,30,8,15,8,15,8,8,15,25,25,12,31,25,31,31,16,31,7,7,13,13,31,16,16,31,11,30,11,11,11,11,24,26,26,24,24,24,24,24,24,21,12,12,12,26,12,21,12,16,16,16,16,16,16,16,16,16,23,16,16,16,16,16,16,16,6,16,16,26,29,29,31,21,21,21,21,10,21,30,30,23,30,30,9,12,12,4,23,23,1.0,2.0,3.0,2.0,6,6,27,27
13887,2.1036036036036037,0.7628747639732995,2,0,2,"[14, 5, 17]",54,91,77,1.0,1.0,2.0,2.0,2.0,2.0,2.0,2.0,2.0,2.0,1.0,3.0,3.0,2.0,1.0,2.0,2.0,2.0,2.0,1.0,1.0,1.0,3.0,1.0,1.0,1.0,3.0,1.0,3.0,1.0,3.0,1.0,3.0,1.0,1.0,2.0,2.0,1.0,3.0,2.0,1.0,2.0,2.0,3.0,3.0,3.0,1.0,3.0,3.0,3.0,3.0,2.0,2.0,3.0,3.0,3.0,3.0,2.0,3.0,1.0,2.0,2.0,1.0,3.0,2.0,3.0,2.0,3.0,3.0,1.0,2.0,2.0,3.0,2.0,1.0,1.0,2.0,2.0,3.0,3.0,2.0,3.0,1.0,3.0,1.0,3.0,2.0,2.0,2.0,2.0,2.0,2.0,3.0,3.0,2.0,2.0,2.0,1.0,1.0,2.0,3.0,2.0,3.0,2.0,3.0,2.0,3.0,2.0,2.0,3.0,3.0,3.0,3.0,3.0,1.0,2.0,3.0,3.0,3.0,1.0,2.0,3.0,2.0,3.0,3.0,1.0,3.0,2.0,2.0,1.0,3.0,2.0,1.0,2.0,1.0,3.0,2.0,2.0,2.0,3.0,1.0,1.0,3.0,2.0,3.0,3.0,3.0,2.0,1.0,1.0,2.0,3.0,3.0,2.0,1.0,1.0,1.0,3.0,1.0,3.0,3.0,1.0,1.0,3.0,1.0,3.0,3.0,1.0,3.0,2.0,1.0,1.0,2.0,1.0,3.0,2.0,3.0,2.0,3.0,2.0,2.0,3.0,3.0,2.0,2.0,2.0,3.0,1.0,2.0,2.0,2.0,3.0,2.0,2.0,2.0,2.0,2.0,2.0,2.0,3.0,2.0,2.0,1.0,2.0,3.0,3.0,2.0,3.0,2.0,2.0,2.0,3.0,2.0,1.0,1.0,2.0,2.0,2.0,,,,,,,,,,,,,,,,,,,,,,,,,,,,,,,,,,,,,,,,,,,,,,,,,,,,,,,,,,,,,,,,,,,,,,,,,,,,,,,,,,,,,,,,,,,,,,,,,,,,,,,,,,,,,,,,,,,,,,,,,,,,,,,,,,,,,,,,,,,,,,,,,,,,,,,,,,,,,,,,,,,,,,,,,,,,,,,,,,,,,,,,,,,,,,,,,,,,,,,,,,,,,,,,,,,,,,,,,,,20,20,27,6,20,20,20,20,20,20,20,20,20,6,7,27,27,6,13,25,7,13,13,7,8,30,7,12,7,30,19,16,27,12,13,21,21,20,2,2,2,2,7,27,27,6,6,27,27,6,6,6,7,6,27,27,6,2,7,7,7,7,7,3,19,6,15,15,8,15,15,15,15,15,15,3,3,3,3,3,32,32,32,32,32,3,13,13,13,2,2,6,13,13,13,6,6,13,13,13,13,2,30,1,1,1,1,30,11,21,1,1,28,28,32,30,28,28,28,18,18,18,18,18,18,11,10,10,10,8,8,15,8,15,8,6,8,28,28,25,25,25,31,31,31,31,31,31,13,13,31,31,31,31,11,30,21,11,11,11,24,26,26,24,4,24,24,24,24,21,23,12,12,26,23,12,12,16,16,16,16,16,16,16,23,16,23,16,16,23,23,16,16,16,16,16,16,26,29,21,31,4,9,21,21,10,21,6,4,30,6,30,9,12,12,4,23,23,1.0,1.0,3.0,2.0,6,20,27,27
13888,2.018018018018018,0.7784656213705152,1,0,0,"[14, 5, 29, 17]",65,88,69,1.0,1.0,2.0,1.0,2.0,2.0,2.0,2.0,2.0,2.0,3.0,3.0,3.0,3.0,3.0,1.0,1.0,1.0,2.0,2.0,3.0,2.0,2.0,1.0,1.0,1.0,3.0,2.0,3.0,2.0,2.0,1.0,1.0,2.0,2.0,3.0,3.0,1.0,3.0,2.0,1.0,2.0,2.0,2.0,2.0,3.0,1.0,2.0,2.0,3.0,3.0,2.0,3.0,3.0,1.0,1.0,3.0,2.0,3.0,3.0,1.0,3.0,2.0,3.0,2.0,1.0,2.0,3.0,3.0,1.0,2.0,2.0,3.0,2.0,1.0,1.0,2.0,2.0,3.0,3.0,2.0,3.0,1.0,3.0,1.0,3.0,2.0,2.0,2.0,1.0,1.0,1.0,3.0,3.0,2.0,2.0,2.0,1.0,1.0,2.0,3.0,1.0,3.0,2.0,3.0,2.0,3.0,1.0,1.0,2.0,3.0,3.0,3.0,3.0,1.0,2.0,2.0,2.0,3.0,1.0,2.0,3.0,2.0,3.0,3.0,2.0,2.0,2.0,2.0,1.0,2.0,2.0,1.0,3.0,1.0,1.0,2.0,3.0,3.0,1.0,1.0,1.0,3.0,2.0,2.0,3.0,3.0,2.0,2.0,2.0,2.0,2.0,2.0,1.0,1.0,2.0,3.0,1.0,1.0,3.0,3.0,1.0,2.0,3.0,1.0,1.0,3.0,1.0,3.0,2.0,1.0,1.0,1.0,3.0,1.0,3.0,2.0,2.0,3.0,2.0,2.0,3.0,3.0,2.0,3.0,2.0,1.0,1.0,2.0,3.0,2.0,3.0,3.0,2.0,1.0,2.0,2.0,1.0,1.0,1.0,2.0,2.0,1.0,2.0,1.0,3.0,2.0,2.0,1.0,1.0,1.0,3.0,2.0,3.0,3.0,2.0,2.0,2.0,,,,,,,,,,,,,,,,,,,,,,,,,,,,,,,,,,,,,,,,,,,,,,,,,,,,,,,,,,,,,,,,,,,,,,,,,,,,,,,,,,,,,,,,,,,,,,,,,,,,,,,,,,,,,,,,,,,,,,,,,,,,,,,,,,,,,,,,,,,,,,,,,,,,,,,,,,,,,,,,,,,,,,,,,,,,,,,,,,,,,,,,,,,,,,,,,,,,,,,,,,,,,,,,,,,,,,,,,,,20,20,27,20,20,20,20,20,20,20,27,20,20,27,27,20,21,7,13,27,27,27,27,7,8,30,7,7,7,7,7,16,7,7,7,2,2,20,2,2,2,2,7,6,6,6,6,6,6,6,6,6,6,6,6,6,6,2,7,6,6,6,6,3,19,15,15,15,8,15,15,15,15,15,15,3,3,3,3,3,32,32,32,32,32,3,13,13,13,13,13,13,13,13,13,6,6,13,13,13,13,13,30,1,1,1,1,1,1,1,1,1,28,28,32,30,25,25,28,18,18,18,18,18,18,10,4,10,10,8,23,15,8,8,8,8,8,25,25,19,25,25,31,31,16,31,31,31,31,31,31,16,16,4,11,11,11,13,11,11,24,26,21,24,4,30,24,24,24,21,23,12,9,9,31,9,9,16,16,16,16,16,16,16,16,16,16,16,16,16,23,16,23,16,23,16,16,4,4,11,31,4,9,21,4,10,21,30,30,23,30,30,9,9,9,4,23,23,1.0,1.0,3.0,2.0,6,20,27,27
13889,2.126126126126126,0.7683456650123669,4,0,1,"[14, 17, 5, 26]",53,88,81,2.0,2.0,2.0,1.0,2.0,2.0,3.0,1.0,3.0,3.0,3.0,3.0,3.0,2.0,1.0,2.0,2.0,3.0,3.0,3.0,1.0,1.0,1.0,1.0,1.0,1.0,3.0,2.0,3.0,3.0,3.0,3.0,2.0,1.0,2.0,3.0,3.0,2.0,2.0,2.0,1.0,3.0,1.0,2.0,2.0,3.0,1.0,2.0,2.0,3.0,3.0,2.0,3.0,2.0,1.0,1.0,3.0,3.0,1.0,3.0,1.0,3.0,2.0,3.0,2.0,1.0,2.0,3.0,2.0,2.0,2.0,2.0,3.0,2.0,2.0,1.0,2.0,2.0,3.0,3.0,2.0,3.0,1.0,3.0,1.0,3.0,2.0,2.0,2.0,1.0,2.0,1.0,3.0,3.0,3.0,3.0,3.0,1.0,1.0,2.0,3.0,1.0,2.0,2.0,3.0,2.0,3.0,2.0,1.0,2.0,3.0,3.0,3.0,3.0,1.0,2.0,3.0,3.0,3.0,1.0,2.0,3.0,2.0,3.0,3.0,1.0,2.0,2.0,2.0,2.0,3.0,2.0,1.0,2.0,1.0,2.0,2.0,2.0,2.0,3.0,1.0,1.0,3.0,1.0,2.0,3.0,3.0,2.0,1.0,1.0,2.0,2.0,2.0,1.0,1.0,2.0,3.0,3.0,1.0,2.0,3.0,3.0,3.0,3.0,3.0,2.0,3.0,1.0,3.0,1.0,1.0,1.0,2.0,2.0,2.0,1.0,3.0,2.0,3.0,2.0,2.0,3.0,3.0,3.0,2.0,2.0,2.0,1.0,2.0,3.0,2.0,3.0,3.0,2.0,2.0,3.0,2.0,1.0,1.0,2.0,2.0,3.0,2.0,2.0,3.0,3.0,1.0,2.0,2.0,1.0,1.0,3.0,2.0,3.0,3.0,2.0,2.0,2.0,,,,,,,,,,,,,,,,,,,,,,,,,,,,,,,,,,,,,,,,,,,,,,,,,,,,,,,,,,,,,,,,,,,,,,,,,,,,,,,,,,,,,,,,,,,,,,,,,,,,,,,,,,,,,,,,,,,,,,,,,,,,,,,,,,,,,,,,,,,,,,,,,,,,,,,,,,,,,,,,,,,,,,,,,,,,,,,,,,,,,,,,,,,,,,,,,,,,,,,,,,,,,,,,,,,,,,,,,,,7,7,27,20,20,20,7,7,6,27,27,20,20,6,7,27,27,27,27,20,7,13,7,7,8,30,7,7,7,3,19,27,20,12,7,2,2,2,20,2,2,20,6,6,6,6,6,6,6,6,6,6,6,20,6,6,6,6,6,6,6,6,6,3,19,15,15,15,15,2,15,15,15,15,2,3,3,3,3,3,32,32,32,32,32,3,13,13,13,13,2,13,13,13,3,13,13,13,13,13,13,13,12,1,1,1,1,30,1,1,1,1,28,28,32,30,28,28,28,18,18,18,18,18,18,11,4,10,10,30,8,15,8,15,8,30,8,28,28,25,25,25,31,10,16,31,31,31,13,13,31,16,16,4,11,11,11,11,11,21,24,24,24,24,24,13,24,24,24,12,23,12,12,12,12,21,12,16,16,16,16,16,16,20,23,16,4,16,16,16,23,16,23,16,16,4,16,4,4,29,31,21,21,21,21,10,23,30,4,23,30,30,9,9,9,4,23,23,1.0,1.0,3.0,2.0,6,20,27,27
13890,2.0315315315315314,0.7924396126678963,1,0,1,"[28, 26, 17, 14, 5]",66,83,73,1.0,1.0,2.0,2.0,2.0,2.0,2.0,2.0,2.0,2.0,3.0,3.0,3.0,2.0,1.0,2.0,2.0,2.0,2.0,2.0,3.0,1.0,3.0,2.0,1.0,1.0,1.0,1.0,1.0,3.0,1.0,1.0,1.0,1.0,1.0,3.0,3.0,1.0,1.0,1.0,1.0,1.0,2.0,1.0,1.0,3.0,1.0,1.0,1.0,3.0,3.0,2.0,2.0,3.0,3.0,3.0,2.0,1.0,3.0,3.0,2.0,2.0,1.0,3.0,2.0,3.0,2.0,3.0,2.0,2.0,2.0,2.0,3.0,2.0,2.0,1.0,2.0,2.0,3.0,3.0,2.0,3.0,1.0,2.0,1.0,3.0,3.0,2.0,2.0,1.0,2.0,2.0,3.0,3.0,3.0,2.0,2.0,1.0,1.0,1.0,3.0,1.0,1.0,2.0,3.0,2.0,3.0,1.0,2.0,3.0,3.0,3.0,2.0,2.0,1.0,2.0,2.0,2.0,1.0,1.0,2.0,3.0,2.0,3.0,3.0,2.0,3.0,1.0,2.0,1.0,3.0,2.0,1.0,2.0,1.0,1.0,1.0,3.0,3.0,3.0,2.0,1.0,3.0,2.0,3.0,3.0,3.0,2.0,2.0,2.0,1.0,3.0,3.0,2.0,1.0,1.0,3.0,2.0,1.0,1.0,3.0,3.0,3.0,3.0,3.0,3.0,3.0,1.0,3.0,2.0,1.0,1.0,1.0,3.0,3.0,3.0,2.0,3.0,3.0,2.0,2.0,3.0,3.0,2.0,2.0,1.0,3.0,1.0,2.0,2.0,2.0,3.0,2.0,2.0,2.0,3.0,2.0,1.0,1.0,3.0,1.0,1.0,1.0,2.0,1.0,3.0,2.0,2.0,2.0,3.0,2.0,2.0,2.0,3.0,3.0,1.0,2.0,3.0,,,,,,,,,,,,,,,,,,,,,,,,,,,,,,,,,,,,,,,,,,,,,,,,,,,,,,,,,,,,,,,,,,,,,,,,,,,,,,,,,,,,,,,,,,,,,,,,,,,,,,,,,,,,,,,,,,,,,,,,,,,,,,,,,,,,,,,,,,,,,,,,,,,,,,,,,,,,,,,,,,,,,,,,,,,,,,,,,,,,,,,,,,,,,,,,,,,,,,,,,,,,,,,,,,,,,,,,,,,20,20,27,6,20,20,20,20,20,20,27,20,20,6,7,27,27,6,13,27,27,13,13,2,8,30,13,12,13,3,20,16,7,12,13,2,2,20,7,27,2,7,7,7,7,6,6,7,7,6,6,6,7,6,27,27,7,7,7,6,7,7,7,3,19,6,15,15,15,2,15,15,15,15,2,3,3,3,3,3,32,32,32,6,32,3,16,13,13,13,2,6,13,13,3,6,6,13,13,20,13,13,13,1,1,1,1,1,11,21,1,1,11,11,32,30,25,25,30,18,18,18,18,18,18,10,10,11,10,8,8,15,8,15,8,8,15,25,25,25,31,25,31,31,31,31,31,31,31,31,19,31,31,31,11,30,11,12,11,4,24,24,24,24,24,24,24,24,24,21,23,12,9,9,23,9,9,9,16,16,16,16,16,16,23,21,23,16,16,23,23,16,16,16,16,4,16,4,4,21,29,23,9,21,4,10,21,30,4,4,6,4,9,9,9,27,23,2,1.0,2.0,1.0,2.0,6,6,20,27
13891,2.1036036036036037,0.7919764985689902,4,0,0,"[5, 14, 17, 26]",59,81,82,1.0,1.0,2.0,2.0,3.0,3.0,2.0,2.0,2.0,2.0,1.0,3.0,3.0,1.0,1.0,2.0,2.0,1.0,2.0,1.0,1.0,2.0,2.0,2.0,1.0,1.0,3.0,3.0,3.0,2.0,1.0,2.0,3.0,1.0,2.0,3.0,3.0,2.0,1.0,2.0,2.0,1.0,1.0,2.0,2.0,3.0,1.0,2.0,2.0,3.0,3.0,2.0,3.0,3.0,1.0,1.0,3.0,3.0,3.0,3.0,1.0,3.0,2.0,3.0,2.0,1.0,2.0,3.0,3.0,2.0,2.0,2.0,3.0,2.0,2.0,1.0,2.0,2.0,3.0,3.0,2.0,3.0,1.0,3.0,2.0,3.0,2.0,2.0,2.0,1.0,2.0,2.0,3.0,3.0,2.0,3.0,3.0,1.0,1.0,1.0,3.0,1.0,1.0,2.0,3.0,2.0,3.0,1.0,1.0,2.0,3.0,3.0,3.0,3.0,1.0,2.0,3.0,3.0,3.0,1.0,2.0,3.0,2.0,3.0,3.0,2.0,2.0,2.0,3.0,1.0,3.0,1.0,3.0,2.0,1.0,1.0,3.0,2.0,2.0,3.0,1.0,1.0,3.0,1.0,3.0,3.0,3.0,2.0,2.0,2.0,1.0,3.0,3.0,2.0,1.0,2.0,3.0,2.0,1.0,3.0,3.0,3.0,3.0,3.0,2.0,3.0,3.0,1.0,3.0,2.0,1.0,1.0,2.0,2.0,3.0,1.0,3.0,3.0,3.0,2.0,2.0,3.0,3.0,2.0,3.0,1.0,3.0,1.0,1.0,3.0,2.0,3.0,3.0,2.0,2.0,3.0,3.0,1.0,1.0,3.0,1.0,2.0,2.0,2.0,1.0,3.0,2.0,2.0,1.0,2.0,1.0,3.0,2.0,1.0,1.0,2.0,2.0,2.0,,,,,,,,,,,,,,,,,,,,,,,,,,,,,,,,,,,,,,,,,,,,,,,,,,,,,,,,,,,,,,,,,,,,,,,,,,,,,,,,,,,,,,,,,,,,,,,,,,,,,,,,,,,,,,,,,,,,,,,,,,,,,,,,,,,,,,,,,,,,,,,,,,,,,,,,,,,,,,,,,,,,,,,,,,,,,,,,,,,,,,,,,,,,,,,,,,,,,,,,,,,,,,,,,,,,,,,,,,,20,20,27,6,13,13,20,20,20,20,20,20,20,7,7,27,27,7,13,25,7,27,27,2,8,30,7,27,7,7,20,7,27,12,7,2,2,2,7,2,20,7,6,6,6,6,6,6,6,6,6,6,6,6,6,6,6,6,7,6,6,6,6,3,19,15,15,15,8,2,15,15,15,15,2,3,3,3,3,3,32,32,32,32,8,3,13,13,13,13,2,6,13,13,13,13,13,13,13,20,13,13,13,1,1,1,1,1,1,1,1,1,28,28,32,30,28,28,28,18,18,18,18,18,18,10,4,10,31,8,8,8,23,15,8,8,31,28,28,25,25,25,31,10,31,31,31,31,31,31,19,31,31,31,11,11,11,12,11,11,24,24,24,24,30,24,24,24,24,21,23,12,12,12,23,21,12,9,16,16,16,16,16,16,16,21,23,16,11,16,23,16,23,16,16,4,27,4,4,21,29,4,21,21,4,10,21,30,30,30,30,30,9,12,12,4,23,23,1.0,2.0,1.0,2.0,6,6,20,27
13892,2.063063063063063,0.7402980845062392,1,0,1,"[17, 14, 5]",54,100,68,1.0,1.0,1.0,2.0,2.0,2.0,2.0,2.0,2.0,2.0,3.0,3.0,3.0,3.0,3.0,2.0,2.0,2.0,2.0,2.0,3.0,2.0,2.0,2.0,1.0,1.0,1.0,1.0,1.0,1.0,3.0,1.0,1.0,1.0,1.0,3.0,3.0,1.0,1.0,2.0,1.0,1.0,2.0,1.0,1.0,2.0,1.0,2.0,2.0,3.0,3.0,2.0,2.0,2.0,1.0,1.0,2.0,1.0,3.0,1.0,2.0,2.0,2.0,3.0,2.0,3.0,2.0,3.0,3.0,2.0,2.0,2.0,3.0,2.0,2.0,1.0,2.0,2.0,3.0,3.0,2.0,3.0,1.0,3.0,2.0,3.0,2.0,2.0,2.0,1.0,2.0,2.0,3.0,3.0,2.0,2.0,2.0,2.0,2.0,2.0,3.0,1.0,3.0,2.0,3.0,2.0,3.0,1.0,2.0,3.0,2.0,2.0,3.0,3.0,1.0,2.0,3.0,3.0,3.0,1.0,2.0,3.0,2.0,3.0,3.0,2.0,3.0,1.0,3.0,1.0,3.0,1.0,3.0,3.0,2.0,2.0,2.0,2.0,2.0,3.0,2.0,1.0,3.0,2.0,2.0,3.0,3.0,2.0,2.0,2.0,2.0,2.0,2.0,2.0,1.0,1.0,3.0,2.0,1.0,1.0,3.0,3.0,2.0,3.0,2.0,3.0,3.0,1.0,3.0,2.0,1.0,1.0,2.0,3.0,2.0,3.0,1.0,3.0,1.0,2.0,2.0,3.0,3.0,2.0,2.0,1.0,3.0,1.0,1.0,2.0,2.0,3.0,2.0,2.0,1.0,3.0,2.0,2.0,2.0,3.0,1.0,2.0,1.0,2.0,1.0,3.0,2.0,3.0,2.0,3.0,1.0,2.0,2.0,3.0,3.0,2.0,2.0,1.0,,,,,,,,,,,,,,,,,,,,,,,,,,,,,,,,,,,,,,,,,,,,,,,,,,,,,,,,,,,,,,,,,,,,,,,,,,,,,,,,,,,,,,,,,,,,,,,,,,,,,,,,,,,,,,,,,,,,,,,,,,,,,,,,,,,,,,,,,,,,,,,,,,,,,,,,,,,,,,,,,,,,,,,,,,,,,,,,,,,,,,,,,,,,,,,,,,,,,,,,,,,,,,,,,,,,,,,,,,,20,20,20,6,20,20,20,20,20,20,27,20,20,27,27,27,27,6,13,27,27,27,27,2,8,30,13,12,13,30,19,16,7,12,13,2,2,20,7,2,2,7,7,7,7,7,6,6,6,6,6,6,7,20,6,6,7,7,7,7,7,7,6,3,19,6,15,15,8,2,15,15,15,15,2,3,3,3,3,3,32,32,32,32,8,3,13,13,13,13,2,6,13,13,13,6,6,6,6,13,13,13,30,1,1,1,1,1,11,21,9,9,28,28,32,30,28,28,28,18,18,18,18,18,18,10,10,11,31,8,8,8,23,8,9,30,8,28,28,25,31,25,31,31,16,31,31,31,31,31,31,16,16,31,11,30,11,12,11,4,24,24,21,24,30,24,24,24,24,21,23,12,12,9,12,9,13,9,10,16,16,16,16,16,23,21,23,16,11,23,23,16,16,16,23,4,16,26,29,21,29,4,9,21,4,10,21,6,4,4,30,4,9,9,9,4,23,6,1.0,2.0,3.0,2.0,6,6,27,27
13893,2.0945945945945947,0.793108077841898,3,0,0,"[17, 5, 14]",60,81,81,1.0,1.0,1.0,1.0,2.0,2.0,2.0,2.0,2.0,2.0,2.0,3.0,3.0,2.0,3.0,2.0,2.0,2.0,2.0,1.0,1.0,1.0,3.0,1.0,1.0,1.0,3.0,1.0,1.0,3.0,3.0,1.0,3.0,1.0,1.0,3.0,3.0,2.0,1.0,2.0,1.0,1.0,2.0,3.0,3.0,2.0,1.0,3.0,3.0,3.0,3.0,2.0,2.0,3.0,3.0,3.0,3.0,3.0,3.0,3.0,2.0,2.0,1.0,3.0,2.0,1.0,2.0,3.0,2.0,2.0,2.0,2.0,3.0,2.0,2.0,1.0,2.0,2.0,3.0,3.0,3.0,3.0,1.0,3.0,2.0,3.0,3.0,2.0,2.0,1.0,2.0,2.0,3.0,3.0,3.0,2.0,2.0,2.0,2.0,2.0,3.0,1.0,3.0,2.0,3.0,2.0,2.0,1.0,3.0,3.0,3.0,3.0,2.0,2.0,3.0,1.0,3.0,3.0,3.0,1.0,2.0,3.0,2.0,3.0,3.0,2.0,1.0,2.0,2.0,1.0,3.0,2.0,1.0,3.0,1.0,1.0,1.0,3.0,3.0,3.0,2.0,1.0,3.0,2.0,3.0,3.0,3.0,2.0,1.0,1.0,3.0,2.0,2.0,2.0,1.0,1.0,3.0,3.0,1.0,3.0,3.0,1.0,1.0,3.0,2.0,3.0,3.0,1.0,3.0,2.0,2.0,1.0,2.0,2.0,3.0,3.0,3.0,2.0,3.0,1.0,2.0,3.0,3.0,2.0,3.0,1.0,1.0,1.0,2.0,3.0,1.0,3.0,2.0,2.0,3.0,2.0,2.0,1.0,1.0,2.0,2.0,3.0,2.0,2.0,1.0,3.0,1.0,2.0,1.0,2.0,2.0,3.0,2.0,1.0,1.0,2.0,1.0,2.0,,,,,,,,,,,,,,,,,,,,,,,,,,,,,,,,,,,,,,,,,,,,,,,,,,,,,,,,,,,,,,,,,,,,,,,,,,,,,,,,,,,,,,,,,,,,,,,,,,,,,,,,,,,,,,,,,,,,,,,,,,,,,,,,,,,,,,,,,,,,,,,,,,,,,,,,,,,,,,,,,,,,,,,,,,,,,,,,,,,,,,,,,,,,,,,,,,,,,,,,,,,,,,,,,,,,,,,,,,,20,20,20,20,20,20,20,20,20,20,13,20,20,6,27,27,27,6,13,25,7,13,13,7,8,30,7,12,13,3,19,16,27,12,13,2,2,2,7,2,2,7,7,27,27,7,6,27,27,6,6,6,7,6,27,27,6,6,7,6,7,7,7,3,19,15,15,15,15,2,15,15,15,15,2,3,3,3,3,3,28,32,32,32,8,3,16,13,13,13,2,6,13,13,3,6,6,6,6,13,13,13,30,1,1,1,21,1,21,21,1,1,11,11,28,28,28,28,28,18,18,18,18,18,18,10,31,10,10,8,8,15,8,8,8,8,15,25,25,25,31,25,31,31,31,31,31,31,13,13,28,16,16,31,11,30,11,11,11,11,24,26,26,24,30,24,24,24,24,21,12,12,12,12,23,9,12,16,16,6,16,16,16,16,16,21,16,16,16,16,16,16,16,16,6,16,16,4,4,29,31,21,21,21,4,10,23,30,30,30,6,30,9,12,12,4,4,23,1.0,1.0,2.0,1.0,6,20,13,20
13894,2.0720720720720722,0.8151474531320843,4,0,1,"[5, 14, 17, 29, 26]",66,74,82,2.0,2.0,1.0,1.0,2.0,2.0,1.0,1.0,1.0,3.0,2.0,3.0,3.0,1.0,1.0,2.0,2.0,1.0,2.0,1.0,1.0,1.0,1.0,1.0,1.0,1.0,3.0,1.0,3.0,3.0,1.0,3.0,3.0,3.0,3.0,3.0,3.0,1.0,3.0,2.0,1.0,2.0,1.0,2.0,2.0,3.0,1.0,2.0,2.0,3.0,3.0,2.0,3.0,3.0,1.0,1.0,3.0,3.0,1.0,3.0,1.0,3.0,2.0,3.0,2.0,1.0,2.0,3.0,3.0,1.0,2.0,2.0,2.0,2.0,1.0,1.0,2.0,2.0,3.0,3.0,2.0,3.0,1.0,3.0,2.0,3.0,3.0,2.0,2.0,1.0,2.0,2.0,3.0,3.0,3.0,3.0,3.0,1.0,1.0,1.0,3.0,1.0,3.0,2.0,3.0,2.0,3.0,2.0,2.0,3.0,3.0,3.0,3.0,3.0,3.0,1.0,3.0,3.0,3.0,1.0,2.0,3.0,2.0,3.0,3.0,1.0,3.0,2.0,2.0,3.0,3.0,2.0,1.0,2.0,2.0,1.0,2.0,3.0,3.0,3.0,2.0,1.0,3.0,2.0,3.0,3.0,3.0,2.0,1.0,1.0,1.0,2.0,2.0,1.0,1.0,2.0,1.0,3.0,1.0,1.0,3.0,3.0,3.0,3.0,2.0,2.0,3.0,1.0,3.0,2.0,2.0,1.0,2.0,2.0,2.0,2.0,1.0,2.0,3.0,3.0,2.0,3.0,3.0,2.0,3.0,2.0,1.0,1.0,2.0,3.0,1.0,3.0,2.0,2.0,2.0,3.0,2.0,1.0,1.0,3.0,2.0,3.0,1.0,2.0,3.0,3.0,2.0,2.0,2.0,2.0,1.0,3.0,2.0,1.0,1.0,2.0,1.0,2.0,,,,,,,,,,,,,,,,,,,,,,,,,,,,,,,,,,,,,,,,,,,,,,,,,,,,,,,,,,,,,,,,,,,,,,,,,,,,,,,,,,,,,,,,,,,,,,,,,,,,,,,,,,,,,,,,,,,,,,,,,,,,,,,,,,,,,,,,,,,,,,,,,,,,,,,,,,,,,,,,,,,,,,,,,,,,,,,,,,,,,,,,,,,,,,,,,,,,,,,,,,,,,,,,,,,,,,,,,,,7,7,20,20,20,20,6,7,7,27,13,20,20,7,7,27,27,7,13,25,7,13,7,7,8,30,7,12,7,3,20,27,27,27,27,2,2,20,2,2,2,2,6,6,6,6,6,6,6,6,6,6,6,6,6,6,6,6,6,6,6,6,6,3,19,15,15,15,8,15,15,15,8,15,15,3,3,3,3,3,32,32,32,32,8,3,16,13,13,13,2,6,13,13,3,13,13,13,13,20,13,13,30,1,1,1,1,30,11,21,1,1,28,28,28,28,28,28,28,18,18,18,18,18,18,11,10,10,10,27,8,15,8,15,9,8,8,25,25,25,31,25,31,31,31,31,31,31,13,13,19,16,16,4,11,11,21,11,11,4,24,24,24,24,30,13,24,24,24,21,12,12,12,12,12,12,13,16,16,27,16,16,16,16,16,16,16,16,16,16,16,16,16,16,16,4,16,4,4,21,31,21,9,21,21,10,21,30,4,30,30,30,9,12,12,4,4,23,1.0,1.0,1.0,1.0,6,20,20,20
13895,2.0765765765765765,0.8007298655844591,1,0,0,"[14, 17, 5]",63,79,80,3.0,3.0,2.0,1.0,2.0,2.0,2.0,2.0,2.0,2.0,3.0,3.0,3.0,3.0,3.0,1.0,1.0,1.0,2.0,2.0,3.0,1.0,3.0,1.0,1.0,1.0,3.0,2.0,3.0,3.0,3.0,2.0,1.0,2.0,2.0,3.0,3.0,1.0,3.0,2.0,1.0,2.0,1.0,2.0,2.0,3.0,1.0,2.0,2.0,3.0,3.0,2.0,3.0,3.0,1.0,1.0,2.0,3.0,1.0,1.0,1.0,3.0,2.0,3.0,2.0,1.0,2.0,3.0,3.0,1.0,2.0,2.0,3.0,2.0,1.0,1.0,2.0,2.0,3.0,3.0,3.0,3.0,1.0,3.0,1.0,3.0,3.0,2.0,2.0,1.0,2.0,2.0,3.0,3.0,3.0,3.0,3.0,1.0,1.0,2.0,3.0,1.0,3.0,2.0,3.0,2.0,3.0,1.0,1.0,2.0,3.0,3.0,2.0,2.0,3.0,1.0,3.0,3.0,3.0,1.0,2.0,3.0,2.0,3.0,3.0,1.0,3.0,2.0,2.0,1.0,3.0,2.0,2.0,3.0,1.0,1.0,2.0,3.0,3.0,3.0,1.0,1.0,3.0,2.0,3.0,3.0,3.0,3.0,2.0,2.0,3.0,3.0,3.0,2.0,1.0,2.0,3.0,1.0,1.0,2.0,3.0,1.0,1.0,3.0,3.0,1.0,3.0,1.0,3.0,2.0,1.0,1.0,2.0,1.0,1.0,1.0,3.0,2.0,1.0,2.0,2.0,3.0,3.0,2.0,3.0,2.0,1.0,1.0,2.0,2.0,1.0,3.0,2.0,2.0,2.0,2.0,2.0,2.0,2.0,2.0,2.0,1.0,2.0,2.0,3.0,1.0,1.0,2.0,1.0,2.0,1.0,3.0,2.0,1.0,1.0,2.0,2.0,2.0,,,,,,,,,,,,,,,,,,,,,,,,,,,,,,,,,,,,,,,,,,,,,,,,,,,,,,,,,,,,,,,,,,,,,,,,,,,,,,,,,,,,,,,,,,,,,,,,,,,,,,,,,,,,,,,,,,,,,,,,,,,,,,,,,,,,,,,,,,,,,,,,,,,,,,,,,,,,,,,,,,,,,,,,,,,,,,,,,,,,,,,,,,,,,,,,,,,,,,,,,,,,,,,,,,,,,,,,,,,27,27,27,20,20,20,20,20,20,20,27,20,20,27,27,20,21,7,13,27,27,13,13,7,8,30,7,7,7,3,19,7,7,7,7,2,2,20,2,2,2,2,6,6,6,6,6,6,6,6,6,6,6,6,6,6,7,6,6,7,6,6,6,3,19,15,15,15,8,15,15,15,15,15,15,3,3,3,3,3,28,32,32,32,32,3,16,13,13,13,2,6,13,13,3,13,13,13,13,13,13,13,30,1,1,1,1,1,1,1,1,1,11,11,28,28,28,28,28,18,18,18,18,18,18,11,10,10,10,8,8,15,16,8,8,8,8,25,25,25,25,25,31,31,31,31,31,7,31,31,28,31,31,31,11,11,11,13,11,21,24,26,26,24,24,30,24,24,24,21,23,12,12,26,31,21,12,16,10,16,16,16,16,16,16,16,16,16,16,23,16,16,16,16,16,16,16,26,29,29,31,23,21,21,21,21,23,30,30,30,30,30,9,12,12,4,23,23,1.0,1.0,3.0,2.0,6,20,27,27
13896,2.081081081081081,0.8142968555519061,3,0,1,"[5, 14, 17, 29]",65,74,83,2.0,2.0,1.0,1.0,2.0,2.0,3.0,1.0,1.0,3.0,3.0,3.0,3.0,2.0,1.0,2.0,2.0,3.0,3.0,1.0,1.0,1.0,1.0,1.0,1.0,1.0,3.0,1.0,3.0,3.0,3.0,3.0,3.0,3.0,3.0,3.0,3.0,1.0,3.0,2.0,1.0,2.0,1.0,2.0,2.0,3.0,1.0,2.0,2.0,3.0,3.0,2.0,3.0,3.0,1.0,1.0,3.0,2.0,1.0,3.0,1.0,3.0,2.0,3.0,1.0,1.0,2.0,3.0,3.0,1.0,2.0,2.0,3.0,2.0,1.0,1.0,2.0,2.0,3.0,3.0,2.0,3.0,1.0,3.0,1.0,3.0,3.0,2.0,2.0,1.0,1.0,1.0,3.0,3.0,3.0,3.0,3.0,1.0,1.0,2.0,3.0,1.0,1.0,2.0,3.0,2.0,3.0,1.0,1.0,2.0,3.0,3.0,3.0,3.0,1.0,2.0,3.0,3.0,3.0,1.0,2.0,3.0,2.0,3.0,3.0,1.0,2.0,2.0,2.0,2.0,3.0,2.0,1.0,3.0,1.0,2.0,2.0,2.0,2.0,3.0,1.0,1.0,3.0,1.0,2.0,3.0,3.0,3.0,2.0,2.0,1.0,2.0,2.0,1.0,1.0,2.0,3.0,1.0,1.0,3.0,3.0,3.0,2.0,3.0,2.0,3.0,3.0,1.0,3.0,2.0,2.0,1.0,1.0,3.0,1.0,3.0,2.0,2.0,1.0,2.0,2.0,3.0,3.0,2.0,3.0,2.0,1.0,1.0,2.0,3.0,2.0,3.0,2.0,2.0,2.0,3.0,2.0,2.0,1.0,3.0,2.0,3.0,1.0,2.0,1.0,2.0,2.0,2.0,2.0,3.0,1.0,3.0,2.0,3.0,3.0,2.0,2.0,2.0,,,,,,,,,,,,,,,,,,,,,,,,,,,,,,,,,,,,,,,,,,,,,,,,,,,,,,,,,,,,,,,,,,,,,,,,,,,,,,,,,,,,,,,,,,,,,,,,,,,,,,,,,,,,,,,,,,,,,,,,,,,,,,,,,,,,,,,,,,,,,,,,,,,,,,,,,,,,,,,,,,,,,,,,,,,,,,,,,,,,,,,,,,,,,,,,,,,,,,,,,,,,,,,,,,,,,,,,,,,7,7,20,20,20,20,7,7,7,27,27,20,20,6,7,27,27,27,27,25,7,13,7,7,8,30,7,12,7,3,19,27,27,27,27,2,2,20,2,2,2,2,6,6,6,6,6,6,6,6,6,6,6,6,6,6,6,2,6,6,6,6,6,3,20,15,15,15,8,15,15,15,15,15,15,3,3,3,3,3,32,32,32,32,32,3,16,13,13,13,13,13,13,13,3,13,13,13,13,13,13,13,13,1,1,1,1,1,1,1,1,1,28,28,32,30,28,28,28,18,18,18,18,18,18,11,4,10,10,30,8,15,8,8,8,30,8,28,28,25,25,25,31,10,16,31,31,7,31,31,19,16,16,4,11,11,11,13,11,11,24,24,21,24,30,24,24,24,24,21,12,12,9,9,31,9,9,16,10,16,16,16,16,16,16,16,16,16,16,16,23,16,16,16,16,4,16,26,4,21,31,21,9,21,4,9,21,30,4,4,30,30,9,9,9,4,23,23,1.0,1.0,1.0,1.0,6,20,20,20
13897,2.0045045045045047,0.7639960895623064,0,1,0,"[14, 17, 5, 26]",64,93,65,2.0,2.0,2.0,1.0,2.0,2.0,3.0,1.0,2.0,2.0,3.0,3.0,3.0,1.0,1.0,2.0,2.0,3.0,3.0,1.0,1.0,2.0,2.0,1.0,1.0,1.0,3.0,1.0,3.0,1.0,1.0,1.0,2.0,1.0,2.0,3.0,3.0,1.0,3.0,2.0,1.0,2.0,1.0,2.0,2.0,3.0,1.0,2.0,2.0,3.0,3.0,2.0,3.0,3.0,1.0,1.0,3.0,2.0,1.0,3.0,1.0,3.0,2.0,1.0,2.0,1.0,2.0,3.0,2.0,1.0,2.0,2.0,2.0,2.0,1.0,2.0,2.0,2.0,2.0,2.0,2.0,3.0,1.0,3.0,1.0,1.0,3.0,2.0,2.0,1.0,1.0,1.0,3.0,3.0,2.0,3.0,3.0,1.0,1.0,1.0,3.0,1.0,3.0,2.0,3.0,2.0,3.0,1.0,2.0,1.0,3.0,3.0,2.0,2.0,3.0,1.0,3.0,3.0,3.0,1.0,2.0,3.0,2.0,2.0,3.0,2.0,2.0,2.0,2.0,1.0,3.0,2.0,3.0,3.0,1.0,1.0,2.0,2.0,2.0,3.0,1.0,1.0,3.0,2.0,3.0,3.0,3.0,2.0,1.0,1.0,2.0,2.0,2.0,1.0,1.0,2.0,1.0,3.0,1.0,1.0,3.0,3.0,2.0,3.0,2.0,3.0,3.0,1.0,3.0,1.0,2.0,1.0,2.0,3.0,2.0,3.0,2.0,2.0,1.0,2.0,2.0,3.0,3.0,2.0,3.0,2.0,2.0,1.0,2.0,3.0,2.0,3.0,3.0,2.0,2.0,2.0,2.0,3.0,2.0,2.0,1.0,2.0,1.0,2.0,1.0,2.0,2.0,2.0,2.0,2.0,1.0,3.0,2.0,1.0,1.0,2.0,2.0,2.0,,,,,,,,,,,,,,,,,,,,,,,,,,,,,,,,,,,,,,,,,,,,,,,,,,,,,,,,,,,,,,,,,,,,,,,,,,,,,,,,,,,,,,,,,,,,,,,,,,,,,,,,,,,,,,,,,,,,,,,,,,,,,,,,,,,,,,,,,,,,,,,,,,,,,,,,,,,,,,,,,,,,,,,,,,,,,,,,,,,,,,,,,,,,,,,,,,,,,,,,,,,,,,,,,,,,,,,,,,,7,7,27,20,20,20,7,7,20,20,27,20,20,7,7,27,27,27,27,25,7,27,27,7,8,30,7,12,7,30,20,16,20,12,7,2,2,20,2,2,2,2,6,6,6,6,6,6,6,6,6,6,6,6,6,6,6,2,6,6,6,6,6,19,19,15,15,15,15,15,15,15,8,15,15,13,3,3,13,13,32,32,32,32,32,32,16,13,13,13,13,13,13,13,13,13,13,13,13,20,13,13,30,1,1,1,1,1,11,7,1,1,11,11,28,28,28,28,28,18,18,18,18,16,18,10,4,10,10,8,8,15,23,8,8,8,8,28,28,25,25,25,31,31,31,31,31,31,13,13,31,16,16,4,11,11,21,11,11,4,24,24,21,24,30,24,24,24,24,12,12,12,12,9,12,9,9,16,10,16,16,16,16,16,16,16,4,16,16,16,23,16,23,16,16,16,16,29,29,29,29,4,9,21,4,9,21,30,4,30,30,30,9,12,12,4,23,23,2.0,1.0,3.0,2.0,13,20,27,27
13898,2.036036036036036,0.7950972839868216,3,0,1,"[5, 14, 29, 17]",66,82,74,1.0,1.0,2.0,2.0,2.0,2.0,1.0,1.0,3.0,1.0,1.0,1.0,1.0,2.0,1.0,2.0,2.0,2.0,2.0,1.0,1.0,1.0,3.0,1.0,1.0,1.0,1.0,1.0,1.0,1.0,3.0,1.0,3.0,1.0,1.0,3.0,3.0,1.0,3.0,2.0,1.0,2.0,2.0,3.0,3.0,2.0,2.0,3.0,3.0,2.0,2.0,3.0,2.0,3.0,3.0,3.0,2.0,3.0,3.0,1.0,2.0,2.0,1.0,3.0,2.0,1.0,2.0,3.0,2.0,2.0,2.0,1.0,3.0,2.0,2.0,1.0,2.0,2.0,3.0,3.0,2.0,3.0,1.0,3.0,2.0,3.0,3.0,2.0,2.0,1.0,1.0,2.0,3.0,3.0,1.0,2.0,2.0,1.0,1.0,2.0,3.0,1.0,3.0,2.0,3.0,2.0,3.0,2.0,1.0,2.0,3.0,3.0,3.0,3.0,1.0,2.0,3.0,3.0,3.0,1.0,2.0,3.0,2.0,3.0,3.0,2.0,3.0,2.0,2.0,1.0,3.0,2.0,1.0,2.0,1.0,1.0,1.0,2.0,2.0,3.0,1.0,1.0,3.0,2.0,3.0,3.0,3.0,2.0,2.0,2.0,2.0,2.0,2.0,2.0,1.0,2.0,3.0,3.0,1.0,3.0,3.0,1.0,1.0,3.0,2.0,3.0,3.0,1.0,3.0,1.0,2.0,1.0,1.0,1.0,2.0,3.0,2.0,2.0,3.0,2.0,2.0,3.0,3.0,2.0,3.0,3.0,2.0,1.0,2.0,3.0,1.0,3.0,3.0,2.0,3.0,2.0,2.0,2.0,1.0,3.0,2.0,2.0,1.0,2.0,1.0,2.0,1.0,3.0,3.0,3.0,1.0,3.0,2.0,3.0,3.0,2.0,1.0,2.0,,,,,,,,,,,,,,,,,,,,,,,,,,,,,,,,,,,,,,,,,,,,,,,,,,,,,,,,,,,,,,,,,,,,,,,,,,,,,,,,,,,,,,,,,,,,,,,,,,,,,,,,,,,,,,,,,,,,,,,,,,,,,,,,,,,,,,,,,,,,,,,,,,,,,,,,,,,,,,,,,,,,,,,,,,,,,,,,,,,,,,,,,,,,,,,,,,,,,,,,,,,,,,,,,,,,,,,,,,,20,20,27,6,20,20,6,7,6,6,20,6,8,6,7,27,27,6,13,25,7,13,13,7,8,30,13,12,13,30,19,16,27,12,13,2,2,20,2,2,2,2,7,27,27,7,20,27,27,27,27,27,7,6,27,27,7,6,7,7,7,7,7,3,19,15,15,15,15,2,15,16,15,15,2,3,3,3,3,3,32,32,32,32,8,3,16,13,13,13,13,6,13,13,20,6,6,13,13,13,13,13,30,1,1,1,1,30,1,1,1,1,28,28,32,30,28,28,28,18,18,18,18,18,18,10,10,10,10,8,8,15,8,15,8,8,15,28,28,25,25,25,31,31,31,31,31,31,31,31,31,16,16,31,11,11,11,11,11,11,24,26,26,24,30,24,24,24,24,12,12,12,9,26,12,9,9,16,16,16,16,16,16,16,16,27,4,16,16,16,16,16,23,16,6,16,16,26,4,21,31,4,9,21,4,9,23,6,6,4,30,30,9,9,9,4,4,23,1.0,2.0,1.0,1.0,6,6,20,20
13899,2.009009009009009,0.8292775626631712,3,0,0,"[5, 14, 29]",75,70,77,1.0,1.0,1.0,2.0,2.0,2.0,1.0,1.0,3.0,1.0,1.0,1.0,1.0,2.0,1.0,1.0,1.0,2.0,2.0,1.0,1.0,1.0,3.0,1.0,1.0,1.0,1.0,1.0,1.0,3.0,1.0,1.0,3.0,1.0,1.0,3.0,3.0,1.0,3.0,2.0,1.0,2.0,2.0,3.0,3.0,2.0,1.0,3.0,3.0,2.0,2.0,2.0,2.0,3.0,3.0,3.0,2.0,2.0,3.0,1.0,2.0,2.0,1.0,3.0,2.0,3.0,2.0,3.0,3.0,1.0,2.0,1.0,3.0,2.0,1.0,1.0,2.0,2.0,3.0,3.0,3.0,3.0,1.0,3.0,1.0,3.0,3.0,2.0,2.0,1.0,1.0,2.0,3.0,3.0,3.0,2.0,2.0,1.0,1.0,1.0,3.0,1.0,3.0,2.0,3.0,2.0,3.0,1.0,2.0,3.0,3.0,3.0,3.0,3.0,3.0,1.0,3.0,3.0,1.0,3.0,1.0,3.0,2.0,3.0,3.0,1.0,2.0,2.0,3.0,1.0,3.0,2.0,1.0,2.0,1.0,1.0,1.0,3.0,3.0,3.0,1.0,2.0,3.0,1.0,3.0,3.0,3.0,2.0,2.0,2.0,3.0,3.0,3.0,2.0,1.0,1.0,3.0,3.0,1.0,2.0,3.0,1.0,1.0,3.0,2.0,2.0,3.0,1.0,3.0,2.0,2.0,1.0,1.0,1.0,2.0,3.0,2.0,2.0,1.0,2.0,2.0,3.0,3.0,2.0,3.0,1.0,2.0,1.0,2.0,3.0,1.0,3.0,2.0,2.0,2.0,2.0,2.0,2.0,1.0,3.0,2.0,2.0,1.0,2.0,3.0,3.0,1.0,2.0,1.0,3.0,2.0,3.0,2.0,3.0,3.0,2.0,1.0,2.0,,,,,,,,,,,,,,,,,,,,,,,,,,,,,,,,,,,,,,,,,,,,,,,,,,,,,,,,,,,,,,,,,,,,,,,,,,,,,,,,,,,,,,,,,,,,,,,,,,,,,,,,,,,,,,,,,,,,,,,,,,,,,,,,,,,,,,,,,,,,,,,,,,,,,,,,,,,,,,,,,,,,,,,,,,,,,,,,,,,,,,,,,,,,,,,,,,,,,,,,,,,,,,,,,,,,,,,,,,,20,20,20,6,20,20,6,7,6,6,20,6,8,6,7,20,21,6,13,25,7,13,13,7,8,30,13,12,13,3,20,16,27,12,13,2,2,20,2,2,2,2,7,27,27,7,6,27,27,27,27,6,7,6,27,27,7,2,7,7,7,7,7,3,19,6,15,15,8,15,15,16,15,15,15,3,3,3,3,3,28,32,32,32,32,3,16,13,13,13,13,6,13,13,3,6,6,13,13,20,13,13,30,1,1,1,1,1,11,21,1,1,28,28,28,28,28,28,30,17,17,18,18,18,18,11,4,10,31,8,8,15,8,15,8,8,15,25,25,25,25,19,31,10,31,31,31,31,31,31,28,31,31,31,11,30,11,11,11,21,24,26,26,24,30,13,24,24,24,21,12,12,9,26,12,9,9,16,10,16,16,16,16,16,16,21,4,16,16,16,16,16,16,16,16,16,16,26,4,21,31,4,9,21,21,10,23,30,30,4,6,30,9,9,9,4,4,23,1.0,2.0,1.0,1.0,6,6,20,20
13900,2.0675675675675675,0.7610022163187307,1,0,0,"[14, 17, 5]",57,93,72,1.0,1.0,2.0,1.0,2.0,2.0,2.0,2.0,2.0,2.0,3.0,3.0,3.0,3.0,3.0,2.0,2.0,2.0,2.0,2.0,3.0,1.0,3.0,2.0,1.0,1.0,3.0,1.0,3.0,3.0,3.0,1.0,1.0,1.0,1.0,3.0,3.0,1.0,3.0,2.0,1.0,2.0,2.0,1.0,1.0,2.0,1.0,2.0,2.0,3.0,3.0,2.0,2.0,2.0,1.0,1.0,2.0,3.0,3.0,3.0,2.0,2.0,1.0,2.0,2.0,3.0,2.0,2.0,1.0,1.0,2.0,2.0,3.0,2.0,1.0,1.0,2.0,2.0,1.0,1.0,2.0,3.0,3.0,3.0,1.0,1.0,2.0,2.0,2.0,1.0,1.0,2.0,3.0,3.0,3.0,2.0,2.0,1.0,1.0,2.0,3.0,1.0,3.0,2.0,3.0,2.0,3.0,1.0,2.0,3.0,3.0,3.0,3.0,3.0,1.0,2.0,3.0,3.0,3.0,1.0,2.0,3.0,2.0,2.0,3.0,2.0,1.0,2.0,2.0,1.0,3.0,2.0,1.0,2.0,1.0,1.0,1.0,3.0,3.0,2.0,1.0,1.0,3.0,2.0,3.0,3.0,3.0,2.0,2.0,2.0,2.0,2.0,2.0,2.0,1.0,2.0,3.0,2.0,1.0,3.0,3.0,1.0,1.0,3.0,2.0,3.0,3.0,1.0,3.0,1.0,2.0,1.0,1.0,1.0,3.0,1.0,3.0,2.0,3.0,2.0,2.0,3.0,3.0,2.0,3.0,2.0,3.0,1.0,2.0,3.0,2.0,3.0,3.0,2.0,2.0,2.0,2.0,2.0,2.0,2.0,1.0,3.0,2.0,2.0,3.0,3.0,2.0,2.0,1.0,2.0,2.0,3.0,2.0,3.0,3.0,2.0,2.0,2.0,,,,,,,,,,,,,,,,,,,,,,,,,,,,,,,,,,,,,,,,,,,,,,,,,,,,,,,,,,,,,,,,,,,,,,,,,,,,,,,,,,,,,,,,,,,,,,,,,,,,,,,,,,,,,,,,,,,,,,,,,,,,,,,,,,,,,,,,,,,,,,,,,,,,,,,,,,,,,,,,,,,,,,,,,,,,,,,,,,,,,,,,,,,,,,,,,,,,,,,,,,,,,,,,,,,,,,,,,,,20,20,27,20,20,20,20,20,20,20,27,20,20,27,27,27,27,6,13,27,27,13,13,2,8,30,7,12,7,3,19,16,7,12,13,2,2,20,2,2,2,2,7,7,7,7,6,6,6,6,6,6,7,20,6,6,7,6,7,6,7,7,7,25,19,6,15,6,6,15,15,15,15,15,15,3,3,3,28,28,32,32,26,32,32,32,13,13,13,13,13,6,13,13,3,6,6,13,13,13,13,13,30,1,1,1,1,1,11,21,1,1,28,28,32,30,28,28,28,18,18,18,18,16,18,10,31,10,10,8,8,15,8,15,8,8,15,25,25,12,25,25,31,31,31,31,31,31,31,31,31,16,16,31,11,11,11,12,11,11,24,26,26,24,30,24,24,24,24,12,12,12,9,26,23,21,12,16,16,16,16,16,16,16,16,16,23,16,16,16,23,16,23,16,16,16,16,26,29,29,29,21,21,21,21,10,21,30,30,30,6,30,9,9,9,4,23,23,1.0,2.0,3.0,2.0,6,6,27,27
13901,2.009009009009009,0.8015312889452847,2,0,1,"[14, 17, 29, 5]",70,80,72,1.0,1.0,2.0,2.0,2.0,2.0,2.0,2.0,2.0,2.0,1.0,3.0,3.0,3.0,3.0,2.0,2.0,3.0,3.0,2.0,3.0,2.0,2.0,2.0,1.0,1.0,1.0,1.0,1.0,3.0,1.0,1.0,1.0,1.0,1.0,3.0,3.0,2.0,1.0,2.0,1.0,1.0,2.0,1.0,1.0,2.0,1.0,1.0,1.0,3.0,3.0,2.0,2.0,3.0,1.0,1.0,2.0,1.0,3.0,3.0,2.0,2.0,2.0,3.0,2.0,1.0,1.0,3.0,2.0,1.0,2.0,2.0,3.0,1.0,1.0,1.0,2.0,2.0,3.0,3.0,2.0,3.0,1.0,3.0,1.0,3.0,2.0,2.0,2.0,1.0,2.0,2.0,3.0,3.0,3.0,2.0,2.0,1.0,1.0,1.0,3.0,1.0,3.0,2.0,3.0,2.0,3.0,1.0,2.0,3.0,3.0,3.0,3.0,3.0,1.0,2.0,3.0,3.0,3.0,1.0,2.0,3.0,2.0,3.0,3.0,1.0,3.0,2.0,3.0,1.0,3.0,2.0,1.0,2.0,1.0,1.0,2.0,2.0,2.0,3.0,1.0,2.0,2.0,1.0,3.0,3.0,3.0,2.0,1.0,1.0,2.0,3.0,3.0,2.0,1.0,2.0,3.0,2.0,1.0,2.0,3.0,1.0,2.0,3.0,2.0,2.0,3.0,1.0,3.0,1.0,2.0,1.0,1.0,3.0,1.0,3.0,1.0,3.0,3.0,1.0,2.0,3.0,3.0,2.0,3.0,2.0,1.0,1.0,2.0,3.0,1.0,3.0,2.0,2.0,2.0,2.0,2.0,1.0,1.0,3.0,2.0,3.0,1.0,2.0,3.0,3.0,2.0,2.0,1.0,1.0,1.0,3.0,2.0,3.0,3.0,2.0,2.0,2.0,,,,,,,,,,,,,,,,,,,,,,,,,,,,,,,,,,,,,,,,,,,,,,,,,,,,,,,,,,,,,,,,,,,,,,,,,,,,,,,,,,,,,,,,,,,,,,,,,,,,,,,,,,,,,,,,,,,,,,,,,,,,,,,,,,,,,,,,,,,,,,,,,,,,,,,,,,,,,,,,,,,,,,,,,,,,,,,,,,,,,,,,,,,,,,,,,,,,,,,,,,,,,,,,,,,,,,,,,,,20,20,27,6,20,20,20,20,20,20,20,20,20,27,27,27,27,27,27,27,27,27,27,2,8,30,13,12,13,3,20,16,7,12,13,2,2,2,7,2,2,7,7,7,7,7,6,7,7,6,6,6,7,6,6,6,7,7,7,6,7,7,6,3,19,15,6,15,15,15,15,15,15,6,15,3,3,3,3,3,32,32,32,32,32,3,13,13,13,13,2,6,13,13,3,6,6,13,13,20,13,13,30,1,1,1,1,1,11,21,1,1,28,28,32,30,28,28,28,18,18,18,18,18,18,11,10,10,31,8,8,15,8,15,8,8,8,28,28,25,25,19,6,10,31,31,31,31,13,13,31,31,31,31,11,11,11,12,11,21,24,26,21,24,30,13,24,24,24,12,12,12,9,9,31,9,13,9,16,6,16,16,16,16,16,16,16,16,16,16,16,16,16,16,16,16,16,4,4,21,31,21,9,21,21,10,21,30,30,23,30,30,9,9,9,4,23,23,1.0,2.0,3.0,1.0,6,6,27,20
13902,2.0765765765765765,0.783593642375905,1,0,1,"[5, 14, 17]",60,85,77,1.0,1.0,2.0,2.0,2.0,2.0,2.0,2.0,2.0,2.0,2.0,3.0,3.0,1.0,1.0,2.0,2.0,1.0,2.0,1.0,1.0,1.0,1.0,2.0,1.0,1.0,3.0,1.0,3.0,2.0,3.0,1.0,3.0,1.0,2.0,3.0,3.0,1.0,1.0,2.0,2.0,1.0,1.0,3.0,3.0,3.0,1.0,3.0,3.0,2.0,2.0,2.0,3.0,3.0,3.0,3.0,3.0,3.0,3.0,3.0,1.0,3.0,2.0,3.0,2.0,1.0,2.0,3.0,2.0,2.0,2.0,2.0,3.0,2.0,2.0,1.0,2.0,2.0,3.0,3.0,2.0,3.0,1.0,3.0,2.0,3.0,3.0,2.0,2.0,1.0,2.0,2.0,3.0,3.0,2.0,1.0,1.0,1.0,1.0,2.0,3.0,1.0,2.0,2.0,3.0,2.0,3.0,1.0,1.0,2.0,3.0,3.0,3.0,3.0,1.0,2.0,3.0,3.0,3.0,1.0,2.0,3.0,3.0,3.0,3.0,2.0,3.0,2.0,3.0,1.0,3.0,2.0,1.0,3.0,1.0,1.0,1.0,2.0,2.0,3.0,1.0,1.0,3.0,2.0,3.0,3.0,3.0,2.0,2.0,2.0,2.0,2.0,2.0,2.0,1.0,2.0,3.0,3.0,1.0,1.0,3.0,1.0,2.0,3.0,2.0,2.0,3.0,1.0,3.0,2.0,2.0,1.0,1.0,3.0,2.0,3.0,2.0,3.0,3.0,2.0,2.0,3.0,3.0,2.0,3.0,1.0,1.0,1.0,1.0,3.0,1.0,3.0,2.0,2.0,2.0,3.0,2.0,3.0,1.0,2.0,1.0,2.0,1.0,2.0,1.0,3.0,2.0,2.0,1.0,3.0,1.0,2.0,2.0,3.0,3.0,2.0,2.0,2.0,,,,,,,,,,,,,,,,,,,,,,,,,,,,,,,,,,,,,,,,,,,,,,,,,,,,,,,,,,,,,,,,,,,,,,,,,,,,,,,,,,,,,,,,,,,,,,,,,,,,,,,,,,,,,,,,,,,,,,,,,,,,,,,,,,,,,,,,,,,,,,,,,,,,,,,,,,,,,,,,,,,,,,,,,,,,,,,,,,,,,,,,,,,,,,,,,,,,,,,,,,,,,,,,,,,,,,,,,,,20,20,27,6,20,20,20,20,20,20,13,20,20,7,7,27,27,7,13,25,7,13,7,2,8,30,7,12,7,7,19,16,27,12,7,2,2,20,7,2,20,7,6,27,27,6,6,27,27,27,27,6,6,6,27,27,6,6,7,6,6,6,6,3,19,15,15,15,15,2,15,15,15,15,2,3,3,3,3,3,32,32,32,32,8,3,16,13,13,13,2,6,13,13,13,12,2,13,13,13,13,13,12,1,1,1,1,1,1,1,1,1,28,28,32,30,28,28,28,18,18,18,12,18,18,10,10,10,31,8,8,15,8,8,8,8,15,28,28,25,25,25,31,31,31,31,31,31,31,31,31,16,16,31,11,11,11,11,11,4,24,26,21,24,30,13,24,24,24,21,12,12,9,9,12,9,9,9,16,16,16,16,16,16,16,21,16,16,11,16,16,16,16,16,16,4,16,29,4,29,29,4,9,21,4,10,21,30,30,4,30,4,9,9,9,4,23,23,1.0,2.0,2.0,1.0,6,6,13,20
13903,2.0585585585585586,0.7735407769855775,3,0,0,"[17, 5, 14, 26]",60,89,73,1.0,1.0,2.0,2.0,2.0,2.0,2.0,2.0,2.0,2.0,3.0,3.0,3.0,3.0,3.0,2.0,2.0,2.0,2.0,3.0,1.0,2.0,2.0,1.0,1.0,1.0,1.0,1.0,1.0,3.0,1.0,1.0,1.0,1.0,2.0,3.0,3.0,1.0,3.0,2.0,1.0,2.0,2.0,2.0,2.0,2.0,1.0,2.0,2.0,3.0,3.0,2.0,2.0,3.0,1.0,1.0,2.0,2.0,3.0,1.0,2.0,2.0,1.0,1.0,2.0,1.0,2.0,3.0,2.0,1.0,3.0,2.0,3.0,2.0,1.0,1.0,2.0,2.0,3.0,3.0,2.0,3.0,1.0,3.0,1.0,1.0,2.0,2.0,2.0,1.0,2.0,2.0,3.0,3.0,3.0,2.0,2.0,1.0,1.0,1.0,3.0,1.0,1.0,2.0,3.0,2.0,3.0,1.0,2.0,3.0,3.0,3.0,3.0,3.0,3.0,1.0,3.0,3.0,3.0,1.0,2.0,3.0,2.0,3.0,3.0,2.0,3.0,2.0,3.0,1.0,3.0,3.0,2.0,2.0,1.0,1.0,2.0,3.0,3.0,3.0,2.0,1.0,3.0,1.0,2.0,3.0,3.0,2.0,2.0,2.0,2.0,3.0,3.0,2.0,1.0,1.0,3.0,3.0,1.0,3.0,3.0,3.0,3.0,3.0,2.0,2.0,3.0,1.0,3.0,2.0,1.0,1.0,2.0,2.0,3.0,2.0,1.0,2.0,3.0,1.0,2.0,3.0,3.0,2.0,2.0,2.0,3.0,1.0,2.0,3.0,1.0,3.0,2.0,2.0,2.0,2.0,2.0,3.0,2.0,2.0,1.0,3.0,2.0,2.0,3.0,1.0,2.0,3.0,1.0,2.0,1.0,3.0,2.0,1.0,1.0,2.0,2.0,2.0,,,,,,,,,,,,,,,,,,,,,,,,,,,,,,,,,,,,,,,,,,,,,,,,,,,,,,,,,,,,,,,,,,,,,,,,,,,,,,,,,,,,,,,,,,,,,,,,,,,,,,,,,,,,,,,,,,,,,,,,,,,,,,,,,,,,,,,,,,,,,,,,,,,,,,,,,,,,,,,,,,,,,,,,,,,,,,,,,,,,,,,,,,,,,,,,,,,,,,,,,,,,,,,,,,,,,,,,,,,20,20,27,6,20,20,20,20,20,20,27,20,20,27,27,27,27,6,13,20,7,27,27,7,8,30,13,12,13,3,20,16,7,12,7,2,2,20,2,2,2,2,7,6,6,7,6,6,6,6,6,6,7,6,6,6,7,2,7,7,7,7,7,19,19,15,15,15,15,15,6,15,15,15,15,3,3,3,3,3,32,32,32,32,32,32,13,13,13,13,2,6,13,13,3,6,6,13,13,20,13,13,13,1,1,1,1,1,11,21,1,1,28,28,28,28,28,28,28,18,18,18,18,18,18,10,10,10,31,8,8,6,16,15,8,8,8,25,25,25,31,25,31,10,16,31,31,31,31,31,31,31,31,31,11,30,11,11,11,11,24,24,24,24,30,13,24,24,24,21,23,12,12,12,23,12,13,16,16,6,16,16,16,16,23,16,23,16,16,16,16,16,16,16,16,16,16,29,29,29,29,21,21,21,21,21,21,6,30,30,30,30,9,12,12,4,23,23,1.0,1.0,3.0,2.0,6,20,27,27
13904,2.0765765765765765,0.7950588304542311,2,0,0,"[5, 14, 26]",62,81,79,3.0,3.0,2.0,1.0,2.0,2.0,3.0,1.0,2.0,2.0,3.0,3.0,3.0,3.0,3.0,1.0,1.0,1.0,2.0,2.0,3.0,1.0,1.0,1.0,1.0,1.0,3.0,1.0,3.0,2.0,2.0,2.0,2.0,2.0,2.0,3.0,3.0,1.0,3.0,2.0,1.0,2.0,1.0,2.0,2.0,3.0,1.0,2.0,2.0,3.0,3.0,2.0,3.0,3.0,1.0,1.0,3.0,2.0,1.0,3.0,1.0,3.0,2.0,3.0,2.0,1.0,2.0,1.0,2.0,1.0,2.0,2.0,3.0,2.0,1.0,1.0,2.0,2.0,3.0,3.0,2.0,3.0,1.0,3.0,1.0,3.0,3.0,2.0,2.0,1.0,1.0,1.0,3.0,3.0,1.0,3.0,3.0,1.0,1.0,2.0,3.0,1.0,3.0,2.0,3.0,2.0,3.0,1.0,1.0,2.0,3.0,3.0,3.0,3.0,1.0,2.0,3.0,3.0,3.0,3.0,1.0,3.0,3.0,3.0,3.0,1.0,3.0,1.0,2.0,1.0,3.0,2.0,1.0,3.0,1.0,1.0,2.0,2.0,2.0,3.0,1.0,1.0,3.0,2.0,3.0,3.0,3.0,2.0,2.0,2.0,1.0,3.0,3.0,2.0,1.0,2.0,1.0,1.0,1.0,1.0,3.0,3.0,3.0,3.0,3.0,3.0,3.0,1.0,3.0,2.0,2.0,1.0,2.0,2.0,2.0,2.0,2.0,2.0,1.0,2.0,2.0,3.0,3.0,2.0,2.0,2.0,3.0,1.0,2.0,2.0,2.0,3.0,3.0,2.0,2.0,2.0,2.0,3.0,2.0,2.0,2.0,2.0,1.0,2.0,1.0,3.0,1.0,2.0,1.0,2.0,1.0,3.0,2.0,3.0,3.0,2.0,2.0,2.0,,,,,,,,,,,,,,,,,,,,,,,,,,,,,,,,,,,,,,,,,,,,,,,,,,,,,,,,,,,,,,,,,,,,,,,,,,,,,,,,,,,,,,,,,,,,,,,,,,,,,,,,,,,,,,,,,,,,,,,,,,,,,,,,,,,,,,,,,,,,,,,,,,,,,,,,,,,,,,,,,,,,,,,,,,,,,,,,,,,,,,,,,,,,,,,,,,,,,,,,,,,,,,,,,,,,,,,,,,,27,27,27,20,20,20,7,7,20,20,27,20,20,27,27,20,21,7,13,27,27,13,7,7,8,30,7,12,7,7,7,7,20,7,7,2,2,20,2,2,2,2,6,6,6,6,6,6,6,6,6,6,6,6,6,6,6,2,6,6,6,6,6,3,19,15,15,11,15,15,15,15,15,15,15,3,3,3,3,3,32,32,32,32,32,3,16,13,13,13,13,13,13,13,20,13,13,13,13,13,13,13,30,1,1,1,1,1,1,1,1,1,28,28,32,30,28,28,28,17,17,18,12,18,18,11,10,11,10,8,8,15,8,8,8,8,8,28,28,25,25,25,31,31,31,31,31,31,31,31,19,31,31,31,11,11,21,13,11,4,24,24,24,24,24,24,24,24,24,21,12,12,12,12,12,12,9,16,10,16,16,16,16,16,23,16,23,16,16,23,23,16,23,16,16,16,16,29,29,29,31,4,9,21,4,10,23,30,30,30,30,30,9,9,9,4,23,23,1.0,1.0,3.0,2.0,6,20,27,27
13905,2.099099099099099,0.7954048453227989,2,0,1,"[14, 26, 17, 5]",60,80,82,3.0,3.0,2.0,1.0,2.0,2.0,2.0,2.0,2.0,2.0,3.0,3.0,3.0,3.0,3.0,1.0,1.0,1.0,2.0,2.0,3.0,1.0,1.0,1.0,1.0,2.0,3.0,2.0,3.0,3.0,1.0,2.0,1.0,2.0,2.0,3.0,3.0,1.0,3.0,2.0,1.0,2.0,1.0,2.0,2.0,3.0,1.0,2.0,2.0,3.0,3.0,2.0,3.0,3.0,1.0,1.0,3.0,2.0,1.0,3.0,1.0,3.0,2.0,3.0,2.0,3.0,2.0,3.0,2.0,1.0,2.0,1.0,3.0,1.0,1.0,1.0,2.0,2.0,3.0,3.0,2.0,3.0,1.0,3.0,1.0,3.0,2.0,2.0,2.0,1.0,1.0,1.0,3.0,3.0,3.0,3.0,3.0,1.0,1.0,1.0,3.0,1.0,2.0,2.0,3.0,2.0,3.0,1.0,2.0,3.0,3.0,3.0,3.0,3.0,1.0,2.0,3.0,3.0,3.0,1.0,2.0,3.0,2.0,3.0,3.0,2.0,1.0,2.0,2.0,1.0,3.0,2.0,1.0,2.0,1.0,1.0,1.0,2.0,2.0,3.0,1.0,1.0,3.0,2.0,3.0,3.0,3.0,3.0,2.0,2.0,1.0,3.0,3.0,2.0,1.0,2.0,3.0,3.0,1.0,2.0,3.0,3.0,2.0,3.0,2.0,1.0,3.0,1.0,3.0,1.0,2.0,1.0,1.0,3.0,2.0,3.0,1.0,3.0,3.0,2.0,2.0,3.0,3.0,2.0,3.0,2.0,2.0,1.0,2.0,3.0,1.0,3.0,2.0,2.0,2.0,3.0,2.0,1.0,2.0,3.0,2.0,2.0,1.0,2.0,3.0,3.0,2.0,2.0,2.0,2.0,1.0,2.0,2.0,3.0,3.0,2.0,1.0,2.0,,,,,,,,,,,,,,,,,,,,,,,,,,,,,,,,,,,,,,,,,,,,,,,,,,,,,,,,,,,,,,,,,,,,,,,,,,,,,,,,,,,,,,,,,,,,,,,,,,,,,,,,,,,,,,,,,,,,,,,,,,,,,,,,,,,,,,,,,,,,,,,,,,,,,,,,,,,,,,,,,,,,,,,,,,,,,,,,,,,,,,,,,,,,,,,,,,,,,,,,,,,,,,,,,,,,,,,,,,,27,27,27,20,20,20,20,20,20,20,27,20,20,27,27,20,21,7,13,27,27,13,7,7,8,7,7,7,7,3,20,7,7,7,7,2,2,20,2,2,2,2,6,6,6,6,6,6,6,6,6,6,6,6,6,6,6,2,6,6,6,6,6,3,19,6,15,15,15,15,15,16,15,6,15,3,3,3,3,3,32,32,32,32,32,3,13,13,13,13,13,13,13,13,3,13,13,13,13,20,13,13,12,1,1,1,1,1,11,21,1,1,28,28,32,30,28,28,28,18,18,18,18,18,18,10,31,10,10,8,8,15,8,15,8,8,15,28,28,25,25,25,31,31,31,31,31,7,31,31,19,31,31,31,11,11,11,11,11,21,24,24,21,24,30,30,24,24,24,12,12,12,9,9,12,9,13,9,16,16,16,16,16,16,16,16,4,16,16,16,16,16,16,16,16,4,16,4,29,21,31,4,9,21,21,10,21,30,4,30,30,4,9,9,9,4,4,23,1.0,1.0,3.0,2.0,6,20,27,27
13906,2.036036036036036,0.7950972839868214,2,0,1,"[5, 14, 17, 26]",66,82,74,1.0,1.0,2.0,2.0,2.0,2.0,1.0,2.0,3.0,1.0,3.0,1.0,1.0,3.0,3.0,1.0,1.0,3.0,3.0,1.0,3.0,1.0,3.0,2.0,1.0,1.0,1.0,1.0,1.0,3.0,1.0,1.0,1.0,1.0,1.0,3.0,3.0,2.0,3.0,1.0,2.0,1.0,2.0,1.0,1.0,2.0,2.0,1.0,1.0,3.0,3.0,2.0,2.0,3.0,2.0,2.0,2.0,3.0,3.0,1.0,2.0,2.0,1.0,3.0,2.0,3.0,2.0,3.0,2.0,2.0,3.0,2.0,3.0,2.0,2.0,3.0,2.0,2.0,3.0,3.0,3.0,3.0,1.0,3.0,1.0,3.0,2.0,2.0,2.0,1.0,2.0,2.0,3.0,3.0,3.0,2.0,2.0,2.0,2.0,1.0,3.0,1.0,3.0,2.0,3.0,2.0,3.0,1.0,2.0,3.0,3.0,3.0,3.0,3.0,3.0,1.0,3.0,3.0,1.0,1.0,2.0,3.0,2.0,3.0,3.0,2.0,3.0,1.0,2.0,1.0,3.0,2.0,1.0,2.0,1.0,1.0,1.0,3.0,3.0,3.0,1.0,2.0,3.0,2.0,2.0,3.0,3.0,2.0,2.0,2.0,3.0,2.0,2.0,2.0,1.0,2.0,1.0,3.0,1.0,1.0,3.0,3.0,3.0,3.0,1.0,2.0,3.0,1.0,3.0,1.0,1.0,1.0,2.0,2.0,3.0,2.0,1.0,2.0,3.0,2.0,2.0,3.0,3.0,2.0,2.0,2.0,1.0,1.0,2.0,3.0,2.0,3.0,3.0,2.0,1.0,2.0,2.0,1.0,3.0,2.0,2.0,2.0,1.0,2.0,1.0,3.0,2.0,2.0,1.0,2.0,1.0,3.0,2.0,1.0,1.0,1.0,2.0,2.0,,,,,,,,,,,,,,,,,,,,,,,,,,,,,,,,,,,,,,,,,,,,,,,,,,,,,,,,,,,,,,,,,,,,,,,,,,,,,,,,,,,,,,,,,,,,,,,,,,,,,,,,,,,,,,,,,,,,,,,,,,,,,,,,,,,,,,,,,,,,,,,,,,,,,,,,,,,,,,,,,,,,,,,,,,,,,,,,,,,,,,,,,,,,,,,,,,,,,,,,,,,,,,,,,,,,,,,,,,,20,20,27,6,20,20,6,20,6,6,27,6,8,27,27,20,21,27,27,25,27,13,13,2,8,30,13,12,13,3,20,16,7,12,13,2,2,2,2,27,20,7,7,7,7,7,20,7,7,6,6,6,7,6,20,20,7,6,7,7,7,7,7,3,19,6,15,15,15,2,6,15,15,15,2,20,3,3,3,3,28,32,32,32,32,3,13,13,13,13,2,6,13,13,3,6,6,6,6,20,13,13,30,1,1,1,1,1,11,21,1,1,28,28,28,28,28,28,30,18,18,18,18,18,18,10,10,11,10,8,8,15,8,15,8,8,15,25,25,25,25,19,31,31,16,31,31,31,31,31,28,16,16,31,11,11,21,11,11,4,24,24,24,24,4,13,24,24,24,12,23,12,12,12,23,12,13,16,16,16,16,16,16,16,23,16,16,16,16,16,23,16,23,16,23,16,16,4,20,29,31,4,9,21,4,10,21,30,30,30,30,30,9,12,12,27,23,23,1.0,2.0,3.0,2.0,6,6,27,27
13907,2.0765765765765765,0.7541685007965111,0,0,1,"[17, 14, 5, 29]",55,95,72,2.0,2.0,2.0,2.0,3.0,3.0,3.0,1.0,3.0,1.0,3.0,1.0,1.0,2.0,1.0,2.0,2.0,1.0,2.0,1.0,1.0,1.0,1.0,1.0,1.0,1.0,3.0,1.0,3.0,1.0,3.0,1.0,2.0,1.0,2.0,3.0,3.0,2.0,2.0,2.0,2.0,3.0,3.0,3.0,3.0,3.0,2.0,3.0,3.0,1.0,1.0,2.0,3.0,3.0,2.0,2.0,1.0,3.0,2.0,2.0,3.0,3.0,3.0,3.0,2.0,1.0,2.0,3.0,2.0,2.0,2.0,2.0,3.0,2.0,2.0,1.0,2.0,2.0,3.0,3.0,2.0,3.0,1.0,3.0,1.0,3.0,3.0,2.0,2.0,1.0,2.0,2.0,3.0,3.0,2.0,1.0,1.0,1.0,1.0,2.0,3.0,1.0,3.0,2.0,3.0,2.0,3.0,1.0,1.0,2.0,3.0,3.0,2.0,2.0,1.0,2.0,2.0,2.0,3.0,1.0,2.0,3.0,2.0,3.0,3.0,2.0,3.0,1.0,2.0,1.0,3.0,2.0,1.0,2.0,1.0,1.0,2.0,2.0,2.0,3.0,2.0,1.0,3.0,2.0,2.0,3.0,3.0,2.0,2.0,2.0,2.0,2.0,2.0,2.0,1.0,2.0,3.0,2.0,1.0,2.0,3.0,1.0,2.0,3.0,2.0,3.0,3.0,1.0,3.0,2.0,2.0,1.0,1.0,3.0,2.0,3.0,1.0,3.0,1.0,2.0,2.0,3.0,3.0,2.0,3.0,2.0,2.0,1.0,2.0,3.0,1.0,3.0,2.0,2.0,3.0,2.0,2.0,2.0,1.0,3.0,2.0,3.0,1.0,2.0,3.0,2.0,2.0,2.0,3.0,2.0,1.0,2.0,2.0,3.0,3.0,2.0,1.0,2.0,,,,,,,,,,,,,,,,,,,,,,,,,,,,,,,,,,,,,,,,,,,,,,,,,,,,,,,,,,,,,,,,,,,,,,,,,,,,,,,,,,,,,,,,,,,,,,,,,,,,,,,,,,,,,,,,,,,,,,,,,,,,,,,,,,,,,,,,,,,,,,,,,,,,,,,,,,,,,,,,,,,,,,,,,,,,,,,,,,,,,,,,,,,,,,,,,,,,,,,,,,,,,,,,,,,,,,,,,,,7,7,27,6,13,13,7,7,6,6,27,6,8,6,7,27,27,7,13,25,7,13,7,7,8,30,7,12,7,30,19,16,20,12,7,2,2,2,20,2,20,20,20,27,27,6,20,27,27,20,20,6,6,6,20,20,20,6,20,20,20,6,20,3,19,15,15,15,15,2,15,15,15,15,2,3,3,3,3,3,32,32,32,32,32,3,16,13,13,13,2,6,13,13,13,12,2,13,13,13,13,13,30,1,1,1,1,1,1,1,1,1,11,11,32,30,25,25,28,18,18,18,18,18,18,10,10,11,10,8,8,15,8,15,8,8,8,28,28,25,31,25,31,31,16,31,31,31,31,31,31,16,16,31,11,11,11,12,11,21,24,26,21,24,30,24,24,24,24,21,12,12,9,9,12,9,13,9,10,16,16,16,16,16,16,16,4,16,16,16,16,16,16,16,6,16,16,26,4,21,31,21,9,21,21,9,21,30,6,30,30,4,9,9,9,4,4,23,1.0,2.0,3.0,2.0,6,6,27,27
13908,2.054054054054054,0.78259156245517,2,0,0,"[5, 14, 17]",62,86,74,1.0,1.0,2.0,2.0,2.0,2.0,1.0,1.0,3.0,1.0,3.0,1.0,1.0,3.0,3.0,2.0,2.0,2.0,1.0,1.0,1.0,2.0,2.0,2.0,1.0,1.0,1.0,1.0,1.0,3.0,3.0,1.0,1.0,1.0,1.0,3.0,3.0,2.0,1.0,2.0,2.0,3.0,2.0,1.0,1.0,2.0,2.0,1.0,1.0,3.0,3.0,2.0,2.0,3.0,2.0,2.0,3.0,3.0,3.0,1.0,2.0,2.0,1.0,3.0,1.0,1.0,2.0,3.0,2.0,2.0,2.0,2.0,3.0,2.0,2.0,1.0,2.0,2.0,3.0,3.0,2.0,3.0,1.0,3.0,1.0,3.0,2.0,2.0,2.0,1.0,2.0,2.0,3.0,3.0,3.0,2.0,2.0,1.0,1.0,2.0,3.0,1.0,2.0,2.0,3.0,2.0,3.0,1.0,2.0,3.0,3.0,3.0,3.0,3.0,1.0,2.0,3.0,3.0,3.0,1.0,2.0,3.0,2.0,3.0,3.0,2.0,2.0,2.0,2.0,1.0,3.0,2.0,1.0,2.0,1.0,1.0,2.0,3.0,3.0,3.0,2.0,1.0,3.0,2.0,3.0,3.0,3.0,2.0,1.0,1.0,1.0,3.0,3.0,2.0,1.0,2.0,3.0,2.0,1.0,2.0,3.0,3.0,3.0,3.0,3.0,2.0,3.0,1.0,3.0,2.0,2.0,1.0,2.0,3.0,1.0,1.0,3.0,3.0,3.0,1.0,2.0,3.0,3.0,2.0,3.0,2.0,1.0,1.0,1.0,3.0,1.0,3.0,2.0,2.0,2.0,2.0,2.0,2.0,2.0,2.0,1.0,3.0,1.0,2.0,3.0,3.0,2.0,2.0,1.0,2.0,1.0,3.0,2.0,3.0,3.0,2.0,2.0,2.0,,,,,,,,,,,,,,,,,,,,,,,,,,,,,,,,,,,,,,,,,,,,,,,,,,,,,,,,,,,,,,,,,,,,,,,,,,,,,,,,,,,,,,,,,,,,,,,,,,,,,,,,,,,,,,,,,,,,,,,,,,,,,,,,,,,,,,,,,,,,,,,,,,,,,,,,,,,,,,,,,,,,,,,,,,,,,,,,,,,,,,,,,,,,,,,,,,,,,,,,,,,,,,,,,,,,,,,,,,,20,20,27,6,20,20,6,7,6,6,27,6,8,27,27,27,27,6,20,25,7,27,27,2,8,30,13,12,13,3,19,16,7,12,13,2,2,2,7,2,20,20,7,7,7,7,20,7,7,6,6,6,7,6,20,20,6,6,7,7,7,7,7,3,20,15,15,15,15,2,15,15,15,15,2,3,3,3,3,3,32,32,32,32,32,3,13,13,13,13,2,6,13,13,3,6,6,13,13,13,13,13,12,1,1,1,1,1,11,21,1,1,28,28,32,30,28,28,28,18,18,18,18,18,18,10,4,10,10,8,8,15,8,15,8,8,8,25,25,25,31,25,31,31,31,31,31,31,13,13,19,31,31,31,11,11,11,12,11,21,24,24,24,24,24,13,24,24,24,21,12,12,12,9,31,21,12,9,16,6,16,16,16,16,16,16,16,16,11,16,16,16,16,16,16,16,16,26,29,29,29,21,9,21,21,10,21,30,30,30,30,30,9,9,9,4,23,23,1.0,2.0,3.0,2.0,6,6,27,27
13909,2.0405405405405403,0.7805182613287018,2,0,2,"[14, 5]",63,87,72,1.0,1.0,1.0,2.0,2.0,2.0,1.0,3.0,3.0,1.0,1.0,1.0,1.0,2.0,1.0,2.0,2.0,2.0,2.0,2.0,3.0,2.0,2.0,3.0,1.0,1.0,1.0,1.0,1.0,3.0,1.0,1.0,1.0,3.0,3.0,1.0,3.0,2.0,3.0,2.0,1.0,2.0,2.0,1.0,1.0,2.0,2.0,1.0,1.0,3.0,3.0,2.0,2.0,3.0,3.0,3.0,2.0,2.0,3.0,1.0,2.0,2.0,1.0,1.0,2.0,1.0,2.0,3.0,3.0,1.0,2.0,2.0,3.0,2.0,1.0,1.0,2.0,2.0,3.0,3.0,2.0,3.0,1.0,3.0,1.0,2.0,2.0,2.0,2.0,1.0,2.0,2.0,3.0,3.0,3.0,2.0,2.0,1.0,1.0,1.0,3.0,2.0,1.0,2.0,3.0,2.0,3.0,1.0,1.0,2.0,2.0,2.0,3.0,3.0,3.0,1.0,3.0,3.0,2.0,3.0,1.0,3.0,1.0,3.0,3.0,2.0,3.0,2.0,3.0,1.0,2.0,3.0,3.0,2.0,2.0,1.0,2.0,3.0,3.0,3.0,1.0,1.0,3.0,2.0,3.0,3.0,3.0,2.0,1.0,1.0,2.0,2.0,2.0,2.0,1.0,1.0,3.0,3.0,1.0,2.0,3.0,1.0,1.0,3.0,2.0,2.0,3.0,2.0,3.0,2.0,1.0,1.0,2.0,3.0,3.0,3.0,2.0,2.0,3.0,2.0,2.0,3.0,3.0,2.0,3.0,2.0,2.0,1.0,2.0,3.0,2.0,3.0,3.0,2.0,2.0,2.0,2.0,1.0,1.0,3.0,1.0,3.0,2.0,2.0,3.0,3.0,2.0,2.0,3.0,2.0,1.0,3.0,2.0,3.0,3.0,2.0,2.0,2.0,,,,,,,,,,,,,,,,,,,,,,,,,,,,,,,,,,,,,,,,,,,,,,,,,,,,,,,,,,,,,,,,,,,,,,,,,,,,,,,,,,,,,,,,,,,,,,,,,,,,,,,,,,,,,,,,,,,,,,,,,,,,,,,,,,,,,,,,,,,,,,,,,,,,,,,,,,,,,,,,,,,,,,,,,,,,,,,,,,,,,,,,,,,,,,,,,,,,,,,,,,,,,,,,,,,,,,,,,,,20,20,20,6,20,20,6,13,6,6,20,6,8,6,7,27,27,6,13,27,27,27,27,13,8,30,13,12,13,3,20,16,7,27,27,9,2,2,2,2,2,2,7,7,7,7,20,7,7,6,6,6,7,6,27,27,7,2,7,7,7,7,7,19,19,15,15,15,8,15,15,15,15,15,15,3,3,3,3,3,32,32,32,32,32,28,13,13,13,13,2,6,13,13,3,6,6,13,13,20,13,2,13,1,1,1,1,1,1,1,9,9,28,28,28,28,28,28,31,17,17,18,16,18,18,10,10,10,31,8,23,6,23,15,9,8,8,25,25,25,25,25,31,31,31,31,31,31,13,13,31,16,16,31,11,30,11,11,11,21,24,26,26,24,30,13,24,28,24,21,23,12,12,9,23,9,9,16,16,16,16,16,16,16,16,16,4,16,16,16,23,16,23,16,16,16,16,4,4,21,29,21,21,21,21,10,21,30,6,30,30,30,9,9,9,4,23,23,1.0,2.0,1.0,1.0,6,6,20,20
13910,2.0585585585585586,0.8078762134098192,1,0,0,"[5, 26, 14]",66,77,79,3.0,3.0,2.0,2.0,2.0,2.0,2.0,2.0,2.0,2.0,3.0,3.0,3.0,3.0,3.0,1.0,1.0,2.0,2.0,2.0,3.0,1.0,3.0,1.0,1.0,1.0,3.0,1.0,3.0,3.0,1.0,1.0,1.0,1.0,1.0,3.0,3.0,2.0,3.0,2.0,1.0,2.0,2.0,2.0,2.0,2.0,1.0,2.0,2.0,3.0,3.0,1.0,2.0,3.0,1.0,1.0,3.0,3.0,3.0,1.0,2.0,2.0,1.0,3.0,2.0,1.0,2.0,3.0,3.0,1.0,2.0,1.0,3.0,2.0,1.0,1.0,2.0,2.0,3.0,3.0,2.0,3.0,1.0,3.0,1.0,3.0,2.0,2.0,2.0,1.0,2.0,2.0,3.0,3.0,3.0,2.0,2.0,2.0,2.0,1.0,3.0,1.0,3.0,2.0,3.0,1.0,3.0,1.0,2.0,3.0,3.0,3.0,3.0,3.0,1.0,2.0,3.0,3.0,3.0,3.0,1.0,3.0,1.0,3.0,3.0,2.0,3.0,1.0,2.0,1.0,3.0,3.0,1.0,2.0,1.0,3.0,1.0,2.0,2.0,3.0,1.0,1.0,3.0,1.0,2.0,3.0,3.0,2.0,1.0,1.0,1.0,3.0,3.0,1.0,1.0,1.0,3.0,1.0,1.0,2.0,3.0,3.0,2.0,3.0,2.0,1.0,3.0,1.0,3.0,2.0,1.0,1.0,1.0,3.0,1.0,1.0,2.0,2.0,3.0,2.0,2.0,3.0,3.0,2.0,3.0,2.0,3.0,1.0,2.0,2.0,2.0,3.0,2.0,2.0,2.0,3.0,2.0,3.0,2.0,3.0,2.0,1.0,1.0,2.0,1.0,2.0,1.0,2.0,2.0,3.0,1.0,2.0,2.0,3.0,3.0,2.0,1.0,2.0,,,,,,,,,,,,,,,,,,,,,,,,,,,,,,,,,,,,,,,,,,,,,,,,,,,,,,,,,,,,,,,,,,,,,,,,,,,,,,,,,,,,,,,,,,,,,,,,,,,,,,,,,,,,,,,,,,,,,,,,,,,,,,,,,,,,,,,,,,,,,,,,,,,,,,,,,,,,,,,,,,,,,,,,,,,,,,,,,,,,,,,,,,,,,,,,,,,,,,,,,,,,,,,,,,,,,,,,,,,27,27,27,6,20,20,20,20,20,20,27,20,20,27,27,20,21,6,13,27,27,13,13,7,8,30,7,12,7,3,20,16,7,12,13,2,2,2,2,2,2,2,7,6,6,7,6,6,6,6,6,20,7,6,6,6,6,6,7,7,7,7,7,3,19,15,15,15,8,15,15,16,15,15,15,3,3,3,3,3,32,32,32,32,32,3,13,13,13,13,2,6,13,13,3,6,6,6,6,20,13,13,30,1,1,11,1,1,11,21,1,1,28,28,32,30,28,28,28,17,17,18,16,18,18,10,10,11,10,8,8,6,8,15,8,6,15,28,28,25,25,25,31,10,16,31,31,31,13,13,19,31,31,4,11,30,11,13,11,21,24,24,21,24,30,30,24,24,24,21,23,12,9,9,31,21,9,16,16,16,16,16,16,16,16,16,23,16,16,23,23,16,16,16,16,4,16,29,29,21,31,23,9,21,4,9,23,30,4,4,30,4,9,9,9,4,4,23,1.0,1.0,3.0,2.0,6,20,27,27
13911,2.063063063063063,0.7934035654851268,2,0,1,"[17, 5, 14]",63,82,77,1.0,1.0,2.0,2.0,2.0,2.0,2.0,2.0,2.0,2.0,1.0,3.0,3.0,2.0,1.0,2.0,2.0,2.0,2.0,2.0,3.0,1.0,3.0,2.0,1.0,1.0,1.0,1.0,1.0,3.0,3.0,1.0,1.0,1.0,1.0,3.0,3.0,2.0,1.0,1.0,2.0,1.0,2.0,1.0,1.0,2.0,1.0,1.0,1.0,2.0,2.0,2.0,2.0,3.0,3.0,3.0,3.0,1.0,1.0,1.0,1.0,2.0,1.0,3.0,2.0,3.0,2.0,3.0,1.0,2.0,2.0,2.0,3.0,2.0,2.0,1.0,2.0,2.0,3.0,3.0,3.0,3.0,1.0,3.0,1.0,3.0,3.0,2.0,2.0,1.0,2.0,2.0,3.0,3.0,3.0,1.0,1.0,1.0,1.0,2.0,3.0,1.0,3.0,2.0,3.0,2.0,3.0,1.0,1.0,2.0,3.0,3.0,3.0,3.0,3.0,1.0,2.0,2.0,3.0,1.0,2.0,3.0,2.0,3.0,3.0,2.0,1.0,2.0,2.0,1.0,3.0,2.0,1.0,2.0,1.0,3.0,1.0,3.0,3.0,3.0,2.0,1.0,3.0,1.0,3.0,3.0,3.0,2.0,2.0,2.0,3.0,3.0,3.0,2.0,1.0,2.0,3.0,3.0,1.0,3.0,3.0,3.0,3.0,3.0,3.0,3.0,3.0,1.0,3.0,2.0,2.0,1.0,2.0,1.0,3.0,2.0,3.0,2.0,3.0,2.0,2.0,3.0,3.0,2.0,2.0,2.0,3.0,1.0,2.0,2.0,2.0,3.0,3.0,2.0,3.0,2.0,2.0,3.0,2.0,2.0,1.0,1.0,2.0,2.0,3.0,1.0,2.0,2.0,1.0,2.0,1.0,3.0,2.0,3.0,3.0,1.0,1.0,2.0,,,,,,,,,,,,,,,,,,,,,,,,,,,,,,,,,,,,,,,,,,,,,,,,,,,,,,,,,,,,,,,,,,,,,,,,,,,,,,,,,,,,,,,,,,,,,,,,,,,,,,,,,,,,,,,,,,,,,,,,,,,,,,,,,,,,,,,,,,,,,,,,,,,,,,,,,,,,,,,,,,,,,,,,,,,,,,,,,,,,,,,,,,,,,,,,,,,,,,,,,,,,,,,,,,,,,,,,,,,20,20,27,6,20,20,20,20,20,20,20,20,20,6,7,27,27,6,13,27,27,13,13,2,8,30,13,12,13,3,19,16,7,12,13,2,2,2,7,27,20,7,7,7,7,7,6,7,7,27,27,6,7,6,27,27,6,7,6,7,6,7,7,3,19,6,15,15,6,2,15,15,15,15,2,3,3,3,3,3,28,32,32,32,32,3,16,13,13,13,2,6,13,13,3,12,2,13,13,13,13,13,30,1,1,1,1,1,1,1,1,1,28,28,28,28,25,25,28,18,18,18,18,18,18,10,31,10,10,8,8,15,8,15,8,6,15,25,25,25,31,25,31,10,31,31,31,31,31,31,28,31,31,31,11,11,11,11,11,11,24,24,24,24,24,24,24,24,24,21,12,12,12,26,23,12,12,16,16,16,16,16,16,16,23,16,23,16,16,23,23,16,23,16,6,16,16,29,29,29,29,23,21,21,21,21,21,30,30,30,30,30,9,9,9,27,4,23,1.0,2.0,3.0,1.0,6,6,27,20
13912,2.081081081081081,0.8031063574959483,3,0,0,"[14, 17, 5, 26]",63,78,81,1.0,1.0,2.0,1.0,2.0,2.0,2.0,2.0,2.0,2.0,3.0,3.0,3.0,2.0,1.0,2.0,2.0,2.0,2.0,2.0,3.0,1.0,3.0,2.0,1.0,1.0,3.0,1.0,3.0,1.0,3.0,1.0,1.0,1.0,1.0,3.0,3.0,1.0,3.0,2.0,1.0,2.0,2.0,1.0,1.0,2.0,1.0,2.0,2.0,2.0,2.0,2.0,3.0,3.0,3.0,3.0,3.0,2.0,3.0,1.0,2.0,2.0,1.0,3.0,2.0,3.0,2.0,3.0,3.0,1.0,2.0,2.0,3.0,2.0,1.0,1.0,2.0,2.0,3.0,3.0,2.0,3.0,1.0,3.0,1.0,3.0,3.0,2.0,2.0,1.0,2.0,2.0,3.0,3.0,2.0,2.0,2.0,1.0,1.0,2.0,3.0,1.0,3.0,2.0,3.0,2.0,3.0,1.0,2.0,3.0,3.0,3.0,3.0,3.0,1.0,2.0,3.0,3.0,3.0,1.0,2.0,3.0,1.0,2.0,3.0,2.0,3.0,1.0,3.0,1.0,3.0,2.0,1.0,2.0,1.0,1.0,2.0,3.0,3.0,3.0,1.0,1.0,2.0,1.0,3.0,3.0,3.0,2.0,2.0,2.0,2.0,3.0,3.0,2.0,1.0,1.0,3.0,2.0,1.0,1.0,3.0,3.0,3.0,3.0,1.0,3.0,3.0,1.0,3.0,2.0,1.0,1.0,1.0,3.0,3.0,3.0,2.0,3.0,3.0,1.0,2.0,3.0,3.0,2.0,3.0,2.0,3.0,1.0,1.0,3.0,1.0,3.0,2.0,2.0,2.0,2.0,2.0,3.0,2.0,2.0,2.0,1.0,1.0,2.0,1.0,3.0,1.0,3.0,1.0,1.0,1.0,3.0,2.0,3.0,3.0,2.0,2.0,2.0,,,,,,,,,,,,,,,,,,,,,,,,,,,,,,,,,,,,,,,,,,,,,,,,,,,,,,,,,,,,,,,,,,,,,,,,,,,,,,,,,,,,,,,,,,,,,,,,,,,,,,,,,,,,,,,,,,,,,,,,,,,,,,,,,,,,,,,,,,,,,,,,,,,,,,,,,,,,,,,,,,,,,,,,,,,,,,,,,,,,,,,,,,,,,,,,,,,,,,,,,,,,,,,,,,,,,,,,,,,20,20,27,20,20,20,20,20,20,20,27,20,20,6,7,27,27,6,13,27,27,13,13,2,8,30,7,12,7,30,19,16,7,12,13,2,2,20,2,2,2,2,7,7,7,7,6,6,6,27,27,6,6,6,27,27,6,2,7,7,7,7,7,3,19,6,15,15,8,15,15,15,15,15,15,3,3,3,3,3,32,32,32,32,32,3,16,13,13,13,2,6,13,13,13,6,6,13,13,13,13,13,30,1,1,1,1,1,11,21,1,1,28,28,32,30,28,28,28,18,18,18,16,16,18,10,10,11,31,8,8,15,8,15,8,8,8,25,25,25,25,25,6,10,31,31,31,31,31,31,31,31,31,31,11,30,11,12,11,4,24,24,24,24,4,24,24,24,24,21,23,12,9,9,23,9,9,9,16,6,16,16,16,16,16,16,23,16,11,16,16,16,16,16,16,16,16,29,29,29,31,23,9,21,4,10,23,6,30,23,30,30,9,9,9,4,23,23,1.0,2.0,3.0,1.0,6,6,27,20
13913,1.945945945945946,0.7940712191846122,4,0,1,"[17, 14, 5, 26]",76,82,64,1.0,1.0,2.0,2.0,2.0,2.0,1.0,2.0,3.0,1.0,3.0,1.0,1.0,2.0,1.0,2.0,2.0,2.0,2.0,3.0,3.0,2.0,2.0,2.0,1.0,1.0,1.0,1.0,1.0,3.0,1.0,1.0,1.0,3.0,3.0,3.0,3.0,1.0,1.0,2.0,1.0,1.0,2.0,1.0,1.0,2.0,2.0,1.0,1.0,2.0,2.0,2.0,2.0,3.0,3.0,3.0,2.0,1.0,3.0,1.0,2.0,2.0,1.0,3.0,2.0,1.0,2.0,3.0,2.0,2.0,3.0,2.0,3.0,2.0,2.0,1.0,2.0,2.0,3.0,3.0,2.0,3.0,1.0,3.0,1.0,3.0,3.0,2.0,2.0,1.0,2.0,2.0,3.0,3.0,3.0,2.0,2.0,1.0,1.0,1.0,3.0,1.0,1.0,2.0,3.0,2.0,3.0,1.0,2.0,3.0,3.0,3.0,3.0,3.0,1.0,2.0,3.0,3.0,3.0,1.0,2.0,3.0,2.0,3.0,3.0,2.0,1.0,2.0,2.0,1.0,3.0,2.0,1.0,1.0,1.0,1.0,1.0,2.0,2.0,3.0,1.0,1.0,3.0,3.0,2.0,3.0,3.0,2.0,1.0,1.0,1.0,2.0,2.0,2.0,1.0,1.0,1.0,3.0,1.0,1.0,3.0,3.0,3.0,3.0,3.0,2.0,3.0,1.0,3.0,1.0,2.0,1.0,2.0,2.0,1.0,2.0,1.0,3.0,3.0,2.0,2.0,3.0,3.0,2.0,3.0,2.0,2.0,1.0,1.0,3.0,2.0,3.0,2.0,2.0,2.0,2.0,2.0,3.0,2.0,1.0,1.0,2.0,1.0,2.0,1.0,3.0,1.0,2.0,1.0,2.0,1.0,3.0,2.0,1.0,1.0,2.0,1.0,2.0,,,,,,,,,,,,,,,,,,,,,,,,,,,,,,,,,,,,,,,,,,,,,,,,,,,,,,,,,,,,,,,,,,,,,,,,,,,,,,,,,,,,,,,,,,,,,,,,,,,,,,,,,,,,,,,,,,,,,,,,,,,,,,,,,,,,,,,,,,,,,,,,,,,,,,,,,,,,,,,,,,,,,,,,,,,,,,,,,,,,,,,,,,,,,,,,,,,,,,,,,,,,,,,,,,,,,,,,,,,20,20,27,6,20,20,6,20,6,6,27,6,8,6,7,27,27,6,13,20,27,27,27,2,8,30,13,12,13,3,20,16,7,27,27,2,2,20,7,2,2,7,7,7,7,7,20,7,7,27,27,6,7,6,27,27,7,7,7,7,7,7,7,3,19,15,15,15,15,2,6,15,15,15,2,3,3,3,3,3,32,32,32,32,32,3,16,13,13,13,2,6,13,13,3,6,6,13,13,20,13,13,13,1,1,1,1,1,11,21,1,1,28,28,32,30,28,28,28,18,18,18,18,18,18,10,31,10,10,8,8,15,8,6,8,8,15,28,28,25,25,25,31,6,16,31,31,31,13,13,19,16,16,31,11,30,21,11,11,4,24,24,24,24,24,13,24,24,24,12,12,12,12,12,31,12,13,9,16,16,16,16,16,16,16,16,4,16,11,16,23,16,16,16,16,16,16,29,29,11,29,4,9,21,4,10,23,30,30,30,30,30,9,12,12,4,4,23,1.0,2.0,1.0,1.0,6,6,20,20
13914,2.0855855855855854,0.7826566715314206,2,0,1,"[17, 14, 5, 29]",59,85,78,1.0,1.0,1.0,1.0,2.0,2.0,2.0,2.0,1.0,3.0,3.0,3.0,3.0,1.0,1.0,2.0,2.0,1.0,2.0,1.0,1.0,2.0,2.0,1.0,1.0,1.0,3.0,1.0,3.0,2.0,3.0,3.0,3.0,2.0,2.0,1.0,3.0,2.0,3.0,2.0,1.0,2.0,1.0,2.0,2.0,3.0,1.0,2.0,2.0,3.0,3.0,3.0,3.0,3.0,1.0,1.0,3.0,2.0,1.0,3.0,2.0,3.0,2.0,3.0,2.0,1.0,2.0,3.0,3.0,1.0,2.0,2.0,3.0,2.0,1.0,2.0,2.0,2.0,3.0,3.0,2.0,3.0,1.0,3.0,1.0,3.0,3.0,2.0,2.0,2.0,1.0,1.0,3.0,3.0,2.0,2.0,2.0,1.0,1.0,2.0,3.0,1.0,1.0,2.0,3.0,2.0,3.0,1.0,1.0,2.0,3.0,3.0,3.0,3.0,1.0,2.0,3.0,3.0,3.0,1.0,2.0,3.0,2.0,3.0,3.0,2.0,2.0,2.0,2.0,1.0,3.0,1.0,1.0,2.0,2.0,1.0,2.0,2.0,2.0,3.0,1.0,1.0,3.0,2.0,3.0,3.0,3.0,2.0,1.0,1.0,2.0,3.0,3.0,2.0,1.0,2.0,3.0,3.0,1.0,3.0,3.0,3.0,3.0,3.0,2.0,3.0,3.0,1.0,3.0,1.0,2.0,1.0,1.0,3.0,2.0,3.0,2.0,2.0,3.0,2.0,2.0,3.0,3.0,2.0,3.0,3.0,2.0,1.0,2.0,3.0,1.0,3.0,2.0,2.0,2.0,3.0,2.0,2.0,1.0,3.0,2.0,2.0,2.0,2.0,1.0,3.0,2.0,2.0,1.0,2.0,1.0,3.0,2.0,3.0,3.0,2.0,1.0,2.0,,,,,,,,,,,,,,,,,,,,,,,,,,,,,,,,,,,,,,,,,,,,,,,,,,,,,,,,,,,,,,,,,,,,,,,,,,,,,,,,,,,,,,,,,,,,,,,,,,,,,,,,,,,,,,,,,,,,,,,,,,,,,,,,,,,,,,,,,,,,,,,,,,,,,,,,,,,,,,,,,,,,,,,,,,,,,,,,,,,,,,,,,,,,,,,,,,,,,,,,,,,,,,,,,,,,,,,,,,,20,20,20,20,20,20,20,20,7,27,27,20,20,7,7,27,27,7,13,25,7,27,27,7,8,30,7,12,7,7,19,27,27,7,7,9,2,2,2,2,2,2,6,6,6,6,6,6,6,6,6,27,6,6,6,6,6,2,6,6,7,6,6,3,19,15,15,15,8,15,15,15,15,15,15,13,3,3,3,3,32,32,32,32,32,3,16,13,13,2,13,13,13,13,13,6,6,13,13,13,13,13,13,1,1,1,1,1,1,1,1,1,28,28,32,30,28,28,28,18,18,18,18,18,18,10,4,10,10,8,8,8,8,15,9,8,8,28,28,25,25,25,31,31,31,31,31,31,13,13,31,31,31,31,11,11,11,11,11,11,24,24,24,24,30,24,24,24,24,12,12,12,9,9,12,9,9,16,16,16,16,16,16,16,16,27,4,16,16,16,16,16,16,16,16,4,16,26,4,21,31,4,21,21,4,10,21,30,30,30,30,30,9,9,9,4,4,23,2.0,2.0,1.0,1.0,13,6,20,20
13915,2.130630630630631,0.7586953308346966,2,0,1,"[14, 17, 5, 29]",51,91,80,2.0,2.0,2.0,2.0,3.0,3.0,3.0,1.0,3.0,1.0,3.0,1.0,1.0,2.0,1.0,2.0,2.0,2.0,2.0,1.0,1.0,1.0,3.0,1.0,1.0,1.0,3.0,2.0,3.0,2.0,3.0,1.0,2.0,1.0,2.0,3.0,3.0,2.0,3.0,2.0,1.0,2.0,3.0,3.0,3.0,3.0,2.0,3.0,3.0,1.0,1.0,2.0,3.0,3.0,2.0,2.0,1.0,2.0,2.0,2.0,3.0,1.0,3.0,2.0,2.0,3.0,2.0,3.0,2.0,1.0,2.0,2.0,2.0,2.0,1.0,1.0,2.0,2.0,3.0,3.0,2.0,3.0,3.0,3.0,1.0,1.0,3.0,2.0,2.0,1.0,1.0,2.0,3.0,3.0,2.0,2.0,2.0,1.0,1.0,2.0,3.0,1.0,2.0,2.0,3.0,2.0,3.0,1.0,1.0,2.0,3.0,3.0,3.0,3.0,1.0,2.0,3.0,3.0,3.0,1.0,2.0,3.0,2.0,3.0,3.0,2.0,3.0,2.0,3.0,1.0,3.0,2.0,1.0,2.0,1.0,3.0,2.0,2.0,2.0,3.0,2.0,1.0,3.0,1.0,2.0,3.0,3.0,2.0,2.0,2.0,2.0,2.0,2.0,2.0,1.0,2.0,3.0,3.0,1.0,3.0,3.0,3.0,3.0,3.0,2.0,1.0,3.0,1.0,3.0,1.0,2.0,1.0,2.0,1.0,3.0,2.0,3.0,3.0,3.0,2.0,2.0,3.0,3.0,2.0,3.0,2.0,3.0,1.0,2.0,3.0,2.0,3.0,3.0,2.0,2.0,2.0,2.0,2.0,1.0,3.0,2.0,3.0,2.0,2.0,3.0,1.0,2.0,2.0,1.0,1.0,1.0,3.0,2.0,3.0,3.0,2.0,2.0,2.0,,,,,,,,,,,,,,,,,,,,,,,,,,,,,,,,,,,,,,,,,,,,,,,,,,,,,,,,,,,,,,,,,,,,,,,,,,,,,,,,,,,,,,,,,,,,,,,,,,,,,,,,,,,,,,,,,,,,,,,,,,,,,,,,,,,,,,,,,,,,,,,,,,,,,,,,,,,,,,,,,,,,,,,,,,,,,,,,,,,,,,,,,,,,,,,,,,,,,,,,,,,,,,,,,,,,,,,,,,,7,7,27,6,13,13,7,7,6,6,27,6,8,6,7,27,27,6,13,25,7,13,13,7,8,30,7,7,7,7,19,16,20,12,7,2,2,2,2,2,2,2,20,27,27,6,20,27,27,20,20,6,6,6,20,20,20,2,20,20,20,20,20,25,19,6,15,15,15,15,15,15,8,15,15,3,3,3,3,3,32,32,26,32,32,32,16,13,13,13,13,6,13,13,13,6,6,13,13,13,13,13,12,1,1,1,1,1,1,1,1,1,28,28,32,30,28,28,28,18,18,18,18,18,18,10,10,10,31,8,8,15,8,15,8,6,8,28,28,25,31,25,31,10,16,31,31,31,31,31,31,16,16,31,11,11,11,11,11,11,24,24,24,24,30,30,24,24,24,12,12,12,12,26,23,12,12,9,16,16,16,16,16,16,16,16,23,16,16,16,23,16,23,16,16,16,16,26,4,21,31,21,21,21,21,21,21,30,30,23,30,30,9,9,9,4,23,23,1.0,2.0,3.0,2.0,6,6,27,27
13916,2.0765765765765765,0.7601446581732408,2,0,1,"[14, 17, 26, 5]",56,93,73,1.0,1.0,1.0,2.0,2.0,2.0,1.0,1.0,3.0,1.0,1.0,1.0,1.0,2.0,1.0,2.0,2.0,2.0,2.0,1.0,1.0,1.0,3.0,2.0,1.0,1.0,1.0,1.0,1.0,3.0,1.0,1.0,3.0,1.0,1.0,3.0,3.0,2.0,1.0,2.0,2.0,1.0,2.0,3.0,3.0,2.0,1.0,3.0,3.0,2.0,2.0,2.0,2.0,3.0,3.0,3.0,2.0,3.0,3.0,1.0,2.0,2.0,1.0,3.0,2.0,1.0,2.0,3.0,2.0,2.0,3.0,2.0,3.0,2.0,2.0,1.0,2.0,2.0,3.0,3.0,2.0,3.0,1.0,3.0,2.0,3.0,3.0,2.0,2.0,1.0,2.0,2.0,3.0,3.0,3.0,2.0,2.0,1.0,1.0,1.0,3.0,1.0,3.0,2.0,3.0,2.0,3.0,1.0,2.0,3.0,3.0,3.0,3.0,3.0,1.0,2.0,2.0,2.0,3.0,1.0,2.0,3.0,2.0,2.0,3.0,2.0,3.0,2.0,2.0,1.0,3.0,2.0,1.0,2.0,1.0,1.0,1.0,3.0,3.0,3.0,2.0,2.0,3.0,2.0,3.0,3.0,3.0,2.0,2.0,2.0,2.0,2.0,2.0,1.0,1.0,2.0,3.0,3.0,1.0,2.0,3.0,3.0,3.0,3.0,2.0,2.0,3.0,1.0,3.0,2.0,2.0,1.0,2.0,3.0,2.0,3.0,2.0,3.0,3.0,2.0,2.0,3.0,3.0,2.0,2.0,2.0,2.0,1.0,2.0,3.0,1.0,3.0,3.0,2.0,2.0,2.0,2.0,3.0,2.0,3.0,2.0,3.0,1.0,2.0,3.0,2.0,2.0,2.0,2.0,2.0,1.0,3.0,2.0,3.0,3.0,2.0,1.0,2.0,,,,,,,,,,,,,,,,,,,,,,,,,,,,,,,,,,,,,,,,,,,,,,,,,,,,,,,,,,,,,,,,,,,,,,,,,,,,,,,,,,,,,,,,,,,,,,,,,,,,,,,,,,,,,,,,,,,,,,,,,,,,,,,,,,,,,,,,,,,,,,,,,,,,,,,,,,,,,,,,,,,,,,,,,,,,,,,,,,,,,,,,,,,,,,,,,,,,,,,,,,,,,,,,,,,,,,,,,,,20,20,20,6,20,20,6,7,6,6,20,6,8,6,7,27,27,6,13,25,7,13,13,2,8,30,13,12,13,3,20,16,27,12,13,2,2,2,7,2,20,7,7,27,27,7,6,27,27,27,27,6,7,6,27,27,7,6,7,7,7,7,7,3,19,15,15,15,15,2,6,15,15,15,2,3,3,3,3,3,32,32,32,32,8,3,16,13,13,13,2,6,13,13,3,6,6,13,13,20,13,13,30,1,1,1,1,1,11,21,1,1,28,28,32,30,25,25,28,18,18,18,18,16,18,10,10,10,10,8,8,15,8,15,8,8,15,25,25,25,31,19,31,31,31,31,31,31,31,31,31,16,16,4,11,11,11,11,11,21,24,24,24,24,30,13,24,24,24,21,12,12,12,9,12,9,9,9,16,16,16,16,16,16,23,16,4,16,16,16,16,16,23,16,16,16,16,29,29,21,31,21,9,21,21,9,21,30,4,30,30,30,9,9,9,4,4,23,1.0,2.0,1.0,1.0,6,6,20,20
13917,2.0315315315315314,0.7809359719041846,2,0,1,"[17, 14, 5, 26]",64,87,71,1.0,1.0,1.0,2.0,2.0,2.0,1.0,1.0,3.0,1.0,1.0,1.0,1.0,2.0,1.0,2.0,2.0,2.0,2.0,2.0,3.0,1.0,3.0,2.0,1.0,1.0,1.0,1.0,1.0,1.0,3.0,1.0,1.0,3.0,3.0,3.0,3.0,2.0,1.0,2.0,2.0,1.0,2.0,1.0,1.0,2.0,2.0,1.0,1.0,2.0,2.0,2.0,2.0,3.0,3.0,3.0,3.0,1.0,3.0,1.0,2.0,2.0,1.0,2.0,2.0,1.0,2.0,3.0,2.0,2.0,2.0,2.0,3.0,2.0,2.0,1.0,2.0,2.0,3.0,3.0,2.0,3.0,1.0,3.0,1.0,1.0,2.0,2.0,2.0,1.0,2.0,2.0,3.0,3.0,1.0,2.0,2.0,1.0,1.0,2.0,3.0,1.0,3.0,2.0,3.0,2.0,3.0,1.0,3.0,3.0,3.0,3.0,3.0,3.0,3.0,1.0,3.0,3.0,3.0,1.0,2.0,3.0,2.0,3.0,3.0,2.0,2.0,2.0,2.0,1.0,3.0,2.0,1.0,2.0,1.0,1.0,2.0,3.0,3.0,3.0,2.0,1.0,3.0,2.0,2.0,3.0,3.0,2.0,2.0,2.0,2.0,3.0,3.0,1.0,1.0,2.0,3.0,3.0,1.0,3.0,3.0,3.0,3.0,3.0,2.0,1.0,3.0,1.0,3.0,2.0,2.0,1.0,2.0,3.0,2.0,2.0,3.0,2.0,3.0,2.0,2.0,3.0,3.0,2.0,3.0,1.0,1.0,1.0,2.0,3.0,1.0,3.0,2.0,2.0,3.0,3.0,2.0,3.0,1.0,2.0,2.0,2.0,2.0,2.0,3.0,3.0,2.0,2.0,1.0,3.0,2.0,3.0,2.0,1.0,1.0,2.0,1.0,2.0,,,,,,,,,,,,,,,,,,,,,,,,,,,,,,,,,,,,,,,,,,,,,,,,,,,,,,,,,,,,,,,,,,,,,,,,,,,,,,,,,,,,,,,,,,,,,,,,,,,,,,,,,,,,,,,,,,,,,,,,,,,,,,,,,,,,,,,,,,,,,,,,,,,,,,,,,,,,,,,,,,,,,,,,,,,,,,,,,,,,,,,,,,,,,,,,,,,,,,,,,,,,,,,,,,,,,,,,,,,20,20,20,6,20,20,6,7,6,6,20,6,8,6,7,27,27,6,13,27,27,13,13,2,8,30,13,12,13,30,19,16,7,27,27,2,2,2,7,2,20,7,7,7,7,7,20,7,7,27,27,6,7,6,27,27,6,7,7,7,7,7,7,25,19,15,15,15,15,2,15,15,15,15,2,3,3,3,3,3,32,32,32,32,32,32,13,13,13,13,2,6,13,13,20,6,6,13,13,13,13,13,30,1,1,1,1,1,21,21,1,1,28,28,28,28,28,28,28,18,18,18,18,18,18,10,4,10,10,8,8,15,8,15,8,8,8,25,25,25,31,25,31,31,16,31,31,31,31,31,31,31,31,4,11,11,11,11,11,11,24,24,24,24,30,30,24,24,24,21,12,12,12,9,12,12,12,16,16,16,16,16,16,16,16,21,16,16,16,16,16,16,16,16,6,4,16,29,4,29,31,4,21,21,21,10,21,30,30,4,6,30,9,12,12,4,4,23,1.0,2.0,1.0,1.0,6,6,20,20
13918,2.0225225225225225,0.7636758788299721,2,0,1,"[17, 14, 5]",62,93,67,2.0,2.0,2.0,2.0,2.0,2.0,3.0,1.0,3.0,1.0,2.0,1.0,1.0,2.0,1.0,2.0,2.0,2.0,2.0,1.0,1.0,1.0,3.0,1.0,1.0,1.0,3.0,1.0,3.0,2.0,3.0,1.0,3.0,1.0,2.0,3.0,3.0,2.0,3.0,2.0,1.0,2.0,3.0,3.0,3.0,1.0,2.0,3.0,3.0,2.0,2.0,2.0,3.0,3.0,3.0,3.0,1.0,2.0,2.0,2.0,3.0,3.0,2.0,3.0,2.0,1.0,2.0,1.0,2.0,1.0,2.0,2.0,2.0,2.0,1.0,1.0,2.0,2.0,3.0,3.0,2.0,3.0,1.0,3.0,1.0,3.0,3.0,2.0,2.0,1.0,2.0,2.0,3.0,3.0,2.0,2.0,2.0,1.0,1.0,2.0,3.0,1.0,3.0,2.0,3.0,1.0,3.0,2.0,1.0,2.0,3.0,3.0,3.0,3.0,1.0,2.0,3.0,3.0,3.0,1.0,2.0,3.0,2.0,3.0,3.0,2.0,3.0,2.0,3.0,1.0,3.0,2.0,1.0,3.0,2.0,1.0,1.0,2.0,2.0,3.0,1.0,1.0,3.0,2.0,2.0,3.0,3.0,2.0,2.0,2.0,2.0,2.0,2.0,2.0,1.0,2.0,1.0,3.0,1.0,1.0,3.0,1.0,2.0,3.0,1.0,3.0,3.0,1.0,3.0,1.0,1.0,1.0,2.0,3.0,2.0,2.0,3.0,2.0,1.0,1.0,2.0,3.0,3.0,2.0,2.0,2.0,1.0,1.0,2.0,2.0,2.0,3.0,2.0,2.0,1.0,2.0,1.0,1.0,1.0,2.0,2.0,2.0,1.0,2.0,1.0,2.0,1.0,2.0,1.0,3.0,1.0,3.0,2.0,3.0,3.0,2.0,2.0,2.0,,,,,,,,,,,,,,,,,,,,,,,,,,,,,,,,,,,,,,,,,,,,,,,,,,,,,,,,,,,,,,,,,,,,,,,,,,,,,,,,,,,,,,,,,,,,,,,,,,,,,,,,,,,,,,,,,,,,,,,,,,,,,,,,,,,,,,,,,,,,,,,,,,,,,,,,,,,,,,,,,,,,,,,,,,,,,,,,,,,,,,,,,,,,,,,,,,,,,,,,,,,,,,,,,,,,,,,,,,,7,7,27,6,20,20,7,7,6,6,13,6,8,6,7,27,27,6,13,25,7,13,13,7,8,30,7,12,7,7,19,16,27,12,7,2,2,2,2,2,2,2,20,27,27,20,20,27,27,27,27,6,6,6,27,27,20,2,20,20,20,6,6,3,19,15,15,11,15,15,15,15,8,15,15,3,3,3,3,3,32,32,32,32,32,3,16,13,13,13,2,6,13,13,13,6,6,13,13,13,13,13,30,1,1,11,1,30,1,1,1,1,28,28,32,30,28,28,28,18,18,18,18,18,18,10,10,10,31,8,8,15,8,8,9,8,15,28,28,25,25,25,31,31,16,31,31,31,31,31,31,16,16,31,11,11,21,11,11,4,24,26,21,24,4,24,24,24,24,12,23,12,12,9,12,12,12,16,10,6,16,16,16,16,23,16,16,16,16,23,23,16,16,16,23,16,7,4,4,29,31,4,9,21,4,9,23,30,30,4,30,30,9,9,9,4,23,23,1.0,2.0,2.0,2.0,6,6,13,27
13919,2.036036036036036,0.7719977953210722,1,0,0,"[5, 14, 29, 17]",62,90,70,3.0,3.0,2.0,2.0,2.0,2.0,2.0,2.0,3.0,1.0,3.0,1.0,1.0,3.0,3.0,1.0,1.0,3.0,3.0,3.0,1.0,1.0,3.0,2.0,1.0,1.0,1.0,1.0,1.0,1.0,1.0,1.0,1.0,1.0,1.0,3.0,3.0,2.0,1.0,2.0,2.0,1.0,2.0,2.0,2.0,2.0,2.0,1.0,1.0,3.0,3.0,2.0,2.0,3.0,2.0,2.0,2.0,3.0,3.0,1.0,2.0,3.0,1.0,1.0,2.0,1.0,2.0,3.0,3.0,2.0,2.0,2.0,2.0,2.0,2.0,1.0,2.0,2.0,3.0,3.0,2.0,3.0,1.0,3.0,1.0,1.0,3.0,2.0,2.0,1.0,2.0,2.0,3.0,3.0,2.0,2.0,2.0,1.0,1.0,1.0,3.0,1.0,3.0,2.0,3.0,2.0,3.0,1.0,1.0,2.0,3.0,3.0,2.0,2.0,3.0,1.0,3.0,3.0,2.0,1.0,2.0,3.0,2.0,3.0,3.0,1.0,3.0,2.0,3.0,1.0,3.0,2.0,3.0,3.0,2.0,2.0,2.0,3.0,3.0,3.0,1.0,1.0,3.0,1.0,2.0,3.0,3.0,2.0,2.0,2.0,2.0,2.0,2.0,2.0,1.0,2.0,3.0,2.0,1.0,2.0,3.0,1.0,1.0,3.0,2.0,3.0,3.0,1.0,3.0,1.0,1.0,1.0,2.0,1.0,3.0,2.0,1.0,2.0,3.0,1.0,2.0,3.0,3.0,2.0,3.0,2.0,1.0,1.0,2.0,3.0,2.0,3.0,3.0,2.0,1.0,2.0,2.0,2.0,1.0,3.0,2.0,3.0,2.0,2.0,3.0,3.0,2.0,2.0,2.0,2.0,2.0,3.0,2.0,1.0,1.0,2.0,2.0,2.0,,,,,,,,,,,,,,,,,,,,,,,,,,,,,,,,,,,,,,,,,,,,,,,,,,,,,,,,,,,,,,,,,,,,,,,,,,,,,,,,,,,,,,,,,,,,,,,,,,,,,,,,,,,,,,,,,,,,,,,,,,,,,,,,,,,,,,,,,,,,,,,,,,,,,,,,,,,,,,,,,,,,,,,,,,,,,,,,,,,,,,,,,,,,,,,,,,,,,,,,,,,,,,,,,,,,,,,,,,,27,27,27,6,20,20,20,20,6,6,27,6,8,27,27,20,21,27,27,20,7,13,13,2,8,30,13,12,13,30,20,16,7,12,13,2,2,2,7,2,20,7,7,6,6,7,20,7,7,6,6,6,7,6,20,20,7,6,7,7,7,6,7,19,19,15,15,15,8,2,15,15,8,15,2,3,3,3,3,3,32,32,32,32,32,32,16,13,13,13,2,6,13,13,13,6,6,13,13,20,13,13,30,1,1,1,1,1,1,1,1,1,11,11,28,28,28,28,31,18,18,18,18,18,18,11,10,10,31,8,8,15,23,8,9,30,8,25,25,25,25,25,31,10,16,31,31,31,31,31,31,16,16,31,11,11,11,12,11,21,24,26,26,24,30,24,24,24,24,12,23,12,12,26,23,12,13,16,16,6,16,16,16,16,16,16,16,16,16,16,23,16,23,16,23,16,16,26,4,21,31,21,21,21,21,10,21,30,4,30,6,30,9,12,12,4,23,23,1.0,2.0,3.0,2.0,6,6,27,27
13920,2.0945945945945947,0.7987929624713317,2,0,1,"[14, 5, 17, 26]",61,79,82,1.0,1.0,1.0,2.0,2.0,2.0,2.0,2.0,2.0,2.0,1.0,3.0,3.0,1.0,1.0,2.0,2.0,1.0,2.0,1.0,1.0,1.0,1.0,1.0,1.0,1.0,3.0,1.0,3.0,3.0,3.0,2.0,3.0,2.0,2.0,3.0,3.0,1.0,3.0,1.0,1.0,2.0,1.0,3.0,3.0,3.0,1.0,3.0,3.0,2.0,2.0,3.0,3.0,3.0,3.0,3.0,3.0,2.0,1.0,3.0,1.0,3.0,2.0,3.0,2.0,1.0,2.0,3.0,3.0,1.0,1.0,2.0,3.0,2.0,1.0,1.0,2.0,2.0,3.0,3.0,2.0,3.0,1.0,3.0,1.0,3.0,3.0,2.0,2.0,1.0,2.0,2.0,3.0,3.0,3.0,2.0,2.0,1.0,1.0,2.0,3.0,1.0,1.0,2.0,3.0,1.0,3.0,1.0,2.0,3.0,3.0,3.0,3.0,3.0,1.0,2.0,3.0,3.0,3.0,1.0,2.0,3.0,2.0,3.0,3.0,2.0,2.0,2.0,3.0,1.0,3.0,2.0,1.0,3.0,1.0,1.0,1.0,2.0,2.0,3.0,1.0,1.0,3.0,1.0,2.0,3.0,3.0,2.0,2.0,2.0,2.0,3.0,3.0,2.0,1.0,1.0,3.0,2.0,1.0,3.0,3.0,3.0,2.0,3.0,3.0,2.0,3.0,1.0,3.0,1.0,2.0,1.0,2.0,2.0,2.0,3.0,1.0,2.0,1.0,2.0,2.0,3.0,3.0,2.0,2.0,3.0,2.0,1.0,2.0,2.0,2.0,3.0,3.0,2.0,1.0,3.0,2.0,3.0,2.0,3.0,2.0,3.0,2.0,2.0,3.0,2.0,2.0,2.0,1.0,2.0,1.0,3.0,2.0,3.0,3.0,1.0,1.0,2.0,,,,,,,,,,,,,,,,,,,,,,,,,,,,,,,,,,,,,,,,,,,,,,,,,,,,,,,,,,,,,,,,,,,,,,,,,,,,,,,,,,,,,,,,,,,,,,,,,,,,,,,,,,,,,,,,,,,,,,,,,,,,,,,,,,,,,,,,,,,,,,,,,,,,,,,,,,,,,,,,,,,,,,,,,,,,,,,,,,,,,,,,,,,,,,,,,,,,,,,,,,,,,,,,,,,,,,,,,,,20,20,20,6,20,20,20,20,20,20,20,20,20,7,7,27,27,7,13,25,7,13,7,7,8,30,7,12,7,3,19,7,27,7,7,2,2,20,2,27,2,2,6,27,27,6,6,27,27,27,27,27,6,6,27,27,6,2,6,6,6,6,6,3,19,15,15,15,8,15,7,15,15,15,15,3,3,3,3,3,32,32,32,32,32,3,16,13,13,13,2,6,13,13,3,6,6,13,13,13,13,13,13,1,1,11,1,1,11,21,1,1,28,28,32,30,28,28,28,18,18,18,18,18,18,10,4,10,31,8,8,15,8,8,8,8,15,28,28,25,25,25,31,10,16,31,31,31,31,31,31,31,31,31,11,30,11,12,11,11,24,24,21,24,24,13,24,24,24,12,12,12,12,12,12,9,13,16,10,16,16,16,16,16,23,27,4,16,16,23,23,16,23,16,23,4,16,29,29,21,31,21,21,21,21,9,21,30,30,30,30,30,9,9,9,27,4,23,1.0,2.0,3.0,2.0,6,6,27,27
13921,2.108108108108108,0.7710996009560597,0,0,1,"[14, 5, 17]",55,88,79,2.0,2.0,2.0,2.0,3.0,3.0,1.0,1.0,3.0,1.0,3.0,1.0,1.0,2.0,1.0,2.0,2.0,2.0,2.0,1.0,1.0,1.0,1.0,2.0,2.0,1.0,3.0,1.0,3.0,2.0,2.0,2.0,2.0,1.0,1.0,3.0,3.0,2.0,2.0,2.0,2.0,3.0,3.0,3.0,3.0,1.0,2.0,3.0,3.0,1.0,1.0,2.0,1.0,3.0,2.0,2.0,1.0,1.0,2.0,2.0,3.0,1.0,3.0,3.0,2.0,1.0,2.0,3.0,2.0,2.0,2.0,2.0,2.0,2.0,2.0,1.0,2.0,2.0,3.0,3.0,3.0,3.0,1.0,3.0,2.0,3.0,3.0,2.0,2.0,1.0,2.0,2.0,3.0,3.0,2.0,2.0,2.0,1.0,1.0,2.0,3.0,1.0,3.0,2.0,3.0,2.0,3.0,1.0,1.0,2.0,3.0,3.0,3.0,3.0,3.0,1.0,3.0,3.0,2.0,1.0,2.0,3.0,2.0,3.0,3.0,2.0,3.0,2.0,3.0,1.0,3.0,1.0,1.0,3.0,2.0,2.0,1.0,3.0,3.0,3.0,2.0,2.0,3.0,3.0,2.0,3.0,3.0,2.0,2.0,2.0,3.0,3.0,3.0,2.0,1.0,2.0,2.0,3.0,1.0,2.0,3.0,1.0,1.0,3.0,2.0,3.0,3.0,1.0,3.0,2.0,1.0,1.0,2.0,2.0,3.0,1.0,3.0,2.0,3.0,2.0,2.0,3.0,3.0,2.0,2.0,1.0,3.0,1.0,1.0,3.0,1.0,3.0,3.0,2.0,3.0,2.0,2.0,3.0,2.0,2.0,1.0,3.0,2.0,2.0,3.0,3.0,1.0,2.0,1.0,3.0,1.0,3.0,2.0,1.0,1.0,2.0,2.0,2.0,,,,,,,,,,,,,,,,,,,,,,,,,,,,,,,,,,,,,,,,,,,,,,,,,,,,,,,,,,,,,,,,,,,,,,,,,,,,,,,,,,,,,,,,,,,,,,,,,,,,,,,,,,,,,,,,,,,,,,,,,,,,,,,,,,,,,,,,,,,,,,,,,,,,,,,,,,,,,,,,,,,,,,,,,,,,,,,,,,,,,,,,,,,,,,,,,,,,,,,,,,,,,,,,,,,,,,,,,,,7,7,27,6,13,13,6,7,6,6,27,6,8,6,7,27,27,6,13,25,7,13,7,2,20,30,7,12,7,7,7,7,20,12,13,2,2,2,20,2,20,20,20,27,27,20,20,27,27,20,20,6,20,6,20,20,20,7,20,20,20,20,20,3,19,15,15,15,15,2,15,15,8,15,2,3,3,3,3,3,28,32,32,32,8,3,16,13,13,13,2,6,13,13,13,6,6,13,13,13,13,13,30,1,1,1,1,1,1,1,1,1,28,28,28,28,28,28,31,18,18,18,18,18,18,10,10,10,31,8,8,8,8,8,9,30,15,25,25,25,31,19,31,6,16,31,31,31,31,31,28,31,31,31,11,11,6,11,11,21,24,26,26,24,30,24,24,24,24,21,23,12,12,12,23,21,12,16,16,16,16,16,16,16,23,21,23,16,11,16,16,16,23,16,6,16,16,29,29,29,29,21,21,21,21,10,23,30,30,4,30,30,9,12,12,4,23,23,1.0,2.0,3.0,2.0,6,6,27,27
13922,2.018018018018018,0.7842566527683642,0,0,0,"[5, 14, 17]",66,86,70,3.0,3.0,2.0,2.0,2.0,2.0,1.0,3.0,3.0,1.0,3.0,1.0,1.0,2.0,1.0,2.0,2.0,2.0,1.0,2.0,3.0,1.0,3.0,3.0,1.0,1.0,1.0,1.0,1.0,3.0,1.0,1.0,1.0,1.0,1.0,3.0,3.0,1.0,3.0,2.0,1.0,2.0,3.0,1.0,1.0,2.0,2.0,1.0,1.0,1.0,1.0,2.0,2.0,3.0,2.0,2.0,2.0,3.0,3.0,1.0,2.0,2.0,1.0,3.0,2.0,1.0,2.0,3.0,3.0,1.0,2.0,2.0,3.0,2.0,1.0,1.0,2.0,2.0,3.0,3.0,2.0,3.0,2.0,3.0,1.0,3.0,3.0,2.0,2.0,1.0,2.0,2.0,3.0,3.0,3.0,2.0,2.0,1.0,1.0,1.0,3.0,1.0,3.0,2.0,3.0,2.0,3.0,1.0,1.0,2.0,3.0,3.0,3.0,3.0,1.0,2.0,3.0,3.0,3.0,1.0,2.0,3.0,2.0,3.0,3.0,2.0,3.0,2.0,2.0,2.0,3.0,2.0,2.0,3.0,1.0,3.0,2.0,3.0,3.0,3.0,2.0,1.0,3.0,2.0,3.0,1.0,3.0,2.0,1.0,1.0,1.0,2.0,2.0,2.0,1.0,2.0,3.0,2.0,1.0,3.0,3.0,1.0,1.0,3.0,3.0,1.0,3.0,1.0,3.0,2.0,2.0,1.0,1.0,3.0,2.0,3.0,3.0,3.0,3.0,2.0,2.0,3.0,3.0,2.0,2.0,2.0,3.0,1.0,2.0,2.0,1.0,3.0,2.0,2.0,2.0,2.0,2.0,2.0,2.0,1.0,2.0,1.0,1.0,2.0,1.0,2.0,1.0,2.0,2.0,2.0,1.0,2.0,2.0,1.0,1.0,2.0,2.0,2.0,,,,,,,,,,,,,,,,,,,,,,,,,,,,,,,,,,,,,,,,,,,,,,,,,,,,,,,,,,,,,,,,,,,,,,,,,,,,,,,,,,,,,,,,,,,,,,,,,,,,,,,,,,,,,,,,,,,,,,,,,,,,,,,,,,,,,,,,,,,,,,,,,,,,,,,,,,,,,,,,,,,,,,,,,,,,,,,,,,,,,,,,,,,,,,,,,,,,,,,,,,,,,,,,,,,,,,,,,,,27,27,27,6,20,20,6,13,6,6,27,6,8,6,7,27,27,6,20,27,27,13,13,13,8,30,13,12,13,3,20,16,7,12,13,2,2,20,2,2,2,2,20,7,7,7,20,7,7,20,20,6,7,6,20,20,7,6,7,7,7,7,7,3,19,15,15,15,8,15,15,15,15,15,15,3,3,3,3,3,32,32,25,32,32,3,16,13,13,13,2,6,13,13,3,6,6,13,13,20,13,13,30,1,1,1,1,1,1,1,1,1,28,28,32,30,28,28,28,18,18,18,18,18,18,10,10,10,10,30,8,15,16,8,8,6,8,25,25,25,31,25,31,31,31,6,31,31,13,13,19,16,16,31,11,11,11,12,11,11,24,26,26,24,24,30,24,24,24,21,12,12,9,9,12,9,12,9,16,16,16,16,16,16,23,16,23,16,16,23,16,16,16,16,16,16,16,26,29,11,31,23,9,21,4,9,23,30,4,30,30,4,9,12,12,4,23,23,1.0,2.0,3.0,2.0,6,6,27,27
13923,2.099099099099099,0.7485123097970646,0,0,1,"[17, 5, 14]",52,96,74,2.0,2.0,2.0,2.0,3.0,3.0,3.0,1.0,3.0,1.0,3.0,1.0,1.0,3.0,3.0,1.0,1.0,1.0,2.0,2.0,3.0,1.0,3.0,1.0,1.0,1.0,3.0,2.0,3.0,3.0,2.0,2.0,2.0,3.0,3.0,3.0,3.0,2.0,2.0,2.0,2.0,3.0,3.0,2.0,2.0,1.0,2.0,2.0,2.0,1.0,1.0,1.0,3.0,3.0,2.0,2.0,1.0,2.0,2.0,2.0,3.0,1.0,3.0,1.0,2.0,1.0,2.0,3.0,2.0,2.0,2.0,2.0,3.0,2.0,2.0,1.0,2.0,2.0,3.0,3.0,2.0,3.0,1.0,2.0,1.0,1.0,2.0,2.0,2.0,1.0,2.0,2.0,3.0,3.0,3.0,2.0,2.0,2.0,2.0,2.0,3.0,1.0,3.0,2.0,3.0,2.0,3.0,2.0,1.0,2.0,3.0,3.0,3.0,3.0,1.0,2.0,2.0,2.0,3.0,1.0,2.0,3.0,2.0,3.0,3.0,2.0,1.0,2.0,2.0,1.0,3.0,2.0,1.0,3.0,1.0,1.0,1.0,3.0,3.0,3.0,2.0,1.0,3.0,2.0,2.0,1.0,3.0,2.0,1.0,1.0,2.0,2.0,2.0,2.0,1.0,2.0,3.0,3.0,1.0,3.0,3.0,1.0,1.0,3.0,2.0,3.0,3.0,1.0,3.0,2.0,2.0,1.0,2.0,2.0,1.0,2.0,3.0,2.0,3.0,2.0,2.0,3.0,3.0,2.0,3.0,2.0,2.0,1.0,2.0,3.0,1.0,3.0,2.0,3.0,2.0,2.0,2.0,3.0,2.0,3.0,2.0,3.0,2.0,2.0,3.0,3.0,2.0,2.0,3.0,3.0,1.0,3.0,2.0,1.0,1.0,2.0,1.0,2.0,,,,,,,,,,,,,,,,,,,,,,,,,,,,,,,,,,,,,,,,,,,,,,,,,,,,,,,,,,,,,,,,,,,,,,,,,,,,,,,,,,,,,,,,,,,,,,,,,,,,,,,,,,,,,,,,,,,,,,,,,,,,,,,,,,,,,,,,,,,,,,,,,,,,,,,,,,,,,,,,,,,,,,,,,,,,,,,,,,,,,,,,,,,,,,,,,,,,,,,,,,,,,,,,,,,,,,,,,,,7,7,27,6,13,13,7,7,6,6,27,6,8,27,27,20,21,7,13,27,27,13,13,7,8,30,7,7,7,3,7,7,20,27,27,2,2,2,20,2,20,20,20,6,6,20,20,6,6,20,20,20,6,6,20,20,20,2,20,20,20,20,20,19,19,15,15,15,15,2,15,15,15,15,2,3,3,3,3,3,32,32,32,6,32,32,13,13,13,13,2,6,13,13,3,6,6,6,6,13,13,13,30,1,1,1,1,30,1,1,1,1,28,28,32,30,25,25,28,18,18,18,18,18,18,10,31,10,10,8,8,15,8,8,8,8,15,25,25,25,31,25,31,31,16,6,31,31,13,13,31,16,16,31,11,11,11,11,11,11,24,26,26,24,30,24,24,24,24,21,12,12,12,12,31,12,12,16,16,16,16,16,16,16,16,16,4,16,16,16,16,16,16,7,16,16,16,29,29,21,31,21,21,21,21,10,21,30,6,4,30,30,9,12,12,4,4,23,1.0,2.0,3.0,2.0,6,6,27,27
13924,2.036036036036036,0.823060483671462,3,0,1,"[5, 14, 17]",71,72,79,2.0,2.0,1.0,1.0,2.0,2.0,3.0,1.0,3.0,3.0,1.0,3.0,3.0,1.0,1.0,1.0,1.0,2.0,2.0,1.0,1.0,1.0,3.0,1.0,1.0,1.0,3.0,1.0,3.0,3.0,2.0,3.0,3.0,1.0,1.0,3.0,3.0,2.0,3.0,1.0,1.0,2.0,1.0,3.0,3.0,3.0,1.0,3.0,3.0,2.0,2.0,2.0,3.0,1.0,3.0,3.0,3.0,2.0,1.0,3.0,1.0,3.0,2.0,1.0,2.0,1.0,2.0,3.0,2.0,2.0,2.0,2.0,3.0,2.0,2.0,1.0,2.0,2.0,3.0,3.0,3.0,3.0,1.0,3.0,1.0,2.0,3.0,2.0,2.0,1.0,2.0,2.0,3.0,3.0,3.0,2.0,2.0,1.0,1.0,2.0,3.0,1.0,3.0,2.0,3.0,2.0,3.0,1.0,3.0,1.0,3.0,3.0,2.0,2.0,3.0,1.0,3.0,3.0,2.0,1.0,2.0,3.0,2.0,3.0,3.0,2.0,3.0,2.0,2.0,1.0,3.0,2.0,1.0,3.0,1.0,1.0,1.0,3.0,3.0,2.0,1.0,1.0,3.0,2.0,3.0,3.0,3.0,2.0,1.0,1.0,3.0,3.0,3.0,2.0,1.0,1.0,3.0,3.0,1.0,3.0,3.0,3.0,3.0,3.0,1.0,1.0,3.0,2.0,3.0,2.0,1.0,1.0,2.0,1.0,1.0,1.0,3.0,2.0,3.0,2.0,2.0,3.0,3.0,2.0,3.0,2.0,1.0,1.0,2.0,1.0,1.0,3.0,2.0,2.0,2.0,2.0,2.0,3.0,2.0,2.0,1.0,1.0,2.0,2.0,3.0,1.0,1.0,2.0,2.0,2.0,1.0,3.0,2.0,1.0,1.0,1.0,2.0,2.0,,,,,,,,,,,,,,,,,,,,,,,,,,,,,,,,,,,,,,,,,,,,,,,,,,,,,,,,,,,,,,,,,,,,,,,,,,,,,,,,,,,,,,,,,,,,,,,,,,,,,,,,,,,,,,,,,,,,,,,,,,,,,,,,,,,,,,,,,,,,,,,,,,,,,,,,,,,,,,,,,,,,,,,,,,,,,,,,,,,,,,,,,,,,,,,,,,,,,,,,,,,,,,,,,,,,,,,,,,,7,7,20,20,20,20,7,7,6,27,20,20,20,7,7,20,21,6,13,25,7,13,13,7,8,30,7,12,7,3,7,27,27,12,13,2,2,2,2,27,2,2,6,27,27,6,6,27,27,27,27,6,6,27,27,27,6,2,6,6,6,6,6,19,19,15,15,15,15,2,15,15,15,15,2,3,3,3,3,3,28,32,32,32,32,28,16,13,13,13,2,6,13,13,3,6,6,13,13,13,13,13,30,1,1,1,1,1,21,7,1,1,11,11,28,28,28,28,31,18,18,18,18,18,18,10,10,10,10,8,8,15,8,8,8,8,15,25,25,12,25,25,31,31,31,31,31,31,13,13,28,31,31,31,11,30,11,11,11,11,24,24,24,24,4,30,24,28,24,21,23,12,12,26,31,21,12,16,16,16,16,16,16,16,16,16,16,16,16,27,16,16,16,16,16,16,16,29,29,29,29,23,21,21,21,21,23,30,4,30,30,30,9,12,12,27,23,23,1.0,2.0,1.0,1.0,6,6,20,20
13925,2.0585585585585586,0.7851527756881226,0,0,1,"[17, 14, 5]",62,85,75,1.0,1.0,1.0,2.0,2.0,2.0,2.0,2.0,2.0,2.0,3.0,3.0,3.0,2.0,1.0,2.0,2.0,1.0,2.0,1.0,1.0,1.0,1.0,1.0,1.0,1.0,3.0,2.0,3.0,2.0,2.0,1.0,3.0,1.0,2.0,2.0,2.0,1.0,3.0,1.0,1.0,2.0,1.0,2.0,2.0,3.0,1.0,2.0,2.0,3.0,3.0,3.0,3.0,3.0,1.0,1.0,3.0,2.0,1.0,3.0,1.0,3.0,2.0,3.0,2.0,1.0,2.0,3.0,3.0,1.0,2.0,2.0,3.0,2.0,1.0,2.0,2.0,2.0,3.0,3.0,2.0,3.0,1.0,3.0,1.0,3.0,3.0,2.0,2.0,2.0,1.0,1.0,3.0,3.0,2.0,3.0,3.0,2.0,2.0,2.0,3.0,2.0,2.0,2.0,3.0,2.0,3.0,1.0,2.0,1.0,3.0,3.0,3.0,3.0,1.0,2.0,3.0,3.0,3.0,1.0,2.0,3.0,2.0,3.0,3.0,1.0,3.0,2.0,2.0,1.0,3.0,2.0,2.0,3.0,1.0,1.0,2.0,3.0,3.0,3.0,2.0,1.0,3.0,2.0,3.0,3.0,3.0,2.0,1.0,1.0,1.0,3.0,3.0,1.0,1.0,1.0,3.0,2.0,1.0,3.0,3.0,1.0,1.0,3.0,2.0,2.0,3.0,1.0,3.0,2.0,2.0,1.0,2.0,1.0,2.0,1.0,3.0,2.0,3.0,2.0,2.0,3.0,3.0,2.0,3.0,3.0,2.0,1.0,2.0,3.0,1.0,3.0,2.0,2.0,2.0,3.0,2.0,1.0,1.0,2.0,2.0,1.0,2.0,2.0,3.0,3.0,1.0,2.0,2.0,2.0,1.0,2.0,2.0,3.0,3.0,1.0,1.0,2.0,,,,,,,,,,,,,,,,,,,,,,,,,,,,,,,,,,,,,,,,,,,,,,,,,,,,,,,,,,,,,,,,,,,,,,,,,,,,,,,,,,,,,,,,,,,,,,,,,,,,,,,,,,,,,,,,,,,,,,,,,,,,,,,,,,,,,,,,,,,,,,,,,,,,,,,,,,,,,,,,,,,,,,,,,,,,,,,,,,,,,,,,,,,,,,,,,,,,,,,,,,,,,,,,,,,,,,,,,,,20,20,20,6,20,20,20,20,20,20,27,20,20,6,7,27,27,7,13,25,7,13,7,7,8,30,7,7,7,7,7,16,27,12,7,21,21,20,2,27,2,2,6,6,6,6,6,6,6,6,6,27,6,6,6,6,6,2,6,6,6,6,6,3,19,15,15,15,8,15,15,15,15,15,15,13,3,3,3,3,32,32,32,32,32,3,16,13,13,2,13,13,13,13,13,13,13,6,6,13,13,2,12,1,1,1,1,1,11,7,1,1,28,28,32,30,28,28,28,18,18,18,18,18,18,11,10,10,10,8,8,15,16,8,8,8,8,25,25,25,31,25,31,31,31,31,31,31,13,13,19,31,31,4,11,30,11,12,11,11,24,26,26,24,30,13,24,24,24,21,12,12,12,26,12,21,12,16,16,16,16,16,16,16,16,27,4,16,16,16,16,16,16,16,16,4,16,4,4,29,31,23,21,21,21,10,23,30,4,30,30,4,9,9,9,27,4,23,2.0,2.0,3.0,1.0,13,6,27,20
13926,1.990990990990991,0.7844125737718137,1,0,1,"[14, 5, 17]",69,86,67,3.0,3.0,2.0,2.0,2.0,2.0,1.0,2.0,3.0,1.0,3.0,1.0,1.0,2.0,1.0,1.0,1.0,2.0,1.0,2.0,3.0,2.0,2.0,2.0,1.0,1.0,1.0,1.0,1.0,3.0,1.0,1.0,1.0,1.0,1.0,3.0,3.0,2.0,1.0,2.0,2.0,1.0,2.0,1.0,1.0,2.0,2.0,1.0,1.0,1.0,1.0,2.0,2.0,3.0,2.0,2.0,2.0,1.0,3.0,3.0,2.0,2.0,1.0,3.0,2.0,1.0,2.0,3.0,2.0,2.0,2.0,2.0,3.0,2.0,2.0,1.0,2.0,2.0,3.0,3.0,3.0,3.0,1.0,3.0,1.0,3.0,2.0,2.0,2.0,1.0,2.0,2.0,3.0,3.0,3.0,2.0,2.0,1.0,1.0,1.0,3.0,1.0,1.0,2.0,3.0,2.0,3.0,1.0,3.0,3.0,3.0,3.0,3.0,3.0,3.0,1.0,2.0,2.0,3.0,1.0,2.0,3.0,2.0,3.0,3.0,1.0,2.0,2.0,2.0,1.0,3.0,2.0,1.0,2.0,1.0,1.0,2.0,3.0,3.0,3.0,1.0,2.0,3.0,2.0,3.0,3.0,3.0,2.0,1.0,1.0,3.0,3.0,3.0,2.0,1.0,2.0,1.0,2.0,1.0,3.0,3.0,1.0,1.0,3.0,2.0,2.0,3.0,1.0,3.0,1.0,1.0,1.0,2.0,1.0,1.0,2.0,3.0,2.0,1.0,2.0,2.0,3.0,3.0,2.0,3.0,2.0,1.0,1.0,1.0,3.0,1.0,3.0,2.0,2.0,2.0,2.0,2.0,2.0,2.0,3.0,2.0,3.0,1.0,2.0,1.0,3.0,2.0,3.0,1.0,2.0,2.0,3.0,2.0,3.0,3.0,2.0,2.0,2.0,,,,,,,,,,,,,,,,,,,,,,,,,,,,,,,,,,,,,,,,,,,,,,,,,,,,,,,,,,,,,,,,,,,,,,,,,,,,,,,,,,,,,,,,,,,,,,,,,,,,,,,,,,,,,,,,,,,,,,,,,,,,,,,,,,,,,,,,,,,,,,,,,,,,,,,,,,,,,,,,,,,,,,,,,,,,,,,,,,,,,,,,,,,,,,,,,,,,,,,,,,,,,,,,,,,,,,,,,,,27,27,27,6,20,20,6,20,6,6,27,6,8,6,7,20,21,6,20,27,27,27,27,2,8,30,13,12,13,3,20,16,7,12,13,2,2,2,7,2,20,7,7,7,7,7,20,7,7,20,20,6,7,6,20,20,7,7,7,6,7,7,7,3,19,15,15,15,15,2,15,15,15,15,2,3,3,3,3,3,28,32,32,32,32,3,13,13,13,13,2,6,13,13,3,6,6,13,13,20,13,13,13,1,1,1,1,1,21,21,1,1,28,28,28,28,25,25,28,18,18,18,18,18,18,11,4,10,10,8,8,15,8,15,8,8,8,25,25,25,25,19,31,31,31,31,31,31,13,13,28,31,31,31,11,11,21,12,11,11,24,26,26,24,30,13,24,24,24,12,23,12,12,26,31,12,12,16,10,16,16,16,16,16,16,16,16,16,11,16,16,16,16,16,16,16,16,26,29,21,31,21,9,21,4,10,21,6,30,30,6,30,9,9,9,4,23,23,1.0,2.0,3.0,2.0,6,6,27,27
13927,1.9954954954954955,0.7930566774479464,2,0,0,"[17, 5, 14]",70,83,69,1.0,1.0,1.0,2.0,2.0,2.0,1.0,3.0,3.0,1.0,1.0,1.0,1.0,2.0,1.0,2.0,2.0,2.0,2.0,2.0,3.0,2.0,2.0,3.0,1.0,1.0,1.0,1.0,1.0,3.0,3.0,1.0,1.0,1.0,1.0,3.0,3.0,1.0,3.0,2.0,1.0,2.0,2.0,1.0,1.0,2.0,2.0,1.0,1.0,2.0,2.0,2.0,2.0,3.0,3.0,3.0,2.0,2.0,3.0,1.0,3.0,2.0,1.0,3.0,2.0,1.0,2.0,3.0,2.0,1.0,2.0,1.0,3.0,2.0,1.0,1.0,2.0,2.0,3.0,3.0,3.0,3.0,1.0,3.0,1.0,3.0,3.0,2.0,2.0,1.0,2.0,2.0,3.0,3.0,3.0,2.0,2.0,1.0,1.0,2.0,3.0,1.0,3.0,2.0,3.0,2.0,3.0,1.0,2.0,3.0,3.0,3.0,3.0,3.0,3.0,1.0,2.0,2.0,3.0,1.0,2.0,3.0,2.0,3.0,3.0,2.0,3.0,1.0,2.0,1.0,3.0,2.0,1.0,1.0,1.0,1.0,2.0,3.0,3.0,3.0,2.0,1.0,3.0,2.0,3.0,3.0,3.0,2.0,2.0,2.0,3.0,2.0,2.0,2.0,1.0,2.0,2.0,3.0,1.0,1.0,3.0,1.0,2.0,3.0,2.0,2.0,3.0,1.0,3.0,2.0,2.0,1.0,1.0,1.0,1.0,3.0,2.0,3.0,1.0,2.0,2.0,3.0,3.0,2.0,3.0,2.0,2.0,1.0,2.0,3.0,1.0,3.0,2.0,2.0,1.0,2.0,2.0,1.0,1.0,3.0,1.0,2.0,2.0,2.0,1.0,1.0,2.0,3.0,1.0,2.0,1.0,3.0,2.0,3.0,3.0,2.0,1.0,2.0,,,,,,,,,,,,,,,,,,,,,,,,,,,,,,,,,,,,,,,,,,,,,,,,,,,,,,,,,,,,,,,,,,,,,,,,,,,,,,,,,,,,,,,,,,,,,,,,,,,,,,,,,,,,,,,,,,,,,,,,,,,,,,,,,,,,,,,,,,,,,,,,,,,,,,,,,,,,,,,,,,,,,,,,,,,,,,,,,,,,,,,,,,,,,,,,,,,,,,,,,,,,,,,,,,,,,,,,,,,20,20,20,6,20,20,6,13,6,6,20,6,8,6,7,27,27,6,13,27,27,27,27,13,8,30,13,12,13,3,19,16,7,12,13,2,2,20,2,2,2,2,7,7,7,7,20,7,7,27,27,6,7,6,27,27,7,2,7,7,20,7,7,3,19,15,15,15,15,15,15,16,15,15,15,3,3,3,3,3,28,32,32,32,32,3,16,13,13,13,2,6,13,13,3,6,6,13,13,13,13,13,30,1,1,1,1,1,11,21,1,1,28,28,28,28,25,25,28,18,18,18,18,18,18,10,10,11,10,8,8,15,8,6,8,8,8,25,25,25,31,25,31,31,31,31,31,31,31,31,28,16,16,31,11,11,6,11,11,4,24,26,21,24,30,13,24,24,24,21,12,12,9,26,31,9,9,9,10,16,16,16,16,16,16,16,4,16,16,16,16,16,16,16,23,16,16,4,4,21,29,4,21,21,4,21,21,6,30,30,30,30,9,9,9,4,4,23,1.0,2.0,3.0,1.0,6,6,27,20
13928,2.054054054054054,0.78259156245517,2,0,2,"[5, 14, 17, 29]",62,86,74,2.0,2.0,2.0,2.0,3.0,3.0,1.0,1.0,3.0,1.0,2.0,1.0,1.0,2.0,1.0,2.0,2.0,2.0,2.0,1.0,1.0,1.0,3.0,1.0,1.0,1.0,3.0,2.0,3.0,3.0,3.0,1.0,3.0,2.0,2.0,3.0,3.0,1.0,3.0,1.0,1.0,2.0,3.0,3.0,3.0,3.0,2.0,3.0,3.0,2.0,2.0,2.0,1.0,3.0,3.0,3.0,1.0,2.0,2.0,2.0,3.0,1.0,3.0,3.0,2.0,1.0,2.0,3.0,3.0,1.0,2.0,1.0,3.0,2.0,1.0,1.0,2.0,2.0,3.0,3.0,2.0,3.0,1.0,3.0,2.0,3.0,3.0,2.0,2.0,2.0,2.0,2.0,3.0,3.0,3.0,2.0,2.0,1.0,1.0,2.0,3.0,1.0,1.0,2.0,3.0,2.0,3.0,1.0,1.0,2.0,3.0,3.0,3.0,3.0,1.0,2.0,3.0,3.0,3.0,1.0,2.0,3.0,1.0,3.0,3.0,2.0,2.0,2.0,2.0,1.0,3.0,2.0,3.0,2.0,1.0,1.0,3.0,2.0,2.0,3.0,1.0,1.0,3.0,3.0,3.0,3.0,3.0,2.0,2.0,2.0,2.0,2.0,2.0,1.0,1.0,2.0,3.0,3.0,1.0,3.0,3.0,1.0,1.0,3.0,2.0,1.0,3.0,1.0,3.0,1.0,2.0,1.0,2.0,1.0,1.0,2.0,3.0,2.0,3.0,2.0,2.0,3.0,2.0,2.0,3.0,2.0,2.0,1.0,2.0,2.0,2.0,3.0,3.0,2.0,2.0,2.0,2.0,1.0,1.0,3.0,2.0,2.0,1.0,2.0,1.0,3.0,1.0,2.0,1.0,2.0,2.0,3.0,2.0,1.0,1.0,1.0,1.0,2.0,,,,,,,,,,,,,,,,,,,,,,,,,,,,,,,,,,,,,,,,,,,,,,,,,,,,,,,,,,,,,,,,,,,,,,,,,,,,,,,,,,,,,,,,,,,,,,,,,,,,,,,,,,,,,,,,,,,,,,,,,,,,,,,,,,,,,,,,,,,,,,,,,,,,,,,,,,,,,,,,,,,,,,,,,,,,,,,,,,,,,,,,,,,,,,,,,,,,,,,,,,,,,,,,,,,,,,,,,,,7,7,27,6,13,13,6,7,6,6,13,6,8,6,7,27,27,6,13,25,7,13,13,7,8,30,7,7,7,3,19,16,27,7,7,2,2,20,2,27,2,2,20,27,27,6,20,27,27,27,27,6,20,6,27,27,20,2,20,20,20,20,20,3,19,15,15,15,8,15,15,16,15,15,15,3,3,3,3,3,32,32,32,32,8,3,16,13,13,2,2,6,13,13,3,6,6,13,13,13,13,13,13,1,1,1,1,1,1,1,1,1,28,28,32,30,28,28,28,18,18,18,16,18,18,10,4,10,10,8,8,15,23,15,8,8,31,28,28,25,25,25,31,6,31,31,31,31,31,31,31,16,16,4,11,11,11,11,11,11,24,26,26,24,30,30,24,24,24,12,12,12,12,26,31,12,12,16,16,16,16,16,7,16,16,16,4,16,16,23,23,16,23,16,16,16,16,4,4,21,31,4,9,21,4,10,23,30,30,30,6,30,9,12,12,27,4,23,1.0,2.0,2.0,2.0,6,6,13,27
13929,2.0495495495495497,0.779995808536583,1,0,0,"[5, 17, 14]",62,87,73,1.0,1.0,2.0,1.0,2.0,2.0,2.0,2.0,2.0,2.0,3.0,3.0,3.0,2.0,1.0,2.0,2.0,2.0,2.0,2.0,3.0,1.0,3.0,1.0,1.0,1.0,3.0,1.0,3.0,3.0,3.0,1.0,1.0,1.0,1.0,3.0,3.0,1.0,3.0,2.0,1.0,2.0,1.0,1.0,1.0,2.0,1.0,2.0,2.0,3.0,3.0,2.0,2.0,3.0,3.0,3.0,3.0,2.0,3.0,3.0,2.0,2.0,1.0,2.0,2.0,3.0,2.0,3.0,1.0,1.0,2.0,2.0,3.0,2.0,1.0,1.0,2.0,2.0,3.0,3.0,2.0,3.0,1.0,3.0,1.0,1.0,2.0,2.0,2.0,1.0,2.0,2.0,3.0,3.0,3.0,2.0,2.0,1.0,1.0,2.0,3.0,1.0,2.0,2.0,3.0,2.0,3.0,2.0,1.0,2.0,3.0,3.0,3.0,3.0,2.0,2.0,3.0,3.0,3.0,1.0,2.0,3.0,3.0,3.0,3.0,2.0,3.0,2.0,2.0,2.0,3.0,2.0,1.0,3.0,1.0,1.0,1.0,2.0,2.0,3.0,1.0,1.0,3.0,2.0,2.0,3.0,3.0,2.0,2.0,2.0,2.0,3.0,3.0,1.0,1.0,2.0,2.0,3.0,1.0,3.0,3.0,1.0,1.0,3.0,2.0,3.0,3.0,1.0,3.0,1.0,2.0,1.0,1.0,1.0,1.0,1.0,3.0,2.0,3.0,2.0,2.0,3.0,3.0,2.0,3.0,2.0,2.0,1.0,1.0,3.0,1.0,3.0,2.0,2.0,2.0,2.0,2.0,3.0,2.0,2.0,1.0,2.0,2.0,2.0,1.0,1.0,1.0,2.0,2.0,3.0,1.0,3.0,2.0,3.0,3.0,2.0,1.0,2.0,,,,,,,,,,,,,,,,,,,,,,,,,,,,,,,,,,,,,,,,,,,,,,,,,,,,,,,,,,,,,,,,,,,,,,,,,,,,,,,,,,,,,,,,,,,,,,,,,,,,,,,,,,,,,,,,,,,,,,,,,,,,,,,,,,,,,,,,,,,,,,,,,,,,,,,,,,,,,,,,,,,,,,,,,,,,,,,,,,,,,,,,,,,,,,,,,,,,,,,,,,,,,,,,,,,,,,,,,,,20,20,27,20,20,20,20,20,20,20,27,20,20,6,7,27,27,6,13,27,27,13,13,7,8,30,7,12,7,3,19,16,7,12,13,2,2,20,2,2,2,2,6,7,7,7,6,6,6,6,6,6,7,6,27,27,6,2,7,6,7,7,7,25,19,6,15,15,6,15,15,15,15,15,15,3,3,3,3,3,32,32,32,32,32,32,13,13,13,13,2,6,13,13,3,6,6,13,13,13,13,13,12,1,1,1,1,30,1,1,1,1,28,28,24,30,28,28,28,18,18,18,12,18,18,10,10,10,10,30,8,15,8,8,8,8,15,28,28,25,25,25,31,31,16,31,31,31,31,31,31,31,31,4,11,11,6,11,11,11,24,26,26,24,30,24,24,24,24,12,12,12,9,26,31,21,12,16,16,16,16,16,16,16,16,16,4,16,11,16,16,16,16,16,16,16,16,29,29,29,29,4,21,21,4,21,23,30,4,4,30,30,9,9,9,4,4,23,1.0,1.0,3.0,2.0,6,20,27,27
13930,2.126126126126126,0.7742123963738583,4,0,1,"[17, 14, 5]",54,86,82,1.0,1.0,2.0,1.0,2.0,2.0,2.0,2.0,2.0,2.0,3.0,3.0,3.0,3.0,3.0,2.0,2.0,1.0,2.0,2.0,3.0,2.0,2.0,2.0,3.0,1.0,3.0,2.0,3.0,3.0,2.0,2.0,1.0,1.0,2.0,3.0,3.0,2.0,1.0,2.0,2.0,1.0,1.0,2.0,2.0,3.0,1.0,2.0,2.0,3.0,3.0,2.0,3.0,3.0,1.0,1.0,3.0,3.0,1.0,3.0,1.0,3.0,2.0,3.0,2.0,1.0,2.0,3.0,3.0,2.0,2.0,2.0,3.0,2.0,2.0,1.0,2.0,2.0,3.0,3.0,3.0,3.0,1.0,3.0,2.0,3.0,3.0,2.0,2.0,1.0,2.0,2.0,3.0,3.0,3.0,3.0,3.0,1.0,1.0,2.0,3.0,1.0,1.0,2.0,3.0,2.0,3.0,1.0,1.0,2.0,3.0,3.0,3.0,3.0,3.0,1.0,3.0,3.0,2.0,1.0,2.0,3.0,2.0,3.0,3.0,2.0,3.0,2.0,3.0,1.0,2.0,1.0,1.0,2.0,1.0,1.0,2.0,3.0,3.0,3.0,2.0,2.0,3.0,2.0,2.0,3.0,3.0,3.0,1.0,1.0,3.0,3.0,3.0,2.0,1.0,2.0,3.0,3.0,1.0,3.0,3.0,1.0,2.0,3.0,2.0,2.0,3.0,1.0,3.0,1.0,1.0,1.0,2.0,2.0,3.0,2.0,3.0,2.0,3.0,2.0,2.0,3.0,3.0,2.0,3.0,2.0,3.0,1.0,2.0,3.0,1.0,3.0,3.0,2.0,2.0,2.0,2.0,1.0,1.0,2.0,2.0,2.0,2.0,2.0,1.0,3.0,1.0,2.0,1.0,2.0,1.0,3.0,2.0,1.0,1.0,2.0,2.0,2.0,,,,,,,,,,,,,,,,,,,,,,,,,,,,,,,,,,,,,,,,,,,,,,,,,,,,,,,,,,,,,,,,,,,,,,,,,,,,,,,,,,,,,,,,,,,,,,,,,,,,,,,,,,,,,,,,,,,,,,,,,,,,,,,,,,,,,,,,,,,,,,,,,,,,,,,,,,,,,,,,,,,,,,,,,,,,,,,,,,,,,,,,,,,,,,,,,,,,,,,,,,,,,,,,,,,,,,,,,,,20,20,27,20,20,20,20,20,20,20,27,20,20,27,27,27,27,7,13,27,27,27,27,2,7,30,7,7,7,3,7,7,7,12,7,2,2,2,7,2,20,7,6,6,6,6,6,6,6,6,6,6,6,6,6,6,6,6,6,6,6,6,6,3,19,15,15,15,8,2,15,15,15,15,2,3,3,3,3,3,28,32,32,32,8,3,16,13,13,13,2,6,13,13,3,13,13,13,13,13,13,13,13,1,1,1,1,1,1,1,1,1,28,28,28,28,28,28,31,18,18,18,18,18,18,10,10,10,31,8,23,8,8,15,8,8,8,25,25,25,31,19,31,31,16,31,31,7,13,13,28,31,31,31,11,11,11,11,11,11,24,26,21,24,30,13,24,24,24,12,23,12,12,12,23,12,12,16,16,16,16,16,16,16,16,16,23,16,16,16,16,16,23,16,16,16,16,4,4,29,31,4,21,21,4,10,23,30,30,30,30,30,9,12,12,4,23,23,1.0,1.0,3.0,1.0,6,20,27,20
13931,2.0675675675675675,0.7958787695220654,4,0,1,"[5, 17, 14]",63,81,78,2.0,2.0,2.0,1.0,2.0,2.0,3.0,1.0,2.0,2.0,3.0,3.0,3.0,1.0,1.0,1.0,1.0,3.0,3.0,1.0,1.0,2.0,2.0,2.0,1.0,1.0,3.0,1.0,3.0,2.0,2.0,2.0,2.0,1.0,1.0,3.0,3.0,2.0,2.0,1.0,2.0,3.0,1.0,2.0,2.0,3.0,1.0,2.0,2.0,3.0,3.0,2.0,3.0,3.0,1.0,1.0,3.0,3.0,1.0,3.0,1.0,3.0,2.0,3.0,2.0,1.0,2.0,3.0,2.0,2.0,2.0,2.0,3.0,2.0,2.0,1.0,2.0,2.0,3.0,3.0,3.0,3.0,1.0,3.0,1.0,3.0,2.0,2.0,2.0,1.0,2.0,2.0,3.0,3.0,2.0,1.0,1.0,1.0,1.0,2.0,3.0,1.0,2.0,2.0,3.0,2.0,3.0,1.0,3.0,3.0,3.0,3.0,3.0,3.0,3.0,1.0,2.0,2.0,3.0,1.0,2.0,3.0,2.0,3.0,3.0,2.0,3.0,1.0,2.0,1.0,3.0,2.0,1.0,2.0,1.0,1.0,2.0,3.0,3.0,2.0,1.0,2.0,3.0,2.0,2.0,3.0,3.0,2.0,1.0,1.0,3.0,3.0,3.0,1.0,1.0,2.0,3.0,1.0,1.0,3.0,3.0,1.0,1.0,3.0,3.0,3.0,3.0,1.0,3.0,2.0,1.0,1.0,1.0,1.0,3.0,3.0,2.0,2.0,3.0,2.0,2.0,3.0,3.0,2.0,3.0,1.0,1.0,1.0,2.0,3.0,1.0,3.0,2.0,2.0,2.0,2.0,2.0,3.0,2.0,2.0,1.0,2.0,2.0,2.0,3.0,3.0,1.0,2.0,2.0,3.0,1.0,2.0,2.0,3.0,3.0,1.0,1.0,2.0,,,,,,,,,,,,,,,,,,,,,,,,,,,,,,,,,,,,,,,,,,,,,,,,,,,,,,,,,,,,,,,,,,,,,,,,,,,,,,,,,,,,,,,,,,,,,,,,,,,,,,,,,,,,,,,,,,,,,,,,,,,,,,,,,,,,,,,,,,,,,,,,,,,,,,,,,,,,,,,,,,,,,,,,,,,,,,,,,,,,,,,,,,,,,,,,,,,,,,,,,,,,,,,,,,,,,,,,,,,7,7,27,20,20,20,7,7,20,20,27,20,20,7,7,20,21,27,27,25,7,27,27,2,8,30,7,12,7,7,7,7,20,12,13,2,2,2,20,27,20,20,6,6,6,6,6,6,6,6,6,6,6,6,6,6,6,6,6,6,6,6,6,3,19,15,15,15,15,2,15,15,15,15,2,3,3,3,3,3,28,32,32,32,32,3,13,13,13,13,2,6,13,13,13,12,2,13,13,13,13,13,12,1,1,1,1,1,21,21,1,1,28,28,28,28,25,25,28,18,18,18,18,18,18,10,10,11,10,8,8,15,8,15,8,8,8,25,25,12,25,19,31,31,16,31,31,31,13,13,28,31,31,4,11,11,11,13,11,11,24,26,26,24,24,24,24,24,24,21,23,12,9,26,23,9,9,16,16,16,16,16,16,16,16,21,16,16,16,16,16,16,16,16,16,16,16,29,29,29,29,4,21,21,21,10,23,30,4,4,30,4,9,9,9,27,4,23,1.0,1.0,3.0,2.0,6,20,27,27
13932,2.063063063063063,0.7876797851721572,2,0,1,"[14, 5, 17]",62,84,76,3.0,3.0,2.0,2.0,2.0,2.0,1.0,1.0,3.0,1.0,3.0,1.0,1.0,3.0,3.0,2.0,2.0,2.0,1.0,3.0,1.0,1.0,3.0,2.0,1.0,1.0,1.0,1.0,1.0,3.0,1.0,1.0,1.0,1.0,1.0,3.0,3.0,2.0,1.0,2.0,2.0,1.0,2.0,1.0,1.0,2.0,2.0,2.0,2.0,3.0,3.0,2.0,2.0,3.0,2.0,2.0,2.0,1.0,3.0,1.0,2.0,2.0,1.0,3.0,2.0,1.0,2.0,3.0,2.0,2.0,2.0,2.0,3.0,3.0,2.0,1.0,2.0,2.0,3.0,3.0,3.0,3.0,1.0,3.0,2.0,3.0,2.0,2.0,2.0,1.0,2.0,2.0,3.0,3.0,3.0,2.0,2.0,2.0,2.0,1.0,3.0,1.0,3.0,2.0,3.0,2.0,3.0,1.0,1.0,2.0,3.0,3.0,3.0,3.0,3.0,1.0,2.0,2.0,3.0,1.0,2.0,3.0,2.0,3.0,3.0,2.0,1.0,2.0,2.0,1.0,3.0,3.0,3.0,3.0,2.0,1.0,2.0,3.0,3.0,1.0,1.0,1.0,3.0,1.0,3.0,3.0,3.0,2.0,2.0,2.0,3.0,3.0,3.0,2.0,1.0,2.0,3.0,2.0,1.0,3.0,3.0,1.0,2.0,3.0,2.0,2.0,3.0,1.0,3.0,2.0,1.0,1.0,1.0,1.0,1.0,3.0,1.0,3.0,3.0,2.0,2.0,3.0,3.0,2.0,2.0,1.0,3.0,1.0,1.0,3.0,1.0,3.0,3.0,2.0,1.0,2.0,2.0,3.0,2.0,2.0,1.0,3.0,1.0,2.0,3.0,2.0,2.0,2.0,1.0,2.0,1.0,3.0,2.0,3.0,3.0,2.0,2.0,2.0,,,,,,,,,,,,,,,,,,,,,,,,,,,,,,,,,,,,,,,,,,,,,,,,,,,,,,,,,,,,,,,,,,,,,,,,,,,,,,,,,,,,,,,,,,,,,,,,,,,,,,,,,,,,,,,,,,,,,,,,,,,,,,,,,,,,,,,,,,,,,,,,,,,,,,,,,,,,,,,,,,,,,,,,,,,,,,,,,,,,,,,,,,,,,,,,,,,,,,,,,,,,,,,,,,,,,,,,,,,27,27,27,6,20,20,6,7,6,6,27,6,8,27,27,27,27,6,20,20,7,13,13,2,8,30,13,12,13,3,20,16,7,12,13,2,2,2,7,2,20,7,7,7,7,7,20,6,6,6,6,6,7,6,20,20,7,7,7,7,7,7,7,3,19,15,15,15,15,2,15,15,15,20,2,3,3,3,3,3,28,32,32,32,8,3,13,13,13,13,2,6,13,13,3,6,6,6,6,20,13,13,30,1,1,1,1,1,1,1,1,1,28,28,28,28,25,25,28,18,18,18,18,18,18,10,31,10,10,8,8,6,23,8,9,8,8,25,25,19,25,25,31,10,31,31,31,31,31,31,28,31,31,31,11,11,11,12,11,11,24,26,21,24,30,13,24,24,24,21,23,12,9,26,31,9,13,9,16,16,16,16,16,16,23,21,23,16,11,16,16,16,23,16,23,16,16,29,29,29,29,21,9,21,21,9,21,30,30,30,30,30,9,9,9,4,23,23,1.0,2.0,3.0,2.0,6,6,27,27
13933,2.108108108108108,0.782747815139657,4,0,1,"[14, 5, 17, 26]",57,84,81,1.0,1.0,1.0,2.0,2.0,2.0,2.0,2.0,1.0,1.0,3.0,3.0,3.0,1.0,1.0,1.0,1.0,3.0,3.0,1.0,1.0,2.0,2.0,2.0,1.0,1.0,3.0,3.0,3.0,3.0,2.0,2.0,3.0,1.0,1.0,3.0,3.0,1.0,1.0,2.0,1.0,1.0,1.0,2.0,2.0,3.0,1.0,2.0,2.0,3.0,3.0,2.0,3.0,3.0,1.0,1.0,2.0,3.0,1.0,3.0,1.0,3.0,2.0,3.0,2.0,1.0,2.0,3.0,3.0,2.0,2.0,2.0,2.0,2.0,2.0,1.0,2.0,2.0,3.0,3.0,2.0,3.0,1.0,3.0,2.0,3.0,2.0,2.0,2.0,1.0,2.0,2.0,3.0,3.0,3.0,3.0,3.0,1.0,1.0,2.0,3.0,1.0,1.0,2.0,3.0,2.0,3.0,1.0,2.0,3.0,3.0,3.0,3.0,3.0,1.0,2.0,3.0,3.0,3.0,1.0,2.0,3.0,3.0,3.0,3.0,2.0,3.0,2.0,2.0,1.0,2.0,2.0,2.0,3.0,1.0,2.0,2.0,2.0,2.0,3.0,1.0,1.0,3.0,2.0,3.0,3.0,3.0,2.0,2.0,2.0,1.0,3.0,3.0,2.0,1.0,2.0,3.0,1.0,1.0,3.0,3.0,3.0,3.0,3.0,3.0,3.0,3.0,1.0,3.0,1.0,2.0,1.0,2.0,2.0,3.0,3.0,3.0,2.0,3.0,2.0,2.0,3.0,2.0,2.0,3.0,2.0,1.0,1.0,2.0,3.0,1.0,3.0,2.0,2.0,2.0,2.0,3.0,3.0,2.0,2.0,2.0,1.0,1.0,2.0,3.0,2.0,1.0,2.0,2.0,1.0,1.0,2.0,2.0,3.0,3.0,2.0,2.0,2.0,,,,,,,,,,,,,,,,,,,,,,,,,,,,,,,,,,,,,,,,,,,,,,,,,,,,,,,,,,,,,,,,,,,,,,,,,,,,,,,,,,,,,,,,,,,,,,,,,,,,,,,,,,,,,,,,,,,,,,,,,,,,,,,,,,,,,,,,,,,,,,,,,,,,,,,,,,,,,,,,,,,,,,,,,,,,,,,,,,,,,,,,,,,,,,,,,,,,,,,,,,,,,,,,,,,,,,,,,,,20,20,20,6,20,20,20,20,7,6,27,20,20,7,7,20,21,27,27,25,7,27,27,2,8,30,7,27,7,3,7,7,27,12,13,2,2,20,7,2,2,7,6,6,6,6,6,6,6,6,6,6,6,6,6,6,7,6,6,6,6,6,6,3,19,15,15,15,8,2,15,15,8,15,2,3,3,3,3,3,32,32,32,32,8,3,13,13,13,13,2,6,13,13,3,13,13,13,13,13,13,13,13,1,1,1,1,1,11,21,1,1,28,28,32,30,28,28,28,18,18,18,12,18,18,10,10,10,10,8,23,15,16,8,8,30,8,28,28,25,25,25,31,31,31,31,31,31,31,31,19,31,31,31,11,11,11,13,11,11,24,24,24,24,24,24,24,24,24,12,12,12,12,12,23,9,12,16,16,16,16,16,7,16,16,16,16,16,16,16,16,16,16,16,16,16,27,29,29,29,31,23,9,21,21,9,23,30,4,23,30,4,9,9,9,4,23,23,1.0,2.0,3.0,1.0,6,6,27,20
13934,2.0315315315315314,0.7574047116247092,2,0,1,"[17, 5, 14, 26]",60,95,67,1.0,1.0,1.0,2.0,2.0,2.0,2.0,2.0,2.0,2.0,3.0,3.0,3.0,3.0,3.0,2.0,2.0,3.0,3.0,2.0,3.0,2.0,2.0,2.0,1.0,1.0,1.0,1.0,1.0,3.0,2.0,1.0,1.0,1.0,1.0,3.0,3.0,2.0,1.0,2.0,1.0,1.0,2.0,1.0,1.0,2.0,1.0,1.0,1.0,3.0,3.0,2.0,2.0,3.0,1.0,1.0,2.0,1.0,1.0,1.0,2.0,2.0,1.0,1.0,2.0,3.0,2.0,3.0,2.0,2.0,3.0,2.0,2.0,2.0,2.0,1.0,2.0,2.0,3.0,3.0,3.0,3.0,1.0,3.0,1.0,2.0,2.0,2.0,2.0,1.0,2.0,2.0,3.0,3.0,3.0,2.0,2.0,2.0,2.0,2.0,3.0,1.0,1.0,2.0,3.0,2.0,3.0,1.0,1.0,2.0,3.0,3.0,2.0,2.0,3.0,1.0,3.0,3.0,1.0,1.0,2.0,3.0,2.0,3.0,3.0,2.0,1.0,2.0,2.0,1.0,3.0,2.0,1.0,3.0,1.0,2.0,2.0,1.0,1.0,3.0,1.0,1.0,3.0,2.0,2.0,3.0,3.0,2.0,2.0,2.0,3.0,2.0,2.0,2.0,1.0,2.0,3.0,1.0,1.0,3.0,3.0,3.0,2.0,3.0,2.0,2.0,3.0,2.0,3.0,2.0,1.0,1.0,1.0,3.0,1.0,1.0,2.0,3.0,3.0,2.0,2.0,3.0,3.0,2.0,3.0,2.0,3.0,1.0,2.0,3.0,2.0,3.0,2.0,2.0,2.0,2.0,2.0,3.0,2.0,3.0,2.0,1.0,2.0,2.0,3.0,3.0,2.0,3.0,1.0,2.0,2.0,3.0,2.0,3.0,3.0,2.0,2.0,2.0,,,,,,,,,,,,,,,,,,,,,,,,,,,,,,,,,,,,,,,,,,,,,,,,,,,,,,,,,,,,,,,,,,,,,,,,,,,,,,,,,,,,,,,,,,,,,,,,,,,,,,,,,,,,,,,,,,,,,,,,,,,,,,,,,,,,,,,,,,,,,,,,,,,,,,,,,,,,,,,,,,,,,,,,,,,,,,,,,,,,,,,,,,,,,,,,,,,,,,,,,,,,,,,,,,,,,,,,,,,20,20,20,6,20,20,20,20,20,20,27,20,20,27,27,27,27,27,27,27,27,27,27,2,8,30,13,12,13,3,7,16,7,12,13,2,2,2,7,2,2,7,7,7,7,7,6,7,7,6,6,6,7,6,6,6,7,7,6,7,7,7,7,19,19,6,15,15,15,2,6,15,8,15,2,3,3,3,3,3,28,32,32,32,32,28,13,13,13,13,2,6,13,13,3,6,6,6,6,13,13,13,13,1,1,1,1,1,1,1,1,1,11,11,28,28,28,28,30,18,18,18,18,18,18,10,31,10,10,8,8,15,8,8,8,30,8,30,30,25,25,25,31,31,16,31,31,31,31,31,28,16,16,31,11,11,11,13,11,11,24,24,21,24,30,13,24,28,24,21,23,12,9,9,31,21,9,9,16,16,16,16,16,16,16,16,23,16,16,16,23,16,16,16,16,16,16,29,29,21,31,23,21,21,21,10,21,6,30,30,6,30,9,9,9,4,23,23,1.0,2.0,1.0,1.0,6,6,20,20
13935,2.0675675675675675,0.7844255657897979,1,0,2,"[5, 14, 17]",61,85,76,2.0,2.0,2.0,2.0,3.0,3.0,3.0,1.0,1.0,1.0,3.0,1.0,1.0,1.0,1.0,2.0,2.0,2.0,2.0,1.0,1.0,1.0,3.0,1.0,1.0,1.0,3.0,1.0,3.0,3.0,3.0,1.0,2.0,1.0,1.0,2.0,2.0,2.0,3.0,2.0,1.0,2.0,3.0,3.0,3.0,2.0,2.0,3.0,3.0,1.0,1.0,2.0,1.0,3.0,2.0,2.0,1.0,2.0,2.0,2.0,3.0,3.0,3.0,3.0,1.0,1.0,2.0,3.0,2.0,1.0,3.0,3.0,3.0,2.0,1.0,1.0,2.0,2.0,3.0,3.0,3.0,3.0,1.0,3.0,1.0,3.0,3.0,2.0,2.0,2.0,2.0,2.0,3.0,3.0,3.0,2.0,2.0,1.0,1.0,2.0,3.0,1.0,3.0,2.0,3.0,2.0,3.0,2.0,1.0,2.0,3.0,3.0,3.0,3.0,3.0,1.0,3.0,3.0,1.0,1.0,2.0,3.0,2.0,3.0,3.0,2.0,2.0,2.0,3.0,1.0,3.0,2.0,1.0,2.0,1.0,1.0,2.0,3.0,3.0,3.0,2.0,1.0,3.0,1.0,3.0,3.0,3.0,2.0,2.0,2.0,3.0,2.0,2.0,2.0,1.0,2.0,1.0,3.0,1.0,3.0,3.0,3.0,3.0,3.0,2.0,2.0,3.0,1.0,3.0,2.0,1.0,1.0,2.0,2.0,3.0,2.0,3.0,2.0,2.0,1.0,2.0,3.0,1.0,2.0,3.0,1.0,1.0,1.0,2.0,3.0,1.0,3.0,2.0,2.0,2.0,2.0,2.0,2.0,2.0,1.0,2.0,1.0,2.0,2.0,3.0,3.0,2.0,2.0,1.0,1.0,2.0,3.0,2.0,1.0,1.0,2.0,2.0,2.0,,,,,,,,,,,,,,,,,,,,,,,,,,,,,,,,,,,,,,,,,,,,,,,,,,,,,,,,,,,,,,,,,,,,,,,,,,,,,,,,,,,,,,,,,,,,,,,,,,,,,,,,,,,,,,,,,,,,,,,,,,,,,,,,,,,,,,,,,,,,,,,,,,,,,,,,,,,,,,,,,,,,,,,,,,,,,,,,,,,,,,,,,,,,,,,,,,,,,,,,,,,,,,,,,,,,,,,,,,,7,7,27,6,13,13,7,7,7,6,27,6,8,7,7,27,27,6,13,25,7,13,13,7,8,30,7,12,7,3,19,16,20,12,13,21,21,2,2,2,2,2,20,27,27,7,20,27,27,20,20,6,20,6,20,20,20,2,20,20,20,6,20,3,20,15,15,15,15,15,6,19,15,15,15,3,3,3,3,3,28,32,32,32,32,3,16,13,13,2,2,6,13,13,3,6,6,13,13,13,13,13,30,1,1,1,1,30,1,1,1,1,28,28,28,28,28,28,30,18,18,18,18,18,18,10,4,10,31,8,8,15,8,15,8,8,8,25,25,25,31,25,31,10,31,31,31,31,31,31,28,16,16,31,11,11,21,11,11,11,24,24,24,24,30,13,24,24,24,21,23,12,12,12,23,12,12,16,6,6,16,16,6,16,16,21,16,16,16,16,16,16,16,16,16,16,16,26,29,11,31,23,21,21,21,10,21,30,30,23,6,30,9,12,12,4,23,23,1.0,2.0,3.0,2.0,6,6,27,27
13936,2.1216216216216215,0.7481990933777554,3,0,0,"[14, 17, 5, 26]",50,95,77,1.0,1.0,2.0,1.0,2.0,2.0,2.0,2.0,2.0,2.0,3.0,3.0,3.0,3.0,3.0,2.0,2.0,2.0,2.0,2.0,3.0,2.0,2.0,2.0,1.0,1.0,3.0,1.0,3.0,1.0,3.0,1.0,1.0,1.0,1.0,3.0,3.0,2.0,1.0,2.0,1.0,1.0,2.0,2.0,2.0,2.0,1.0,1.0,1.0,3.0,3.0,2.0,3.0,2.0,1.0,1.0,2.0,1.0,3.0,3.0,2.0,2.0,2.0,3.0,2.0,1.0,2.0,2.0,2.0,2.0,2.0,2.0,2.0,2.0,2.0,1.0,2.0,2.0,3.0,3.0,3.0,3.0,1.0,3.0,2.0,3.0,2.0,2.0,2.0,1.0,2.0,2.0,3.0,3.0,2.0,2.0,2.0,2.0,2.0,2.0,3.0,1.0,1.0,2.0,3.0,2.0,3.0,1.0,1.0,2.0,3.0,3.0,3.0,3.0,3.0,1.0,2.0,2.0,3.0,1.0,2.0,3.0,2.0,3.0,3.0,2.0,2.0,2.0,2.0,1.0,3.0,2.0,3.0,3.0,1.0,2.0,2.0,3.0,3.0,3.0,2.0,1.0,3.0,2.0,3.0,3.0,3.0,2.0,2.0,2.0,3.0,3.0,3.0,2.0,1.0,2.0,3.0,1.0,1.0,3.0,3.0,3.0,3.0,3.0,2.0,1.0,3.0,1.0,3.0,2.0,1.0,1.0,1.0,3.0,3.0,1.0,2.0,2.0,3.0,2.0,2.0,3.0,3.0,2.0,3.0,1.0,3.0,1.0,2.0,3.0,2.0,3.0,2.0,2.0,1.0,3.0,2.0,3.0,2.0,1.0,1.0,3.0,2.0,2.0,3.0,3.0,2.0,2.0,1.0,3.0,2.0,3.0,2.0,3.0,3.0,2.0,2.0,2.0,,,,,,,,,,,,,,,,,,,,,,,,,,,,,,,,,,,,,,,,,,,,,,,,,,,,,,,,,,,,,,,,,,,,,,,,,,,,,,,,,,,,,,,,,,,,,,,,,,,,,,,,,,,,,,,,,,,,,,,,,,,,,,,,,,,,,,,,,,,,,,,,,,,,,,,,,,,,,,,,,,,,,,,,,,,,,,,,,,,,,,,,,,,,,,,,,,,,,,,,,,,,,,,,,,,,,,,,,,,20,20,27,20,20,20,20,20,20,20,27,20,20,27,27,27,27,6,13,27,27,27,27,2,8,30,7,12,7,30,19,16,7,12,13,2,2,2,7,2,2,7,7,6,6,7,6,7,7,6,6,6,6,20,6,6,7,7,7,6,7,7,6,3,19,15,15,6,15,2,15,15,8,15,2,3,3,3,3,3,28,32,32,32,8,3,13,13,13,13,2,6,13,13,13,6,6,6,6,13,13,13,13,1,1,1,1,1,1,1,1,1,28,28,28,28,25,25,28,18,18,18,18,18,18,10,4,10,10,8,8,15,23,8,8,30,8,25,25,25,31,25,31,31,31,31,31,31,31,31,28,31,31,31,11,11,11,13,11,11,24,24,24,24,30,30,24,24,24,21,23,12,9,9,23,21,9,16,16,16,16,16,16,16,16,21,23,16,16,16,23,16,16,16,23,4,16,29,29,11,29,21,21,21,21,10,21,30,30,4,6,30,9,9,9,4,23,23,1.0,2.0,3.0,1.0,6,6,27,20
13937,2.081081081081081,0.7802440172329329,0,0,1,"[5, 14, 17]",59,86,77,3.0,3.0,2.0,2.0,1.0,1.0,1.0,1.0,3.0,1.0,3.0,1.0,1.0,3.0,3.0,1.0,1.0,2.0,2.0,2.0,3.0,1.0,1.0,2.0,1.0,1.0,3.0,2.0,3.0,2.0,3.0,2.0,2.0,2.0,2.0,1.0,1.0,2.0,2.0,2.0,2.0,3.0,3.0,1.0,1.0,1.0,2.0,1.0,1.0,1.0,1.0,2.0,1.0,3.0,2.0,2.0,1.0,3.0,2.0,2.0,3.0,1.0,3.0,1.0,1.0,1.0,2.0,3.0,2.0,2.0,2.0,2.0,3.0,2.0,2.0,1.0,2.0,2.0,3.0,3.0,2.0,3.0,3.0,3.0,2.0,1.0,2.0,2.0,2.0,1.0,2.0,2.0,3.0,3.0,2.0,2.0,2.0,2.0,2.0,2.0,3.0,1.0,3.0,2.0,3.0,2.0,3.0,1.0,1.0,2.0,3.0,3.0,3.0,3.0,1.0,2.0,3.0,3.0,3.0,2.0,2.0,3.0,2.0,3.0,3.0,1.0,3.0,2.0,2.0,1.0,3.0,2.0,1.0,2.0,1.0,2.0,2.0,3.0,3.0,3.0,1.0,1.0,3.0,2.0,3.0,3.0,3.0,3.0,2.0,2.0,2.0,3.0,3.0,1.0,1.0,2.0,3.0,1.0,1.0,3.0,3.0,3.0,3.0,3.0,3.0,3.0,3.0,1.0,3.0,1.0,2.0,1.0,1.0,3.0,2.0,3.0,1.0,3.0,2.0,2.0,2.0,3.0,3.0,2.0,2.0,1.0,2.0,1.0,2.0,2.0,2.0,3.0,3.0,2.0,1.0,3.0,2.0,2.0,2.0,3.0,2.0,2.0,1.0,2.0,1.0,3.0,1.0,2.0,3.0,3.0,1.0,3.0,2.0,3.0,3.0,2.0,1.0,2.0,,,,,,,,,,,,,,,,,,,,,,,,,,,,,,,,,,,,,,,,,,,,,,,,,,,,,,,,,,,,,,,,,,,,,,,,,,,,,,,,,,,,,,,,,,,,,,,,,,,,,,,,,,,,,,,,,,,,,,,,,,,,,,,,,,,,,,,,,,,,,,,,,,,,,,,,,,,,,,,,,,,,,,,,,,,,,,,,,,,,,,,,,,,,,,,,,,,,,,,,,,,,,,,,,,,,,,,,,,,27,27,27,6,30,32,6,7,6,6,27,6,8,27,27,20,21,6,13,27,27,13,7,2,8,30,7,7,7,7,19,7,20,7,7,9,32,2,20,2,20,20,20,7,7,20,20,7,7,20,20,6,20,6,20,20,20,6,20,20,20,20,20,19,20,15,15,15,15,2,15,15,15,15,2,3,3,3,3,3,32,32,26,32,8,32,13,13,13,13,2,6,13,13,13,6,6,6,6,13,13,13,30,1,1,1,1,1,1,1,1,1,28,28,32,30,28,28,28,2,18,18,18,18,18,11,10,10,10,8,8,15,8,15,8,30,8,25,25,25,25,25,31,31,31,31,31,7,31,31,31,31,31,4,11,11,11,13,11,11,24,24,24,24,24,24,24,24,24,12,12,12,9,9,12,9,13,9,6,16,16,16,16,16,23,21,4,16,16,23,23,16,23,16,23,4,16,26,29,21,31,4,9,21,4,10,23,30,6,4,30,30,9,9,9,4,4,23,1.0,2.0,3.0,2.0,6,6,27,27
13938,2.0945945945945947,0.7816142754752871,2,0,0,"[5, 14, 17, 26]",58,85,79,1.0,1.0,2.0,2.0,2.0,2.0,2.0,2.0,2.0,2.0,1.0,3.0,3.0,3.0,3.0,2.0,2.0,3.0,3.0,2.0,3.0,2.0,2.0,2.0,1.0,1.0,1.0,1.0,1.0,3.0,3.0,1.0,1.0,1.0,1.0,3.0,3.0,1.0,1.0,2.0,1.0,1.0,2.0,1.0,1.0,2.0,1.0,1.0,1.0,3.0,3.0,2.0,3.0,3.0,1.0,1.0,3.0,1.0,3.0,3.0,2.0,2.0,1.0,3.0,2.0,3.0,2.0,3.0,2.0,2.0,2.0,2.0,3.0,2.0,2.0,1.0,2.0,2.0,3.0,3.0,3.0,3.0,1.0,3.0,1.0,3.0,2.0,2.0,2.0,1.0,2.0,2.0,3.0,3.0,3.0,2.0,2.0,1.0,1.0,2.0,3.0,1.0,3.0,2.0,3.0,2.0,3.0,2.0,2.0,3.0,3.0,3.0,3.0,3.0,3.0,1.0,3.0,3.0,1.0,1.0,2.0,3.0,2.0,3.0,3.0,2.0,1.0,2.0,2.0,1.0,3.0,2.0,1.0,2.0,1.0,1.0,1.0,3.0,3.0,3.0,1.0,1.0,3.0,2.0,2.0,3.0,3.0,2.0,2.0,2.0,3.0,3.0,3.0,2.0,1.0,2.0,3.0,3.0,1.0,1.0,3.0,3.0,3.0,3.0,2.0,2.0,3.0,1.0,3.0,1.0,2.0,1.0,2.0,2.0,2.0,3.0,1.0,2.0,3.0,2.0,2.0,3.0,3.0,2.0,3.0,2.0,3.0,1.0,2.0,3.0,2.0,3.0,2.0,2.0,2.0,2.0,2.0,3.0,2.0,2.0,2.0,1.0,1.0,2.0,1.0,3.0,1.0,3.0,1.0,2.0,2.0,3.0,2.0,3.0,3.0,2.0,2.0,2.0,,,,,,,,,,,,,,,,,,,,,,,,,,,,,,,,,,,,,,,,,,,,,,,,,,,,,,,,,,,,,,,,,,,,,,,,,,,,,,,,,,,,,,,,,,,,,,,,,,,,,,,,,,,,,,,,,,,,,,,,,,,,,,,,,,,,,,,,,,,,,,,,,,,,,,,,,,,,,,,,,,,,,,,,,,,,,,,,,,,,,,,,,,,,,,,,,,,,,,,,,,,,,,,,,,,,,,,,,,,20,20,27,6,20,20,20,20,20,20,20,20,20,27,27,27,27,27,27,27,27,27,27,2,8,30,13,12,13,3,19,16,7,12,13,2,2,20,7,2,2,7,7,7,7,7,6,7,7,6,6,6,6,6,6,6,6,7,7,6,7,7,7,3,19,6,15,15,15,2,15,15,15,15,2,3,3,3,3,3,28,32,32,32,32,3,13,13,13,13,2,6,13,13,3,6,6,13,13,13,13,13,30,1,1,1,1,30,11,21,1,1,28,28,28,28,28,28,30,18,18,18,18,18,18,10,31,10,10,8,8,15,8,15,8,8,15,25,25,25,25,25,31,31,16,31,31,31,31,31,28,31,31,31,11,11,11,11,11,4,24,24,24,24,30,13,24,24,24,12,12,12,12,12,12,9,13,16,16,16,16,16,16,16,16,16,23,16,16,16,23,16,16,16,16,16,16,29,29,29,31,23,9,21,4,10,23,6,30,30,6,30,9,9,9,4,23,23,1.0,2.0,3.0,1.0,6,6,27,20
